index,x,y
0,0.949265687583445,0.40533333333333343
1,1.9385847797062752,0.6737777777777779
2,2.947930574098798,0.776888888888889
