index,x,y
0,5.1101036269430065,0.5025817555938037
1,7.59715025906736,0.9982788296041307
2,13.037564766839381,1.5008605851979344
