z_cm,r_cm,T_cell_HeV
0.0006302521008403361,0.0001680672268907563,1.5114925746152486
0.0006302521008403361,0.0006722689075630252,1.5114925746152486
0.0006302521008403361,0.0013445378151260505,1.5114815421653676
0.0006302521008403361,0.0020168067226890756,1.5114616793613396
0.0006302521008403361,0.002689075630252101,1.5114332939499102
0.0006302521008403361,0.0033613445378151263,1.5113964804396516
0.0006302521008403361,0.004033613445378151,1.5113512729333427
0.0006302521008403361,0.004705882352941176,1.5112976803898794
0.0006302521008403361,0.005378151260504202,1.5112356983672826
0.0006302521008403361,0.006050420168067228,1.511165313845222
0.0006302521008403361,0.0067226890756302525,1.5110865074953774
0.0006302521008403361,0.007394957983193277,1.510999254855852
0.0006302521008403361,0.008067226890756302,1.5109035269794728
0.0006302521008403361,0.008739495798319327,1.51079929080671
0.0006302521008403361,0.009411764705882354,1.5106865093838904
0.0006302521008403361,0.010084033613445379,1.5105651419891022
0.0006302521008403361,0.010756302521008404,1.5104351441999533
0.0006302521008403361,0.011428571428571429,1.5102964679228128
0.0006302521008403361,0.012100840336134453,1.510149061395258
0.0006302521008403361,0.01277310924369748,1.5099928691689612
0.0006302521008403361,0.013445378151260505,1.5098278320776024
0.0006302521008403361,0.01411764705882353,1.5096538871927596
0.0006302521008403361,0.014789915966386555,1.509470967769718
0.0006302521008403361,0.01546218487394958,1.5092790031844634
0.0006302521008403361,0.016134453781512605,1.509077918862685
0.0006302521008403361,0.01680672268907563,1.5088676362013143
0.0006302521008403361,0.017478991596638654,1.5086480724828955
0.0006302521008403361,0.018151260504201683,1.508419140782951
0.0006302521008403361,0.018823529411764708,1.508180749870365
0.0006302521008403361,0.019495798319327733,1.5079328041007412
0.0006302521008403361,0.020168067226890758,1.5076752033025977
0.0006302521008403361,0.020840336134453782,1.507407842656221
0.0006302521008403361,0.021512605042016807,1.507130612564935
0.0006302521008403361,0.022184873949579832,1.506843398518508
0.0006302521008403361,0.022857142857142857,1.5065460809483602
0.0006302521008403361,0.023529411764705882,1.5062385350742171
0.0006302521008403361,0.024201680672268907,1.5059206307417876
0.0006302521008403361,0.024873949579831932,1.5055922322510258
0.0006302521008403361,0.02554621848739496,1.5052531981744823
0.0006302521008403361,0.026218487394957985,1.5049033811652097
0.0006302521008403361,0.02689075630252101,1.5045426277536469
0.0006302521008403361,0.027563025210084035,1.5041707781328473
0.0006302521008403361,0.02823529411764706,1.5037876659313762
0.0006302521008403361,0.028907563025210085,1.503393117973142
0.0006302521008403361,0.02957983193277311,1.5029869540233651
0.0006302521008403361,0.030252100840336135,1.5025689865198284
0.0006302521008403361,0.03092436974789916,1.502139020288482
0.0006302521008403361,0.03159663865546218,1.5016968522423944
0.0006302521008403361,0.03226890756302521,1.5012422710629778
0.0006302521008403361,0.03294117647058824,1.5007750568622968
0.0006302521008403361,0.033613445378151266,1.500294980825206
0.0006302521008403361,0.03428571428571428,1.499801804829928
0.0006302521008403361,0.03495798319327731,1.4992952810455829
0.0006302521008403361,0.03563025210084034,1.4987751515050494
0.0006302521008403361,0.036302521008403366,1.498241147651392
0.0006302521008403361,0.036974789915966394,1.4976929898559448
0.0006302521008403361,0.03764705882352941,1.4971303869059647
0.0006302521008403361,0.03831932773109244,1.4965530354595828
0.0006302521008403361,0.038991596638655465,1.4959606194655823
0.0006302521008403361,0.039663865546218494,1.4953528095452933
0.0006302521008403361,0.04033613445378151,1.4947292623336537
0.0006302521008403361,0.041008403361344536,1.4940896197761995
0.0006302521008403361,0.041680672268907565,1.4934335083784396
0.0006302521008403361,0.04235294117647059,1.4927605384037292
0.0006302521008403361,0.043025210084033615,1.4920703030153675
0.0006302521008403361,0.043697478991596636,1.4913623773582205
0.0006302521008403361,0.044369747899159664,1.490636317574694
0.0006302521008403361,0.04504201680672269,1.4898916597493392
0.0006302521008403361,0.04571428571428572,1.4891279187757867
0.0006302521008403361,0.046386554621848736,1.4883445871390162
0.0006302521008403361,0.047058823529411764,1.4875411336052256
0.0006302521008403361,0.04773109243697479,1.486717001810697
0.0006302521008403361,0.04840336134453782,1.4858716087400994
0.0006302521008403361,0.049075630252100835,1.4850043430835678
0.0006302521008403361,0.049747899159663864,1.484114563460665
0.0006302521008403361,0.05042016806722689,1.4832015964979108
0.0006302521008403361,0.05109243697478992,1.4822647347449618
0.0006302521008403361,0.05176470588235295,1.4813032344126824
0.0006302521008403361,0.05243697478991596,1.4803163129142325
0.0006302521008403361,0.05310924369747899,1.4793031461878816
0.0006302521008403361,0.05378151260504202,1.4782628657774661
0.0006302521008403361,0.05445378151260505,1.4771945556431663
0.0006302521008403361,0.05512605042016806,1.476097248671556
0.0006302521008403361,0.05579831932773109,1.4749699228495035
0.0006302521008403361,0.05647058823529412,1.473811497061442
0.0006302521008403361,0.05714285714285715,1.472620826463563
0.0006302521008403361,0.05781512605042017,1.4713966973814994
0.0006302521008403361,0.05848739495798319,1.4701378216698147
0.0006302521008403361,0.05915966386554622,1.4688428304618266
0.0006302521008403361,0.05983193277310925,1.4675102672266662
0.0006302521008403361,0.060504201680672276,1.4661385800365587
0.0006302521008403361,0.06117647058823529,1.4647261129306006
0.0006302521008403361,0.06184873949579832,1.4632710962411435
0.0006302521008403361,0.06252100840336135,1.4617716357244117
0.0006302521008403361,0.06319327731092438,1.4602257003071015
0.0006302521008403361,0.06386554621848739,1.4586311082240357
0.0006302521008403361,0.06453781512605042,1.4569855112766252
0.0006302521008403361,0.06521008403361345,1.4552863768855293
0.0006302521008403361,0.06588235294117648,1.4535309675403243
0.0006302521008403361,0.0665546218487395,1.4517163171599323
0.0006302521008403361,0.06722689075630252,1.4498392037643293
0.0006302521008403361,0.06789915966386555,1.4478961177128775
0.0006302521008403361,0.06857142857142857,1.4458832245769324
0.0006302521008403361,0.0692436974789916,1.4437963214694585
0.0006302521008403361,0.06991596638655462,1.4416307853318322
0.0006302521008403361,0.07058823529411765,1.4393815112489967
0.0006302521008403361,0.07126050420168067,1.4370428382877078
0.0006302521008403361,0.0719327731092437,1.4346084595699162
0.0006302521008403361,0.07260504201680673,1.432071312219015
0.0006302521008403361,0.07327731092436975,1.429423441325567
0.0006302521008403361,0.07394957983193277,1.4266558299857799
0.0006302521008403361,0.0746218487394958,1.4237581844928135
0.0006302521008403361,0.07529411764705883,1.4207186594875696
0.0006302521008403361,0.07596638655462185,1.417523501658227
0.0006302521008403361,0.07663865546218487,1.4141565814185864
0.0006302521008403361,0.0773109243697479,1.4105987683276457
0.0006302521008403361,0.07798319327731093,1.4068270853426226
0.0006302521008403361,0.07865546218487394,1.4028135452924062
0.0006302521008403361,0.07932773109243697,1.3985235235848297
0.0006302521008403361,0.07983193277310924,1.3494946821289948
0.0025210084033613443,0.0001680672268907563,1.502416550470789
0.0025210084033613443,0.0006722689075630252,1.502416550470789
0.0025210084033613443,0.0013445378151260505,1.5024045858044441
0.0025210084033613443,0.0020168067226890756,1.5023830444767634
0.0025210084033613443,0.002689075630252101,1.5023522599680912
0.0025210084033613443,0.0033613445378151263,1.5023123343922518
0.0025210084033613443,0.004033613445378151,1.502263304242067
0.0025210084033613443,0.004705882352941176,1.5022051786298434
0.0025210084033613443,0.005378151260504202,1.502137952021415
0.0025210084033613443,0.006050420168067228,1.5020616094646704
0.0025210084033613443,0.0067226890756302525,1.501976129050002
0.0025210084033613443,0.007394957983193277,1.5018814831819356
0.0025210084033613443,0.008067226890756302,1.501777639279927
0.0025210084033613443,0.008739495798319327,1.501664560180229
0.0025210084033613443,0.009411764705882354,1.501542204369702
0.0025210084033613443,0.010084033613445379,1.501410526119224
0.0025210084033613443,0.010756302521008404,1.5012694755537415
0.0025210084033613443,0.011428571428571429,1.5011189986802365
0.0025210084033613443,0.012100840336134453,1.5009590373863122
0.0025210084033613443,0.01277310924369748,1.500789529417228
0.0025210084033613443,0.013445378151260505,1.50061040833634
0.0025210084033613443,0.01411764705882353,1.50042160347214
0.0025210084033613443,0.014789915966386555,1.500223039853966
0.0025210084033613443,0.01546218487394958,1.500014638137753
0.0025210084033613443,0.016134453781512605,1.499796314522688
0.0025210084033613443,0.01680672268907563,1.499567980659315
0.0025210084033613443,0.017478991596638654,1.4993295435493992
0.0025210084033613443,0.018151260504201683,1.4990809054376828
0.0025210084033613443,0.018823529411764708,1.498821963695543
0.0025210084033613443,0.019495798319327733,1.4985526106964635
0.0025210084033613443,0.020168067226890758,1.498272733683145
0.0025210084033613443,0.020840336134453782,1.497982214626013
0.0025210084033613443,0.021512605042016807,1.4976809300728349
0.0025210084033613443,0.022184873949579832,1.4973687509890825
0.0025210084033613443,0.022857142857142857,1.4970455425886482
0.0025210084033613443,0.023529411764705882,1.49671116415446
0.0025210084033613443,0.024201680672268907,1.4963654688485017
0.0025210084033613443,0.024873949579831932,1.4960083035106864
0.0025210084033613443,0.02554621848739496,1.4956395084459901
0.0025210084033613443,0.026218487394957985,1.4952589171991977
0.0025210084033613443,0.02689075630252101,1.4948663563165516
0.0025210084033613443,0.027563025210084035,1.4944616450935444
0.0025210084033613443,0.02823529411764706,1.4940445953080272
0.0025210084033613443,0.028907563025210085,1.4936150109377413
0.0025210084033613443,0.02957983193277311,1.4931726878613063
0.0025210084033613443,0.030252100840336135,1.4927174135416168
0.0025210084033613443,0.03092436974789916,1.4922489666905248
0.0025210084033613443,0.03159663865546218,1.4917671169135727
0.0025210084033613443,0.03226890756302521,1.4912716243334665
0.0025210084033613443,0.03294117647058824,1.4907622391908402
0.0025210084033613443,0.033613445378151266,1.490238701420769
0.0025210084033613443,0.03428571428571428,1.489700740203334
0.0025210084033613443,0.03495798319327731,1.4891480734864146
0.0025210084033613443,0.03563025210084034,1.488580407478714
0.0025210084033613443,0.036302521008403366,1.4879974361108534
0.0025210084033613443,0.036974789915966394,1.4873988404621836
0.0025210084033613443,0.03764705882352941,1.4867842881507416
0.0025210084033613443,0.03831932773109244,1.486153432683552
0.0025210084033613443,0.038991596638655465,1.485505912764221
0.0025210084033613443,0.039663865546218494,1.4848413515544723
0.0025210084033613443,0.04033613445378151,1.4841593558859718
0.0025210084033613443,0.041008403361344536,1.4834595154184282
0.0025210084033613443,0.041680672268907565,1.482741401739573
0.0025210084033613443,0.04235294117647059,1.482004567402185
0.0025210084033613443,0.043025210084033615,1.4812485448928454
0.0025210084033613443,0.043697478991596636,1.4804728455265654
0.0025210084033613443,0.044369747899159664,1.4796769582608265
0.0025210084033613443,0.04504201680672269,1.4788603484218952
0.0025210084033613443,0.04571428571428572,1.4780224563355169
0.0025210084033613443,0.046386554621848736,1.477162695853234
0.0025210084033613443,0.047058823529411764,1.4762804527646132
0.0025210084033613443,0.04773109243697479,1.4753750830845782
0.0025210084033613443,0.04840336134453782,1.4744459112038146
0.0025210084033613443,0.049075630252100835,1.4734922278888125
0.0025210084033613443,0.049747899159663864,1.4725132881165341
0.0025210084033613443,0.05042016806722689,1.471508308726882
0.0025210084033613443,0.05109243697478992,1.4704764658740779
0.0025210084033613443,0.05176470588235295,1.4694168922557118
0.0025210084033613443,0.05243697478991596,1.4683286740954942
0.0025210084033613443,0.05310924369747899,1.4672108478526442
0.0025210084033613443,0.05378151260504202,1.4660623966272375
0.0025210084033613443,0.05445378151260505,1.464882246226674
0.0025210084033613443,0.05512605042016806,1.463669260853599
0.0025210084033613443,0.05579831932773109,1.4624222383699783
0.0025210084033613443,0.05647058823529412,1.4611399050854488
0.0025210084033613443,0.05714285714285715,1.4598209100103599
0.0025210084033613443,0.05781512605042017,1.4584638185048422
0.0025210084033613443,0.05848739495798319,1.45706710524452
0.0025210084033613443,0.05915966386554622,1.4556291464107656
0.0025210084033613443,0.05983193277310925,1.4541482109982409
0.0025210084033613443,0.060504201680672276,1.452622451114349
0.0025210084033613443,0.06117647058823529,1.4510498911234118
0.0025210084033613443,0.06184873949579832,1.4494284154620618
0.0025210084033613443,0.06252100840336135,1.447755754920342
0.0025210084033613443,0.06319327731092438,1.4460294711439217
0.0025210084033613443,0.06386554621848739,1.4442469390648494
0.0025210084033613443,0.06453781512605042,1.4424053269088786
0.0025210084033613443,0.06521008403361345,1.4405015733535536
0.0025210084033613443,0.06588235294117648,1.438532361318675
0.0025210084033613443,0.0665546218487395,1.4364940877539074
0.0025210084033613443,0.06722689075630252,1.4343828286396405
0.0025210084033613443,0.06789915966386555,1.4321942982265463
0.0025210084033613443,0.06857142857142857,1.429923801292605
0.0025210084033613443,0.0692436974789916,1.4275661768743615
0.0025210084033613443,0.06991596638655462,1.4251157315047858
0.0025210084033613443,0.07058823529411765,1.4225661594252532
0.0025210084033613443,0.07126050420168067,1.4199104464794794
0.0025210084033613443,0.0719327731092437,1.417140753364517
0.0025210084033613443,0.07260504201680673,1.4142482724942327
0.0025210084033613443,0.07327731092436975,1.411223050756368
0.0025210084033613443,0.07394957983193277,1.4080537676657334
0.0025210084033613443,0.0746218487394958,1.404727454457252
0.0025210084033613443,0.07529411764705883,1.4012291339500744
0.0025210084033613443,0.07596638655462185,1.3975413526620724
0.0025210084033613443,0.07663865546218487,1.3936435642756524
0.0025210084033613443,0.0773109243697479,1.3895113049466317
0.0025210084033613443,0.07798319327731093,1.3851150725473187
0.0025210084033613443,0.07865546218487394,1.3804187778870103
0.0025210084033613443,0.07932773109243697,1.3753775664274486
0.0025210084033613443,0.07983193277310924,1.3699346971095054
0.0050420168067226885,0.0001680672268907563,1.4932043866580955
0.0050420168067226885,0.0006722689075630252,1.4932043866580955
0.0050420168067226885,0.0013445378151260505,1.4931914836784899
0.0050420168067226885,0.0020168067226890756,1.4931682528562964
0.0050420168067226885,0.002689075630252101,1.4931350535852415
0.0050420168067226885,0.0033613445378151263,1.4930919956503994
0.0050420168067226885,0.004033613445378151,1.4930391179713753
0.0050420168067226885,0.004705882352941176,1.4929764298409378
0.0050420168067226885,0.005378151260504202,1.492903924656677
0.0050420168067226885,0.006050420168067228,1.4928215855583111
0.0050420168067226885,0.0067226890756302525,1.4927293880796078
0.0050420168067226885,0.007394957983193277,1.49262730151803
0.0050420168067226885,0.008067226890756302,1.4925152896885558
0.0050420168067226885,0.008739495798319327,1.492393311354891
0.0050420168067226885,0.009411764705882354,1.4922613204792143
0.0050420168067226885,0.010084033613445379,1.4921192663633995
0.0050420168067226885,0.010756302521008404,1.491967093721662
0.0050420168067226885,0.011428571428571429,1.491804742707561
0.0050420168067226885,0.012100840336134453,1.4916321489090438
0.0050420168067226885,0.01277310924369748,1.4914492433199744
0.0050420168067226885,0.013445378151260505,1.4912559522934703
0.0050420168067226885,0.01411764705882353,1.4910521974804813
0.0050420168067226885,0.014789915966386555,1.4908378957558384
0.0050420168067226885,0.01546218487394958,1.490612959133223
0.0050420168067226885,0.016134453781512605,1.4903772946699791
0.0050420168067226885,0.01680672268907563,1.4901308043623398
0.0050420168067226885,0.017478991596638654,1.489873385031375
0.0050420168067226885,0.018151260504201683,1.489604928199794
0.0050420168067226885,0.018823529411764708,1.489325319959584
0.0050420168067226885,0.019495798319327733,1.489034440830365
0.0050420168067226885,0.020168067226890758,1.4887321656082528
0.0050420168067226885,0.020840336134453782,1.4884183632049381
0.0050420168067226885,0.021512605042016807,1.4880928964766416
0.0050420168067226885,0.022184873949579832,1.48775562204252
0.0050420168067226885,0.022857142857142857,1.4874063900920709
0.0050420168067226885,0.023529411764705882,1.4870450441810028
0.0050420168067226885,0.024201680672268907,1.4866714210149996
0.0050420168067226885,0.024873949579831932,1.4862853502207467
0.0050420168067226885,0.02554621848739496,1.4858866541035254
0.0050420168067226885,0.026218487394957985,1.4854751473906322
0.0050420168067226885,0.02689075630252101,1.4850506369598038
0.0050420168067226885,0.027563025210084035,1.4846129215517692
0.0050420168067226885,0.02823529411764706,1.4841617914659784
0.0050420168067226885,0.028907563025210085,1.4836970282384716
0.0050420168067226885,0.02957983193277311,1.4832184043007806
0.0050420168067226885,0.030252100840336135,1.4827256826186546
0.0050420168067226885,0.03092436974789916,1.482218616309306
0.0050420168067226885,0.03159663865546218,1.4816969482357707
0.0050420168067226885,0.03226890756302521,1.4811604105768503
0.0050420168067226885,0.03294117647058824,1.4806087243709936
0.0050420168067226885,0.033613445378151266,1.4800415990323146
0.0050420168067226885,0.03428571428571428,1.4794587318368133
0.0050420168067226885,0.03495798319327731,1.4788598073766908
0.0050420168067226885,0.03563025210084034,1.478244496980463
0.0050420168067226885,0.036302521008403366,1.4776124580963894
0.0050420168067226885,0.036974789915966394,1.4769633336365109
0.0050420168067226885,0.03764705882352941,1.4762967512783356
0.0050420168067226885,0.03831932773109244,1.4756123227209723
0.0050420168067226885,0.038991596638655465,1.4749096428921882
0.0050420168067226885,0.039663865546218494,1.4741882891025673
0.0050420168067226885,0.04033613445378151,1.4734478201425707
0.0050420168067226885,0.041008403361344536,1.4726877753179117
0.0050420168067226885,0.041680672268907565,1.4719076734182128
0.0050420168067226885,0.04235294117647059,1.47110701161342
0.0050420168067226885,0.043025210084033615,1.4702852642719144
0.0050420168067226885,0.043697478991596636,1.469441881693638
0.0050420168067226885,0.044369747899159664,1.468576288750885
0.0050420168067226885,0.04504201680672269,1.4676878834286455
0.0050420168067226885,0.04571428571428572,1.4667760352555426
0.0050420168067226885,0.046386554621848736,1.465840083615451
0.0050420168067226885,0.047058823529411764,1.464879335928819
0.0050420168067226885,0.04773109243697479,1.4638930656915103
0.0050420168067226885,0.04840336134453782,1.462880510357632
0.0050420168067226885,0.049075630252100835,1.4618408690512812
0.0050420168067226885,0.049747899159663864,1.4607733000904228
0.0050420168067226885,0.05042016806722689,1.4596769183041376
0.0050420168067226885,0.05109243697478992,1.458550792122269
0.0050420168067226885,0.05176470588235295,1.4573939404139615
0.0050420168067226885,0.05243697478991596,1.4562053290487025
0.0050420168067226885,0.05310924369747899,1.454983867150181
0.0050420168067226885,0.05378151260504202,1.4537284030095214
0.0050420168067226885,0.05445378151260505,1.4524377196201175
0.0050420168067226885,0.05512605042016806,1.4511105297913336
0.0050420168067226885,0.05579831932773109,1.449745470792617
0.0050420168067226885,0.05647058823529412,1.4483410984729694
0.0050420168067226885,0.05714285714285715,1.4468958807930838
0.0050420168067226885,0.05781512605042017,1.445408190698598
0.0050420168067226885,0.05848739495798319,1.4438762982526416
0.0050420168067226885,0.05915966386554622,1.4422983619338587
0.0050420168067226885,0.05983193277310925,1.440672418992127
0.0050420168067226885,0.060504201680672276,1.4389963747378482
0.0050420168067226885,0.06117647058823529,1.4372679906215529
0.0050420168067226885,0.06184873949579832,1.4354848709381132
0.0050420168067226885,0.06252100840336135,1.433644447963491
0.0050420168067226885,0.06319327731092438,1.4317439653009456
0.0050420168067226885,0.06386554621848739,1.429780459177163
0.0050420168067226885,0.06453781512605042,1.4277507373859015
0.0050420168067226885,0.06521008403361345,1.4256513555263945
0.0050420168067226885,0.06588235294117648,1.4234785901248144
0.0050420168067226885,0.0665546218487395,1.421228408158364
0.0050420168067226885,0.06722689075630252,1.4188964324220434
0.0050420168067226885,0.06789915966386555,1.4164779020871465
0.0050420168067226885,0.06857142857142857,1.4139676276982542
0.0050420168067226885,0.0692436974789916,1.41135993974367
0.0050420168067226885,0.06991596638655462,1.4086486298175762
0.0050420168067226885,0.07058823529411765,1.4058268832804866
0.0050420168067226885,0.07126050420168067,1.4028872022365155
0.0050420168067226885,0.0719327731092437,1.39982131761523
0.0050420168067226885,0.07260504201680673,1.3966200892313916
0.0050420168067226885,0.07327731092436975,1.39327339299908
0.0050420168067226885,0.07394957983193277,1.389769995169699
0.0050420168067226885,0.0746218487394958,1.386097414836881
0.0050420168067226885,0.07529411764705883,1.3822417784940997
0.0050420168067226885,0.07596638655462185,1.3781876749640318
0.0050420168067226885,0.07663865546218487,1.373918026922666
0.0050420168067226885,0.0773109243697479,1.3694140088398896
0.0050420168067226885,0.07798319327731093,1.364655064375298
0.0050420168067226885,0.07865546218487394,1.3596191157448976
0.0050420168067226885,0.07932773109243697,1.3542831245811615
0.0050420168067226885,0.07983193277310924,1.3486242774857342
0.007563025210084033,0.0001680672268907563,1.483859883949282
0.007563025210084033,0.0006722689075630252,1.483859883949282
0.007563025210084033,0.0013445378151260505,1.4838460408023937
0.007563025210084033,0.0020168067226890756,1.4838211171565896
0.007563025210084033,0.002689075630252101,1.483785498387182
0.007563025210084033,0.0033613445378151263,1.4837393019902174
0.007563025210084033,0.004033613445378151,1.4836825693489497
0.007563025210084033,0.004705882352941176,1.4836153099765947
0.007563025210084033,0.005378151260504202,1.48353751624769
0.007563025210084033,0.006050420168067228,1.4834491694451446
0.007563025210084033,0.0067226890756302525,1.4833502426042078
0.007563025210084033,0.007394957983193277,1.4832407019805525
0.007563025210084033,0.008067226890756302,1.4831205078574856
0.007563025210084033,0.008739495798319327,1.482989615006866
0.007563025210084033,0.009411764705882354,1.4828479729551454
0.007563025210084033,0.010084033613445379,1.4826955261327932
0.007563025210084033,0.010756302521008404,1.4825322139499548
0.007563025210084033,0.011428571428571429,1.482357970822936
0.007563025210084033,0.012100840336134453,1.482172726166201
0.007563025210084033,0.01277310924369748,1.4819764043589212
0.007563025210084033,0.013445378151260505,1.481768924691789
0.007563025210084033,0.01411764705882353,1.4815502012977682
0.007563025210084033,0.014789915966386555,1.481320143069161
0.007563025210084033,0.01546218487394958,1.4810786535625398
0.007563025210084033,0.016134453781512605,1.4808256308925236
0.007563025210084033,0.01680672268907563,1.4805609676149967
0.007563025210084033,0.017478991596638654,1.4802845506000937
0.007563025210084033,0.018151260504201683,1.4799962608950716
0.007563025210084033,0.018823529411764708,1.4796959735770454
0.007563025210084033,0.019495798319327733,1.479383557595437
0.007563025210084033,0.020168067226890758,1.4790588756038987
0.007563025210084033,0.020840336134453782,1.4787217837813855
0.007563025210084033,0.021512605042016807,1.4783721316419878
0.007563025210084033,0.022184873949579832,1.4780097618330568
0.007563025210084033,0.022857142857142857,1.4776345099211066
0.007563025210084033,0.023529411764705882,1.4772462041649117
0.007563025210084033,0.024201680672268907,1.476844665275155
0.007563025210084033,0.024873949579831932,1.4764297061599292
0.007563025210084033,0.02554621848739496,1.4760011316553192
0.007563025210084033,0.026218487394957985,1.4755587382402422
0.007563025210084033,0.02689075630252101,1.4751023137346408
0.007563025210084033,0.027563025210084035,1.4746316369800505
0.007563025210084033,0.02823529411764706,1.4741464775014987
0.007563025210084033,0.028907563025210085,1.4736465951495847
0.007563025210084033,0.02957983193277311,1.4731317397215173
0.007563025210084033,0.030252100840336135,1.4726016505597825
0.007563025210084033,0.03092436974789916,1.4720560561269986
0.007563025210084033,0.03159663865546218,1.4714946735554162
0.007563025210084033,0.03226890756302521,1.4709172081693778
0.007563025210084033,0.03294117647058824,1.4703233529789232
0.007563025210084033,0.033613445378151266,1.4697127881425829
0.007563025210084033,0.03428571428571428,1.4690851803972176
0.007563025210084033,0.03495798319327731,1.4684401824526152
0.007563025210084033,0.03563025210084034,1.4677774323483244
0.007563025210084033,0.036302521008403366,1.4670965527700275
0.007563025210084033,0.036974789915966394,1.4663971503224862
0.007563025210084033,0.03764705882352941,1.4656788147558657
0.007563025210084033,0.03831932773109244,1.4649411181419394
0.007563025210084033,0.038991596638655465,1.4641836139963735
0.007563025210084033,0.039663865546218494,1.4634058363429485
0.007563025210084033,0.04033613445378151,1.4626072987151968
0.007563025210084033,0.041008403361344536,1.4617874930905113
0.007563025210084033,0.041680672268907565,1.4609458887513296
0.007563025210084033,0.04235294117647059,1.4600819310674806
0.007563025210084033,0.043025210084033615,1.4591950401932159
0.007563025210084033,0.043697478991596636,1.4582846096718276
0.007563025210084033,0.044369747899159664,1.4573500049400494
0.007563025210084033,0.04504201680672269,1.456390561723671
0.007563025210084033,0.04571428571428572,1.455405584314936
0.007563025210084033,0.046386554621848736,1.454394343721328
0.007563025210084033,0.047058823529411764,1.4533560756742856
0.007563025210084033,0.04773109243697479,1.4522899784851924
0.007563025210084033,0.04840336134453782,1.4511952107346495
0.007563025210084033,0.049075630252100835,1.4500708887795408
0.007563025210084033,0.049747899159663864,1.448916084060735
0.007563025210084033,0.05042016806722689,1.447729820192374
0.007563025210084033,0.05109243697478992,1.4465110698115957
0.007563025210084033,0.05176470588235295,1.445258751165157
0.007563025210084033,0.05243697478991596,1.443971724406748
0.007563025210084033,0.05310924369747899,1.4426487875757832
0.007563025210084033,0.05378151260504202,1.4412886722250382
0.007563025210084033,0.05445378151260505,1.439890038660683
0.007563025210084033,0.05512605042016806,1.4384514707539124
0.007563025210084033,0.05579831932773109,1.4369714702784862
0.007563025210084033,0.05647058823529412,1.4354484507229448
0.007563025210084033,0.05714285714285715,1.43388073052001
0.007563025210084033,0.05781512605042017,1.4322665256285967
0.007563025210084033,0.05848739495798319,1.4306039413958644
0.007563025210084033,0.05915966386554622,1.4288909636177063
0.007563025210084033,0.05983193277310925,1.4271254487058964
0.007563025210084033,0.060504201680672276,1.4253051128586756
0.007563025210084033,0.06117647058823529,1.4234275201187225
0.007563025210084033,0.06184873949579832,1.4214900691881505
0.007563025210084033,0.06252100840336135,1.4194899788542843
0.007563025210084033,0.06319327731092438,1.4174242718625094
0.007563025210084033,0.06386554621848739,1.415289757053473
0.007563025210084033,0.06453781512605042,1.4130830095615756
0.007563025210084033,0.06521008403361345,1.4108003488503642
0.007563025210084033,0.06588235294117648,1.4084378143388674
0.007563025210084033,0.0665546218487395,1.4059911383521728
0.007563025210084033,0.06722689075630252,1.4034557161114756
0.007563025210084033,0.06789915966386555,1.4008265724660576
0.007563025210084033,0.06857142857142857,1.3980983250662484
0.007563025210084033,0.0692436974789916,1.3952651436881336
0.007563025210084033,0.06991596638655462,1.3923207054559585
0.007563025210084033,0.07058823529411765,1.389258145778461
0.007563025210084033,0.07126050420168067,1.386070004936849
0.007563025210084033,0.0719327731092437,1.3827481704564504
0.007563025210084033,0.07260504201680673,1.3792838156895713
0.007563025210084033,0.07327731092436975,1.3756673354693414
0.007563025210084033,0.07394957983193277,1.371888280304929
0.007563025210084033,0.0746218487394958,1.3679352914203482
0.007563025210084033,0.07529411764705883,1.3637960400231237
0.007563025210084033,0.07596638655462185,1.3594571755153648
0.007563025210084033,0.07663865546218487,1.3549042888160001
0.007563025210084033,0.0773109243697479,1.3501218982124743
0.007563025210084033,0.07798319327731093,1.3450934654042048
0.007563025210084033,0.07865546218487394,1.3398014469234676
0.007563025210084033,0.07932773109243697,1.3342273774344586
0.007563025210084033,0.07983193277310924,1.328351959657629
0.010084033613445377,0.0001680672268907563,1.4743869842038277
0.010084033613445377,0.0006722689075630252,1.4743869842038277
0.010084033613445377,0.0013445378151260505,1.4743722032239293
0.010084033613445377,0.0020168067226890756,1.4743455909697851
0.010084033613445377,0.002689075630252101,1.4743075587561878
0.010084033613445377,0.0033613445378151263,1.4742582318033104
0.010084033613445377,0.004033613445378151,1.4741976539940826
0.010084033613445377,0.004705882352941176,1.474125835113687
0.010084033613445377,0.005378151260504202,1.4740427665782798
0.010084033613445377,0.006050420168067228,1.473948427890965
0.010084033613445377,0.0067226890756302525,1.4738427896775728
0.010084033613445377,0.007394957983193277,1.4737258152532244
0.010084033613445377,0.008067226890756302,1.4735974614831269
0.010084033613445377,0.008739495798319327,1.4734576792734932
0.010084033613445377,0.009411764705882354,1.4733064138542566
0.010084033613445377,0.010084033613445379,1.4731436049371394
0.010084033613445377,0.010756302521008404,1.4729691867948227
0.010084033613445377,0.011428571428571429,1.4727830882874842
0.010084033613445377,0.012100840336134453,1.4725852328523652
0.010084033613445377,0.01277310924369748,1.47237553846603
0.010084033613445377,0.013445378151260505,1.4721539175854046
0.010084033613445377,0.01411764705882353,1.4719202770715165
0.010084033613445377,0.014789915966386555,1.4716745180984683
0.010084033613445377,0.01546218487394958,1.4714165360492997
0.010084033613445377,0.016134453781512605,1.4711462203997727
0.010084033613445377,0.01680672268907563,1.4708634545907178
0.010084033613445377,0.017478991596638654,1.4705681158892827
0.010084033613445377,0.018151260504201683,1.4702600752392045
0.010084033613445377,0.018823529411764708,1.4699391971000753
0.010084033613445377,0.019495798319327733,1.4696053392754365
0.010084033613445377,0.020168067226890758,1.4692583527294438
0.010084033613445377,0.020840336134453782,1.468898081391744
0.010084033613445377,0.021512605042016807,1.4685243619501456
0.010084033613445377,0.022184873949579832,1.4681370236305813
0.010084033613445377,0.022857142857142857,1.4677358879638027
0.010084033613445377,0.023529411764705882,1.4673207685381795
0.010084033613445377,0.024201680672268907,1.4668914707379146
0.010084033613445377,0.024873949579831932,1.4664477914659222
0.010084033613445377,0.02554621848739496,1.465989518850542
0.010084033613445377,0.026218487394957985,1.4655164319352056
0.010084033613445377,0.02689075630252101,1.4650283003500835
0.010084033613445377,0.027563025210084035,1.4645248839646776
0.010084033613445377,0.02823529411764706,1.464005932520225
0.010084033613445377,0.028907563025210085,1.463471185240706
0.010084033613445377,0.02957983193277311,1.462920370421142
0.010084033613445377,0.030252100840336135,1.4623532049917665
0.010084033613445377,0.03092436974789916,1.4617693940565537
0.010084033613445377,0.03159663865546218,1.461168630404445
0.010084033613445377,0.03226890756302521,1.4605505939915076
0.010084033613445377,0.03294117647058824,1.4599149513921004
0.010084033613445377,0.033613445378151266,1.4592613552169746
0.010084033613445377,0.03428571428571428,1.458589443496069
0.010084033613445377,0.03495798319327731,1.45789883902357
0.010084033613445377,0.03563025210084034,1.4571891486626232
0.010084033613445377,0.036302521008403366,1.4564599626068357
0.010084033613445377,0.036974789915966394,1.4557108535955097
0.010084033613445377,0.03764705882352941,1.4549413760792471
0.010084033613445377,0.03831932773109244,1.4541510653323138
0.010084033613445377,0.038991596638655465,1.4533394365078136
0.010084033613445377,0.039663865546218494,1.4525059836313974
0.010084033613445377,0.04033613445378151,1.4516501785288478
0.010084033613445377,0.041008403361344536,1.4507714696824685
0.010084033613445377,0.041680672268907565,1.4498692810107534
0.010084033613445377,0.04235294117647059,1.448943010565314
0.010084033613445377,0.043025210084033615,1.4479920291384856
0.010084033613445377,0.043697478991596636,1.447015678774437
0.010084033613445377,0.044369747899159664,1.446013271175928
0.010084033613445377,0.04504201680672269,1.44498408599813
0.010084033613445377,0.04571428571428572,1.4439273690201047
0.010084033613445377,0.046386554621848736,1.4428423301836304
0.010084033613445377,0.047058823529411764,1.441728141488078
0.010084033613445377,0.04773109243697479,1.4405839347289209
0.010084033613445377,0.04840336134453782,1.4394087990662525
0.010084033613445377,0.049075630252100835,1.438201778408315
0.010084033613445377,0.049747899159663864,1.436961868593553
0.010084033613445377,0.05042016806722689,1.435688014353028
0.010084033613445377,0.05109243697478992,1.4343791060331785
0.010084033613445377,0.05176470588235295,1.433033976056866
0.010084033613445377,0.05243697478991596,1.4316513950983492
0.010084033613445377,0.05310924369747899,1.4302300679453197
0.010084033613445377,0.05378151260504202,1.4287686290183008
0.010084033613445377,0.05445378151260505,1.4272656375146169
0.010084033613445377,0.05512605042016806,1.4257195721406737
0.010084033613445377,0.05579831932773109,1.4241288253924835
0.010084033613445377,0.05647058823529412,1.4224916973401278
0.010084033613445377,0.05714285714285715,1.4208063888672082
0.010084033613445377,0.05781512605042017,1.419070994311193
0.010084033613445377,0.05848739495798319,1.4172834934449423
0.010084033613445377,0.05915966386554622,1.415441742733541
0.010084033613445377,0.05983193277310925,1.4135434657938766
0.010084033613445377,0.060504201680672276,1.4115862429771633
0.010084033613445377,0.06117647058823529,1.4095674999868564
0.010084033613445377,0.06184873949579832,1.40748449543617
0.010084033613445377,0.06252100840336135,1.4053343072407793
0.010084033613445377,0.06319327731092438,1.4031138177334304
0.010084033613445377,0.06386554621848739,1.400819697378246
0.010084033613445377,0.06453781512605042,1.3984483869538926
0.010084033613445377,0.06521008403361345,1.3959960780668004
0.010084033613445377,0.06588235294117648,1.393458691848939
0.010084033613445377,0.0665546218487395,1.3908318556899681
0.010084033613445377,0.06722689075630252,1.3881108778518725
0.010084033613445377,0.06789915966386555,1.3852907198166469
0.010084033613445377,0.06857142857142857,1.3823659662256416
0.010084033613445377,0.0692436974789916,1.3793307922844127
0.010084033613445377,0.06991596638655462,1.3761789285310106
0.010084033613445377,0.07058823529411765,1.3729036229000382
0.010084033613445377,0.07126050420168067,1.369497600060256
0.010084033613445377,0.0719327731092437,1.3659530180591883
0.010084033613445377,0.07260504201680673,1.3622614223702327
0.010084033613445377,0.07327731092436975,1.3584136974969574
0.010084033613445377,0.07394957983193277,1.3544000163274592
0.010084033613445377,0.0746218487394958,1.3502097874161916
0.010084033613445377,0.07529411764705883,1.3458316002468746
0.010084033613445377,0.07596638655462185,1.3412531682103725
0.010084033613445377,0.07663865546218487,1.336461268382342
0.010084033613445377,0.0773109243697479,1.33144167601405
0.010084033613445377,0.07798319327731093,1.3261790896960237
0.010084033613445377,0.07865546218487394,1.3206570401065858
0.010084033613445377,0.07932773109243697,1.3148577708285563
0.010084033613445377,0.07983193277310924,1.3087620738644736
0.012605042016806721,0.0001680672268907563,1.4647897515388375
0.012605042016806721,0.0006722689075630252,1.4647897515388375
0.012605042016806721,0.0013445378151260505,1.4647740391332211
0.012605042016806721,0.0020168067226890756,1.4647457498224195
0.012605042016806721,0.002689075630252101,1.4647053207107157
0.012605042016806721,0.0033613445378151263,1.4646528847288012
0.012605042016806721,0.004033613445378151,1.4645884882932634
0.012605042016806721,0.004705882352941176,1.4645121415224325
0.012605042016806721,0.005378151260504202,1.4644238349558238
0.012605042016806721,0.006050420168067228,1.4643235464164674
0.012605042016806721,0.0067226890756302525,1.464211244237466
0.012605042016806721,0.007394957983193277,1.4640868889266911
0.012605042016806721,0.008067226890756302,1.463950434081178
0.012605042016806721,0.008739495798319327,1.4638018269082638
0.012605042016806721,0.009411764705882354,1.46364100852534
0.012605042016806721,0.010084033613445379,1.4634679141270308
0.012605042016806721,0.010756302521008404,1.4632824730684395
0.012605042016806721,0.011428571428571429,1.4630846088923706
0.012605042016806721,0.012100840336134453,1.4628742393171907
0.012605042016806721,0.01277310924369748,1.4626512761955897
0.012605042016806721,0.013445378151260505,1.4624156254507144
0.012605042016806721,0.01411764705882353,1.4621671869938502
0.012605042016806721,0.014789915966386555,1.4619058546263386
0.012605042016806721,0.01546218487394958,1.4616315159274877
0.012605042016806721,0.016134453781512605,1.4613440521295866
0.012605042016806721,0.01680672268907563,1.4610433379806926
0.012605042016806721,0.017478991596638654,1.4607292415955617
0.012605042016806721,0.018151260504201683,1.4604016242948545
0.012605042016806721,0.018823529411764708,1.460060340432584
0.012605042016806721,0.019495798319327733,1.4597052372116381
0.012605042016806721,0.020168067226890758,1.4593361544871022
0.012605042016806721,0.020840336134453782,1.4589529245570099
0.012605042016806721,0.021512605042016807,1.458555371940081
0.012605042016806721,0.022184873949579832,1.4581433131399206
0.012605042016806721,0.022857142857142857,1.457716556395091
0.012605042016806721,0.023529411764705882,1.4572749014144004
0.012605042016806721,0.024201680672268907,1.4568181390966917
0.012605042016806721,0.024873949579831932,1.4563460512343305
0.012605042016806721,0.02554621848739496,1.4558584101995466
0.012605042016806721,0.026218487394957985,1.455354978612691
0.012605042016806721,0.02689075630252101,1.4548355089914047
0.012605042016806721,0.027563025210084035,1.454299743379617
0.012605042016806721,0.02823529411764706,1.4537474129552017
0.012605042016806721,0.028907563025210085,1.4531782376150255
0.012605042016806721,0.02957983193277311,1.4525919255360416
0.012605042016806721,0.030252100840336135,1.4519881727109527
0.012605042016806721,0.03092436974789916,1.45136666245688
0.012605042016806721,0.03159663865546218,1.450727064895333
0.012605042016806721,0.03226890756302521,1.450069036401656
0.012605042016806721,0.03294117647058824,1.4493922190219783
0.012605042016806721,0.033613445378151266,1.4486962398555492
0.012605042016806721,0.03428571428571428,1.4479807104001559
0.012605042016806721,0.03495798319327731,1.447245225858164
0.012605042016806721,0.03563025210084034,1.446489364400499
0.012605042016806721,0.036302521008403366,1.4457126863856904
0.012605042016806721,0.036974789915966394,1.4449147335308588
0.012605042016806721,0.03764705882352941,1.4440950280312757
0.012605042016806721,0.03831932773109244,1.4432530716248406
0.012605042016806721,0.038991596638655465,1.4423883445975327
0.012605042016806721,0.039663865546218494,1.4415003047255477
0.012605042016806721,0.04033613445378151,1.44058838614948
0.012605042016806721,0.041008403361344536,1.439651998175521
0.012605042016806721,0.041680672268907565,1.4386905239981949
0.012605042016806721,0.04235294117647059,1.4377033193387054
0.012605042016806721,0.043025210084033615,1.436689710992432
0.012605042016806721,0.043697478991596636,1.4356489952785596
0.012605042016806721,0.044369747899159664,1.4345804363842036
0.012605042016806721,0.04504201680672269,1.4334832645947067
0.012605042016806721,0.04571428571428572,1.4323566744010499
0.012605042016806721,0.046386554621848736,1.4311998224744888
0.012605042016806721,0.047058823529411764,1.4300118254976413
0.012605042016806721,0.04773109243697479,1.42879175784025
0.012605042016806721,0.04840336134453782,1.4275386490667783
0.012605042016806721,0.049075630252100835,1.426251481261791
0.012605042016806721,0.049747899159663864,1.4249291861577715
0.012605042016806721,0.05042016806722689,1.4235706420485894
0.012605042016806721,0.05109243697478992,1.4221746704702491
0.012605042016806721,0.05176470588235295,1.4207400326288169
0.012605042016806721,0.05243697478991596,1.4192654255535224
0.012605042016806721,0.05310924369747899,1.4177494779509359
0.012605042016806721,0.05378151260504202,1.4161907457338285
0.012605042016806721,0.05445378151260505,1.4145877071958142
0.012605042016806721,0.05512605042016806,1.4129387578001167
0.012605042016806721,0.05579831932773109,1.411242204547797
0.012605042016806721,0.05647058823529412,1.4094962598874945
0.012605042016806721,0.05714285714285715,1.407699035125145
0.012605042016806721,0.05781512605042017,1.4058485332882593
0.012605042016806721,0.05848739495798319,1.4039426413950984
0.012605042016806721,0.05915966386554622,1.4019791220745215
0.012605042016806721,0.05983193277310925,1.399955604477337
0.012605042016806721,0.060504201680672276,1.3978695744146654
0.012605042016806721,0.06117647058823529,1.3957183636531412
0.012605042016806721,0.06184873949579832,1.393499138290673
0.012605042016806721,0.06252100840336135,1.3912088861300183
0.012605042016806721,0.06319327731092438,1.3888444029605251
0.012605042016806721,0.06386554621848739,1.3864022776511167
0.012605042016806721,0.06453781512605042,1.3838788759498433
0.012605042016806721,0.06521008403361345,1.3812703228771135
0.012605042016806721,0.06588235294117648,1.3785724835908675
0.012605042016806721,0.0665546218487395,1.3757809425923397
0.012605042016806721,0.06722689075630252,1.3728909811302785
0.012605042016806721,0.06789915966386555,1.3698975526490083
0.012605042016806721,0.06857142857142857,1.3667952561106216
0.012605042016806721,0.0692436974789916,1.3635783070024248
0.012605042016806721,0.06991596638655462,1.3602405058153457
0.012605042016806721,0.07058823529411765,1.3567752037440213
0.012605042016806721,0.07126050420168067,1.3531752653098392
0.012605042016806721,0.0719327731092437,1.349433027537203
0.012605042016806721,0.07260504201680673,1.3455402552105762
0.012605042016806721,0.07327731092436975,1.3414880915912484
0.012605042016806721,0.07394957983193277,1.33726700375867
0.012605042016806721,0.0746218487394958,1.3328667214352918
0.012605042016806721,0.07529411764705883,1.3282761677215171
0.012605042016806721,0.07596638655462185,1.3234833795645664
0.012605042016806721,0.07663865546218487,1.3184754149577758
0.012605042016806721,0.0773109243697479,1.3132382427523623
0.012605042016806721,0.07798319327731093,1.3077566094942745
0.012605042016806721,0.07865546218487394,1.302013875809264
0.012605042016806721,0.07932773109243697,1.2959918124980319
0.012605042016806721,0.07983193277310924,1.2896703436421015
0.015126050420168066,0.0001680672268907563,1.4550723536759296
0.015126050420168066,0.0006722689075630252,1.4550723536759296
0.015126050420168066,0.0013445378151260505,1.4550557201554744
0.015126050420168066,0.0020168067226890756,1.4550257723704787
0.015126050420168066,0.002689075630252101,1.4549829729605401
0.015126050420168066,0.0033613445378151263,1.4549274625264814
0.015126050420168066,0.004033613445378151,1.4548592900490753
0.015126050420168066,0.004705882352941176,1.4547784660484007
0.015126050420168066,0.005378151260504202,1.4546849802832142
0.015126050420168066,0.006050420168067228,1.4545788090153886
0.015126050420168066,0.0067226890756302525,1.4544599184254337
0.015126050420168066,0.007394957983193277,1.4543282663745967
0.015126050420168066,0.008067226890756302,1.4541838033726622
0.015126050420168066,0.008739495798319327,1.4540264731294372
0.015126050420168066,0.009411764705882354,1.4538562128718588
0.015126050420168066,0.010084033613445379,1.4536729535207527
0.015126050420168066,0.010756302521008404,1.4534766197787312
0.015126050420168066,0.011428571428571429,1.4532671301587816
0.015126050420168066,0.012100840336134453,1.4530443969711846
0.015126050420168066,0.01277310924369748,1.4528083262796294
0.015126050420168066,0.013445378151260505,1.4525588178333881
0.015126050420168066,0.01411764705882353,1.4522957649799588
0.015126050420168066,0.014789915966386555,1.4520190545610459
0.015126050420168066,0.01546218487394958,1.4517285667937296
0.015126050420168066,0.016134453781512605,1.4514241751380148
0.015126050420168066,0.01680672268907563,1.4511057461514696
0.015126050420168066,0.017478991596638654,1.4507731393313608
0.015126050420168066,0.018151260504201683,1.4504262069444238
0.015126050420168066,0.018823529411764708,1.4500647938442537
0.015126050420168066,0.019495798319327733,1.449688737276145
0.015126050420168066,0.020168067226890758,1.4492978666690997
0.015126050420168066,0.020840336134453782,1.4488920034146344
0.015126050420168066,0.021512605042016807,1.4484709606319202
0.015126050420168066,0.022184873949579832,1.4480345429187291
0.015126050420168066,0.022857142857142857,1.4475825460875773
0.015126050420168066,0.023529411764705882,1.4471147568863973
0.015126050420168066,0.024201680672268907,1.446630952702993
0.015126050420168066,0.024873949579831932,1.4461309012524748
0.015126050420168066,0.02554621848739496,1.4456143602467952
0.015126050420168066,0.026218487394957985,1.4450810770454334
0.015126050420168066,0.02689075630252101,1.4445307882862022
0.015126050420168066,0.027563025210084035,1.4439632194950751
0.015126050420168066,0.02823529411764706,1.443378084673837
0.015126050420168066,0.028907563025210085,1.442775085864282
0.015126050420168066,0.02957983193277311,1.4421539126875762
0.015126050420168066,0.030252100840336135,1.4415142418573077
0.015126050420168066,0.03092436974789916,1.4408557366646269
0.015126050420168066,0.03159663865546218,1.4401780464337688
0.015126050420168066,0.03226890756302521,1.4394808059461117
0.015126050420168066,0.03294117647058824,1.4387636348307928
0.015126050420168066,0.033613445378151266,1.4380261369197505
0.015126050420168066,0.03428571428571428,1.4372678995648975
0.015126050420168066,0.03495798319327731,1.4364884929149566
0.015126050420168066,0.03563025210084034,1.4356874691492947
0.015126050420168066,0.036302521008403366,1.4348643616658936
0.015126050420168066,0.036974789915966394,1.4340186842203608
0.015126050420168066,0.03764705882352941,1.433149930012647
0.015126050420168066,0.03831932773109244,1.4322575707178735
0.015126050420168066,0.038991596638655465,1.4313410554573802
0.015126050420168066,0.039663865546218494,1.4303998097057977
0.015126050420168066,0.04033613445378151,1.4294332341296043
0.015126050420168066,0.041008403361344536,1.4284407033522615
0.015126050420168066,0.041680672268907565,1.427421564640615
0.015126050420168066,0.04235294117647059,1.4263751365068156
0.015126050420168066,0.043025210084033615,1.4253007072195265
0.015126050420168066,0.043697478991596636,1.424197533217673
0.015126050420168066,0.044369747899159664,1.4230648374194104
0.015126050420168066,0.04504201680672269,1.4219018074183722
0.015126050420168066,0.04571428571428572,1.4207075935585773
0.015126050420168066,0.046386554621848736,1.4194813068786338
0.015126050420168066,0.047058823529411764,1.4182220169150654
0.015126050420168066,0.04773109243697479,1.4169287493537053
0.015126050420168066,0.04840336134453782,1.4156004835171212
0.015126050420168066,0.049075630252100835,1.4142361496749876
0.015126050420168066,0.049747899159663864,1.4128346261631464
0.015126050420168066,0.05042016806722689,1.4113947362958386
0.015126050420168066,0.05109243697478992,1.4099152450541872
0.015126050420168066,0.05176470588235295,1.4083948555324886
0.015126050420168066,0.05243697478991596,1.4068322051222029
0.015126050420168066,0.05310924369747899,1.4052258614116921
0.015126050420168066,0.05378151260504202,1.4035743177777515
0.015126050420168066,0.05445378151260505,1.401875988642773
0.015126050420168066,0.05512605042016806,1.4001292043689544
0.015126050420168066,0.05579831932773109,1.3983322057583105
0.015126050420168066,0.05647058823529412,1.3964831381243137
0.015126050420168066,0.05714285714285715,1.3945800448977732
0.015126050420168066,0.05781512605042017,1.3926208607259962
0.015126050420168066,0.05848739495798319,1.390603404020365
0.015126050420168066,0.05915966386554622,1.3885253689030912
0.015126050420168066,0.05983193277310925,1.3863843164990883
0.015126050420168066,0.060504201680672276,1.3841776655134923
0.015126050420168066,0.06117647058823529,1.381902682029319
0.015126050420168066,0.06184873949579832,1.3795564684529062
0.015126050420168066,0.06252100840336135,1.3771359515270358
0.015126050420168066,0.06319327731092438,1.3746378693227432
0.015126050420168066,0.06386554621848739,1.3720587571105267
0.015126050420168066,0.06453781512605042,1.3693949319996674
0.015126050420168066,0.06521008403361345,1.3666424762201355
0.015126050420168066,0.06588235294117648,1.3637972189045502
0.015126050420168066,0.0665546218487395,1.3608547162070304
0.015126050420168066,0.06722689075630252,1.3578102295704664
0.015126050420168066,0.06789915966386555,1.3546587019223222
0.015126050420168066,0.06857142857142857,1.35139473153967
0.015126050420168066,0.0692436974789916,1.3480125432742438
0.015126050420168066,0.06991596638655462,1.3445059567645896
0.015126050420168066,0.07058823529411765,1.3408683511805628
0.015126050420168066,0.07126050420168067,1.3370926259398033
0.015126050420168066,0.0719327731092437,1.333171156699093
0.015126050420168066,0.07260504201680673,1.3290957457461339
0.015126050420168066,0.07327731092436975,1.324857565687134
0.015126050420168066,0.07394957983193277,1.3204470950270573
0.015126050420168066,0.0746218487394958,1.3158540438527437
0.015126050420168066,0.07529411764705883,1.3110672673293255
0.015126050420168066,0.07596638655462185,1.3060746640758116
0.015126050420168066,0.07663865546218487,1.3008630556562084
0.015126050420168066,0.0773109243697479,1.2954180423563848
0.015126050420168066,0.07798319327731093,1.2897238290460842
0.015126050420168066,0.07865546218487394,1.283763013157606
0.015126050420168066,0.07932773109243697,1.2775163245163437
0.015126050420168066,0.07983193277310924,1.2709623037379758
0.01764705882352941,0.0001680672268907563,1.4452390350658995
0.01764705882352941,0.0006722689075630252,1.4452390350658995
0.01764705882352941,0.0013445378151260505,1.4452214944286985
0.01764705882352941,0.0020168067226890756,1.4451899133925377
0.01764705882352941,0.002689075630252101,1.4451447797788548
0.01764705882352941,0.0033613445378151263,1.4450862417916461
0.01764705882352941,0.004033613445378151,1.4450143510014812
0.01764705882352941,0.004705882352941176,1.4449291184037347
0.01764705882352941,0.005378151260504202,1.444830533083187
0.01764705882352941,0.006050420168067228,1.4447185698747051
0.01764705882352941,0.0067226890756302525,1.44459319296517
0.01764705882352941,0.007394957983193277,1.4444543577518583
0.01764705882352941,0.008067226890756302,1.444302011863252
0.01764705882352941,0.008739495798319327,1.4441360957408766
0.01764705882352941,0.009411764705882354,1.4439565429740242
0.01764705882352941,0.010084033613445379,1.4437632804865212
0.01764705882352941,0.010756302521008404,1.4435562286298462
0.01764705882352941,0.011428571428571429,1.4433353012137569
0.01764705882352941,0.012100840336134453,1.4431004054930416
0.01764705882352941,0.01277310924369748,1.4428514421218541
0.01764705882352941,0.013445378151260505,1.4425883050828772
0.01764705882352941,0.01411764705882353,1.4423108815959773
0.01764705882352941,0.014789915966386555,1.4420190520093765
0.01764705882352941,0.01546218487394958,1.4417126896753094
0.01764705882352941,0.016134453781512605,1.4413916608114266
0.01764705882352941,0.01680672268907563,1.4410558243487142
0.01764705882352941,0.017478991596638654,1.4407050317663561
0.01764705882352941,0.018151260504201683,1.4403391269137156
0.01764705882352941,0.018823529411764708,1.4399579458194252
0.01764705882352941,0.019495798319327733,1.4395613164874257
0.01764705882352941,0.020168067226890758,1.4391490586796785
0.01764705882352941,0.020840336134453782,1.438720983685177
0.01764705882352941,0.021512605042016807,1.4382768940747979
0.01764705882352941,0.022184873949579832,1.4378165834414527
0.01764705882352941,0.022857142857142857,1.4373398361249297
0.01764705882352941,0.023529411764705882,1.4368464269207553
0.01764705882352941,0.024201680672268907,1.4363361207723147
0.01764705882352941,0.024873949579831932,1.4358086724454324
0.01764705882352941,0.02554621848739496,1.4352638261845136
0.01764705882352941,0.026218487394957985,1.434701315349303
0.01764705882352941,0.02689075630252101,1.4341208620312158
0.01764705882352941,0.027563025210084035,1.433522176648146
0.01764705882352941,0.02823529411764706,1.4329049575165373
0.01764705882352941,0.028907563025210085,1.4322688903994516
0.01764705882352941,0.02957983193277311,1.4316136480292454
0.01764705882352941,0.030252100840336135,1.430938889603377
0.01764705882352941,0.03092436974789916,1.4302442602517562
0.01764705882352941,0.03159663865546218,1.4295293904739288
0.01764705882352941,0.03226890756302521,1.428793895544271
0.01764705882352941,0.03294117647058824,1.428037374883218
0.01764705882352941,0.033613445378151266,1.4272594113924262
0.01764705882352941,0.03428571428571428,1.4264595707515895
0.01764705882352941,0.03495798319327731,1.4256374006744812
0.01764705882352941,0.03563025210084034,1.4247924301215944
0.01764705882352941,0.036302521008403366,1.4239241684665618
0.01764705882352941,0.036974789915966394,1.4230321046133234
0.01764705882352941,0.03764705882352941,1.422115706060774
0.01764705882352941,0.03831932773109244,1.4211744179113734
0.01764705882352941,0.038991596638655465,1.4202076618199269
0.01764705882352941,0.039663865546218494,1.4192148348784535
0.01764705882352941,0.04033613445378151,1.4181953084327275
0.01764705882352941,0.041008403361344536,1.4171484268257417
0.01764705882352941,0.041680672268907565,1.4160735060629488
0.01764705882352941,0.04235294117647059,1.414969832393737
0.01764705882352941,0.043025210084033615,1.4138366608031345
0.01764705882352941,0.043697478991596636,1.4126732134072528
0.01764705882352941,0.044369747899159664,1.4114786777454513
0.01764705882352941,0.04504201680672269,1.4102522049616057
0.01764705882352941,0.04571428571428572,1.4089929078662495
0.01764705882352941,0.046386554621848736,1.40769985887064
0.01764705882352941,0.047058823529411764,1.4063720877830626
0.01764705882352941,0.04773109243697479,1.4050085794568392
0.01764705882352941,0.04840336134453782,1.4036082712786033
0.01764705882352941,0.049075630252100835,1.4021700504844055
0.01764705882352941,0.049747899159663864,1.400692751290117
0.01764705882352941,0.05042016806722689,1.3991751518213942
0.01764705882352941,0.05109243697478992,1.397615970827138
0.01764705882352941,0.05176470588235295,1.3960138641589324
0.01764705882352941,0.05243697478991596,1.3943674209973116
0.01764705882352941,0.05310924369747899,1.392675159803951
0.01764705882352941,0.05378151260504202,1.390935523976874
0.01764705882352941,0.05445378151260505,1.3891468771835824
0.01764705882352941,0.05512605042016806,1.3873074983445803
0.01764705882352941,0.05579831932773109,1.3854155762370097
0.01764705882352941,0.05647058823529412,1.3834692036850784
0.01764705882352941,0.05714285714285715,1.3814663713005049
0.01764705882352941,0.05781512605042017,1.3794049607323327
0.01764705882352941,0.05848739495798319,1.3772827373810517
0.01764705882352941,0.05915966386554622,1.3750973425269628
0.01764705882352941,0.05983193277310925,1.3728462848169705
0.01764705882352941,0.060504201680672276,1.3705269310473829
0.01764705882352941,0.06117647058823529,1.3681364961726488
0.01764705882352941,0.06184873949579832,1.3656720324610399
0.01764705882352941,0.06252100840336135,1.363130417707843
0.01764705882352941,0.06319327731092438,1.3605083424042954
0.01764705882352941,0.06386554621848739,1.3578022957458535
0.01764705882352941,0.06453781512605042,1.3550085503458924
0.01764705882352941,0.06521008403361345,1.352123145499892
0.01764705882352941,0.06588235294117648,1.3491418688197134
0.01764705882352941,0.0665546218487395,1.3460602360265987
0.01764705882352941,0.06722689075630252,1.3428734686536625
0.01764705882352941,0.06789915966386555,1.3395764693620735
0.01764705882352941,0.06857142857142857,1.3361637945176923
0.01764705882352941,0.0692436974789916,1.3326296236036903
0.01764705882352941,0.06991596638655462,1.3289677249561374
0.01764705882352941,0.07058823529411765,1.3251714171990425
0.01764705882352941,0.07126050420168067,1.321233525617123
0.01764705882352941,0.0719327731092437,1.3171463325312167
0.01764705882352941,0.07260504201680673,1.3129015205232675
0.01764705882352941,0.07327731092436975,1.3084901070830668
0.01764705882352941,0.07394957983193277,1.303902368901636
0.01764705882352941,0.0746218487394958,1.2991277535957957
0.01764705882352941,0.07529411764705883,1.2941547760879402
0.01764705882352941,0.07596638655462185,1.2889708961480892
0.01764705882352941,0.07663865546218487,1.2835623726826062
0.01764705882352941,0.0773109243697479,1.2779140891573408
0.01764705882352941,0.07798319327731093,1.2720093429760524
0.01764705882352941,0.07865546218487394,1.2658295895591878
0.01764705882352941,0.07932773109243697,1.2593541290799113
0.01764705882352941,0.07983193277310924,1.2525597200090839
0.020168067226890754,0.0001680672268907563,1.4352940754343906
0.020168067226890754,0.0006722689075630252,1.4352940754343906
0.020168067226890754,0.0013445378151260505,1.435275645108909
0.020168067226890754,0.0020168067226890756,1.4352424622220732
0.020168067226890754,0.002689075630252101,1.4351950393303572
0.020168067226890754,0.0033613445378151263,1.4351335321478995
0.020168067226890754,0.004033613445378151,1.4350579948543358
0.020168067226890754,0.004705882352941176,1.434968438996304
0.020168067226890754,0.005378151260504202,1.43486485309891
0.020168067226890754,0.006050420168067228,1.4347472107152872
0.020168067226890754,0.0067226890756302525,1.4346154742116484
0.020168067226890754,0.007394957983193277,1.434469596720455
0.020168067226890754,0.008067226890756302,1.4343095232136271
0.020168067226890754,0.008739495798319327,1.4341351911146054
0.020168067226890754,0.009411764705882354,1.4339465306508623
0.020168067226890754,0.010084033613445379,1.4337434650510545
0.020168067226890754,0.010756302521008404,1.4335259106438756
0.020168067226890754,0.011428571428571429,1.433293776891363
0.020168067226890754,0.012100840336134453,1.4330469663762178
0.020168067226890754,0.01277310924369748,1.4327853747551937
0.020168067226890754,0.013445378151260505,1.432508890686173
0.020168067226890754,0.01411764705882353,1.4322173957338347
0.020168067226890754,0.014789915966386555,1.4319107642571134
0.020168067226890754,0.01546218487394958,1.4315888632805263
0.020168067226890754,0.016134453781512605,1.431251552350703
0.020168067226890754,0.01680672268907563,1.4308986833789454
0.020168067226890754,0.017478991596638654,1.4305301004702842
0.020168067226890754,0.018151260504201683,1.4301456397392291
0.020168067226890754,0.018823529411764708,1.4297451291122276
0.020168067226890754,0.019495798319327733,1.4293283881166812
0.020168067226890754,0.020168067226890758,1.428895227656254
0.020168067226890754,0.020840336134453782,1.428445449772109
0.020168067226890754,0.021512605042016807,1.4279788473896082
0.020168067226890754,0.022184873949579832,1.4274952040499538
0.020168067226890754,0.022857142857142857,1.4269942936261506
0.020168067226890754,0.023529411764705882,1.426475880022623
0.020168067226890754,0.024201680672268907,1.425939716857735
0.020168067226890754,0.024873949579831932,1.4253855471284047
0.020168067226890754,0.02554621848739496,1.424813102855927
0.020168067226890754,0.026218487394957985,1.424222104712054
0.020168067226890754,0.02689075630252101,1.4236122616243014
0.020168067226890754,0.027563025210084035,1.422983270359379
0.020168067226890754,0.02823529411764706,1.4223348150835524
0.020168067226890754,0.028907563025210085,1.4216665668986646
0.020168067226890754,0.02957983193277311,1.420978183352445
0.020168067226890754,0.030252100840336135,1.420269307921641
0.020168067226890754,0.03092436974789916,1.4195395694663968
0.020168067226890754,0.03159663865546218,1.4187885816541916
0.020168067226890754,0.03226890756302521,1.418015942351531
0.020168067226890754,0.03294117647058824,1.4172212329814458
0.020168067226890754,0.033613445378151266,1.41640401784472
0.020168067226890754,0.03428571428571428,1.4155638434026119
0.020168067226890754,0.03495798319327731,1.4147002375186706
0.020168067226890754,0.03563025210084034,1.4138127086570684
0.020168067226890754,0.036302521008403366,1.4129007450346904
0.020168067226890754,0.036974789915966394,1.411963813723995
0.020168067226890754,0.03764705882352941,1.4110013597034514
0.020168067226890754,0.03831932773109244,1.4100128048521166
0.020168067226890754,0.038991596638655465,1.4089975468846332
0.020168067226890754,0.039663865546218494,1.4079549582226711
0.020168067226890754,0.04033613445378151,1.4068843847984958
0.020168067226890754,0.041008403361344536,1.405785144786031
0.020168067226890754,0.041680672268907565,1.404656527254408
0.020168067226890754,0.04235294117647059,1.4034977907385855
0.020168067226890754,0.043025210084033615,1.402308161721201
0.020168067226890754,0.043697478991596636,1.40108683301933
0.020168067226890754,0.044369747899159664,1.3998329620693095
0.020168067226890754,0.04504201680672269,1.3985456691022136
0.020168067226890754,0.04571428571428572,1.397224035201947
0.020168067226890754,0.046386554621848736,1.3958671002372323
0.020168067226890754,0.047058823529411764,1.394473860658023
0.020168067226890754,0.04773109243697479,1.3930432671460384
0.020168067226890754,0.04840336134453782,1.3915742221082152
0.020168067226890754,0.049075630252100835,1.3900655770008552
0.020168067226890754,0.049747899159663864,1.3885161294711414
0.020168067226890754,0.05042016806722689,1.3869246203014634
0.020168067226890754,0.05109243697478992,1.3852897301406182
0.020168067226890754,0.05176470588235295,1.3836100760044332
0.020168067226890754,0.05243697478991596,1.3818842075266538
0.020168067226890754,0.05310924369747899,1.3801106029390358
0.020168067226890754,0.05378151260504202,1.378287664757444
0.020168067226890754,0.05445378151260505,1.3764137151483558
0.020168067226890754,0.05512605042016806,1.374486990947443
0.020168067226890754,0.05579831932773109,1.372505638298839
0.020168067226890754,0.05647058823529412,1.3704677068801756
0.020168067226890754,0.05714285714285715,1.3683711436744947
0.020168067226890754,0.05781512605042017,1.3662137862455308
0.020168067226890754,0.05848739495798319,1.363993355467602
0.020168067226890754,0.05915966386554622,1.361707447655234
0.020168067226890754,0.05983193277310925,1.3593535260305587
0.020168067226890754,0.060504201680672276,1.356928911458281
0.020168067226890754,0.06117647058823529,1.3544307723683362
0.020168067226890754,0.06184873949579832,1.3518561137749934
0.020168067226890754,0.06252100840336135,1.3492017652877477
0.020168067226890754,0.06319327731092438,1.3464643679934205
0.020168067226890754,0.06386554621848739,1.3436403600699507
0.020168067226890754,0.06453781512605042,1.3407259609696973
0.020168067226890754,0.06521008403361345,1.3377171539829111
0.020168067226890754,0.06588235294117648,1.3346096669592744
0.020168067226890754,0.0665546218487395,1.3313989509258501
0.020168067226890754,0.06722689075630252,1.328080156291761
0.020168067226890754,0.06789915966386555,1.324648106271491
0.020168067226890754,0.06857142857142857,1.3210972670873227
0.020168067226890754,0.0692436974789916,1.3174217144239762
0.020168067226890754,0.06991596638655462,1.313615095500979
0.020168067226890754,0.07058823529411765,1.309670585995621
0.020168067226890754,0.07126050420168067,1.3055808408850371
0.020168067226890754,0.0719327731092437,1.3013379380716703
0.020168067226890754,0.07260504201680673,1.29693331340123
0.020168067226890754,0.07327731092436975,1.292357685362133
0.020168067226890754,0.07394957983193277,1.2876009673514146
0.020168067226890754,0.0746218487394958,1.2826521648791902
0.020168067226890754,0.07529411764705883,1.2774992544277766
0.020168067226890754,0.07596638655462185,1.2721290398359313
0.020168067226890754,0.07663865546218487,1.2665269809782689
0.020168067226890754,0.0773109243697479,1.2606769880631357
0.020168067226890754,0.07798319327731093,1.2545611729476438
0.020168067226890754,0.07865546218487394,1.2481595462750195
0.020168067226890754,0.07932773109243697,1.2414496456939368
0.020168067226890754,0.07983193277310924,1.2344060754959172
0.022689075630252097,0.0001680672268907563,1.4252417295805604
0.022689075630252097,0.0006722689075630252,1.4252417295805604
0.022689075630252097,0.0013445378151260505,1.425222430133803
0.022689075630252097,0.0020168067226890756,1.4251876824481484
0.022689075630252097,0.002689075630252101,1.425138023281941
0.022689075630252097,0.0033613445378151263,1.4250736157411799
0.022689075630252097,0.004033613445378151,1.4249945166262146
0.022689075630252097,0.004705882352941176,1.42490073811088
0.022689075630252097,0.005378151260504202,1.4247922682791065
0.022689075630252097,0.006050420168067228,1.4246690795546009
0.022689075630252097,0.0067226890756302525,1.4245311326650725
0.022689075630252097,0.007394957983193277,1.4243783786883366
0.022689075630252097,0.008067226890756302,1.4242107601770913
0.022689075630252097,0.008739495798319327,1.4240282118009406
0.022689075630252097,0.009411764705882354,1.4238306607167608
0.022689075630252097,0.010084033613445379,1.4236180267765264
0.022689075630252097,0.010756302521008404,1.4233902226323443
0.022689075630252097,0.011428571428571429,1.4231471537730107
0.022689075630252097,0.012100840336134453,1.4228887185125743
0.022689075630252097,0.01277310924369748,1.4226148079435397
0.022689075630252097,0.013445378151260505,1.4223253058627017
0.022689075630252097,0.01411764705882353,1.4220200886747583
0.022689075630252097,0.014789915966386555,1.421699025277062
0.022689075630252097,0.01546218487394958,1.4213619769276993
0.022689075630252097,0.016134453781512605,1.421008797098314
0.022689075630252097,0.01680672268907563,1.420639331312556
0.022689075630252097,0.017478991596638654,1.420253416970657
0.022689075630252097,0.018151260504201683,1.419850883160372
0.022689075630252097,0.018823529411764708,1.4194315504543067
0.022689075630252097,0.019495798319327733,1.41899523069351
0.022689075630252097,0.020168067226890758,1.418541726757073
0.022689075630252097,0.020840336134453782,1.4180708323173778
0.022689075630252097,0.021512605042016807,1.4175823315805476
0.022689075630252097,0.022184873949579832,1.4170759990115729
0.022689075630252097,0.022857142857142857,1.416551599043511
0.022689075630252097,0.023529411764705882,1.416008885770085
0.022689075630252097,0.024201680672268907,1.4154476026209508
0.022689075630252097,0.024873949579831932,1.414867482018817
0.022689075630252097,0.02554621848739496,1.4142682450175454
0.022689075630252097,0.026218487394957985,1.4136496009202864
0.022689075630252097,0.02689075630252101,1.4130112468766252
0.022689075630252097,0.027563025210084035,1.4123528674576435
0.022689075630252097,0.02823529411764706,1.411674134207721
0.022689075630252097,0.028907563025210085,1.4109747051718056
0.022689075630252097,0.02957983193277311,1.4102542243968006
0.022689075630252097,0.030252100840336135,1.4095123214056182
0.022689075630252097,0.03092436974789916,1.4087486106423357
0.022689075630252097,0.03159663865546218,1.4079626908867864
0.022689075630252097,0.03226890756302521,1.4071541446368008
0.022689075630252097,0.03294117647058824,1.406322537456173
0.022689075630252097,0.033613445378151266,1.4054674172862993
0.022689075630252097,0.03428571428571428,1.4045883137192807
0.022689075630252097,0.03495798319327731,1.4036847372301207
0.022689075630252097,0.03563025210084034,1.4027561783654734
0.022689075630252097,0.036302521008403366,1.4018021068862159
0.022689075630252097,0.036974789915966394,1.400821970860898
0.022689075630252097,0.03764705882352941,1.3998151957069214
0.022689075630252097,0.03831932773109244,1.3987811831760408
0.022689075630252097,0.038991596638655465,1.3977193102805325
0.022689075630252097,0.039663865546218494,1.3966289281560804
0.022689075630252097,0.04033613445378151,1.3955093608571298
0.022689075630252097,0.041008403361344536,1.3943599040801105
0.022689075630252097,0.041680672268907565,1.393179823809575
0.022689075630252097,0.04235294117647059,1.3919683548818853
0.022689075630252097,0.043025210084033615,1.3907246994606421
0.022689075630252097,0.043697478991596636,1.389448025417571
0.022689075630252097,0.044369747899159664,1.3881374646120495
0.022689075630252097,0.04504201680672269,1.3867921110618693
0.022689075630252097,0.04571428571428572,1.3854110189971915
0.022689075630252097,0.046386554621848736,1.3839932007889462
0.022689075630252097,0.047058823529411764,1.3825376247421324
0.022689075630252097,0.04773109243697479,1.3810432127436219
0.022689075630252097,0.04840336134453782,1.3795088377530964
0.022689075630252097,0.049075630252100835,1.377933321124679
0.022689075630252097,0.049747899159663864,1.376315429745629
0.022689075630252097,0.05042016806722689,1.3746538729771312
0.022689075630252097,0.05109243697478992,1.372947299380717
0.022689075630252097,0.05176470588235295,1.3711942932121763
0.022689075630252097,0.05243697478991596,1.369393370662924
0.022689075630252097,0.05310924369747899,1.367542975826655
0.022689075630252097,0.05378151260504202,1.3656414763666942
0.022689075630252097,0.05445378151260505,1.3636871588567072
0.022689075630252097,0.05512605042016806,1.3616782237643001
0.022689075630252097,0.05579831932773109,1.3596127800434596
0.022689075630252097,0.05647058823529412,1.3574888392976754
0.022689075630252097,0.05714285714285715,1.3553043094708714
0.022689075630252097,0.05781512605042017,1.3530569880178156
0.022689075630252097,0.05848739495798319,1.3507445544993704
0.022689075630252097,0.05915966386554622,1.348364562540608
0.022689075630252097,0.05983193277310925,1.3459144310812827
0.022689075630252097,0.060504201680672276,1.3433914348381404
0.022689075630252097,0.06117647058823529,1.3407926938868364
0.022689075630252097,0.06184873949579832,1.3381151622574265
0.022689075630252097,0.06252100840336135,1.3353556154210973
0.022689075630252097,0.06319327731092438,1.3325106365265051
0.022689075630252097,0.06386554621848739,1.3295766012211485
0.022689075630252097,0.06453781512605042,1.326549660865839
0.022689075630252097,0.06521008403361345,1.3234257239176346
0.022689075630252097,0.06588235294117648,1.3202004352173384
0.022689075630252097,0.0665546218487395,1.3168691528703953
0.022689075630252097,0.06722689075630252,1.3134269223529504
0.022689075630252097,0.06789915966386555,1.3098684474056057
0.022689075630252097,0.06857142857142857,1.3061880571932298
0.022689075630252097,0.0692436974789916,1.3023796691063123
0.022689075630252097,0.06991596638655462,1.2984367464532283
0.022689075630252097,0.07058823529411765,1.2943522501373799
0.022689075630252097,0.07126050420168067,1.2901185832208024
0.022689075630252097,0.0719327731092437,1.2857275270364203
0.022689075630252097,0.07260504201680673,1.2811701672114675
0.022689075630252097,0.07327731092436975,1.2764368075870896
0.022689075630252097,0.07394957983193277,1.2715168695402628
0.022689075630252097,0.0746218487394958,1.2663987736019866
0.022689075630252097,0.07529411764705883,1.2610697994764086
0.022689075630252097,0.07596638655462185,1.2555159195384278
0.022689075630252097,0.07663865546218487,1.2497215995368924
0.022689075630252097,0.0773109243697479,1.24366955843508
0.022689075630252097,0.07798319327731093,1.2373404769034664
0.022689075630252097,0.07865546218487394,1.2307126406829207
0.022689075630252097,0.07932773109243697,1.2237615004717954
0.022689075630252097,0.07983193277310924,1.2164591235668742
0.025210084033613443,0.0001680672268907563,1.4150861466224136
0.025210084033613443,0.0006722689075630252,1.4150861466224136
0.025210084033613443,0.0013445378151260505,1.4150660014377099
0.025210084033613443,0.0020168067226890756,1.4150297310757118
0.025210084033613443,0.002689075630252101,1.414977895884985
0.025210084033613443,0.0033613445378151263,1.4149106662210456
0.025210084033613443,0.004033613445378151,1.4148281015079398
0.025210084033613443,0.004705882352941176,1.4147302146203449
0.025210084033613443,0.005378151260504202,1.4146169933205837
0.025210084033613443,0.006050420168067228,1.4144884090584084
0.025210084033613443,0.0067226890756302525,1.4143444211098404
0.025210084033613443,0.007394957983193277,1.4141849787140064
0.025210084033613443,0.008067226890756302,1.4140100222484486
0.025210084033613443,0.008739495798319327,1.4138194839006895
0.025210084033613443,0.009411764705882354,1.4136132880564085
0.025210084033613443,0.010084033613445379,1.4133913515181304
0.025210084033613443,0.010756302521008404,1.4131535836168003
0.025210084033613443,0.011428571428571429,1.4128998862520676
0.025210084033613443,0.012100840336134453,1.4126301538826742
0.025210084033613443,0.01277310924369748,1.412344273480139
0.025210084033613443,0.013445378151260505,1.4120421244540953
0.025210084033613443,0.01411764705882353,1.411723578554662
0.025210084033613443,0.014789915966386555,1.4113884997553747
0.025210084033613443,0.01546218487394958,1.4110367441189697
0.025210084033613443,0.016134453781512605,1.4106681596475217
0.025210084033613443,0.01680672268907563,1.410282586117866
0.025210084033613443,0.017478991596638654,1.4098798549028557
0.025210084033613443,0.018151260504201683,1.4094597887787086
0.025210084033613443,0.018823529411764708,1.4090222017185074
0.025210084033613443,0.019495798319327733,1.4085668986717288
0.025210084033613443,0.020168067226890758,1.4080936753295725
0.025210084033613443,0.020840336134453782,1.4076023178757364
0.025210084033613443,0.021512605042016807,1.407092602722205
0.025210084033613443,0.022184873949579832,1.4065642962295268
0.025210084033613443,0.022857142857142857,1.4060171544109914
0.025210084033613443,0.023529411764705882,1.4054509226200391
0.025210084033613443,0.024201680672268907,1.404865335220174
0.025210084033613443,0.024873949579831932,1.4042601152365761
0.025210084033613443,0.02554621848739496,1.4036349739885436
0.025210084033613443,0.026218487394957985,1.402989610701831
0.025210084033613443,0.02689075630252101,1.4023237120998595
0.025210084033613443,0.027563025210084035,1.4016369519727205
0.025210084033613443,0.02823529411764706,1.4009289907227906
0.025210084033613443,0.028907563025210085,1.4001994748857136
0.025210084033613443,0.02957983193277311,1.3994480366253927
0.025210084033613443,0.030252100840336135,1.3986742932015523
0.025210084033613443,0.03092436974789916,1.3978778464083221
0.025210084033613443,0.03159663865546218,1.3970582819821824
0.025210084033613443,0.03226890756302521,1.3962151689774929
0.025210084033613443,0.03294117647058824,1.3953480591076928
0.025210084033613443,0.033613445378151266,1.3944564860501307
0.025210084033613443,0.03428571428571428,1.3935399647123232
0.025210084033613443,0.03495798319327731,1.3925979904572814
0.025210084033613443,0.03563025210084034,1.3916300382853724
0.025210084033613443,0.036302521008403366,1.3906355619699915
0.025210084033613443,0.036974789915966394,1.389613993144103
0.025210084033613443,0.03764705882352941,1.3885647403345047
0.025210084033613443,0.03831932773109244,1.3874871879404018
0.025210084033613443,0.038991596638655465,1.3863806951526274
0.025210084033613443,0.039663865546218494,1.385244594809547
0.025210084033613443,0.04033613445378151,1.3840781921853675
0.025210084033613443,0.041008403361344536,1.3828807637062235
0.025210084033613443,0.041680672268907565,1.381651555589033
0.025210084033613443,0.04235294117647059,1.3803897823976936
0.025210084033613443,0.043025210084033615,1.3790946255107301
0.025210084033613443,0.043697478991596636,1.3777652314939965
0.025210084033613443,0.044369747899159664,1.376400710371476
0.025210084033613443,0.04504201680672269,1.3750001337866022
0.025210084033613443,0.04571428571428572,1.37356253304584
0.025210084033613443,0.046386554621848736,1.3720868970355045
0.025210084033613443,0.047058823529411764,1.3705721700019429
0.025210084033613443,0.04773109243697479,1.369017249184278
0.025210084033613443,0.04840336134453782,1.3674209822878365
0.025210084033613443,0.049075630252100835,1.3657821647852306
0.025210084033613443,0.049747899159663864,1.3640995370307192
0.025210084033613443,0.05042016806722689,1.362371781172008
0.025210084033613443,0.05109243697478992,1.3605975178419576
0.025210084033613443,0.05176470588235295,1.3587753026107914
0.025210084033613443,0.05243697478991596,1.3569036221772424
0.025210084033613443,0.05310924369747899,1.3549808902746525
0.025210084033613443,0.05378151260504202,1.3530054432652705
0.025210084033613443,0.05445378151260505,1.3509755353928299
0.025210084033613443,0.05512605042016806,1.3488893336598768
0.025210084033613443,0.05579831932773109,1.3467449122921735
0.025210084033613443,0.05647058823529412,1.3445402467477203
0.025210084033613443,0.05714285714285715,1.3422732072224446
0.025210084033613443,0.05781512605042017,1.3399415515982274
0.025210084033613443,0.05848739495798319,1.337542917771562
0.025210084033613443,0.05915966386554622,1.3350748152925322
0.025210084033613443,0.05983193277310925,1.332534616233787
0.025210084033613443,0.060504201680672276,1.3299195451974604
0.025210084033613443,0.06117647058823529,1.3272266683542349
0.025210084033613443,0.06184873949579832,1.324452881392569
0.025210084033613443,0.06252100840336135,1.3215948962370219
0.025210084033613443,0.06319327731092438,1.3186492263720333
0.025210084033613443,0.06386554621848739,1.3156121705806922
0.025210084033613443,0.06453781512605042,1.312479794876127
0.025210084033613443,0.06521008403361345,1.3092479123650134
0.025210084033613443,0.06588235294117648,1.3059120607369894
0.025210084033613443,0.0665546218487395,1.3024674770187983
0.025210084033613443,0.06722689075630252,1.298909069165599
0.025210084033613443,0.06789915966386555,1.2952313839814078
0.025210084033613443,0.06857142857142857,1.2914285707626854
0.025210084033613443,0.0692436974789916,1.2874943399392746
0.025210084033613443,0.06991596638655462,1.2834219158396785
0.025210084033613443,0.07058823529411765,1.2792039825258021
0.025210084033613443,0.07126050420168067,1.274832621416344
0.025210084033613443,0.0719327731092437,1.2702992391356023
0.025210084033613443,0.07260504201680673,1.2655944836691282
0.025210084033613443,0.07327731092436975,1.2607081464573229
0.025210084033613443,0.07394957983193277,1.2556290474829601
0.025210084033613443,0.0746218487394958,1.2503448996678888
0.025210084033613443,0.07529411764705883,1.2448421479314442
0.025210084033613443,0.07596638655462185,1.239105776999361
0.025210084033613443,0.07663865546218487,1.2331190803751386
0.025210084033613443,0.0773109243697479,1.2268633806345846
0.025210084033613443,0.07798319327731093,1.2203176881426885
0.025210084033613443,0.07865546218487394,1.2134582810693364
0.025210084033613443,0.07932773109243697,1.2062581836648283
0.025210084033613443,0.07983193277310924,1.198686511324953
0.02773109243697479,0.0001680672268907563,1.4048312692301135
0.02773109243697479,0.0006722689075630252,1.4048312692301135
0.02773109243697479,0.0013445378151260505,1.4048103041586257
0.02773109243697479,0.0020168067226890756,1.404772557685378
0.02773109243697479,0.002689075630252101,1.404718613067762
0.02773109243697479,0.0033613445378151263,1.404648647745984
0.02773109243697479,0.004033613445378151,1.404562723761355
0.02773109243697479,0.004705882352941176,1.4044608547587876
0.02773109243697479,0.005378151260504202,1.4043430282968228
0.02773109243697479,0.006050420168067228,1.4042092150063787
0.02773109243697479,0.0067226890756302525,1.4040593728990953
0.02773109243697479,0.007394957983193277,1.403893449592397
0.02773109243697479,0.008067226890756302,1.4037113835340893
0.02773109243697479,0.008739495798319327,1.40351310470291
0.02773109243697479,0.009411764705882354,1.403298535014346
0.02773109243697479,0.010084033613445379,1.4030675885502684
0.02773109243697479,0.010756302521008404,1.4028201716773
0.02773109243697479,0.011428571428571429,1.4025561830912057
0.02773109243697479,0.012100840336134453,1.4022755138095737
0.02773109243697479,0.01277310924369748,1.4019780471265382
0.02773109243697479,0.013445378151260505,1.401663658538238
0.02773109243697479,0.01411764705882353,1.4013322156446333
0.02773109243697479,0.014789915966386555,1.4009835780313549
0.02773109243697479,0.01546218487394958,1.400617597133995
0.02773109243697479,0.016134453781512605,1.4002341160864087
0.02773109243697479,0.01680672268907563,1.3998329695540153
0.02773109243697479,0.017478991596638654,1.3994139835526886
0.02773109243697479,0.018151260504201683,1.3989769752535253
0.02773109243697479,0.018823529411764708,1.3985217527735658
0.02773109243697479,0.019495798319327733,1.3980481149523774
0.02773109243697479,0.020168067226890758,1.3975558511142676
0.02773109243697479,0.020840336134453782,1.397044740815797
0.02773109243697479,0.021512605042016807,1.396514553578163
0.02773109243697479,0.022184873949579832,1.3959650486039332
0.02773109243697479,0.022857142857142857,1.3953959744775584
0.02773109243697479,0.023529411764705882,1.3948070688489878
0.02773109243697479,0.024201680672268907,1.394198058099673
0.02773109243697479,0.024873949579831932,1.3935686569901566
0.02773109243697479,0.02554621848739496,1.3929185682883833
0.02773109243697479,0.026218487394957985,1.3922474823777937
0.02773109243697479,0.02689075630252101,1.391555076844194
0.02773109243697479,0.027563025210084035,1.3908410160403106
0.02773109243697479,0.02823529411764706,1.3901049506268617
0.02773109243697479,0.028907563025210085,1.3893465170888923
0.02773109243697479,0.02957983193277311,1.3885653372260227
0.02773109243697479,0.030252100840336135,1.3877610176151662
0.02773109243697479,0.03092436974789916,1.3869331490441688
0.02773109243697479,0.03159663865546218,1.386081305914701
0.02773109243697479,0.03226890756302521,1.3852050456126246
0.02773109243697479,0.03294117647058824,1.3843039078439103
0.02773109243697479,0.033613445378151266,1.383377413934056
0.02773109243697479,0.03428571428571428,1.3824250660887867
0.02773109243697479,0.03495798319327731,1.3814463466136628
0.02773109243697479,0.03563025210084034,1.3804407170900346
0.02773109243697479,0.036302521008403366,1.3794076175045908
0.02773109243697479,0.036974789915966394,1.3783464653295268
0.02773109243697479,0.03764705882352941,1.3772566545501321
0.02773109243697479,0.03831932773109244,1.376137554636341
0.02773109243697479,0.038991596638655465,1.3749885094545016
0.02773109243697479,0.039663865546218494,1.3738088361153291
0.02773109243697479,0.04033613445378151,1.3725978237536605
0.02773109243697479,0.041008403361344536,1.3713547322352628
0.02773109243697479,0.041680672268907565,1.37007879078555
0.02773109243697479,0.04235294117647059,1.3687691965346
0.02773109243697479,0.043025210084033615,1.3674251129723882
0.02773109243697479,0.043697478991596636,1.366045668307594
0.02773109243697479,0.044369747899159664,1.364629953722739
0.02773109243697479,0.04504201680672269,1.3631770215177397
0.02773109243697479,0.04571428571428572,1.3616858831332137
0.02773109243697479,0.046386554621848736,1.3601555070440445
0.02773109243697479,0.047058823529411764,1.358584816512775
0.02773109243697479,0.04773109243697479,1.3569726871913697
0.02773109243697479,0.04840336134453782,1.355317944558706
0.02773109243697479,0.049075630252100835,1.3536193611798566
0.02773109243697479,0.049747899159663864,1.3518756537717396
0.02773109243697479,0.05042016806722689,1.3500854800580486
0.02773109243697479,0.05109243697478992,1.3482474353945015
0.02773109243697479,0.05176470588235295,1.3463600491432952
0.02773109243697479,0.05243697478991596,1.3444217807732475
0.02773109243697479,0.05310924369747899,1.3424310156593313
0.02773109243697479,0.05378151260504202,1.3403860605521691
0.02773109243697479,0.05445378151260505,1.3382851386844457
0.02773109243697479,0.05512605042016806,1.3361263844770694
0.02773109243697479,0.05579831932773109,1.3339078378031723
0.02773109243697479,0.05647058823529412,1.3316274377625619
0.02773109243697479,0.05714285714285715,1.3292830159129352
0.02773109243697479,0.05781512605042017,1.3268722888968552
0.02773109243697479,0.05848739495798319,1.324392850395002
0.02773109243697479,0.05915966386554622,1.321842162326357
0.02773109243697479,0.05983193277310925,1.3192175452044554
0.02773109243697479,0.060504201680672276,1.3165161675453796
0.02773109243697479,0.06117647058823529,1.313735034207375
0.02773109243697479,0.06184873949579832,1.3108709735233877
0.02773109243697479,0.06252100840336135,1.307920623065893
0.02773109243697479,0.06319327731092438,1.3048804138574615
0.02773109243697479,0.06386554621848739,1.3017465528096817
0.02773109243697479,0.06453781512605042,1.2985150031363895
0.02773109243697479,0.06521008403361345,1.295181462443272
0.02773109243697479,0.06588235294117648,1.2917413381432974
0.02773109243697479,0.0665546218487395,1.2881897197840004
0.02773109243697479,0.06722689075630252,1.2845213477959698
0.02773109243697479,0.06789915966386555,1.28073057807868
0.02773109243697479,0.06857142857142857,1.2768113417260427
0.02773109243697479,0.0692436974789916,1.272757099054455
0.02773109243697479,0.06991596638655462,1.2685607869239193
0.02773109243697479,0.07058823529411765,1.264214758129142
0.02773109243697479,0.07126050420168067,1.2597107113707784
0.02773109243697479,0.0719327731092437,1.2550396099817758
0.02773109243697479,0.07260504201680673,1.2501915871594895
0.02773109243697479,0.07327731092436975,1.245155834913136
0.02773109243697479,0.07394957983193277,1.2399204732403348
0.02773109243697479,0.0746218487394958,1.2344723951437864
0.02773109243697479,0.07529411764705883,1.228797081916723
0.02773109243697479,0.07596638655462185,1.2228783815608615
0.02773109243697479,0.07663865546218487,1.2166982411058564
0.02773109243697479,0.0773109243697479,1.2102363807605554
0.02773109243697479,0.07798319327731093,1.2034698939269395
0.02773109243697479,0.07865546218487394,1.196372751670617
0.02773109243697479,0.07932773109243697,1.1889151825341302
0.02773109243697479,0.07983193277310924,1.1810628874493418
0.03025210084033613,0.0001680672268907563,1.3944807154324599
0.03025210084033613,0.0006722689075630252,1.3944807154324599
0.03025210084033613,0.0013445378151260505,1.3944589584224205
0.03025210084033613,0.0020168067226890756,1.394419786177627
0.03025210084033613,0.002689075630252101,1.3943638041226531
0.03025210084033613,0.0033613445378151263,1.3942911965970628
0.03025210084033613,0.004033613445378151,1.39420202824318
0.03025210084033613,0.004705882352941176,1.39409631353969
0.03025210084033613,0.005378151260504202,1.393974039955014
0.03025210084033613,0.006050420168067228,1.393835177452943
0.03025210084033613,0.0067226890756302525,1.3936796829648925
0.03025210084033613,0.007394957983193277,1.3935075027004071
0.03025210084033613,0.008067226890756302,1.3933185734196243
0.03025210084033613,0.008739495798319327,1.3931128231621004
0.03025210084033613,0.009411764705882354,1.3928901716699904
0.03025210084033613,0.010084033613445379,1.392650530628601
0.03025210084033613,0.010756302521008404,1.3923938037916952
0.03025210084033613,0.011428571428571429,1.3921198870302536
0.03025210084033613,0.012100840336134453,1.391828668327811
0.03025210084033613,0.01277310924369748,1.391520027736642
0.03025210084033613,0.013445378151260505,1.3911938373038362
0.03025210084033613,0.01411764705882353,1.3908499609731007
0.03025210084033613,0.014789915966386555,1.3904882544661221
0.03025210084033613,0.01546218487394958,1.3901085651459961
0.03025210084033613,0.016134453781512605,1.3897107318643658
0.03025210084033613,0.01680672268907563,1.389294584793318
0.03025210084033613,0.017478991596638654,1.3888599452426562
0.03025210084033613,0.018151260504201683,1.3884066254628695
0.03025210084033613,0.018823529411764708,1.387934428433898
0.03025210084033613,0.019495798319327733,1.3874431476396107
0.03025210084033613,0.020168067226890758,1.386932566827788
0.03025210084033613,0.020840336134453782,1.3864024597552742
0.03025210084033613,0.021512605042016807,1.3858525899178835
0.03025210084033613,0.022184873949579832,1.3852827102645537
0.03025210084033613,0.022857142857142857,1.3846925628951572
0.03025210084033613,0.023529411764705882,1.3840818787413207
0.03025210084033613,0.024201680672268907,1.3834503772295188
0.03025210084033613,0.024873949579831932,1.3827977659256556
0.03025210084033613,0.02554621848739496,1.382123740160253
0.03025210084033613,0.026218487394957985,1.3814279826333218
0.03025210084033613,0.02689075630252101,1.3807101629978877
0.03025210084033613,0.027563025210084035,1.3799699374210896
0.03025210084033613,0.02823529411764706,1.3792069481216664
0.03025210084033613,0.028907563025210085,1.3784208228825732
0.03025210084033613,0.02957983193277311,1.377611174537367
0.03025210084033613,0.030252100840336135,1.376777600428903
0.03025210084033613,0.03092436974789916,1.3759196818387738
0.03025210084033613,0.03159663865546218,1.3750369833858112
0.03025210084033613,0.03226890756302521,1.3741290523918381
0.03025210084033613,0.03294117647058824,1.3731954182127273
0.03025210084033613,0.033613445378151266,1.3722355915326763
0.03025210084033613,0.03428571428571428,1.371249063619443
0.03025210084033613,0.03495798319327731,1.3702353055381196
0.03025210084033613,0.03563025210084034,1.369193767320827
0.03025210084033613,0.036302521008403366,1.3681238770895114
0.03025210084033613,0.036974789915966394,1.3670250401287911
0.03025210084033613,0.03764705882352941,1.3658966379055646
0.03025210084033613,0.03831932773109244,1.3647380270318124
0.03025210084033613,0.038991596638655465,1.3635485381667338
0.03025210084033613,0.039663865546218494,1.3623274748540324
0.03025210084033613,0.04033613445378151,1.3610741122897991
0.03025210084033613,0.041008403361344536,1.3597876960160615
0.03025210084033613,0.041680672268907565,1.3584674405346104
0.03025210084033613,0.04235294117647059,1.3571125278352496
0.03025210084033613,0.043025210084033615,1.35572210583207
0.03025210084033613,0.043697478991596636,1.3542952867007554
0.03025210084033613,0.044369747899159664,1.3528311451092667
0.03025210084033613,0.04504201680672269,1.351328716333525
0.03025210084033613,0.04571428571428572,1.3497869942488736
0.03025210084033613,0.046386554621848736,1.3482049291871985
0.03025210084033613,0.047058823529411764,1.3465814256485569
0.03025210084033613,0.04773109243697479,1.3449153398549967
0.03025210084033613,0.04840336134453782,1.3432054771329731
0.03025210084033613,0.049075630252100835,1.3414505891092992
0.03025210084033613,0.049747899159663864,1.3396493707039125
0.03025210084033613,0.05042016806722689,1.3378004569008988
0.03025210084033613,0.05109243697478992,1.3359024192770808
0.03025210084033613,0.05176470588235295,1.3339537622651019
0.03025210084033613,0.05243697478991596,1.3319529191252026
0.03025210084033613,0.05310924369747899,1.3298982475967804
0.03025210084033613,0.05378151260504202,1.327788025197279
0.03025210084033613,0.05445378151260505,1.3256204441318875
0.03025210084033613,0.05512605042016806,1.323393605772871
0.03025210084033613,0.05579831932773109,1.321105514661982
0.03025210084033613,0.05647058823529412,1.3187540719832418
0.03025210084033613,0.05714285714285715,1.316337068446213
0.03025210084033613,0.05781512605042017,1.313852176511638
0.03025210084033613,0.05848739495798319,1.3112969418816922
0.03025210084033613,0.05915966386554622,1.3086687741659362
0.03025210084033613,0.05983193277310925,1.3059649366209831
0.03025210084033613,0.060504201680672276,1.3031825348466366
0.03025210084033613,0.06117647058823529,1.3003185043033016
0.03025210084033613,0.06184873949579832,1.2973695964943752
0.03025210084033613,0.06252100840336135,1.2943323636323698
0.03025210084033613,0.06319327731092438,1.2912031415779746
0.03025210084033613,0.06386554621848739,1.2879780308061324
0.03025210084033613,0.06453781512605042,1.2846528751112565
0.03025210084033613,0.06521008403361345,1.2812232377135004
0.03025210084033613,0.06588235294117648,1.2776843743675614
0.03025210084033613,0.0665546218487395,1.2740312030025198
0.03025210084033613,0.06722689075630252,1.2702582693326703
0.03025210084033613,0.06789915966386555,1.2663597077713185
0.03025210084033613,0.06857142857142857,1.2623291968472203
0.03025210084033613,0.0692436974789916,1.2581599081603096
0.03025210084033613,0.06991596638655462,1.2538444477113544
0.03025210084033613,0.07058823529411765,1.249374788188288
0.03025210084033613,0.07126050420168067,1.2447421904758504
0.03025210084033613,0.0719327731092437,1.239937112255644
0.03025210084033613,0.07260504201680673,1.2349491010550087
0.03025210084033613,0.07327731092436975,1.2297666684501418
0.03025210084033613,0.07394957983193277,1.2243771412835387
0.03025210084033613,0.0746218487394958,1.21876648465116
0.03025210084033613,0.07529411764705883,1.2129190899566644
0.03025210084033613,0.07596638655462185,1.2068175193844488
0.03025210084033613,0.07663865546218487,1.2004421955160158
0.03025210084033613,0.0773109243697479,1.1937710212201293
0.03025210084033613,0.07798319327731093,1.1867789099594632
0.03025210084033613,0.07865546218487394,1.17943719962379
0.03025210084033613,0.07932773109243697,1.1717129129068602
0.03025210084033613,0.07983193277310924,1.1635678124692515
0.032773109243697474,0.0001680672268907563,1.384037647030471
0.032773109243697474,0.0006722689075630252,1.384037647030471
0.032773109243697474,0.0013445378151260505,1.3840151277383972
0.032773109243697474,0.0020168067226890756,1.3839745831360084
0.032773109243697474,0.002689075630252101,1.3839166400233336
0.032773109243697474,0.0033613445378151263,1.3838414894358253
0.032773109243697474,0.004033613445378151,1.3837491985907064
0.032773109243697474,0.004705882352941176,1.383639782856901
0.032773109243697474,0.005378151260504202,1.3835132297202495
0.032773109243697474,0.006050420168067228,1.3833695086231537
0.032773109243697474,0.0067226890756302525,1.383208575594753
0.032773109243697474,0.007394957983193277,1.383030375643853
0.032773109243697474,0.008067226890756302,1.3828348440776628
0.032773109243697474,0.008739495798319327,1.3826219072580737
0.032773109243697474,0.009411764705882354,1.3823914830418003
0.032773109243697474,0.010084033613445379,1.3821434810317184
0.032773109243697474,0.010756302521008404,1.3818778027091498
0.032773109243697474,0.011428571428571429,1.3815943414871492
0.032773109243697474,0.012100840336134453,1.3812929827087383
0.032773109243697474,0.01277310924369748,1.380973603604866
0.032773109243697474,0.013445378151260505,1.3806360732214582
0.032773109243697474,0.01411764705882353,1.3802802523216122
0.032773109243697474,0.014789915966386555,1.3799059932669107
0.032773109243697474,0.01546218487394958,1.3795131398804634
0.032773109243697474,0.016134453781512605,1.3791015272933866
0.032773109243697474,0.01680672268907563,1.3786709817758178
0.032773109243697474,0.017478991596638654,1.3782213205531209
0.032773109243697474,0.018151260504201683,1.3777523516076273
0.032773109243697474,0.018823529411764708,1.3772638734660303
0.032773109243697474,0.019495798319327733,1.3767556749723608
0.032773109243697474,0.020168067226890758,1.3762275350463484
0.032773109243697474,0.020840336134453782,1.3756792224268388
0.032773109243697474,0.021512605042016807,1.3751104953998532
0.032773109243697474,0.022184873949579832,1.374521101510784
0.032773109243697474,0.022857142857142857,1.3739107772601409
0.032773109243697474,0.023529411764705882,1.3732792477821898
0.032773109243697474,0.024201680672268907,1.3726262265057525
0.032773109243697474,0.024873949579831932,1.3719514147963663
0.032773109243697474,0.02554621848739496,1.37125450157893
0.032773109243697474,0.026218487394957985,1.3705351629398799
0.032773109243697474,0.02689075630252101,1.369793061707882
0.032773109243697474,0.027563025210084035,1.3690278470119226
0.032773109243697474,0.02823529411764706,1.368239153815608
0.032773109243697474,0.028907563025210085,1.367426602426391
0.032773109243697474,0.02957983193277311,1.3665897979783412
0.032773109243697474,0.030252100840336135,1.3657283298869725
0.032773109243697474,0.03092436974789916,1.3648417712745315
0.032773109243697474,0.03159663865546218,1.3639296783640231
0.032773109243697474,0.03226890756302521,1.3629915898401264
0.032773109243697474,0.03294117647058824,1.3620270261750027
0.032773109243697474,0.033613445378151266,1.3610354889168497
0.032773109243697474,0.03428571428571428,1.3600164599388824
0.032773109243697474,0.03495798319327731,1.3589694006462423
0.032773109243697474,0.03563025210084034,1.3578937511381268
0.032773109243697474,0.036302521008403366,1.3567889293222288
0.032773109243697474,0.036974789915966394,1.3556543299783126
0.032773109243697474,0.03764705882352941,1.3544893237675102
0.032773109243697474,0.03831932773109244,1.3532932561836202
0.032773109243697474,0.038991596638655465,1.352065446442376
0.032773109243697474,0.039663865546218494,1.3508051863043011
0.032773109243697474,0.04033613445378151,1.3495117388263778
0.032773109243697474,0.041008403361344536,1.3481843370373332
0.032773109243697474,0.041680672268907565,1.346822182530867
0.032773109243697474,0.04235294117647059,1.3454244439706213
0.032773109243697474,0.043025210084033615,1.3439902555001133
0.032773109243697474,0.043697478991596636,1.3425187150501967
0.032773109243697474,0.044369747899159664,1.3410088825358975
0.032773109243697474,0.04504201680672269,1.3394597779336634
0.032773109243697474,0.04571428571428572,1.3378703792291606
0.032773109243697474,0.046386554621848736,1.3362396202247426
0.032773109243697474,0.047058823529411764,1.3345663881945866
0.032773109243697474,0.04773109243697479,1.3328495213742075
0.032773109243697474,0.04840336134453782,1.33108780626964
0.032773109243697474,0.049075630252100835,1.329279974769949
0.032773109243697474,0.049747899159663864,1.3274247010449094
0.032773109243697474,0.05042016806722689,1.3255205982076204
0.032773109243697474,0.05109243697478992,1.32356621471948
0.032773109243697474,0.05176470588235295,1.3215600305122739
0.032773109243697474,0.05243697478991596,1.3195004527990906
0.032773109243697474,0.05310924369747899,1.3173858115423254
0.032773109243697474,0.05378151260504202,1.3152143545430526
0.032773109243697474,0.05445378151260505,1.3129842421115283
0.032773109243697474,0.05512605042016806,1.3106935412733471
0.032773109243697474,0.05579831932773109,1.3083402194598004
0.032773109243697474,0.05647058823529412,1.3059221376240409
0.032773109243697474,0.05714285714285715,1.3034370427166702
0.032773109243697474,0.05781512605042017,1.300882559445068
0.032773109243697474,0.05848739495798319,1.2982561812300133
0.032773109243697474,0.05915966386554622,1.2955552602605651
0.032773109243697474,0.05983193277310925,1.2927769965334848
0.032773109243697474,0.060504201680672276,1.2899184257462657
0.032773109243697474,0.06117647058823529,1.2869764058925994
0.032773109243697474,0.06184873949579832,1.2839476023852245
0.032773109243697474,0.06252100840336135,1.2808284715028786
0.032773109243697474,0.06319327731092438,1.27761524192452
0.032773109243697474,0.06386554621848739,1.2743038940740192
0.032773109243697474,0.06453781512605042,1.2708901369507053
0.032773109243697474,0.06521008403361345,1.2673693820636922
0.032773109243697474,0.06588235294117648,1.2637367140186093
0.032773109243697474,0.0665546218487395,1.2599868572213522
0.032773109243697474,0.06722689075630252,1.256114138061175
0.032773109243697474,0.06789915966386555,1.2521124418102223
0.032773109243697474,0.06857142857142857,1.2479751633225185
0.032773109243697474,0.0692436974789916,1.2436951504247102
0.032773109243697474,0.06991596638655462,1.2392646386533983
0.032773109243697474,0.07058823529411765,1.2346751756962955
0.032773109243697474,0.07126050420168067,1.2299175335189343
0.032773109243697474,0.0719327731092437,1.224981605681339
0.032773109243697474,0.07260504201680673,1.2198562867376217
0.032773109243697474,0.07327731092436975,1.2145293298215365
0.032773109243697474,0.07394957983193277,1.2089871774913625
0.032773109243697474,0.0746218487394958,1.203214759552145
0.032773109243697474,0.07529411764705883,1.1971952497704355
0.032773109243697474,0.07596638655462185,1.1909097709708547
0.032773109243697474,0.07663865546218487,1.1843370346985997
0.032773109243697474,0.0773109243697479,1.1774528970663738
0.032773109243697474,0.07798319327731093,1.1702298060006713
0.032773109243697474,0.07865546218487394,1.1626361059680048
0.032773109243697474,0.07932773109243697,1.1546351529829595
0.032773109243697474,0.07983193277310924,1.146184172980683
0.03529411764705882,0.0001680672268907563,1.373504629294402
0.03529411764705882,0.0006722689075630252,1.373504629294402
0.03529411764705882,0.0013445378151260505,1.3734813786828604
0.03529411764705882,0.0020168067226890756,1.3734395174865914
0.03529411764705882,0.002689075630252101,1.3733796930499858
0.03529411764705882,0.0033613445378151263,1.3733021028855095
0.03529411764705882,0.004033613445378151,1.3732068167496299
0.03529411764705882,0.004705882352941176,1.3730938509501043
0.03529411764705882,0.005378151260504202,1.3729631930901114
0.03529411764705882,0.006050420168067228,1.3728148122284232
0.03529411764705882,0.0067226890756302525,1.3726486636612052
0.03529411764705882,0.007394957983193277,1.3724646913941507
0.03529411764705882,0.008067226890756302,1.3722628295057735
0.03529411764705882,0.008739495798319327,1.3720430029301953
0.03529411764705882,0.009411764705882354,1.3718051279137513
0.03529411764705882,0.010084033613445379,1.371549112276887
0.03529411764705882,0.010756302521008404,1.3712748555533587
0.03529411764705882,0.011428571428571429,1.3709822490481052
0.03529411764705882,0.012100840336134453,1.3706711758385135
0.03529411764705882,0.01277310924369748,1.3703415107343488
0.03529411764705882,0.013445378151260505,1.3699931202060145
0.03529411764705882,0.01411764705882353,1.3696258622874178
0.03529411764705882,0.014789915966386555,1.3692395864575326
0.03529411764705882,0.01546218487394958,1.3688341335033787
0.03529411764705882,0.016134453781512605,1.3684093353661835
0.03529411764705882,0.01680672268907563,1.3679650149718716
0.03529411764705882,0.017478991596638654,1.3675009860465694
0.03529411764705882,0.018151260504201683,1.3670170529174936
0.03529411764705882,0.018823529411764708,1.3665130102993504
0.03529411764705882,0.019495798319327733,1.3659886430661954
0.03529411764705882,0.020168067226890758,1.365443726008549
0.03529411764705882,0.020840336134453782,1.3648780235754523
0.03529411764705882,0.021512605042016807,1.3642912896010444
0.03529411764705882,0.022184873949579832,1.36368326701515
0.03529411764705882,0.022857142857142857,1.3630536875372923
0.03529411764705882,0.023529411764705882,1.36240227135346
0.03529411764705882,0.024201680672268907,1.3617287267748919
0.03529411764705882,0.024873949579831932,1.361032749878062
0.03529411764705882,0.02554621848739496,1.3603140241249787
0.03529411764705882,0.026218487394957985,1.3595722199628288
0.03529411764705882,0.02689075630252101,1.3588069944019217
0.03529411764705882,0.027563025210084035,1.358017990570806
0.03529411764705882,0.02823529411764706,1.3572048372473338
0.03529411764705882,0.028907563025210085,1.3563671483643607
0.03529411764705882,0.02957983193277311,1.3555045224886666
0.03529411764705882,0.030252100840336135,1.3546165422715677
0.03529411764705882,0.03092436974789916,1.3537027738695742
0.03529411764705882,0.03159663865546218,1.3527627663333268
0.03529411764705882,0.03226890756302521,1.3517960509628948
0.03529411764705882,0.03294117647058824,1.350802140627377
0.03529411764705882,0.033613445378151266,1.3497805290465756
0.03529411764705882,0.03428571428571428,1.3487306900323444
0.03529411764705882,0.03495798319327731,1.3476520766870004
0.03529411764705882,0.03563025210084034,1.3465441205559956
0.03529411764705882,0.036302521008403366,1.3454062307317873
0.03529411764705882,0.036974789915966394,1.344237792905611
0.03529411764705882,0.03764705882352941,1.343038168363556
0.03529411764705882,0.03831932773109244,1.34180669292305
0.03529411764705882,0.038991596638655465,1.3405426758055046
0.03529411764705882,0.039663865546218494,1.3392453984404937
0.03529411764705882,0.04033613445378151,1.337914113196431
0.03529411764705882,0.041008403361344536,1.3365480420322293
0.03529411764705882,0.041680672268907565,1.335146375063928
0.03529411764705882,0.04235294117647059,1.333708269039687
0.03529411764705882,0.043025210084033615,1.3322328457159234
0.03529411764705882,0.043697478991596636,1.330719190126652
0.03529411764705882,0.044369747899159664,1.3291663487373
0.03529411764705882,0.04504201680672269,1.327573327473383
0.03529411764705882,0.04571428571428572,1.3259390896134446
0.03529411764705882,0.046386554621848736,1.3242625535345496
0.03529411764705882,0.047058823529411764,1.3225425902973744
0.03529411764705882,0.04773109243697479,1.3207780210565407
0.03529411764705882,0.04840336134453782,1.3189676142802593
0.03529411764705882,0.049075630252100835,1.3171100827615683
0.03529411764705882,0.049747899159663864,1.315204080401428
0.03529411764705882,0.05042016806722689,1.3132481987416653
0.03529411764705882,0.05109243697478992,1.3112409632231516
0.03529411764705882,0.05176470588235295,1.3091808291416636
0.03529411764705882,0.05243697478991596,1.3070661772704966
0.03529411764705882,0.05310924369747899,1.3048953091150894
0.03529411764705882,0.05378151260504202,1.302666441760498
0.03529411764705882,0.05445378151260505,1.3003777022675398
0.03529411764705882,0.05512605042016806,1.2980271215676265
0.03529411764705882,0.05579831932773109,1.2956126277996436
0.03529411764705882,0.05647058823529412,1.2931320390245198
0.03529411764705882,0.05714285714285715,1.2905830552442181
0.03529411764705882,0.05781512605042017,1.287963249641525
0.03529411764705882,0.05848739495798319,1.2852700589449606
0.03529411764705882,0.05915966386554622,1.2825007728090811
0.03529411764705882,0.05983193277310925,1.2796525220839603
0.03529411764705882,0.060504201680672276,1.2767222658283321
0.03529411764705882,0.06117647058823529,1.27370677689809
0.03529411764705882,0.06184873949579832,1.2706026259149303
0.03529411764705882,0.06252100840336135,1.2674061633880145
0.03529411764705882,0.06319327731092438,1.2641134997235222
0.03529411764705882,0.06386554621848739,1.2607204828115561
0.03529411764705882,0.06453781512605042,1.2572226728253755
0.03529411764705882,0.06521008403361345,1.2536153138022514
0.03529411764705882,0.06588235294117648,1.249893301495749
0.03529411764705882,0.0665546218487395,1.2460511468925326
0.03529411764705882,0.06722689075630252,1.2420829346685545
0.03529411764705882,0.06789915966386555,1.2379822757141936
0.03529411764705882,0.06857142857142857,1.2337422526782986
0.03529411764705882,0.0692436974789916,1.2293553572577776
0.03529411764705882,0.06991596638655462,1.2248134176799526
0.03529411764705882,0.07058823529411765,1.2201075144728886
0.03529411764705882,0.07126050420168067,1.2152278821723135
0.03529411764705882,0.0719327731092437,1.2101637940427656
0.03529411764705882,0.07260504201680673,1.2049034261546483
0.03529411764705882,0.07327731092436975,1.1994336962018943
0.03529411764705882,0.07394957983193277,1.193740071188769
0.03529411764705882,0.0746218487394958,1.1878063364485663
0.03529411764705882,0.07529411764705883,1.1816143162233952
0.03529411764705882,0.07596638655462185,1.175143533003067
0.03529411764705882,0.07663865546218487,1.168370788652728
0.03529411764705882,0.0773109243697479,1.161269644542561
0.03529411764705882,0.07798319327731093,1.1538097696450034
0.03529411764705882,0.07865546218487394,1.1459561136561782
0.03529411764705882,0.07932773109243697,1.1376678446518516
0.03529411764705882,0.07983193277310924,1.1288969643354771
0.037815126050420166,0.0001680672268907563,1.362883486377667
0.037815126050420166,0.0006722689075630252,1.362883486377667
0.037815126050420166,0.0013445378151260505,1.3628595363042642
0.037815126050420166,0.0020168067226890756,1.3628164158874185
0.037815126050420166,0.002689075630252101,1.3627547921565513
0.037815126050420166,0.0033613445378151263,1.3626748688699146
0.037815126050420166,0.004033613445378151,1.3625767182786925
0.037815126050420166,0.004705882352941176,1.3624603576698
0.037815126050420166,0.005378151260504202,1.3623257748550281
0.037815126050420166,0.006050420168067228,1.3621729386378323
0.037815126050420166,0.0067226890756302525,1.3620018037402297
0.037815126050420166,0.007394957983193277,1.3618123133507882
0.037815126050420166,0.008067226890756302,1.3616044005306396
0.037815126050420166,0.008739495798319327,1.361377989021747
0.037815126050420166,0.009411764705882354,1.3611329937193937
0.037815126050420166,0.010084033613445379,1.3608693209443223
0.037815126050420166,0.010756302521008404,1.360586868588709
0.037815126050420166,0.011428571428571429,1.360285526178581
0.037815126050420166,0.012100840336134453,1.3599651748781585
0.037815126050420166,0.01277310924369748,1.3596256874518406
0.037815126050420166,0.013445378151260505,1.3592669281938148
0.037815126050420166,0.01411764705882353,1.358888752831742
0.037815126050420166,0.014789915966386555,1.3584910084087551
0.037815126050420166,0.01546218487394958,1.358073533146563
0.037815126050420166,0.016134453781512605,1.3576361562914991
0.037815126050420166,0.01680672268907563,1.357178697944694
0.037815126050420166,0.017478991596638654,1.3567009688770888
0.037815126050420166,0.018151260504201683,1.3562027703296777
0.037815126050420166,0.018823529411764708,1.3556838937991205
0.037815126050420166,0.019495798319327733,1.3551441208086754
0.037815126050420166,0.020168067226890758,1.354583222664256
0.037815126050420166,0.020840336134453782,1.3540009601952914
0.037815126050420166,0.021512605042016807,1.3533970834799667
0.037815126050420166,0.022184873949579832,1.3527713315543284
0.037815126050420166,0.022857142857142857,1.3521234321046531
0.037815126050420166,0.023529411764705882,1.3514531011424056
0.037815126050420166,0.024201680672268907,1.3507600426610233
0.037815126050420166,0.024873949579831932,1.3500439482737012
0.037815126050420166,0.02554621848739496,1.3493044968312653
0.037815126050420166,0.026218487394957985,1.3485413540191393
0.037815126050420166,0.02689075630252101,1.3477541719323398
0.037815126050420166,0.027563025210084035,1.346942588627329
0.037815126050420166,0.02823529411764706,1.3461062276494729
0.037815126050420166,0.028907563025210085,1.3452446975347527
0.037815126050420166,0.02957983193277311,1.3443575912842574
0.037815126050420166,0.030252100840336135,1.3434444858098897
0.037815126050420166,0.03092436974789916,1.3425049413495718
0.037815126050420166,0.03159663865546218,1.3415385008501188
0.037815126050420166,0.03226890756302521,1.3405446893157908
0.037815126050420166,0.03294117647058824,1.3395230131203757
0.037815126050420166,0.033613445378151266,1.338472959280484
0.037815126050420166,0.03428571428571428,1.337393994687542
0.037815126050420166,0.03495798319327731,1.3362855652957606
0.037815126050420166,0.03563025210084034,1.3351470952631346
0.037815126050420166,0.036302521008403366,1.3339779860422614
0.037815126050420166,0.036974789915966394,1.332777615417512
0.037815126050420166,0.03764705882352941,1.3315453364847625
0.037815126050420166,0.03831932773109244,1.3302804765695735
0.037815126050420166,0.038991596638655465,1.3289823360793274
0.037815126050420166,0.039663865546218494,1.3276501872844257
0.037815126050420166,0.04033613445378151,1.3262832730231975
0.037815126050420166,0.041008403361344536,1.3248808053246623
0.037815126050420166,0.041680672268907565,1.3234419639427402
0.037815126050420166,0.04235294117647059,1.3219658947948718
0.037815126050420166,0.043025210084033615,1.3204517082973333
0.037815126050420166,0.043697478991596636,1.318898477588745
0.037815126050420166,0.044369747899159664,1.3173052366324256
0.037815126050420166,0.04504201680672269,1.3156709781872744
0.037815126050420166,0.04571428571428572,1.313994651635784
0.037815126050420166,0.046386554621848736,1.3122751606565817
0.037815126050420166,0.047058823529411764,1.3105113607275272
0.037815126050420166,0.04773109243697479,1.3087020564438756
0.037815126050420166,0.04840336134453782,1.3068459986342718
0.037815126050420166,0.049075630252100835,1.3049418812553977
0.037815126050420166,0.049747899159663864,1.3029883380438887
0.037815126050420166,0.05042016806722689,1.3009839389016102
0.037815126050420166,0.05109243697478992,1.2989271859875597
0.037815126050420166,0.05176470588235295,1.2968165094864048
0.037815126050420166,0.05243697478991596,1.2946502630199679
0.037815126050420166,0.05310924369747899,1.2924267186637466
0.037815126050420166,0.05378151260504202,1.290144061525713
0.037815126050420166,0.05445378151260505,1.2878003838390752
0.037815126050420166,0.05512605042016806,1.2853936785142799
0.037815126050420166,0.05579831932773109,1.2829218320881608
0.037815126050420166,0.05647058823529412,1.2803826169995969
0.037815126050420166,0.05714285714285715,1.2777736831111457
0.037815126050420166,0.05781512605042017,1.2750925483846058
0.037815126050420166,0.05848739495798319,1.2723365886050584
0.037815126050420166,0.05915966386554622,1.2695030260322329
0.037815126050420166,0.05983193277310925,1.266588916839653
0.037815126050420166,0.060504201680672276,1.263591137180365
0.037815126050420166,0.06117647058823529,1.2605063676924775
0.037815126050420166,0.06184873949579832,1.2573310762274668
0.037815126050420166,0.06252100840336135,1.2540614985481684
0.037815126050420166,0.06319327731092438,1.2506936167003868
0.037815126050420166,0.06386554621848739,1.2472231347104998
0.037815126050420166,0.06453781512605042,1.2436454511993937
0.037815126050420166,0.06521008403361345,1.2399556284280302
0.037815126050420166,0.06588235294117648,1.236148357198782
0.037815126050420166,0.0665546218487395,1.232217916925379
0.037815126050420166,0.06722689075630252,1.2281581300476758
0.037815126050420166,0.06789915966386555,1.2239623097988217
0.037815126050420166,0.06857142857142857,1.2196232001230791
0.037815126050420166,0.0692436974789916,1.215132906280971
0.037815126050420166,0.06991596638655462,1.2104828143495885
0.037815126050420166,0.07058823529411765,1.2056634974093812
0.037815126050420166,0.07126050420168067,1.200664605677413
0.037815126050420166,0.0719327731092437,1.1954747371637102
0.037815126050420166,0.07260504201680673,1.1900812845409767
0.037815126050420166,0.07327731092436975,1.1844702527577227
0.037815126050420166,0.07394957983193277,1.178626040390972
0.037815126050420166,0.0746218487394958,1.1725311756851053
0.037815126050420166,0.07529411764705883,1.1661659954525516
0.037815126050420166,0.07596638655462185,1.1595082512182764
0.037815126050420166,0.07663865546218487,1.1525326217226979
0.037815126050420166,0.0773109243697479,1.1452101034707123
0.037815126050420166,0.07798319327731093,1.1375072403612898
0.037815126050420166,0.07865546218487394,1.1293851378545108
0.037815126050420166,0.07932773109243697,1.1207981838550563
0.037815126050420166,0.07983193277310924,1.1116923628372821
0.04033613445378151,0.0001680672268907563,1.3521751558216737
0.04033613445378151,0.0006722689075630252,1.3521751558216737
0.04033613445378151,0.0013445378151260505,1.352150538623567
0.04033613445378151,0.0020168067226890756,1.3521062172208835
0.04033613445378151,0.002689075630252101,1.3520428774519293
0.04033613445378151,0.0033613445378151263,1.3519607290804818
0.04033613445378151,0.004033613445378151,1.3518598468000258
0.04033613445378151,0.004705882352941176,1.3517402489086687
0.04033613445378151,0.005378151260504202,1.3516019235088546
0.04033613445378151,0.006050420168067228,1.3514448392666305
0.04033613445378151,0.0067226890756302525,1.351268950476978
0.04033613445378151,0.007394957983193277,1.3510741996842073
0.04033613445378151,0.008067226890756302,1.35086051912879
0.04033613445378151,0.008739495798319327,1.3506278315800055
0.04033613445378151,0.009411764705882354,1.3503760508236646
0.04033613445378151,0.010084033613445379,1.35010508194411
0.04033613445378151,0.010756302521008404,1.3498148214767445
0.04033613445378151,0.011428571428571429,1.3495051574748884
0.04033613445378151,0.012100840336134453,1.3491759695171504
0.04033613445378151,0.01277310924369748,1.348827128671483
0.04033613445378151,0.013445378151260505,1.3484584974261762
0.04033613445378151,0.01411764705882353,1.3480699295944276
0.04033613445378151,0.014789915966386555,1.3476612701968471
0.04033613445378151,0.01546218487394958,1.3472323553247758
0.04033613445378151,0.016134453781512605,1.3467830119863053
0.04033613445378151,0.01680672268907563,1.3463130579362195
0.04033613445378151,0.017478991596638654,1.3458223014906006
0.04033613445378151,0.018151260504201683,1.3453105413265007
0.04033613445378151,0.018823529411764708,1.3447775662668287
0.04033613445378151,0.019495798319327733,1.344223155050404
0.04033613445378151,0.020168067226890758,1.3436470760869863
0.04033613445378151,0.020840336134453782,1.3430490871969434
0.04033613445378151,0.021512605042016807,1.3424289353351366
0.04033613445378151,0.022184873949579832,1.3417863562984935
0.04033613445378151,0.022857142857142857,1.3411210744166477
0.04033613445378151,0.023529411764705882,1.3404328022249572
0.04033613445378151,0.024201680672268907,1.3397212401191232
0.04033613445378151,0.024873949579831932,1.3389860759905485
0.04033613445378151,0.02554621848739496,1.3382269848415043
0.04033613445378151,0.026218487394957985,1.3374436283790805
0.04033613445378151,0.02689075630252101,1.3366356545868103
0.04033613445378151,0.027563025210084035,1.3358026972727701
0.04033613445378151,0.02823529411764706,1.3349443755928527
0.04033613445378151,0.028907563025210085,1.3340602935478074
0.04033613445378151,0.02957983193277311,1.3331500394525313
0.04033613445378151,0.030252100840336135,1.3322131853759662
0.04033613445378151,0.03092436974789916,1.3312492865498338
0.04033613445378151,0.03159663865546218,1.3302578807442829
0.04033613445378151,0.03226890756302521,1.3292384876083831
0.04033613445378151,0.03294117647058824,1.3281906079732173
0.04033613445378151,0.033613445378151266,1.327113723115138
0.04033613445378151,0.03428571428571428,1.326007293976561
0.04033613445378151,0.03495798319327731,1.3248707603414318
0.04033613445378151,0.03563025210084034,1.3237035399622625
0.04033613445378151,0.036302521008403366,1.3225050276353718
0.04033613445378151,0.036974789915966394,1.3212745942206494
0.04033613445378151,0.03764705882352941,1.3200115856018588
0.04033613445378151,0.03831932773109244,1.3187153215831144
0.04033613445378151,0.038991596638655465,1.3173850947167833
0.04033613445378151,0.039663865546218494,1.3160201690576094
0.04033613445378151,0.04033613445378151,1.3146197788373801
0.04033613445378151,0.041008403361344536,1.313183127053907
0.04033613445378151,0.041680672268907565,1.3117093839674852
0.04033613445378151,0.04235294117647059,1.310197685497336
0.04033613445378151,0.043025210084033615,1.3086471315097812
0.04033613445378151,0.043697478991596636,1.3070567839890612
0.04033613445378151,0.044369747899159664,1.3054256650807887
0.04033613445378151,0.04504201680672269,1.3037527549969643
0.04033613445378151,0.04571428571428572,1.3020369897703323
0.04033613445378151,0.046386554621848736,1.3002772588445197
0.04033613445378151,0.047058823529411764,1.2984724024849328
0.04033613445378151,0.04773109243697479,1.296621208993712
0.04033613445378151,0.04840336134453782,1.2947224117101683
0.04033613445378151,0.049075630252100835,1.292774685775988
0.04033613445378151,0.049747899159663864,1.2907766446420863
0.04033613445378151,0.05042016806722689,1.2887268362912485
0.04033613445378151,0.05109243697478992,1.2866237391475852
0.04033613445378151,0.05176470588235295,1.284465757640278
0.04033613445378151,0.05243697478991596,1.2822512173850407
0.04033613445378151,0.05310924369747899,1.2799783599420784
0.04033613445378151,0.05378151260504202,1.2776453371040206
0.04033613445378151,0.05445378151260505,1.275250204661165
0.04033613445378151,0.05512605042016806,1.272790915584348
0.04033613445378151,0.05579831932773109,1.2702653125575987
0.04033613445378151,0.05647058823529412,1.267671119783301
0.04033613445378151,0.05714285714285715,1.2650059339716524
0.04033613445378151,0.05781512605042017,1.262267214413421
0.04033613445378151,0.05848739495798319,1.2594522720201364
0.04033613445378151,0.05915966386554622,1.2565582571983467
0.04033613445378151,0.05983193277310925,1.2535821464040815
0.04033613445378151,0.060504201680672276,1.250520727199427
0.04033613445378151,0.06117647058823529,1.2473705816044671
0.04033613445378151,0.06184873949579832,1.244128067503811
0.04033613445378151,0.06252100840336135,1.2407892978263153
0.04033613445378151,0.06319327731092438,1.2373501171680117
0.04033613445378151,0.06386554621848739,1.233806075469795
0.04033613445378151,0.06453781512605042,1.2301523982908402
0.04033613445378151,0.06521008403361345,1.2263839531330558
0.04033613445378151,0.06588235294117648,1.2224952111674272
0.04033613445378151,0.0665546218487395,1.2184802035850917
0.04033613445378151,0.06722689075630252,1.2143324716381803
0.04033613445378151,0.06789915966386555,1.2100450092399067
0.04033613445378151,0.06857142857142857,1.2056101967494557
0.04033613445378151,0.0692436974789916,1.2010197242610625
0.04033613445378151,0.06991596638655462,1.1962645023297382
0.04033613445378151,0.07058823529411765,1.1913345575734573
0.04033613445378151,0.07126050420168067,1.186218909959563
0.04033613445378151,0.0719327731092437,1.180905427765374
0.04033613445378151,0.07260504201680673,1.175380655135468
0.04033613445378151,0.07327731092436975,1.1696296057511684
0.04033613445378151,0.07394957983193277,1.163635514254081
0.04033613445378151,0.0746218487394958,1.1573795345421112
0.04033613445378151,0.07529411764705883,1.1508403706160757
0.04033613445378151,0.07596638655462185,1.14399382090134
0.04033613445378151,0.07663865546218487,1.1368122103029403
0.04033613445378151,0.0773109243697479,1.1292636747510505
0.04033613445378151,0.07798319327731093,1.1213112492010326
0.04033613445378151,0.07865546218487394,1.1129116896161084
0.04033613445378151,0.07932773109243697,1.1040139284688575
0.04033613445378151,0.07983193277310924,1.0945570150321553
0.04285714285714285,0.0001680672268907563,1.3413795438455869
0.04285714285714285,0.0006722689075630252,1.3413795438455869
0.04285714285714285,0.0013445378151260505,1.341354291922736
0.04285714285714285,0.0020168067226890756,1.3413088278800547
0.04285714285714285,0.002689075630252101,1.341243855483369
0.04285714285714285,0.0033613445378151263,1.3411595902562345
0.04285714285714285,0.004033613445378151,1.3410561092753894
0.04285714285714285,0.004705882352941176,1.3409334318741828
0.04285714285714285,0.005378151260504202,1.3407915465183362
0.04285714285714285,0.006050420168067228,1.3406304218434897
0.04285714285714285,0.0067226890756302525,1.3404500118522642
0.04285714285714285,0.007394957983193277,1.3402502586035785
0.04285714285714285,0.008067226890756302,1.3400310936983528
0.04285714285714285,0.008739495798319327,1.339792439135393
0.04285714285714285,0.009411764705882354,1.3395342078136507
0.04285714285714285,0.010084033613445379,1.3392563038236551
0.04285714285714285,0.010756302521008404,1.338958622606321
0.04285714285714285,0.011428571428571429,1.3386410510240767
0.04285714285714285,0.012100840336134453,1.3383034673711616
0.04285714285714285,0.01277310924369748,1.3379457413396894
0.04285714285714285,0.013445378151260505,1.337567733951994
0.04285714285714285,0.01411764705882353,1.3371692974660712
0.04285714285714285,0.014789915966386555,1.3367502752585863
0.04285714285714285,0.01546218487394958,1.3363105016884034
0.04285714285714285,0.016134453781512605,1.3358498019425786
0.04285714285714285,0.01680672268907563,1.3353679918660646
0.04285714285714285,0.017478991596638654,1.3348648777758947
0.04285714285714285,0.018151260504201683,1.3343402562602562
0.04285714285714285,0.018823529411764708,1.3337939139626112
0.04285714285714285,0.019495798319327733,1.3332256273508136
0.04285714285714285,0.020168067226890758,1.3326351624710226
0.04285714285714285,0.020840336134453782,1.3320222746860795
0.04285714285714285,0.021512605042016807,1.331386708397896
0.04285714285714285,0.022184873949579832,1.330728196753324
0.04285714285714285,0.022857142857142857,1.3300464613328598
0.04285714285714285,0.023529411764705882,1.3293412118214771
0.04285714285714285,0.024201680672268907,1.328612145660779
0.04285714285714285,0.024873949579831932,1.3278589476815872
0.04285714285714285,0.02554621848739496,1.327081289715998
0.04285714285714285,0.026218487394957985,1.3262788301878488
0.04285714285714285,0.02689075630252101,1.3254512136804408
0.04285714285714285,0.027563025210084035,1.324598070480276
0.04285714285714285,0.02823529411764706,1.323719016095451
0.04285714285714285,0.028907563025210085,1.322813650747253
0.04285714285714285,0.02957983193277311,1.3218815588333654
0.04285714285714285,0.030252100840336135,1.32092230836098
0.04285714285714285,0.03092436974789916,1.3199354503479575
0.04285714285714285,0.03159663865546218,1.3189205181900343
0.04285714285714285,0.03226890756302521,1.3178770269919025
0.04285714285714285,0.03294117647058824,1.3168044728598083
0.04285714285714285,0.033613445378151266,1.315702332153123
0.04285714285714285,0.03428571428571428,1.3145700606921102
0.04285714285714285,0.03495798319327731,1.3134070929188888
0.04285714285714285,0.03563025210084034,1.312212841008314
0.04285714285714285,0.036302521008403366,1.3109866939252295
0.04285714285714285,0.036974789915966394,1.3097280164242049
0.04285714285714285,0.03764705882352941,1.3084361479875417
0.04285714285714285,0.03831932773109244,1.3071104016969288
0.04285714285714285,0.038991596638655465,1.3057500630337147
0.04285714285714285,0.039663865546218494,1.3043543886022753
0.04285714285714285,0.04033613445378151,1.302922604770446
0.04285714285714285,0.041008403361344536,1.3014539062203876
0.04285714285714285,0.041680672268907565,1.2999474544026197
0.04285714285714285,0.04235294117647059,1.2984023758852243
0.04285714285714285,0.043025210084033615,1.296817760589419
0.04285714285714285,0.043697478991596636,1.295192659901798
0.04285714285714285,0.044369747899159664,1.2935260846525305
0.04285714285714285,0.04504201680672269,1.2918170029476808
0.04285714285714285,0.04571428571428572,1.2900643378425412
0.04285714285714285,0.046386554621848736,1.2882669648414518
0.04285714285714285,0.047058823529411764,1.2864237092079722
0.04285714285714285,0.04773109243697479,1.2845333430674637
0.04285714285714285,0.04840336134453782,1.2825945822821005
0.04285714285714285,0.049075630252100835,1.28060608307601
0.04285714285714285,0.049747899159663864,1.2785664383856234
0.04285714285714285,0.05042016806722689,1.276474173907338
0.04285714285714285,0.05109243697478992,1.2743277438111953
0.04285714285714285,0.05176470588235295,1.2721255260854163
0.04285714285714285,0.05243697478991596,1.2698658174721988
0.04285714285714285,0.05310924369747899,1.267546827950121
0.04285714285714285,0.05378151260504202,1.2651666747126586
0.04285714285714285,0.05445378151260505,1.2627233755856324
0.04285714285714285,0.05512605042016806,1.260214841818642
0.04285714285714285,0.05579831932773109,1.2576388701766001
0.04285714285714285,0.05647058823529412,1.254993134247083
0.04285714285714285,0.05714285714285715,1.252275174867115
0.04285714285714285,0.05781512605042017,1.2494823895588931
0.04285714285714285,0.05848739495798319,1.2466120208474352
0.04285714285714285,0.05915966386554622,1.2436611433137357
0.04285714285714285,0.05983193277310925,1.2406266492141442
0.04285714285714285,0.060504201680672276,1.2375052324696592
0.04285714285714285,0.06117647058823529,1.23429337079675
0.04285714285714285,0.06184873949579832,1.230987305713117
0.04285714285714285,0.06252100840336135,1.227583020106092
0.04285714285714285,0.06319327731092438,1.2240762129965241
0.04285714285714285,0.06386554621848739,1.2204622710647788
0.04285714285714285,0.06453781512605042,1.216736236425279
0.04285714285714285,0.06521008403361345,1.2128927700383318
0.04285714285714285,0.06588235294117648,1.2089261100284432
0.04285714285714285,0.0665546218487395,1.2048300240312158
0.04285714285714285,0.06722689075630252,1.2005977545089066
0.04285714285714285,0.06789915966386555,1.1962219557480913
0.04285714285714285,0.06857142857142857,1.191694620968994
0.04285714285714285,0.0692436974789916,1.1870069976179378
0.04285714285714285,0.06991596638655462,1.1821494884595134
0.04285714285714285,0.07058823529411765,1.1771115355027901
0.04285714285714285,0.07126050420168067,1.1718814830445168
0.04285714285714285,0.0719327731092437,1.166446415134168
0.04285714285714285,0.07260504201680673,1.1607919614805062
0.04285714285714285,0.07327731092436975,1.1549020641136156
0.04285714285714285,0.07394957983193277,1.1487586948276955
0.04285714285714285,0.0746218487394958,1.1423415103226306
0.04285714285714285,0.07529411764705883,1.1356274276889067
0.04285714285714285,0.07596638655462185,1.1285900969195857
0.04285714285714285,0.07663865546218487,1.1211992386878242
0.04285714285714285,0.0773109243697479,1.1134198034544145
0.04285714285714285,0.07798319327731093,1.1052108900773878
0.04285714285714285,0.07865546218487394,1.0965243352174179
0.04285714285714285,0.07932773109243697,1.0873028434379552
0.04285714285714285,0.07983193277310924,1.0774774622967263
0.04537815126050419,0.0001680672268907563,1.3304953810888804
0.04537815126050419,0.0006722689075630252,1.3304953810888804
0.04537815126050419,0.0013445378151260505,1.3304695264874775
0.04537815126050419,0.0020168067226890756,1.3304229775117946
0.04537815126050419,0.002689075630252101,1.3303564549803142
0.04537815126050419,0.0033613445378151263,1.3302701799288439
0.04537815126050419,0.004033613445378151,1.3301642317531803
0.04537815126050419,0.004705882352941176,1.3300386308385685
0.04537815126050419,0.005378151260504202,1.329893366077352
0.04537815126050419,0.006050420168067228,1.3297284061707375
0.04537815126050419,0.0067226890756302525,1.329543704950942
0.04537815126050419,0.007394957983193277,1.329339204135955
0.04537815126050419,0.008067226890756302,1.329114834852165
0.04537815126050419,0.008739495798319327,1.3288705185123146
0.04537815126050419,0.009411764705882354,1.328606167331579
0.04537815126050419,0.010084033613445379,1.3283216846279609
0.04537815126050419,0.010756302521008404,1.3280169649870708
0.04537815126050419,0.011428571428571429,1.327691894337311
0.04537815126050419,0.012100840336134453,1.3273463499629539
0.04537815126050419,0.01277310924369748,1.3269802004721023
0.04537815126050419,0.013445378151260505,1.3265933057303059
0.04537815126050419,0.01411764705882353,1.326185516766803
0.04537815126050419,0.014789915966386555,1.325756675657972
0.04537815126050419,0.01546218487394958,1.3253066153910116
0.04537815126050419,0.016134453781512605,1.3248351597098431
0.04537815126050419,0.01680672268907563,1.3243421229445087
0.04537815126050419,0.017478991596638654,1.3238273098248536
0.04537815126050419,0.018151260504201683,1.3232905152789085
0.04537815126050419,0.018823529411764708,1.3227315242161322
0.04537815126050419,0.019495798319327733,1.3221501112954623
0.04537815126050419,0.020168067226890758,1.3215460406779636
0.04537815126050419,0.020840336134453782,1.320919065763727
0.04537815126050419,0.021512605042016807,1.3202689289125622
0.04537815126050419,0.022184873949579832,1.3195953611479188
0.04537815126050419,0.022857142857142857,1.3188980818433818
0.04537815126050419,0.023529411764705882,1.3181767983910013
0.04537815126050419,0.024201680672268907,1.3174312058506203
0.04537815126050419,0.024873949579831932,1.3166609865792869
0.04537815126050419,0.02554621848739496,1.3158658098397398
0.04537815126050419,0.026218487394957985,1.3150453313868746
0.04537815126050419,0.02689075630252101,1.3141991930309864
0.04537815126050419,0.027563025210084035,1.313327022176497
0.04537815126050419,0.02823529411764706,1.3124284313347558
0.04537815126050419,0.028907563025210085,1.311503017609388
0.04537815126050419,0.02957983193277311,1.3105503621525394
0.04537815126050419,0.030252100840336135,1.3095700295902262
0.04537815126050419,0.03092436974789916,1.3085615674148545
0.04537815126050419,0.03159663865546218,1.3075245053428062
0.04537815126050419,0.03226890756302521,1.3064583546348159
0.04537815126050419,0.03294117647058824,1.3053626073766686
0.04537815126050419,0.033613445378151266,1.3042367357175393
0.04537815126050419,0.03428571428571428,1.3030801910630565
0.04537815126050419,0.03495798319327731,1.301892403219933
0.04537815126050419,0.03563025210084034,1.3006727794887076
0.04537815126050419,0.036302521008403366,1.2994207037008532
0.04537815126050419,0.036974789915966394,1.2981355351961532
0.04537815126050419,0.03764705882352941,1.2968166077358865
0.04537815126050419,0.03831932773109244,1.2954632283469334
0.04537815126050419,0.038991596638655465,1.2940746760914736
0.04537815126050419,0.039663865546218494,1.2926502007564264
0.04537815126050419,0.04033613445378151,1.291189021456224
0.04537815126050419,0.041008403361344536,1.289690325141892
0.04537815126050419,0.041680672268907565,1.2881532650086998
0.04537815126050419,0.04235294117647059,1.2865769587938773
0.04537815126050419,0.043025210084033615,1.2849604869550308
0.04537815126050419,0.043697478991596636,1.2833028907189081
0.04537815126050419,0.044369747899159664,1.2816031699890986
0.04537815126050419,0.04504201680672269,1.2798602811000204
0.04537815126050419,0.04571428571428572,1.2780731344031941
0.04537815126050419,0.046386554621848736,1.27624059167026
0.04537815126050419,0.047058823529411764,1.2743614632954678
0.04537815126050419,0.04773109243697479,1.272434505278411
0.04537815126050419,0.04840336134453782,1.2704584159655734
0.04537815126050419,0.049075630252100835,1.2684318325267478
0.04537815126050419,0.049747899159663864,1.2663533271395429
0.04537815126050419,0.05042016806722689,1.2642214028519676
0.04537815126050419,0.05109243697478992,1.2620344890893893
0.04537815126050419,0.05176470588235295,1.259790936767955
0.04537815126050419,0.05243697478991596,1.2574890129717475
0.04537815126050419,0.05310924369747899,1.2551268951454129
0.04537815126050419,0.05378151260504202,1.2527026647476311
0.04537815126050419,0.05445378151260505,1.2502143003034718
0.04537815126050419,0.05512605042016806,1.247659669785189
0.04537815126050419,0.05579831932773109,1.245036522241174
0.04537815126050419,0.05647058823529412,1.2423424785813595
0.04537815126050419,0.05714285714285715,1.2395750214140375
0.04537815126050419,0.05781512605042017,1.2367314838134624
0.04537815126050419,0.05848739495798319,1.2338090368793428
0.04537815126050419,0.05915966386554622,1.2308046759277835
0.04537815126050419,0.05983193277310925,1.2277152051278422
0.04537815126050419,0.060504201680672276,1.2245372203677274
0.04537815126050419,0.06117647058823529,1.221267090098822
0.04537815126050419,0.06184873949579832,1.217900933862904
0.04537815126050419,0.06252100840336135,1.2144345981565792
0.04537815126050419,0.06319327731092438,1.2108636292250758
0.04537815126050419,0.06386554621848739,1.2071832423027087
0.04537815126050419,0.06453781512605042,1.2033882867262768
0.04537815126050419,0.06521008403361345,1.1994732062364653
0.04537815126050419,0.06588235294117648,1.1954319936456752
0.04537815126050419,0.0665546218487395,1.191258138881929
0.04537815126050419,0.06722689075630252,1.1869445692087897
0.04537815126050419,0.06789915966386555,1.1824835801589981
0.04537815126050419,0.06857142857142857,1.1778667553895135
0.04537815126050419,0.0692436974789916,1.1730848732473427
0.04537815126050419,0.06991596638655462,1.1681277973014443
0.04537815126050419,0.07058823529411765,1.1629843474085384
0.04537815126050419,0.07126050420168067,1.1576421469883467
0.04537815126050419,0.0719327731092437,1.1520874410149524
0.04537815126050419,0.07260504201680673,1.1463048776849016
0.04537815126050419,0.07327731092436975,1.1402772446559462
0.04537815126050419,0.07394957983193277,1.1339851479558838
0.04537815126050419,0.0746218487394958,1.1274066178353674
0.04537815126050419,0.07529411764705883,1.1205166205298056
0.04537815126050419,0.07596638655462185,1.1132864474179243
0.04537815126050419,0.07663865546218487,1.10568294235721
0.04537815126050419,0.0773109243697479,1.097667512360289
0.04537815126050419,0.07798319327731093,1.0891948435270642
0.04537815126050419,0.07865546218487394,1.080211208717422
0.04537815126050419,0.07932773109243697,1.0706521979975454
0.04537815126050419,0.07983193277310924,1.0604396133885468
0.04789915966386554,0.0001680672268907563,1.3195200763915502
0.04789915966386554,0.0006722689075630252,1.3195200763915502
0.04789915966386554,0.0013445378151260505,1.319493650386669
0.04789915966386554,0.0020168067226890756,1.3194460727948387
0.04789915966386554,0.002689075630252101,1.3193780806306648
0.04789915966386554,0.0033613445378151263,1.3192899001967568
0.04789915966386554,0.004033613445378151,1.3191816131402818
0.04789915966386554,0.004705882352941176,1.3190532409084368
0.04789915966386554,0.005378151260504202,1.3189047728746384
0.04789915966386554,0.006050420168067228,1.3187361778907756
0.04789915966386554,0.0067226890756302525,1.318547409727935
0.04789915966386554,0.007394957983193277,1.318338409893203
0.04789915966386554,0.008067226890756302,1.3181091091872856
0.04789915966386554,0.008739495798319327,1.3178594286033851
0.04789915966386554,0.009411764705882354,1.3175892798563638
0.04789915966386554,0.010084033613445379,1.3172985656916194
0.04789915966386554,0.010756302521008404,1.316987180055513
0.04789915966386554,0.011428571428571429,1.3166550081743695
0.04789915966386554,0.012100840336134453,1.31630192657016
0.04789915966386554,0.01277310924369748,1.3159278030302237
0.04789915966386554,0.013445378151260505,1.315532496542034
0.04789915966386554,0.01411764705882353,1.3151158572001431
0.04789915966386554,0.014789915966386555,1.3146777260899758
0.04789915966386554,0.01546218487394958,1.3142179351515682
0.04789915966386554,0.016134453781512605,1.3137363070252766
0.04789915966386554,0.01680672268907563,1.3132326548807642
0.04789915966386554,0.017478991596638654,1.3127067822300638
0.04789915966386554,0.018151260504201683,1.3121584827251365
0.04789915966386554,0.018823529411764708,1.3115875399400918
0.04789915966386554,0.019495798319327733,1.3109937271380048
0.04789915966386554,0.020168067226890758,1.3103768070221133
0.04789915966386554,0.020840336134453782,1.3097365314710312
0.04789915966386554,0.021512605042016807,1.3090726412575027
0.04789915966386554,0.022184873949579832,1.3083848657501136
0.04789915966386554,0.022857142857142857,1.3076729225972792
0.04789915966386554,0.023529411764705882,1.306936517392734
0.04789915966386554,0.024201680672268907,1.306175343321667
0.04789915966386554,0.024873949579831932,1.3053890807865396
0.04789915966386554,0.02554621848739496,1.304577397011545
0.04789915966386554,0.026218487394957985,1.3037399456245637
0.04789915966386554,0.02689075630252101,1.3028763662153682
0.04789915966386554,0.027563025210084035,1.3019862838687215
0.04789915966386554,0.02823529411764706,1.3010693086709064
0.04789915966386554,0.028907563025210085,1.3001250351880842
0.04789915966386554,0.02957983193277311,1.299153041914763
0.04789915966386554,0.030252100840336135,1.2981528906904976
0.04789915966386554,0.03092436974789916,1.2971241260827986
0.04789915966386554,0.03159663865546218,1.2960662747340426
0.04789915966386554,0.03226890756302521,1.2949788446700015
0.04789915966386554,0.03294117647058824,1.293861324567396
0.04789915966386554,0.033613445378151266,1.2927131829776564
0.04789915966386554,0.03428571428571428,1.2915338675038313
0.04789915966386554,0.03495798319327731,1.2903228039273096
0.04789915966386554,0.03563025210084034,1.2890793952807273
0.04789915966386554,0.036302521008403366,1.2878030208631075
0.04789915966386554,0.036974789915966394,1.2864930351929078
0.04789915966386554,0.03764705882352941,1.2851487668942707
0.04789915966386554,0.03831932773109244,1.2837695175113115
0.04789915966386554,0.038991596638655465,1.2823545602448079
0.04789915966386554,0.039663865546218494,1.2809031386050969
0.04789915966386554,0.04033613445378151,1.2794144649744008
0.04789915966386554,0.041008403361344536,1.2778877190711222
0.04789915966386554,0.041680672268907565,1.2763220463079052
0.04789915966386554,0.04235294117647059,1.2747165560344433
0.04789915966386554,0.043025210084033615,1.2730703196550592
0.04789915966386554,0.043697478991596636,1.2713823686100787
0.04789915966386554,0.044369747899159664,1.2696516922088241
0.04789915966386554,0.04504201680672269,1.267877235300777
0.04789915966386554,0.04571428571428572,1.2660578957699689
0.04789915966386554,0.046386554621848736,1.2641925218360313
0.04789915966386554,0.047058823529411764,1.262279909143447
0.04789915966386554,0.04773109243697479,1.2603187976184667
0.04789915966386554,0.04840336134453782,1.2583078680707496
0.04789915966386554,0.049075630252100835,1.2562457385140986
0.04789915966386554,0.049747899159663864,1.2541309601775816
0.04789915966386554,0.05042016806722689,1.2519620131748324
0.04789915966386554,0.05109243697478992,1.2497373017953302
0.04789915966386554,0.05176470588235295,1.2474551493768953
0.04789915966386554,0.05243697478991596,1.2451137927133877
0.04789915966386554,0.05310924369747899,1.2427113759455939
0.04789915966386554,0.05378151260504202,1.240245943876333
0.04789915966386554,0.05445378151260505,1.23771543464282
0.04789915966386554,0.05512605042016806,1.2351176716700394
0.04789915966386554,0.05579831932773109,1.2324503548181076
0.04789915966386554,0.05647058823529412,1.2297110506240612
0.04789915966386554,0.05714285714285715,1.226897181523844
0.04789915966386554,0.05781512605042017,1.2240060139230877
0.04789915966386554,0.05848739495798319,1.2210346449650915
0.04789915966386554,0.05915966386554622,1.217979987820571
0.04789915966386554,0.05983193277310925,1.2148387552955469
0.04789915966386554,0.060504201680672276,1.2116074415202147
0.04789915966386554,0.06117647058823529,1.2082823014416653
0.04789915966386554,0.06184873949579832,1.2048593277954125
0.04789915966386554,0.06252100840336135,1.2013342251730794
0.04789915966386554,0.06319327731092438,1.1977023807339804
0.04789915966386554,0.06386554621848739,1.1939588310238176
0.04789915966386554,0.06453781512605042,1.1900982242606206
0.04789915966386554,0.06521008403361345,1.186114777321616
0.04789915966386554,0.06588235294117648,1.182002226508829
0.04789915966386554,0.0665546218487395,1.177753770977879
0.04789915966386554,0.06722689075630252,1.173362007473204
0.04789915966386554,0.06789915966386555,1.1688188547100116
0.04789915966386554,0.06857142857142857,1.1641154653601948
0.04789915966386554,0.0692436974789916,1.1592421231115693
0.04789915966386554,0.06991596638655462,1.1541881216435375
0.04789915966386554,0.07058823529411765,1.1489416215517654
0.04789915966386554,0.07126050420168067,1.1434894801961129
0.04789915966386554,0.0719327731092437,1.1378170480509064
0.04789915966386554,0.07260504201680673,1.1319079232786384
0.04789915966386554,0.07327731092436975,1.1257436537461913
0.04789915966386554,0.07394957983193277,1.1193033722930155
0.04789915966386554,0.0746218487394958,1.112563346352879
0.04789915966386554,0.07529411764705883,1.105496416437221
0.04789915966386554,0.07596638655462185,1.098071288606965
0.04789915966386554,0.07663865546218487,1.090251632477844
0.04789915966386554,0.0773109243697479,1.081994916254797
0.04789915966386554,0.07798319327731093,1.0732508800389264
0.04789915966386554,0.07865546218487394,1.0639595018544032
0.04789915966386554,0.07932773109243697,1.0540482363572876
0.04789915966386554,0.07983193277310924,1.043428183628469
0.050420168067226885,0.0001680672268907563,1.308449564298099
0.050420168067226885,0.0006722689075630252,1.308449564298099
0.050420168067226885,0.0013445378151260505,1.308422596971795
0.050420168067226885,0.0020168067226890756,1.3083740449310761
0.050420168067226885,0.002689075630252101,1.3083046605604844
0.050420168067226885,0.0033613445378151263,1.3082146751900323
0.050420168067226885,0.004033613445378151,1.3081041726488565
0.050420168067226885,0.004705882352941176,1.3079731754504973
0.050420168067226885,0.005378151260504202,1.3078216734955486
0.050420168067226885,0.006050420168067228,1.3076496358611822
0.050420168067226885,0.0067226890756302525,1.3074570163541819
0.050420168067226885,0.007394957983193277,1.3072437563865018
0.050420168067226885,0.008067226890756302,1.3070097865660137
0.050420168067226885,0.008739495798319327,1.3067550276151763
0.050420168067226885,0.009411764705882354,1.3064793909125711
0.050420168067226885,0.010084033613445379,1.3061827788097828
0.050420168067226885,0.010756302521008404,1.3058650848071338
0.050420168067226885,0.011428571428571429,1.3055261936362632
0.050420168067226885,0.012100840336134453,1.3051659812782228
0.050420168067226885,0.01277310924369748,1.3047843149348062
0.050420168067226885,0.013445378151260505,1.3043810529643385
0.050420168067226885,0.01411764705882353,1.303956044789201
0.050420168067226885,0.014789915966386555,1.3035091307798594
0.050420168067226885,0.01546218487394958,1.3030401421185465
0.050420168067226885,0.016134453781512605,1.3025489006446653
0.050420168067226885,0.01680672268907563,1.3020352186832431
0.050420168067226885,0.017478991596638654,1.301498898857242
0.050420168067226885,0.018151260504201683,1.3009397338841577
0.050420168067226885,0.018823529411764708,1.3003575063570578
0.050420168067226885,0.019495798319327733,1.2997519885099957
0.050420168067226885,0.020168067226890758,1.2991229419675683
0.050420168067226885,0.020840336134453782,1.2984701174782336
0.050420168067226885,0.021512605042016807,1.2977932546308975
0.050420168067226885,0.022184873949579832,1.297092081554158
0.050420168067226885,0.022857142857142857,1.296366314597502
0.050420168067226885,0.023529411764705882,1.2956156579936478
0.050420168067226885,0.024201680672268907,1.2948398035011415
0.050420168067226885,0.024873949579831932,1.2940384300262078
0.050420168067226885,0.02554621848739496,1.2932112032227694
0.050420168067226885,0.026218487394957985,1.2923577750694402
0.050420168067226885,0.02689075630252101,1.2914777834221987
0.050420168067226885,0.027563025210084035,1.290570851541321
0.050420168067226885,0.02823529411764706,1.289636587591051
0.050420168067226885,0.028907563025210085,1.288674584110334
0.050420168067226885,0.02957983193277311,1.2876844174528166
0.050420168067226885,0.030252100840336135,1.2866656471941496
0.050420168067226885,0.03092436974789916,1.2856178155044733
0.050420168067226885,0.03159663865546218,1.2845404464837793
0.050420168067226885,0.03226890756302521,1.2834330454576468
0.050420168067226885,0.03294117647058824,1.2822950982306343
0.050420168067226885,0.033613445378151266,1.2811260702943676
0.050420168067226885,0.03428571428571428,1.2799254059871146
0.050420168067226885,0.03495798319327731,1.278692527601338
0.050420168067226885,0.03563025210084034,1.2774268344354114
0.050420168067226885,0.036302521008403366,1.276127701785337
0.050420168067226885,0.036974789915966394,1.2747944798719133
0.050420168067226885,0.03764705882352941,1.273426492698386
0.050420168067226885,0.03831932773109244,1.2720230368331433
0.050420168067226885,0.038991596638655465,1.2705833801114952
0.050420168067226885,0.039663865546218494,1.2691067602500044
0.050420168067226885,0.04033613445378151,1.267592383366196
0.050420168067226885,0.041008403361344536,1.2660394223957576
0.050420168067226885,0.041680672268907565,1.264447015398549
0.050420168067226885,0.04235294117647059,1.2628142637438573
0.050420168067226885,0.043025210084033615,1.2611402301643384
0.050420168067226885,0.043697478991596636,1.2594239366669788
0.050420168067226885,0.044369747899159664,1.2576643622881696
0.050420168067226885,0.04504201680672269,1.2558604406785865
0.050420168067226885,0.04571428571428572,1.2540110575019967
0.050420168067226885,0.046386554621848736,1.2521150476303473
0.050420168067226885,0.047058823529411764,1.2501711921154843
0.050420168067226885,0.04773109243697479,1.2481782149155953
0.050420168067226885,0.04840336134453782,1.2461347793519009
0.050420168067226885,0.049075630252100835,1.2440394842682112
0.050420168067226885,0.049747899159663864,1.2418908598626512
0.050420168067226885,0.05042016806722689,1.239687363157078
0.050420168067226885,0.05109243697478992,1.2374273730653989
0.050420168067226885,0.05176470588235295,1.2351091850170544
0.050420168067226885,0.05243697478991596,1.2327310050862457
0.050420168067226885,0.05310924369747899,1.2302909435709564
0.050420168067226885,0.05378151260504202,1.2277870079582731
0.050420168067226885,0.05445378151260505,1.2252170952037817
0.050420168067226885,0.05512605042016806,1.2225789832426948
0.050420168067226885,0.05579831932773109,1.2198703216385818
0.050420168067226885,0.05647058823529412,1.2170886212618326
0.050420168067226885,0.05714285714285715,1.2142312428738824
0.050420168067226885,0.05781512605042017,1.2112953844743473
0.050420168067226885,0.05848739495798319,1.2082780672459292
0.050420168067226885,0.05915966386554622,1.2051761199056437
0.050420168067226885,0.05983193277310925,1.2019861612396572
0.050420168067226885,0.060504201680672276,1.1987045805618088
0.050420168067226885,0.06117647058823529,1.1953275157913614
0.050420168067226885,0.06184873949579832,1.1918508287920446
0.050420168067226885,0.06252100840336135,1.188270077549939
0.050420168067226885,0.06319327731092438,1.184580484689553
0.050420168067226885,0.06386554621848739,1.1807769017322096
0.050420168067226885,0.06453781512605042,1.1768537683842997
0.050420168067226885,0.06521008403361345,1.1728050659994924
0.050420168067226885,0.06588235294117648,1.168624264181449
0.050420168067226885,0.0665546218487395,1.1643042592725341
0.050420168067226885,0.06722689075630252,1.1598373031970373
0.050420168067226885,0.06789915966386555,1.1552149207780664
0.050420168067226885,0.06857142857142857,1.1504278132034433
0.050420168067226885,0.0692436974789916,1.1454657447478336
0.050420168067226885,0.06991596638655462,1.1403174091252681
0.050420168067226885,0.07058823529411765,1.13497027089207
0.050420168067226885,0.07126050420168067,1.1294103760667613
0.050420168067226885,0.0719327731092437,1.1236221244705473
0.050420168067226885,0.07260504201680673,1.1175879940617977
0.050420168067226885,0.07327731092436975,1.1112882045123629
0.050420168067226885,0.07394957983193277,1.1047003031168925
0.050420168067226885,0.0746218487394958,1.097798650336807
0.050420168067226885,0.07529411764705883,1.0905537740945845
0.050420168067226885,0.07596638655462185,1.082931550165886
0.050420168067226885,0.07663865546218487,1.0748921487846637
0.050420168067226885,0.0773109243697479,1.0663886618170564
0.050420168067226885,0.07798319327731093,1.057365285447638
0.050420168067226885,0.07865546218487394,1.0477548713986542
0.050420168067226885,0.07932773109243697,1.0374755593878207
0.050420168067226885,0.07983193277310924,1.0264260351044432
0.05294117647058823,0.0001680672268907563,1.297278140400879
0.05294117647058823,0.0006722689075630252,1.297278140400879
0.05294117647058823,0.0013445378151260505,1.2972506602090021
0.05294117647058823,0.0020168067226890756,1.2972011849572933
0.05294117647058823,0.002689075630252101,1.2971304816167504
0.05294117647058823,0.0033613445378151263,1.2970387863155461
0.05294117647058823,0.004033613445378151,1.2969261849955336
0.05294117647058823,0.004705882352941176,1.2967927012363236
0.05294117647058823,0.005378151260504202,1.2966383255040486
0.05294117647058823,0.006050420168067228,1.2964630271656503
0.05294117647058823,0.0067226890756302525,1.2962667601482922
0.05294117647058823,0.007394957983193277,1.296049465870555
0.05294117647058823,0.008067226890756302,1.2958110748645426
0.05294117647058823,0.008739495798319327,1.2955515077132735
0.05294117647058823,0.009411764705882354,1.2952706756039039
0.05294117647058823,0.010084033613445379,1.2949684806521495
0.05294117647058823,0.010756302521008404,1.2946448160830082
0.05294117647058823,0.011428571428571429,1.2942995663166748
0.05294117647058823,0.012100840336134453,1.2939326069888675
0.05294117647058823,0.01277310924369748,1.293543804923612
0.05294117647058823,0.013445378151260505,1.2931330180699259
0.05294117647058823,0.01411764705882353,1.2927000954098053
0.05294117647058823,0.014789915966386555,1.2922448768423764
0.05294117647058823,0.01546218487394958,1.2917671930474135
0.05294117647058823,0.016134453781512605,1.2912668653303265
0.05294117647058823,0.01680672268907563,1.2907437054499669
0.05294117647058823,0.017478991596638654,1.2901975154300656
0.05294117647058823,0.018151260504201683,1.2896280873547403
0.05294117647058823,0.018823529411764708,1.2890352031482155
0.05294117647058823,0.019495798319327733,1.2884186343386794
0.05294117647058823,0.020168067226890758,1.287778141806035
0.05294117647058823,0.020840336134453782,1.2871134755131444
0.05294117647058823,0.021512605042016807,1.2864243742200494
0.05294117647058823,0.022184873949579832,1.2857105651805334
0.05294117647058823,0.022857142857142857,1.2849717638202922
0.05294117647058823,0.023529411764705882,1.2842076733958747
0.05294117647058823,0.024201680672268907,1.2834179846334592
0.05294117647058823,0.024873949579831932,1.2826023753464337
0.05294117647058823,0.02554621848739496,1.2817605100306444
0.05294117647058823,0.026218487394957985,1.2808920394360719
0.05294117647058823,0.02689075630252101,1.279996600113579
0.05294117647058823,0.027563025210084035,1.2790738139352633
0.05294117647058823,0.02823529411764706,1.278123287586811
0.05294117647058823,0.028907563025210085,1.277144612030117
0.05294117647058823,0.02957983193277311,1.2761373619342877
0.05294117647058823,0.030252100840336135,1.275101095072976
0.05294117647058823,0.03092436974789916,1.2740353516858354
0.05294117647058823,0.03159663865546218,1.272939653801676
0.05294117647058823,0.03226890756302521,1.2718135045207035
0.05294117647058823,0.03294117647058824,1.2706563872529948
0.05294117647058823,0.033613445378151266,1.269467764910109
0.05294117647058823,0.03428571428571428,1.2682470790464646
0.05294117647058823,0.03495798319327731,1.2669937489468006
0.05294117647058823,0.03563025210084034,1.2657071706557217
0.05294117647058823,0.036302521008403366,1.2643867159449422
0.05294117647058823,0.036974789915966394,1.2630317312134571
0.05294117647058823,0.03764705882352941,1.2616415363154034
0.05294117647058823,0.03831932773109244,1.260215423309888
0.05294117647058823,0.038991596638655465,1.2587526551265074
0.05294117647058823,0.039663865546218494,1.2572524641396703
0.05294117647058823,0.04033613445378151,1.2557140506441518
0.05294117647058823,0.041008403361344536,1.2541365812235596
0.05294117647058823,0.041680672268907565,1.2525191870025392
0.05294117647058823,0.04235294117647059,1.2508609617726072
0.05294117647058823,0.043025210084033615,1.249160959980445
0.05294117647058823,0.043697478991596636,1.247418194566304
0.05294117647058823,0.044369747899159664,1.2456316346388456
0.05294117647058823,0.04504201680672269,1.2438002029712483
0.05294117647058823,0.04571428571428572,1.241922773301738
0.05294117647058823,0.046386554621848736,1.2399981674197957
0.05294117647058823,0.047058823529411764,1.2380251520171617
0.05294117647058823,0.04773109243697479,1.23600243528033
0.05294117647058823,0.04840336134453782,1.2339286631984705
0.05294117647058823,0.049075630252100835,1.2318024155575902
0.05294117647058823,0.049747899159663864,1.2296222015881855
0.05294117647058823,0.05042016806722689,1.2273864552295564
0.05294117647058823,0.05109243697478992,1.2250935299693084
0.05294117647058823,0.05176470588235295,1.2227416932112114
0.05294117647058823,0.05243697478991596,1.2203291201184536
0.05294117647058823,0.05310924369747899,1.2178538868722326
0.05294117647058823,0.05378151260504202,1.2153139632774506
0.05294117647058823,0.05445378151260505,1.2127072046377794
0.05294117647058823,0.05512605042016806,1.2100313428113452
0.05294117647058823,0.05579831932773109,1.2072839763454188
0.05294117647058823,0.05647058823529412,1.2044625595734682
0.05294117647058823,0.05714285714285715,1.2015643905403028
0.05294117647058823,0.05781512605042017,1.1985865976002918
0.05294117647058823,0.05848739495798319,1.195526124509124
0.05294117647058823,0.05915966386554622,1.1923797138005627
0.05294117647058823,0.05983193277310925,1.1891438882050787
0.05294117647058823,0.060504201680672276,1.1858149298259995
0.05294117647058823,0.06117647058823529,1.1823888567393295
0.05294117647058823,0.06184873949579832,1.178861396623802
0.05294117647058823,0.06252100840336135,1.1752279569556057
0.05294117647058823,0.06319327731092438,1.1714835912145944
0.05294117647058823,0.06386554621848739,1.1676229604416588
0.05294117647058823,0.06453781512605042,1.1636402893554376
0.05294117647058823,0.06521008403361345,1.1595293160740654
0.05294117647058823,0.06588235294117648,1.1552832342858652
0.05294117647058823,0.0665546218487395,1.1508946264606195
0.05294117647058823,0.06722689075630252,1.1463553863756804
0.05294117647058823,0.06789915966386555,1.1416566288290344
0.05294117647058823,0.06857142857142857,1.1367885838981964
0.05294117647058823,0.0692436974789916,1.1317404724435
0.05294117647058823,0.06991596638655462,1.1265003586977798
0.05294117647058823,0.07058823529411765,1.1210549746631178
0.05294117647058823,0.07126050420168067,1.1153895095533162
0.05294117647058823,0.0719327731092437,1.1094873555414875
0.05294117647058823,0.07260504201680673,1.103329798399068
0.05294117647058823,0.07327731092436975,1.0968956379583588
0.05294117647058823,0.07394957983193277,1.0901607182687763
0.05294117647058823,0.0746218487394958,1.0830973402032922
0.05294117647058823,0.07529411764705883,1.0756735191145277
0.05294117647058823,0.07596638655462185,1.0678520353815395
0.05294117647058823,0.07663865546218487,1.0595892038219246
0.05294117647058823,0.0773109243697479,1.05083325483008
0.05294117647058823,0.07798319327731093,1.0415221686997358
0.05294117647058823,0.07865546218487394,1.031580722504145
0.05294117647058823,0.07932773109243697,1.020916373455175
0.05294117647058823,0.07983193277310924,1.0094133703658033
0.05546218487394958,0.0001680672268907563,1.2859982774168506
0.05546218487394958,0.0006722689075630252,1.2859982774168506
0.05546218487394958,0.0013445378151260505,1.285970310734869
0.05546218487394958,0.0020168067226890756,1.2859199597631503
0.05546218487394958,0.002689075630252101,1.2858480053313013
0.05546218487394958,0.0033613445378151263,1.2857546881508473
0.05546218487394958,0.004033613445378151,1.285640096209156
0.05546218487394958,0.004705882352941176,1.2855042541479675
0.05546218487394958,0.005378151260504202,1.285347153030136
0.05546218487394958,0.006050420168067228,1.2851687625670902
0.05546218487394958,0.0067226890756302525,1.284969036879124
0.05546218487394958,0.007394957983193277,1.2847479174793357
0.05546218487394958,0.008067226890756302,1.284505334925453
0.05546218487394958,0.008739495798319327,1.28424120977495
0.05546218487394958,0.009411764705882354,1.2839554531493205
0.05546218487394958,0.010084033613445379,1.2836479670656142
0.05546218487394958,0.010756302521008404,1.2833186446218472
0.05546218487394958,0.011428571428571429,1.2829673700860305
0.05546218487394958,0.012100840336134453,1.2825940189185552
0.05546218487394958,0.01277310924369748,1.282198457746295
0.05546218487394958,0.013445378151260505,1.2817805443000643
0.05546218487394958,0.01411764705882353,1.281340127322967
0.05546218487394958,0.014789915966386555,1.2808770464545727
0.05546218487394958,0.01546218487394958,1.280391132094177
0.05546218487394958,0.016134453781512605,1.2798822052452823
0.05546218487394958,0.01680672268907563,1.2793500773426605
0.05546218487394958,0.017478991596638654,1.2787945500628257
0.05546218487394958,0.018151260504201683,1.2782154151183462
0.05546218487394958,0.018823529411764708,1.2776124540361369
0.05546218487394958,0.019495798319327733,1.2769854379196506
0.05546218487394958,0.020168067226890758,1.2763341271946955
0.05546218487394958,0.020840336134453782,1.2756582713384779
0.05546218487394958,0.021512605042016807,1.274957608591312
0.05546218487394958,0.022184873949579832,1.274231865650349
0.05546218487394958,0.022857142857142857,1.2734807573445575
0.05546218487394958,0.023529411764705882,1.2727039862900815
0.05546218487394958,0.024201680672268907,1.2719012425250085
0.05546218487394958,0.024873949579831932,1.271072203122472
0.05546218487394958,0.02554621848739496,1.2702165317809084
0.05546218487394958,0.026218487394957985,1.2693338783901733
0.05546218487394958,0.02689075630252101,1.2684238785721145
0.05546218487394958,0.027563025210084035,1.2674861531940627
0.05546218487394958,0.02823529411764706,1.2665203078535783
0.05546218487394958,0.028907563025210085,1.2655259323326407
0.05546218487394958,0.02957983193277311,1.2645026000193165
0.05546218487394958,0.030252100840336135,1.26344986729477
0.05546218487394958,0.03092436974789916,1.2623672728832982
0.05546218487394958,0.03159663865546218,1.2612543371628717
0.05546218487394958,0.03226890756302521,1.2601105614334425
0.05546218487394958,0.03294117647058824,1.2589354271400366
0.05546218487394958,0.033613445378151266,1.2577283950473968
0.05546218487394958,0.03428571428571428,1.2564889043626344
0.05546218487394958,0.03495798319327731,1.2552163718020446
0.05546218487394958,0.03563025210084034,1.2539101905978838
0.05546218487394958,0.036302521008403366,1.252569729440515
0.05546218487394958,0.036974789915966394,1.251194331350909
0.05546218487394958,0.03764705882352941,1.249783312478006
0.05546218487394958,0.03831932773109244,1.2483359608149214
0.05546218487394958,0.038991596638655465,1.2468515348273985
0.05546218487394958,0.039663865546218494,1.24532926198726
0.05546218487394958,0.04033613445378151,1.2437683372028905
0.05546218487394958,0.041008403361344536,1.2421679211379848
0.05546218487394958,0.041680672268907565,1.2405271384088898
0.05546218487394958,0.04235294117647059,1.2388450756498794
0.05546218487394958,0.043025210084033615,1.2371207794345698
0.05546218487394958,0.043697478991596636,1.2353532540404335
0.05546218487394958,0.044369747899159664,1.233541459041952
0.05546218487394958,0.04504201680672269,1.23168430671636
0.05546218487394958,0.04571428571428572,1.2297806592441467
0.05546218487394958,0.046386554621848736,1.227829325684447
0.05546218487394958,0.047058823529411764,1.2258290587031817
0.05546218487394958,0.04773109243697479,1.223778551029192
0.05546218487394958,0.04840336134453782,1.2216764316106863
0.05546218487394958,0.049075630252100835,1.2195212614409414
0.05546218487394958,0.049747899159663864,1.2173115290183971
0.05546218487394958,0.05042016806722689,1.2150456454018752
0.05546218487394958,0.05109243697478992,1.2127219388166748
0.05546218487394958,0.05176470588235295,1.2103386487615
0.05546218487394958,0.05243697478991596,1.2078939195595635
0.05546218487394958,0.05310924369747899,1.205385793289545
0.05546218487394958,0.05378151260504202,1.202812202023197
0.05546218487394958,0.05445378151260505,1.2001709592861214
0.05546218487394958,0.05512605042016806,1.197459750646226
0.05546218487394958,0.05579831932773109,1.1946761233203795
0.05546218487394958,0.05647058823529412,1.1918174746733903
0.05546218487394958,0.05714285714285715,1.1888810394641327
0.05546218487394958,0.05781512605042017,1.1858638756709374
0.05546218487394958,0.05848739495798319,1.1827628487014363
0.05546218487394958,0.05915966386554622,1.1795746137600989
0.05546218487394958,0.05983193277310925,1.1762955961085804
0.05546218487394958,0.060504201680672276,1.1729219689083679
0.05546218487394958,0.06117647058823529,1.1694496282803326
0.05546218487394958,0.06184873949579832,1.1658741651495248
0.05546218487394958,0.06252100840336135,1.1621908333631292
0.05546218487394958,0.06319327731092438,1.1583945134714329
0.05546218487394958,0.06386554621848739,1.1544796714414753
0.05546218487394958,0.06453781512605042,1.150440311424929
0.05546218487394958,0.06521008403361345,1.1462699215181802
0.05546218487394958,0.06588235294117648,1.1419614112236822
0.05546218487394958,0.0665546218487395,1.1375070390343693
0.05546218487394958,0.06722689075630252,1.1328983281999685
0.05546218487394958,0.06789915966386555,1.128125968272122
0.05546218487394958,0.06857142857142857,1.1231796994328553
0.05546218487394958,0.0692436974789916,1.1180481758449867
0.05546218487394958,0.06991596638655462,1.1127188032640607
0.05546218487394958,0.07058823529411765,1.107177544836058
0.05546218487394958,0.07126050420168067,1.1014086872558684
0.05546218487394958,0.0719327731092437,1.0953945571097397
0.05546218487394958,0.07260504201680673,1.0891151740258334
0.05546218487394958,0.07327731092436975,1.0825478228496144
0.05546218487394958,0.07394957983193277,1.0756665209039369
0.05546218487394958,0.0746218487394958,1.068441347661356
0.05546218487394958,0.07529411764705883,1.0608375915625652
0.05546218487394958,0.07596638655462185,1.052814650213485
0.05546218487394958,0.07663865546218487,1.0443245924468203
0.05546218487394958,0.0773109243697479,1.0353102481458583
0.05546218487394958,0.07798319327731093,1.0257026246167498
0.05546218487394958,0.07865546218487394,1.0154173392934025
0.05546218487394958,0.07932773109243697,1.0043495751803952
0.05546218487394958,0.07983193277310924,0.9923667438483669
0.05798319327731092,0.0001680672268907563,1.274600413913895
0.05798319327731092,0.0006722689075630252,1.274600413913895
0.05798319327731092,0.0013445378151260505,1.2745719845491574
0.05798319327731092,0.0020168067226890756,1.2745208007234792
0.05798319327731092,0.002689075630252101,1.2744476564666922
0.05798319327731092,0.0033613445378151263,1.2743527968777983
0.05798319327731092,0.004033613445378151,1.2742363119264686
0.05798319327731092,0.004705882352941176,1.2740982273098806
0.05798319327731092,0.005378151260504202,1.2739385347120553
0.05798319327731092,0.006050420168067228,1.27375720423402
0.05798319327731092,0.0067226890756302525,1.2735541902500114
0.05798319327731092,0.007394957983193277,1.2733294344415538
0.05798319327731092,0.008067226890756302,1.2730828674775183
0.05798319327731092,0.008739495798319327,1.2728144099860679
0.05798319327731092,0.009411764705882354,1.2725239731294073
0.05798319327731092,0.010084033613445379,1.2722114589420546
0.05798319327731092,0.010756302521008404,1.2718767605206653
0.05798319327731092,0.011428571428571429,1.271519762115982
0.05798319327731092,0.012100840336134453,1.2711403391571299
0.05798319327731092,0.01277310924369748,1.2707383582269194
0.05798319327731092,0.013445378151260505,1.270313676999983
0.05798319327731092,0.01411764705882353,1.2698661441514005
0.05798319327731092,0.014789915966386555,1.2693955992408283
0.05798319327731092,0.01546218487394958,1.2689018725754344
0.05798319327731092,0.016134453781512605,1.2683847850538073
0.05798319327731092,0.01680672268907563,1.267844147992216
0.05798319327731092,0.017478991596638654,1.267279762934054
0.05798319327731092,0.018151260504201683,1.2666914214428957
0.05798319327731092,0.018823529411764708,1.2660789048792995
0.05798319327731092,0.019495798319327733,1.2654419841612663
0.05798319327731092,0.020168067226890758,1.264780419508063
0.05798319327731092,0.020840336134453782,1.264093960166986
0.05798319327731092,0.021512605042016807,1.2633823441224956
0.05798319327731092,0.022184873949579832,1.2626452977870337
0.05798319327731092,0.022857142857142857,1.2618825356727335
0.05798319327731092,0.023529411764705882,1.2610937600431138
0.05798319327731092,0.024201680672268907,1.2602786605437506
0.05798319327731092,0.024873949579831932,1.2594369138108097
0.05798319327731092,0.02554621848739496,1.2585681830562143
0.05798319327731092,0.026218487394957985,1.2576721176281025
0.05798319327731092,0.02689075630252101,1.2567483525451169
0.05798319327731092,0.027563025210084035,1.2557965080029225
0.05798319327731092,0.02823529411764706,1.2548161888512301
0.05798319327731092,0.028907563025210085,1.253806984039432
0.05798319327731092,0.02957983193277311,1.252768466028807
0.05798319327731092,0.030252100840336135,1.2517001901690736
0.05798319327731092,0.03092436974789916,1.250601694036866
0.05798319327731092,0.03159663865546218,1.2494724967335145
0.05798319327731092,0.03226890756302521,1.2483120981392684
0.05798319327731092,0.03294117647058824,1.2471199781208513
0.05798319327731092,0.033613445378151266,1.2458955956889641
0.05798319327731092,0.03428571428571428,1.2446383881020442
0.05798319327731092,0.03495798319327731,1.243347769912251
0.05798319327731092,0.03563025210084034,1.2420231319492872
0.05798319327731092,0.036302521008403366,1.2406638402372456
0.05798319327731092,0.036974789915966394,1.2392692348392318
0.05798319327731092,0.03764705882352941,1.2378386286239997
0.05798319327731092,0.03831932773109244,1.2363713059483001
0.05798319327731092,0.038991596638655465,1.2348665212480086
0.05798319327731092,0.039663865546218494,1.2333234975304304
0.05798319327731092,0.04033613445378151,1.23174142475941
0.05798319327731092,0.041008403361344536,1.2301194581240267
0.05798319327731092,0.041680672268907565,1.2284567161807047
0.05798319327731092,0.04235294117647059,1.2267522788575147
0.05798319327731092,0.043025210084033615,1.2250051853082424
0.05798319327731092,0.043697478991596636,1.223214431602473
0.05798319327731092,0.044369747899159664,1.2213789682364378
0.05798319327731092,0.04504201680672269,1.2194976974476797
0.05798319327731092,0.04571428571428572,1.2175694703146833
0.05798319327731092,0.046386554621848736,1.2155930836204678
0.05798319327731092,0.047058823529411764,1.2135672764566907
0.05798319327731092,0.04773109243697479,1.211490726542044
0.05798319327731092,0.04840336134453782,1.2093620462255736
0.05798319327731092,0.049075630252100835,1.2071797781419564
0.05798319327731092,0.049747899159663864,1.2049423904816725
0.05798319327731092,0.05042016806722689,1.2026482718343081
0.05798319327731092,0.05109243697478992,1.2002957255578401
0.05798319327731092,0.05176470588235295,1.1978829636205446
0.05798319327731092,0.05243697478991596,1.195408099855028
0.05798319327731092,0.05310924369747899,1.1928691425556035
0.05798319327731092,0.05378151260504202,1.190263986340649
0.05798319327731092,0.05445378151260505,1.1875904031904252
0.05798319327731092,0.05512605042016806,1.1848460325578316
0.05798319327731092,0.05579831932773109,1.1820283704343502
0.05798319327731092,0.05647058823529412,1.1791347572355735
0.05798319327731092,0.05714285714285715,1.1761623643496721
0.05798319327731092,0.05781512605042017,1.173108179167292
0.05798319327731092,0.05848739495798319,1.1699689883818962
0.05798319327731092,0.05915966386554622,1.16674135931445
0.05798319327731092,0.05983193277310925,1.1634216189743851
0.05798319327731092,0.060504201680672276,1.1600058305184089
0.05798319327731092,0.06117647058823529,1.1564897667079983
0.05798319327731092,0.06184873949579832,1.1528688798928708
0.05798319327731092,0.06252100840336135,1.1491382679582276
0.05798319327731092,0.06319327731092438,1.1452926355640973
0.05798319327731092,0.06386554621848739,1.1413262498705259
0.05798319327731092,0.06453781512605042,1.1372328897759163
0.05798319327731092,0.06521008403361345,1.133005787488836
0.05798319327731092,0.06588235294117648,1.1286375609945067
0.05798319327731092,0.0665546218487395,1.12412013565076
0.05798319327731092,0.06722689075630252,1.119444652734041
0.05798319327731092,0.06789915966386555,1.1146013622265467
0.05798319327731092,0.06857142857142857,1.1095794964533146
0.05798319327731092,0.0692436974789916,1.1043671202913754
0.05798319327731092,0.06991596638655462,1.0989509525102605
0.05798319327731092,0.07058823529411765,1.09331615126319
0.05798319327731092,0.07126050420168067,1.0874460546873377
0.05798319327731092,0.0719327731092437,1.0813218647820124
0.05798319327731092,0.07260504201680673,1.0749222589111616
0.05798319327731092,0.07327731092436975,1.0682229079685484
0.05798319327731092,0.07394957983193277,1.0611958727647903
0.05798319327731092,0.0746218487394958,1.0538088394875624
0.05798319327731092,0.07529411764705883,1.046024139483664
0.05798319327731092,0.07596638655462185,1.0377974754285535
0.05798319327731092,0.07663865546218487,1.0290762407423422
0.05798319327731092,0.0773109243697479,1.0197972643136684
0.05798319327731092,0.07798319327731093,1.009883724879443
0.05798319327731092,0.07865546218487394,0.9992408344002078
0.05798319327731092,0.07932773109243697,0.9877496408239553
0.05798319327731092,0.07983193277310924,0.9752578536565036
0.06050420168067226,0.0001680672268907563,1.263072706653475
0.06050420168067226,0.0006722689075630252,1.263072706653475
0.06050420168067226,0.0013445378151260505,1.2630438353084448
0.06050420168067226,0.0020168067226890756,1.2629918559036055
0.06050420168067226,0.002689075630252101,1.2629175750952133
0.06050420168067226,0.0033613445378151263,1.2628212421976273
0.06050420168067226,0.004033613445378151,1.2627029491055493
0.06050420168067226,0.004705882352941176,1.262562722562965
0.06050420168067226,0.005378151260504202,1.2624005548929862
0.06050420168067226,0.006050420168067228,1.2622164166216225
0.06050420168067226,0.0067226890756302525,1.2620102624255787
0.06050420168067226,0.007394957983193277,1.261782034214201
0.06050420168067226,0.008067226890756302,1.2615316628364817
0.06050420168067226,0.008739495798319327,1.261259069069056
0.06050420168067226,0.009411764705882354,1.260964164200932
0.06050420168067226,0.010084033613445379,1.2606468503781636
0.06050420168067226,0.010756302521008404,1.2603070207978637
0.06050420168067226,0.011428571428571429,1.2599445598029086
0.06050420168067226,0.012100840336134453,1.259559342908022
0.06050420168067226,0.01277310924369748,1.2591512367761852
0.06050420168067226,0.013445378151260505,1.2587200991573804
0.06050420168067226,0.01411764705882353,1.2582657787974345
0.06050420168067226,0.014789915966386555,1.2577881153220527
0.06050420168067226,0.01546218487394958,1.2572869390993933
0.06050420168067226,0.016134453781512605,1.256762071083369
0.06050420168067226,0.01680672268907563,1.2562133226390797
0.06050420168067226,0.017478991596638654,1.2556404953512057
0.06050420168067226,0.018151260504201683,1.2550433808157913
0.06050420168067226,0.018823529411764708,1.2544217604155479
0.06050420168067226,0.019495798319327733,1.2537754050785672
0.06050420168067226,0.020168067226890758,1.253104075020148
0.06050420168067226,0.020840336134453782,1.2524075194672817
0.06050420168067226,0.021512605042016807,1.2516854763652105
0.06050420168067226,0.022184873949579832,1.2509376720653458
0.06050420168067226,0.022857142857142857,1.250163820993719
0.06050420168067226,0.023529411764705882,1.24936362529903
0.06050420168067226,0.024201680672268907,1.2485367744792477
0.06050420168067226,0.024873949579831932,1.2476829449856028
0.06050420168067226,0.02554621848739496,1.2468017998027012
0.06050420168067226,0.026218487394957985,1.2458929880033698
0.06050420168067226,0.02689075630252101,1.2449561442767105
0.06050420168067226,0.027563025210084035,1.2439908884277102
0.06050420168067226,0.02823529411764706,1.2429968248466066
0.06050420168067226,0.028907563025210085,1.241973541946051
0.06050420168067226,0.02957983193277311,1.2409206115639428
0.06050420168067226,0.030252100840336135,1.239837588329622
0.06050420168067226,0.03092436974789916,1.2387240089909037
0.06050420168067226,0.03159663865546218,1.237579391699225
0.06050420168067226,0.03226890756302521,1.2364032352499248
0.06050420168067226,0.03294117647058824,1.2351950182744154
0.06050420168067226,0.033613445378151266,1.2339541983807218
0.06050420168067226,0.03428571428571428,1.232680211238534
0.06050420168067226,0.03495798319327731,1.231372469604569
0.06050420168067226,0.03563025210084034,1.2300303622836593
0.06050420168067226,0.036302521008403366,1.228653253020542
0.06050420168067226,0.036974789915966394,1.2272404793168588
0.06050420168067226,0.03764705882352941,1.2257913511673448
0.06050420168067226,0.03831932773109244,1.224305149708607
0.06050420168067226,0.038991596638655465,1.2227811257732348
0.06050420168067226,0.039663865546218494,1.2212184983412786
0.06050420168067226,0.04033613445378151,1.2196164528803097
0.06050420168067226,0.041008403361344536,1.2179741395643975
0.06050420168067226,0.041680672268907565,1.2162906713613229
0.06050420168067226,0.04235294117647059,1.2145651219762241
0.06050420168067226,0.043025210084033615,1.2127965236386309
0.06050420168067226,0.043697478991596636,1.2109838647183957
0.06050420168067226,0.044369747899159664,1.2091260871544742
0.06050420168067226,0.04504201680672269,1.2072220836786847
0.06050420168067226,0.04571428571428572,1.2052706948145666
0.06050420168067226,0.046386554621848736,1.2032707056291594
0.06050420168067226,0.047058823529411764,1.2012208422129222
0.06050420168067226,0.04773109243697479,1.1991197678600576
0.06050420168067226,0.04840336134453782,1.196966078918149
0.06050420168067226,0.049075630252100835,1.1947583002721718
0.06050420168067226,0.049747899159663864,1.1924948804235531
0.06050420168067226,0.05042016806722689,1.190174186119928
0.06050420168067226,0.05109243697478992,1.187794496485445
0.06050420168067226,0.05176470588235295,1.1853539965948285
0.06050420168067226,0.05243697478991596,1.1828507704266942
0.06050420168067226,0.05310924369747899,1.180282793122718
0.06050420168067226,0.05378151260504202,1.1776479224688958
0.06050420168067226,0.05445378151260505,1.1749438895030855
0.06050420168067226,0.05512605042016806,1.1721682881389275
0.06050420168067226,0.05579831932773109,1.1693185636797359
0.06050420168067226,0.05647058823529412,1.16639200007654
0.06050420168067226,0.05714285714285715,1.1633857057615329
0.06050420168067226,0.05781512605042017,1.1602965978610706
0.06050420168067226,0.05848739495798319,1.157121384560108
0.06050420168067226,0.05915966386554622,1.1538565453514773
0.06050420168067226,0.05983193277310925,1.150498308857309
0.06050420168067226,0.060504201680672276,1.1470426278544172
0.06050420168067226,0.06117647058823529,1.143485151068407
0.06050420168067226,0.06184873949579832,1.139821191219825
0.06050420168067226,0.06252100840336135,1.1360456887062906
0.06050420168067226,0.06319327731092438,1.1321531701826144
0.06050420168067226,0.06386554621848739,1.1281377011505183
0.06050420168067226,0.06453781512605042,1.1239928314829815
0.06050420168067226,0.06521008403361345,1.119711532575328
0.06050420168067226,0.06588235294117648,1.1152861245225583
0.06050420168067226,0.0665546218487395,1.110708191352277
0.06050420168067226,0.06722689075630252,1.1059684818709268
0.06050420168067226,0.06789915966386555,1.1010567930753725
0.06050420168067226,0.06857142857142857,1.0959618322977063
0.06050420168067226,0.0692436974789916,1.0906710532267765
0.06050420168067226,0.06991596638655462,1.0851704595991638
0.06050420168067226,0.07058823529411765,1.0794443685528523
0.06050420168067226,0.07126050420168067,1.0734751232132724
0.06050420168067226,0.0719327731092437,1.067242740778394
0.06050420168067226,0.07260504201680673,1.0607244778098153
0.06050420168067226,0.07327731092436975,1.0538942880535718
0.06050420168067226,0.07394957983193277,1.0467221390408499
0.06050420168067226,0.0746218487394958,1.0391731406025875
0.06050420168067226,0.07529411764705883,1.031206419116943
0.06050420168067226,0.07596638655462185,1.0227736422723754
0.06050420168067226,0.07663865546218487,1.0138170544584562
0.06050420168067226,0.0773109243697479,1.0042668123546845
0.06050420168067226,0.07798319327731093,0.9940372955176225
0.06050420168067226,0.07865546218487394,0.9830218734832642
0.06050420168067226,0.07932773109243697,0.971085271938769
0.06050420168067226,0.07983193277310924,0.9580520566090667
0.06302521008403361,0.0001680672268907563,1.2514007362951618
0.06302521008403361,0.0006722689075630252,1.2514007362951618
0.06302521008403361,0.0013445378151260505,1.2513714399629337
0.06302521008403361,0.0020168067226890756,1.2513186955741773
0.06302521008403361,0.002689075630252101,1.251243321939277
0.06302521008403361,0.0033613445378151263,1.2511455724448546
0.06302521008403361,0.004033613445378151,1.2510255408613082
0.06302521008403361,0.004705882352941176,1.250883254969501
0.06302521008403361,0.005378151260504202,1.250718707742987
0.06302521008403361,0.006050420168067228,1.250531870157915
0.06302521008403361,0.0067226890756302525,1.2503226972288704
0.06302521008403361,0.007394957983193277,1.2500911311368301
0.06302521008403361,0.008067226890756302,1.2498371029620503
0.06302521008403361,0.008739495798319327,1.2495605336874727
0.06302521008403361,0.009411764705882354,1.2492613347930261
0.06302521008403361,0.010084033613445379,1.2489394086064307
0.06302521008403361,0.010756302521008404,1.248594648501212
0.06302521008403361,0.011428571428571429,1.2482269389940275
0.06302521008403361,0.012100840336134453,1.2478361557724447
0.06302521008403361,0.01277310924369748,1.247422165672389
0.06302521008403361,0.013445378151260505,1.2469848266174406
0.06302521008403361,0.01411764705882353,1.2465239875278653
0.06302521008403361,0.014789915966386555,1.246039488204527
0.06302521008403361,0.01546218487394958,1.2455311591910865
0.06302521008403361,0.016134453781512605,1.2449988216166985
0.06302521008403361,0.01680672268907563,1.2444422870206184
0.06302521008403361,0.017478991596638654,1.2438613571595605
0.06302521008403361,0.018151260504201683,1.243255823798235
0.06302521008403361,0.018823529411764708,1.242625468483183
0.06302521008403361,0.019495798319327733,1.2419700622997898
0.06302521008403361,0.020168067226890758,1.2412893656121673
0.06302521008403361,0.020840336134453782,1.2405831277854271
0.06302521008403361,0.021512605042016807,1.239851086889743
0.06302521008403361,0.022184873949579832,1.239092969385455
0.06302521008403361,0.022857142857142857,1.2383084897883685
0.06302521008403361,0.023529411764705882,1.2374973503142752
0.06302521008403361,0.024201680672268907,1.236659240501614
0.06302521008403361,0.024873949579831932,1.235793836811074
0.06302521008403361,0.02554621848739496,1.2349008022008274
0.06302521008403361,0.026218487394957985,1.2339797856759471
0.06302521008403361,0.02689075630252101,1.2330304218104364
0.06302521008403361,0.027563025210084035,1.2320523302401591
0.06302521008403361,0.02823529411764706,1.2310451151248054
0.06302521008403361,0.028907563025210085,1.2300083645768614
0.06302521008403361,0.02957983193277311,1.2289416500553783
0.06302521008403361,0.030252100840336135,1.2278445257221433
0.06302521008403361,0.03092436974789916,1.2267165277576395
0.06302521008403361,0.03159663865546218,1.2255571736339574
0.06302521008403361,0.03226890756302521,1.2243659613415687
0.06302521008403361,0.03294117647058824,1.2231423685665872
0.06302521008403361,0.033613445378151266,1.2218858518148548
0.06302521008403361,0.03428571428571428,1.2205958454788388
0.06302521008403361,0.03495798319327731,1.2192717608429708
0.06302521008403361,0.03563025210084034,1.2179129850226376
0.06302521008403361,0.036302521008403366,1.2165188798316051
0.06302521008403361,0.036974789915966394,1.2150887805721304
0.06302521008403361,0.03764705882352941,1.2136219947414915
0.06302521008403361,0.03831932773109244,1.2121178006480289
0.06302521008403361,0.038991596638655465,1.2105754459291302
0.06302521008403361,0.039663865546218494,1.2089941459628128
0.06302521008403361,0.04033613445378151,1.2073730821637245
0.06302521008403361,0.041008403361344536,1.2057114001534306
0.06302521008403361,0.041680672268907565,1.2040082077937995
0.06302521008403361,0.04235294117647059,1.2022625730711092
0.06302521008403361,0.043025210084033615,1.2004735218171763
0.06302521008403361,0.043697478991596636,1.198640035252295
0.06302521008403361,0.044369747899159664,1.1967610473331103
0.06302521008403361,0.04504201680672269,1.1948354418866234
0.06302521008403361,0.04571428571428572,1.192862049509399
0.06302521008403361,0.046386554621848736,1.1908396442085922
0.06302521008403361,0.047058823529411764,1.1887669397586564
0.06302521008403361,0.04773109243697479,1.1866425857444458
0.06302521008403361,0.04840336134453782,1.1844651632578396
0.06302521008403361,0.049075630252100835,1.1822331802109256
0.06302521008403361,0.049747899159663864,1.1799450662240858
0.06302521008403361,0.05042016806722689,1.1775991670419461
0.06302521008403361,0.05109243697478992,1.1751937384239608
0.06302521008403361,0.05176470588235295,1.1727269394492559
0.06302521008403361,0.05243697478991596,1.1701968251670913
0.06302521008403361,0.05310924369747899,1.1676013385147197
0.06302521008403361,0.05378151260504202,1.164938301413262
0.06302521008403361,0.05445378151260505,1.1622054049392205
0.06302521008403361,0.05512605042016806,1.1594001984540176
0.06302521008403361,0.05579831932773109,1.1565200775560684
0.06302521008403361,0.05647058823529412,1.1535622706988455
0.06302521008403361,0.05714285714285715,1.1505238242934792
0.06302521008403361,0.05781512605042017,1.1474015860848978
0.06302521008403361,0.05848739495798319,1.1441921865553133
0.06302521008403361,0.05915966386554622,1.1408920180667628
0.06302521008403361,0.05983193277310925,1.1374972114038648
0.06302521008403361,0.060504201680672276,1.1340036093169712
0.06302521008403361,0.06117647058823529,1.1304067365919896
0.06302521008403361,0.06184873949579832,1.12670176608318
0.06302521008403361,0.06252100840336135,1.1228834800350824
0.06302521008403361,0.06319327731092438,1.1189462258842326
0.06302521008403361,0.06386554621848739,1.1148838655636208
0.06302521008403361,0.06453781512605042,1.110689717124117
0.06302521008403361,0.06521008403361345,1.1063564872255918
0.06302521008403361,0.06588235294117648,1.1018761927207033
0.06302521008403361,0.0665546218487395,1.0972400691355202
0.06302521008403361,0.06722689075630252,1.0924384633152284
0.06302521008403361,0.06789915966386555,1.0874607068118611
0.06302521008403361,0.06857142857142857,1.0822949656915681
0.06302521008403361,0.0692436974789916,1.076928061257951
0.06302521008403361,0.06991596638655462,1.0713452546220052
0.06302521008403361,0.07058823529411765,1.065529985950555
0.06302521008403361,0.07126050420168067,1.059463556380314
0.06302521008403361,0.0719327731092437,1.0531247366805834
0.06302521008403361,0.07260504201680673,1.0464892813171878
0.06302521008403361,0.07327731092436975,1.039529318905378
0.06302521008403361,0.07394957983193277,1.0322125790456627
0.06302521008403361,0.0746218487394958,1.0245013994871384
0.06302521008403361,0.07529411764705883,1.016351433670116
0.06302521008403361,0.07596638655462185,1.007709942346915
0.06302521008403361,0.07663865546218487,0.9985134962977598
0.06302521008403361,0.0773109243697479,0.9886848262932372
0.06302521008403361,0.07798319327731093,0.9781284060855049
0.06302521008403361,0.07865546218487394,0.9667240960167366
0.06302521008403361,0.07932773109243697,0.9543177117799375
0.06302521008403361,0.07983193277310924,0.9407065078387087
0.06554621848739495,0.0001680672268907563,1.2395671543508096
0.06554621848739495,0.0006722689075630252,1.2395671543508096
0.06554621848739495,0.0013445378151260505,1.2395374456201176
0.06554621848739495,0.0020168067226890756,1.239483958911818
0.06554621848739495,0.002689075630252101,1.2394075248389629
0.06554621848739495,0.0033613445378151263,1.2393084007522637
0.06554621848739495,0.004033613445378151,1.2391866822584892
0.06554621848739495,0.004705882352941176,1.2390423981646284
0.06554621848739495,0.005378151260504202,1.2388755420990596
0.06554621848739495,0.006050420168067228,1.2386860855020403
0.06554621848739495,0.0067226890756302525,1.23847398374696
0.06554621848739495,0.007394957983193277,1.2382391793129046
0.06554621848739495,0.008067226890756302,1.2379816035426354
0.06554621848739495,0.008739495798319327,1.237701177660918
0.06554621848739495,0.009411764705882354,1.2373978133780819
0.06554621848739495,0.010084033613445379,1.2370714132467455
0.06554621848739495,0.010756302521008404,1.2367218708636825
0.06554621848739495,0.011428571428571429,1.2363490709696672
0.06554621848739495,0.012100840336134453,1.235952889478868
0.06554621848739495,0.01277310924369748,1.2355331934572784
0.06554621848739495,0.013445378151260505,1.2350898410625328
0.06554621848739495,0.01411764705882353,1.2346226814530952
0.06554621848739495,0.014789915966386555,1.2341315546720442
0.06554621848739495,0.01546218487394958,1.2336162915088973
0.06554621848739495,0.016134453781512605,1.233076713341715
0.06554621848739495,0.01680672268907563,1.23251263196091
0.06554621848739495,0.017478991596638654,1.2319238493756108
0.06554621848739495,0.018151260504201683,1.2313101576030026
0.06554621848739495,0.018823529411764708,1.2306713384407635
0.06554621848739495,0.019495798319327733,1.2300071632224627
0.06554621848739495,0.020168067226890758,1.2293173925555962
0.06554621848739495,0.020840336134453782,1.22860177604177
0.06554621848739495,0.021512605042016807,1.2278600519784
0.06554621848739495,0.022184873949579832,1.227091947041165
0.06554621848739495,0.022857142857142857,1.2262971759463321
0.06554621848739495,0.023529411764705882,1.2254754410919564
0.06554621848739495,0.024201680672268907,1.2246264321768316
0.06554621848739495,0.024873949579831932,1.223749825795965
0.06554621848739495,0.02554621848739496,1.2228452850112124
0.06554621848739495,0.026218487394957985,1.2219124588955879
0.06554621848739495,0.02689075630252101,1.2209509820496212
0.06554621848739495,0.027563025210084035,1.2199604740879977
0.06554621848739495,0.02823529411764706,1.2189405390945476
0.06554621848739495,0.028907563025210085,1.2178907650434905
0.06554621848739495,0.02957983193277311,1.2168107231846506
0.06554621848739495,0.030252100840336135,1.2156999673901607
0.06554621848739495,0.03092436974789916,1.2145580334599584
0.06554621848739495,0.03159663865546218,1.2133844383831205
0.06554621848739495,0.03226890756302521,1.2121786795518454
0.06554621848739495,0.03294117647058824,1.2109402339245845
0.06554621848739495,0.033613445378151266,1.2096685571345118
0.06554621848739495,0.03428571428571428,1.2083630825391782
0.06554621848739495,0.03495798319327731,1.2070232202068008
0.06554621848739495,0.03563025210084034,1.2056483558342224
0.06554621848739495,0.036302521008403366,1.2042378495910948
0.06554621848739495,0.036974789915966394,1.2027910348843287
0.06554621848739495,0.03764705882352941,1.2013072170362638
0.06554621848739495,0.03831932773109244,1.199785671869374
0.06554621848739495,0.038991596638655465,1.1982256441896075
0.06554621848739495,0.039663865546218494,1.1966263461596618
0.06554621848739495,0.04033613445378151,1.194986955552599
0.06554621848739495,0.041008403361344536,1.1933066138752209
0.06554621848739495,0.041680672268907565,1.1915844243494966
0.06554621848739495,0.04235294117647059,1.1898194497390935
0.06554621848739495,0.043025210084033615,1.1880107100066513
0.06554621848739495,0.043697478991596636,1.1861571797858659
0.06554621848739495,0.044369747899159664,1.1842577856506553
0.06554621848739495,0.04504201680672269,1.1823114031616788
0.06554621848739495,0.04571428571428572,1.1803168536681923
0.06554621848739495,0.046386554621848736,1.178272900840643
0.06554621848739495,0.047058823529411764,1.1761782469064752
0.06554621848739495,0.04773109243697479,1.174031528558264
0.06554621848739495,0.04840336134453782,1.1718313124994915
0.06554621848739495,0.049075630252100835,1.1695760905889094
0.06554621848739495,0.049747899159663864,1.1672642745394337
0.06554621848739495,0.05042016806722689,1.164894190121764
0.06554621848739495,0.05109243697478992,1.162464070816302
0.06554621848739495,0.05176470588235295,1.159972050849289
0.06554621848739495,0.05243697478991596,1.157416157540223
0.06554621848739495,0.05310924369747899,1.1547943028773155
0.06554621848739495,0.05378151260504202,1.1521042742257654
0.06554621848739495,0.05445378151260505,1.1493437240596025
0.06554621848739495,0.05512605042016806,1.1465101585914277
0.06554621848739495,0.05579831932773109,1.1436009251550565
0.06554621848739495,0.05647058823529412,1.140613198173254
0.06554621848739495,0.05714285714285715,1.1375439635157474
0.06554621848739495,0.05781512605042017,1.1343900010205672
0.06554621848739495,0.05848739495798319,1.1311478649134346
0.06554621848739495,0.05915966386554622,1.1278138618139533
0.06554621848739495,0.05983193277310925,1.1243840259620428
0.06554621848739495,0.060504201680672276,1.120854091231166
0.06554621848739495,0.06117647058823529,1.117219459413624
0.06554621848739495,0.06184873949579832,1.113475164163985
0.06554621848739495,0.06252100840336135,1.1096158298649055
0.06554621848739495,0.06319327731092438,1.1056356245293206
0.06554621848739495,0.06386554621848739,1.1015282056663886
0.06554621848739495,0.06453781512605042,1.0972866578055482
0.06554621848739495,0.06521008403361345,1.0929034200800838
0.06554621848739495,0.06588235294117648,1.0883702019007626
0.06554621848739495,0.0665546218487395,1.0836778842772428
0.06554621848739495,0.06722689075630252,1.0788164037372645
0.06554621848739495,0.06789915966386555,1.0737746150061838
0.06554621848739495,0.06857142857142857,1.0685401275798898
0.06554621848739495,0.0692436974789916,1.063099109965282
0.06554621848739495,0.06991596638655462,1.0574360535504848
0.06554621848739495,0.07058823529411765,1.0515334856239582
0.06554621848739495,0.07126050420168067,1.0453716177284211
0.06554621848739495,0.0719327731092437,1.038927910928569
0.06554621848739495,0.07260504201680673,1.0321765331141186
0.06554621848739495,0.07327731092436975,1.0250876742684807
0.06554621848739495,0.07394957983193277,1.0176266723286247
0.06554621848739495,0.0746218487394958,1.0097528826412605
0.06554621848739495,0.07529411764705883,1.001418194483187
0.06554621848739495,0.07596638655462185,0.992565052610854
0.06554621848739495,0.07663865546218487,0.9831237698634463
0.06554621848739495,0.0773109243697479,0.9730087996999769
0.06554621848739495,0.07798319327731093,0.9621134402235719
0.06554621848739495,0.07865546218487394,0.9503020954571566
0.06554621848739495,0.07932773109243697,0.93739858465379
0.06554621848739495,0.07983193277310924,0.9231677565346028
0.0680672268907563,0.0001680672268907563,1.2275512563591355
0.0680672268907563,0.0006722689075630252,1.2275512563591355
0.0680672268907563,0.0013445378151260505,1.227521142600289
0.0680672268907563,0.0020168067226890756,1.2274669268401859
0.0680672268907563,0.002689075630252101,1.2273894512864623
0.0680672268907563,0.0033613445378151263,1.2272889771874222
0.0680672268907563,0.004033613445378151,1.227165601959124
0.0680672268907563,0.004705882352941176,1.2270193554234194
0.0680672268907563,0.005378151260504202,1.2268502318601742
0.0680672268907563,0.006050420168067228,1.2266582031750721
0.0680672268907563,0.0067226890756302525,1.226443225104709
0.0680672268907563,0.007394957983193277,1.2262052404329256
0.0680672268907563,0.008067226890756302,1.2259441807733806
0.0680672268907563,0.008739495798319327,1.22565996760249
0.0680672268907563,0.009411764705882354,1.225352512872029
0.0680672268907563,0.010084033613445379,1.2250217193716224
0.0680672268907563,0.010756302521008404,1.2246674809343483
0.0680672268907563,0.011428571428571429,1.2242896825390093
0.0680672268907563,0.012100840336134453,1.2238882003410685
0.0680672268907563,0.01277310924369748,1.2234629016520069
0.0680672268907563,0.013445378151260505,1.2230136448796112
0.0680672268907563,0.01411764705882353,1.2225402794372915
0.0680672268907563,0.014789915966386555,1.2220426456277176
0.0680672268907563,0.01546218487394958,1.2215205745042619
0.0680672268907563,0.016134453781512605,1.2209738877125182
0.0680672268907563,0.01680672268907563,1.2204023973133387
0.0680672268907563,0.017478991596638654,1.219805905588237
0.0680672268907563,0.018151260504201683,1.2191842048275965
0.0680672268907563,0.018823529411764708,1.2185370771017796
0.0680672268907563,0.019495798319327733,1.2178642940150093
0.0680672268907563,0.020168067226890758,1.2171656164416818
0.0680672268907563,0.020840336134453782,1.216440794244602
0.0680672268907563,0.021512605042016807,1.215689565974497
0.0680672268907563,0.022184873949579832,1.214911658550015
0.0680672268907563,0.022857142857142857,1.2141067869173128
0.0680672268907563,0.023529411764705882,1.213274653688194
0.0680672268907563,0.024201680672268907,1.2124149487556555
0.0680672268907563,0.024873949579831932,1.2115273488855662
0.0680672268907563,0.02554621848739496,1.2106115172830838
0.0680672268907563,0.026218487394957985,1.2096671031322768
0.0680672268907563,0.02689075630252101,1.2086937411072758
0.0680672268907563,0.027563025210084035,1.207691050853135
0.0680672268907563,0.02823529411764706,1.2066586364344147
0.0680672268907563,0.028907563025210085,1.2055960857493193
0.0680672268907563,0.02957983193277311,1.2045029699070415
0.0680672268907563,0.030252100840336135,1.2033788425657472
0.0680672268907563,0.03092436974789916,1.2022232392284118
0.0680672268907563,0.03159663865546218,1.2010356764934715
0.0680672268907563,0.03226890756302521,1.1998156512569766
0.0680672268907563,0.03294117647058824,1.198562639862635
0.0680672268907563,0.033613445378151266,1.1972760971958072
0.0680672268907563,0.03428571428571428,1.1959554557171457
0.0680672268907563,0.03495798319327731,1.1946001244311717
0.0680672268907563,0.03563025210084034,1.1932094877846384
0.0680672268907563,0.036302521008403366,1.19178290448904
0.0680672268907563,0.036974789915966394,1.190319706261072
0.0680672268907563,0.03764705882352941,1.1888191964742552
0.0680672268907563,0.03831932773109244,1.1872806487142487
0.0680672268907563,0.038991596638655465,1.1857033052296377
0.0680672268907563,0.039663865546218494,1.184086375269139
0.0680672268907563,0.04033613445378151,1.182429033295229
0.0680672268907563,0.041008403361344536,1.180730417063163
0.0680672268907563,0.041680672268907565,1.17898962555317
0.0680672268907563,0.04235294117647059,1.1772057167422976
0.0680672268907563,0.043025210084033615,1.1753777052008993
0.0680672268907563,0.043697478991596636,1.1735045594970872
0.0680672268907563,0.044369747899159664,1.1715851993905917
0.0680672268907563,0.04504201680672269,1.1696184927953444
0.0680672268907563,0.04571428571428572,1.16760325248768
0.0680672268907563,0.046386554621848736,1.1655382325343315
0.0680672268907563,0.047058823529411764,1.1634221244112604
0.0680672268907563,0.04773109243697479,1.1612535527808334
0.0680672268907563,0.04840336134453782,1.1590310708907898
0.0680672268907563,0.049075630252100835,1.1567531555538046
0.0680672268907563,0.049747899159663864,1.154418201661127
0.0680672268907563,0.05042016806722689,1.1520245161776372
0.0680672268907563,0.05109243697478992,1.1495703115585907
0.0680672268907563,0.05176470588235295,1.14705369852014
0.0680672268907563,0.05243697478991596,1.1444726780862282
0.0680672268907563,0.05310924369747899,1.1418251328234117
0.0680672268907563,0.05378151260504202,1.1391088171622852
0.0680672268907563,0.05445378151260505,1.1363213466891073
0.0680672268907563,0.05512605042016806,1.1334601862735207
0.0680672268907563,0.05579831932773109,1.1305226368774008
0.0680672268907563,0.05647058823529412,1.127505820865218
0.0680672268907563,0.05714285714285715,1.1244066656070155
0.0680672268907563,0.05781512605042017,1.1212218851302598
0.0680672268907563,0.05848739495798319,1.117947959535111
0.0680672268907563,0.05915966386554622,1.1145811118375768
0.0680672268907563,0.05983193277310925,1.1111172818445871
0.0680672268907563,0.060504201680672276,1.1075520965917844
0.0680672268907563,0.06117647058823529,1.1038808367856174
0.0680672268907563,0.06184873949579832,1.1000983985821196
0.0680672268907563,0.06252100840336135,1.0961992499003386
0.0680672268907563,0.06319327731092438,1.092177380302004
0.0680672268907563,0.06386554621848739,1.0880262432618295
0.0680672268907563,0.06453781512605042,1.0837386893932093
0.0680672268907563,0.06521008403361345,1.0793068888665025
0.0680672268907563,0.06588235294117648,1.0747222408408987
0.0680672268907563,0.0665546218487395,1.0699752671980003
0.0680672268907563,0.06722689075630252,1.0650554871775486
0.0680672268907563,0.06789915966386555,1.059951268620472
0.0680672268907563,0.06857142857142857,1.054649650348241
0.0680672268907563,0.0692436974789916,1.0491361286468495
0.0680672268907563,0.06991596638655462,1.0433943987308534
0.0680672268907563,0.07058823529411765,1.0374060392238311
0.0680672268907563,0.07126050420168067,1.0311501237923726
0.0680672268907563,0.0719327731092437,1.0246027386425587
0.0680672268907563,0.07260504201680673,1.0177363769196635
0.0680672268907563,0.07327731092436975,1.0105191700432954
0.0680672268907563,0.07394957983193277,1.0029138999243858
0.0680672268907563,0.0746218487394958,0.9948767120412485
0.0680672268907563,0.07529411764705883,0.9863554128502676
0.0680672268907563,0.07596638655462185,0.9772871780486554
0.0680672268907563,0.07663865546218487,0.9675954068479548
0.0680672268907563,0.0773109243697479,0.9571853062103886
0.0680672268907563,0.07798319327731093,0.9459375295173422
0.0680672268907563,0.07865546218487394,0.9336987295871493
0.0680672268907563,0.07932773109243697,0.9202670112770744
0.0680672268907563,0.07983193277310924,0.9053685179000799
0.07058823529411765,0.0001680672268907563,1.2153284617730946
0.07058823529411765,0.0006722689075630252,1.2153284617730946
0.07058823529411765,0.0013445378151260505,1.2152979441676788
0.07058823529411765,0.0020168067226890756,1.215243001479751
0.07058823529411765,0.002689075630252101,1.2151644874736287
0.07058823529411765,0.0033613445378151263,1.2150626672783245
0.07058823529411765,0.004033613445378151,1.2149376401068783
0.07058823529411765,0.004705882352941176,1.214789436784427
0.07058823529411765,0.005378151260504202,1.214618052230154
0.07058823529411765,0.006050420168067228,1.2144234588018294
0.07058823529411765,0.0067226890756302525,1.2142056125844236
0.07058823529411765,0.007394957983193277,1.213964456650006
0.07058823529411765,0.008067226890756302,1.2136999228647576
0.07058823529411765,0.008739495798319327,1.213411932936388
0.07058823529411765,0.009411764705882354,1.213100399035666
0.07058823529411765,0.010084033613445379,1.212765224164562
0.07058823529411765,0.010756302521008404,1.212406302365485
0.07058823529411765,0.011428571428571429,1.2120235188258777
0.07058823529411765,0.012100840336134453,1.2116167499105985
0.07058823529411765,0.01277310924369748,1.2111858631421137
0.07058823529411765,0.013445378151260505,1.2107307171411736
0.07058823529411765,0.01411764705882353,1.2102511615361813
0.07058823529411765,0.014789915966386555,1.209747036846615
0.07058823529411765,0.01546218487394958,1.2092181743440384
0.07058823529411765,0.016134453781512605,1.2086643958929937
0.07058823529411765,0.01680672268907563,1.2080855137732411
0.07058823529411765,0.017478991596638654,1.2074813304842067
0.07058823529411765,0.018151260504201683,1.2068516385320662
0.07058823529411765,0.018823529411764708,1.206196220199577
0.07058823529411765,0.019495798319327733,1.2055148472985107
0.07058823529411765,0.020168067226890758,1.2048072809043364
0.07058823529411765,0.020840336134453782,1.2040732710726418
0.07058823529411765,0.021512605042016807,1.203312556536618
0.07058823529411765,0.022184873949579832,1.2025248643848063
0.07058823529411765,0.022857142857142857,1.2017099097181831
0.07058823529411765,0.023529411764705882,1.2008673952855182
0.07058823529411765,0.024201680672268907,1.1999970110958347
0.07058823529411765,0.024873949579831932,1.199098434006666
0.07058823529411765,0.02554621848739496,1.1981713272866703
0.07058823529411765,0.026218487394957985,1.1972153401510381
0.07058823529411765,0.02689075630252101,1.1962301072679637
0.07058823529411765,0.027563025210084035,1.1952152482343184
0.07058823529411765,0.02823529411764706,1.1941703670184731
0.07058823529411765,0.028907563025210085,1.1930950513680516
0.07058823529411765,0.02957983193277311,1.191988872180193
0.07058823529411765,0.030252100840336135,1.1908513828316842
0.07058823529411765,0.03092436974789916,1.1896821184660946
0.07058823529411765,0.03159663865546218,1.1884805952347781
0.07058823529411765,0.03226890756302521,1.1872463094883396
0.07058823529411765,0.03294117647058824,1.1859787369148336
0.07058823529411765,0.033613445378151266,1.1846773316206385
0.07058823529411765,0.03428571428571428,1.183341525149557
0.07058823529411765,0.03495798319327731,1.18197072543529
0.07058823529411765,0.03563025210084034,1.1805643156819554
0.07058823529411765,0.036302521008403366,1.1791216531668205
0.07058823529411765,0.036974789915966394,1.1776420679588449
0.07058823529411765,0.03764705882352941,1.1761248615460003
0.07058823529411765,0.03831932773109244,1.174569305363625
0.07058823529411765,0.038991596638655465,1.1729746392152982
0.07058823529411765,0.039663865546218494,1.171340069576824
0.07058823529411765,0.04033613445378151,1.169664767772957
0.07058823529411765,0.041008403361344536,1.1679478680153903
0.07058823529411765,0.041680672268907565,1.1661884652892949
0.07058823529411765,0.04235294117647059,1.1643856130743289
0.07058823529411765,0.043025210084033615,1.1625383208844602
0.07058823529411765,0.043697478991596636,1.160645551609205
0.07058823529411765,0.044369747899159664,1.1587062186368888
0.07058823529411765,0.04504201680672269,1.1567191827383025
0.07058823529411765,0.04571428571428572,1.1546832486865604
0.07058823529411765,0.046386554621848736,1.1525971615860964
0.07058823529411765,0.047058823529411764,1.1504596028804177
0.07058823529411765,0.04773109243697479,1.1482691860044785
0.07058823529411765,0.04840336134453782,1.1460244516432392
0.07058823529411765,0.049075630252100835,1.1437238625530364
0.07058823529411765,0.049747899159663864,1.1413657978967156
0.07058823529411765,0.05042016806722689,1.1389485470369536
0.07058823529411765,0.05109243697478992,1.1364703027246439
0.07058823529411765,0.05176470588235295,1.133929153610479
0.07058823529411765,0.05243697478991596,1.131323075997709
0.07058823529411765,0.05310924369747899,1.1286499247422328
0.07058823529411765,0.05378151260504202,1.125907423192346
0.07058823529411765,0.05445378151260505,1.1230931520442862
0.07058823529411765,0.05512605042016806,1.1202045369706444
0.07058823529411765,0.05579831932773109,1.1172388348562414
0.07058823529411765,0.05647058823529412,1.114193118449428
0.07058823529411765,0.05714285714285715,1.1110642592051116
0.07058823529411765,0.05781512605042017,1.1078489080580223
0.07058823529411765,0.05848739495798319,1.1045434738194428
0.07058823529411765,0.05915966386554622,1.1011440988361152
0.07058823529411765,0.05983193277310925,1.0976466314841262
0.07058823529411765,0.060504201680672276,1.0940465949905003
0.07058823529411765,0.06117647058823529,1.0903391519774603
0.07058823529411765,0.06184873949579832,1.0865190640043094
0.07058823529411765,0.06252100840336135,1.082580645233789
0.07058823529411765,0.06319327731092438,1.0785177091658946
0.07058823529411765,0.06386554621848739,1.0743235071524508
0.07058823529411765,0.06453781512605042,1.0699906571169708
0.07058823529411765,0.06521008403361345,1.065511060538718
0.07058823529411765,0.06588235294117648,1.0608758052935758
0.07058823529411765,0.0665546218487395,1.0560750513449522
0.07058823529411765,0.06722689075630252,1.0510978955010175
0.07058823529411765,0.06789915966386555,1.0459322104385333
0.07058823529411765,0.06857142857142857,1.0405644518520272
0.07058823529411765,0.0692436974789916,1.0349794257975578
0.07058823529411765,0.06991596638655462,1.029160005886761
0.07058823529411765,0.07058823529411765,1.0230867866924567
0.07058823529411765,0.07126050420168067,1.0167376551719378
0.07058823529411765,0.0719327731092437,1.0100872555263372
0.07058823529411765,0.07260504201680673,1.0031063138182854
0.07058823529411765,0.07327731092436975,0.9957607754968151
0.07058823529411765,0.07394957983193277,0.9880106895429667
0.07058823529411765,0.0746218487394958,0.9798087436783737
0.07058823529411765,0.07529411764705883,0.9710983099707264
0.07058823529411765,0.07596638655462185,0.9618107888396698
0.07058823529411765,0.07663865546218487,0.9518619233278418
0.07058823529411765,0.0773109243697479,0.9411465599814474
0.07058823529411765,0.07798319327731093,0.9295309905425159
0.07058823529411765,0.07865546218487394,0.9168413820992287
0.07058823529411765,0.07932773109243697,0.9028455918230618
0.07058823529411765,0.07983193277310924,0.8872231585794291
0.07310924369747898,0.0001680672268907563,1.2028696743726355
0.07310924369747898,0.0006722689075630252,1.2028696743726355
0.07310924369747898,0.0013445378151260505,1.202838746736757
0.07310924369747898,0.0020168067226890756,1.2027830659823509
0.07310924369747898,0.002689075630252101,1.2027034975951514
0.07310924369747898,0.0033613445378151263,1.2026003106272167
0.07310924369747898,0.004033613445378151,1.2024736060940386
0.07310924369747898,0.004705882352941176,1.2023234158123153
0.07310924369747898,0.005378151260504202,1.2021497353181185
0.07310924369747898,0.006050420168067228,1.2019525373907656
0.07310924369747898,0.0067226890756302525,1.2017317784261128
0.07310924369747898,0.007394957983193277,1.2014874017405524
0.07310924369747898,0.008067226890756302,1.2012193394026927
0.07310924369747898,0.008739495798319327,1.2009275132953163
0.07310924369747898,0.009411764705882354,1.2006118357458084
0.07310924369747898,0.010084033613445379,1.2002722098998653
0.07310924369747898,0.010756302521008404,1.1999085299342345
0.07310924369747898,0.011428571428571429,1.1995206811634846
0.07310924369747898,0.012100840336134453,1.1991085400736694
0.07310924369747898,0.01277310924369748,1.1986719743031762
0.07310924369747898,0.013445378151260505,1.198210842583615
0.07310924369747898,0.01411764705882353,1.1977249946490596
0.07310924369747898,0.014789915966386555,1.1972142711190845
0.07310924369747898,0.01546218487394958,1.196678503359177
0.07310924369747898,0.016134453781512605,1.1961175133208557
0.07310924369747898,0.01680672268907563,1.195531113362982
0.07310924369747898,0.017478991596638654,1.1949191060551312
0.07310924369747898,0.018151260504201683,1.1942812839634707
0.07310924369747898,0.018823529411764708,1.1936174294192492
0.07310924369747898,0.019495798319327733,1.1929273142697474
0.07310924369747898,0.020168067226890758,1.1922106996113413
0.07310924369747898,0.020840336134453782,1.1914673355041434
0.07310924369747898,0.021512605042016807,1.1906969606675444
0.07310924369747898,0.022184873949579832,1.1898993021558362
0.07310924369747898,0.022857142857142857,1.189074075012961
0.07310924369747898,0.023529411764705882,1.1882209819053153
0.07310924369747898,0.024201680672268907,1.1873397127313976
0.07310924369747898,0.024873949579831932,1.18642994420697
0.07310924369747898,0.02554621848739496,1.1854913394242588
0.07310924369747898,0.026218487394957985,1.1845235473835924
0.07310924369747898,0.02689075630252101,1.183526202495705
0.07310924369747898,0.027563025210084035,1.1824989240527939
0.07310924369747898,0.02823529411764706,1.1814413156662324
0.07310924369747898,0.028907563025210085,1.1803529646686581
0.07310924369747898,0.02957983193277311,1.1792334414779528
0.07310924369747898,0.030252100840336135,1.1780822989204087
0.07310924369747898,0.03092436974789916,1.1768990715101353
0.07310924369747898,0.03159663865546218,1.1756832746814914
0.07310924369747898,0.03226890756302521,1.174434403971042
0.07310924369747898,0.03294117647058824,1.1731519341452135
0.07310924369747898,0.033613445378151266,1.171835318269472
0.07310924369747898,0.03428571428571428,1.1704839867144559
0.07310924369747898,0.03495798319327731,1.1690973460940597
0.07310924369747898,0.03563025210084034,1.167674778130001
0.07310924369747898,0.036302521008403366,1.1662156384368487
0.07310924369747898,0.036974789915966394,1.1647192552209233
0.07310924369747898,0.03764705882352941,1.1631849278858104
0.07310924369747898,0.03831932773109244,1.161611925536496
0.07310924369747898,0.038991596638655465,1.1599994853733262
0.07310924369747898,0.039663865546218494,1.1583468109660648
0.07310924369747898,0.04033613445378151,1.156653070397314
0.07310924369747898,0.041008403361344536,1.1549173942634035
0.07310924369747898,0.041680672268907565,1.1531388735195771
0.07310924369747898,0.04235294117647059,1.1513165571548454
0.07310924369747898,0.043025210084033615,1.1494494496802445
0.07310924369747898,0.043697478991596636,1.1475365084123976
0.07310924369747898,0.044369747899159664,1.1455766405321834
0.07310924369747898,0.04504201680672269,1.1435686998959567
0.07310924369747898,0.04571428571428572,1.1415114835740734
0.07310924369747898,0.046386554621848736,1.1394037280884277
0.07310924369747898,0.047058823529411764,1.13724410531721
0.07310924369747898,0.04773109243697479,1.1350312180311246
0.07310924369747898,0.04840336134453782,1.1327635950207406
0.07310924369747898,0.049075630252100835,1.130439685769411
0.07310924369747898,0.049747899159663864,1.1280578546201752
0.07310924369747898,0.05042016806722689,1.1256163743781042
0.07310924369747898,0.05109243697478992,1.1231134192815087
0.07310924369747898,0.05176470588235295,1.120547057266098
0.07310924369747898,0.05243697478991596,1.1179152414353353
0.07310924369747898,0.05310924369747899,1.1152158006375634
0.07310924369747898,0.05378151260504202,1.1124464290356806
0.07310924369747898,0.05445378151260505,1.1096046745377268
0.07310924369747898,0.05512605042016806,1.1066879259362783
0.07310924369747898,0.05579831932773109,1.1036933985803148
0.07310924369747898,0.05647058823529412,1.1006181183744903
0.07310924369747898,0.05714285714285715,1.0974589038665201
0.07310924369747898,0.05781512605042017,1.0942123461424698
0.07310924369747898,0.05848739495798319,1.09087478620059
0.07310924369747898,0.05915966386554622,1.087442289415074
0.07310924369747898,0.05983193277310925,1.0839106166292807
0.07310924369747898,0.060504201680672276,1.0802751913305326
0.07310924369747898,0.06117647058823529,1.0765310622515452
0.07310924369747898,0.06184873949579832,1.0726728606118403
0.07310924369747898,0.06252100840336135,1.068694751049502
0.07310924369747898,0.06319327731092438,1.064590375090693
0.07310924369747898,0.06386554621848739,1.0603527857500679
0.07310924369747898,0.06453781512605042,1.055974371534481
0.07310924369747898,0.06521008403361345,1.051446767714865
0.07310924369747898,0.06588235294117648,1.0467607522094704
0.07310924369747898,0.0665546218487395,1.0419061227483821
0.07310924369747898,0.06722689075630252,1.036871551112772
0.07310924369747898,0.06789915966386555,1.0316444090908359
0.07310924369747898,0.06857142857142857,1.0262105592643893
0.07310924369747898,0.0692436974789916,1.0205541016909099
0.07310924369747898,0.06991596638655462,1.0146570647658821
0.07310924369747898,0.07058823529411765,1.008499024731904
0.07310924369747898,0.07126050420168067,1.0020566329850666
0.07310924369747898,0.0719327731092437,0.9953030228187418
0.07310924369747898,0.07260504201680673,0.9882070564623593
0.07310924369747898,0.07327731092436975,0.9807323575164837
0.07310924369747898,0.07394957983193277,0.9728360504074599
0.07310924369747898,0.0746218487394958,0.9644670927340823
0.07310924369747898,0.07529411764705883,0.9555640306036248
0.07310924369747898,0.07596638655462185,0.9460519176300475
0.07310924369747898,0.07663865546218487,0.9358379903727458
0.07310924369747898,0.0773109243697479,0.9248054395273141
0.07310924369747898,0.07798319327731093,0.9128041634100871
0.07310924369747898,0.07865546218487394,0.8996365409753189
0.07310924369747898,0.07932773109243697,0.8850345719917707
0.07310924369747898,0.07983193277310924,0.8686211180176293
0.07563025210084032,0.0001680672268907563,1.1901404872427608
0.07563025210084032,0.0006722689075630252,1.1901404872427608
0.07563025210084032,0.0013445378151260505,1.1901091345738146
0.07563025210084032,0.0020168067226890756,1.1900526887349476
0.07563025210084032,0.002689075630252101,1.1899720273408227
0.07563025210084032,0.0033613445378151263,1.189867423479989
0.07563025210084032,0.004033613445378151,1.1897389799974187
0.07563025210084032,0.004705882352941176,1.189586729689786
0.07563025210084032,0.005378151260504202,1.189410668675674
0.07563025210084032,0.006050420168067228,1.1892107701051695
0.07563025210084032,0.0067226890756302525,1.1889869906207404
0.07563025210084032,0.007394957983193277,1.1887392737067226
0.07563025210084032,0.008067226890756302,1.1884675515463279
0.07563025210084032,0.008739495798319327,1.1881717460984067
0.07563025210084032,0.009411764705882354,1.1878517697368098
0.07563025210084032,0.010084033613445379,1.187507525629559
0.07563025210084032,0.010756302521008404,1.1871389079548926
0.07563025210084032,0.011428571428571429,1.18674580200995
0.07563025210084032,0.012100840336134453,1.1863280842454105
0.07563025210084032,0.01277310924369748,1.1858856222466652
0.07563025210084032,0.013445378151260505,1.185418274674558
0.07563025210084032,0.01411764705882353,1.1849258911741312
0.07563025210084032,0.014789915966386555,1.1844083122569011
0.07563025210084032,0.01546218487394958,1.1838653691602965
0.07563025210084032,0.016134453781512605,1.1832968836866393
0.07563025210084032,0.01680672268907563,1.1827026680231678
0.07563025210084032,0.017478991596638654,1.1820825245440048
0.07563025210084032,0.018151260504201683,1.181436245594517
0.07563025210084032,0.018823529411764708,1.1807636132581834
0.07563025210084032,0.019495798319327733,1.180064399105824
0.07563025210084032,0.020168067226890758,1.179338363926839
0.07563025210084032,0.020840336134453782,1.1785852574419167
0.07563025210084032,0.021512605042016807,1.1778048179965257
0.07563025210084032,0.022184873949579832,1.1769967722343546
0.07563025210084032,0.022857142857142857,1.1761608347497359
0.07563025210084032,0.023529411764705882,1.1752967077179488
0.07563025210084032,0.024201680672268907,1.1744040805021807
0.07563025210084032,0.024873949579831932,1.173482629235774
0.07563025210084032,0.02554621848739496,1.1725320163782633
0.07563025210084032,0.026218487394957985,1.171551890243551
0.07563025210084032,0.02689075630252101,1.1705418844984241
0.07563025210084032,0.027563025210084035,1.1695016176294397
0.07563025210084032,0.02823529411764706,1.16843069237604
0.07563025210084032,0.028907563025210085,1.1673286951275597
0.07563025210084032,0.02957983193277311,1.166195195281581
0.07563025210084032,0.030252100840336135,1.1650297445608704
0.07563025210084032,0.03092436974789916,1.1638318762858728
0.07563025210084032,0.03159663865546218,1.162601104599484
0.07563025210084032,0.03226890756302521,1.1613369236405042
0.07563025210084032,0.03294117647058824,1.1600388066618657
0.07563025210084032,0.033613445378151266,1.1587062050893542
0.07563025210084032,0.03428571428571428,1.1573385475161444
0.07563025210084032,0.03495798319327731,1.1559352386280304
0.07563025210084032,0.03563025210084034,1.1544956580537349
0.07563025210084032,0.036302521008403366,1.1530191591341408
0.07563025210084032,0.036974789915966394,1.1515050676036644
0.07563025210084032,0.03764705882352941,1.1499526801763322
0.07563025210084032,0.03831932773109244,1.1483612630283468
0.07563025210084032,0.038991596638655465,1.1467300501680884
0.07563025210084032,0.039663865546218494,1.1450582416835517
0.07563025210084032,0.04033613445378151,1.1433450018561477
0.07563025210084032,0.041008403361344536,1.141589457128611
0.07563025210084032,0.041680672268907565,1.1397906939134077
0.07563025210084032,0.04235294117647059,1.1379477562265283
0.07563025210084032,0.043025210084033615,1.1360596431298344
0.07563025210084032,0.043697478991596636,1.1341253059632066
0.07563025210084032,0.044369747899159664,1.1321436453455491
0.07563025210084032,0.04504201680672269,1.1301135079212223
0.07563025210084032,0.04571428571428572,1.128033682825655
0.07563025210084032,0.046386554621848736,1.1259028978406722
0.07563025210084032,0.047058823529411764,1.123719815206402
0.07563025210084032,0.04773109243697479,1.121483027052413
0.07563025210084032,0.04840336134453782,1.1191910504059344
0.07563025210084032,0.049075630252100835,1.1168423217294396
0.07563025210084032,0.049747899159663864,1.1144351909335095
0.07563025210084032,0.05042016806722689,1.111967914803498
0.07563025210084032,0.05109243697478992,1.109438649769965
0.07563025210084032,0.05176470588235295,1.1068454439429176
0.07563025210084032,0.05243697478991596,1.104186228318309
0.07563025210084032,0.05310924369747899,1.1014588070517217
0.07563025210084032,0.05378151260504202,1.098660846678295
0.07563025210084032,0.05445378151260505,1.095789864139311
0.07563025210084032,0.05512605042016806,1.0928432134538277
0.07563025210084032,0.05579831932773109,1.0898180708476959
0.07563025210084032,0.05647058823529412,1.086711418121296
0.07563025210084032,0.05714285714285715,1.0835200240003728
0.07563025210084032,0.05781512605042017,1.0802404231700373
0.07563025210084032,0.05848739495798319,1.0768688926387129
0.07563025210084032,0.05915966386554622,1.0734014250143782
0.07563025210084032,0.05983193277310925,1.0698336981972378
0.07563025210084032,0.060504201680672276,1.0661610408974644
0.07563025210084032,0.06117647058823529,1.0623783932695487
0.07563025210084032,0.06184873949579832,1.0584802618102902
0.07563025210084032,0.06252100840336135,1.0544606674881751
0.07563025210084032,0.06319327731092438,1.0503130858480467
0.07563025210084032,0.06386554621848739,1.0460303775536408
0.07563025210084032,0.06453781512605042,1.0416047074745673
0.07563025210084032,0.06521008403361345,1.0370274499704495
0.07563025210084032,0.06588235294117648,1.0322890774417701
0.07563025210084032,0.0665546218487395,1.0273790284613638
0.07563025210084032,0.06722689075630252,1.022285550812641
0.07563025210084032,0.06789915966386555,1.0169955134567383
0.07563025210084032,0.06857142857142857,1.0114941797119872
0.07563025210084032,0.0692436974789916,1.0057649315844577
0.07563025210084032,0.06991596638655462,0.9997889319888911
0.07563025210084032,0.07058823529411765,0.9935447071765047
0.07563025210084032,0.07126050420168067,0.9870076254856184
0.07563025210084032,0.0719327731092437,0.980149239703861
0.07563025210084032,0.07260504201680673,0.9729364475509842
0.07563025210084032,0.07327731092436975,0.9653304059433117
0.07563025210084032,0.07394957983193277,0.9572851063270937
0.07563025210084032,0.0746218487394958,0.9487454746670728
0.07563025210084032,0.07529411764705883,0.9396447906220784
0.07563025210084032,0.07596638655462185,0.9299011081166474
0.07563025210084032,0.07663865546218487,0.9194121706822013
0.07563025210084032,0.0773109243697479,0.9080479851595716
0.07563025210084032,0.07798319327731093,0.8956396152590145
0.07563025210084032,0.07865546218487394,0.8819615977137556
0.07563025210084032,0.07932773109243697,0.866703006800601
0.07563025210084032,0.07983193277310924,0.8494169152849786
0.07815126050420168,0.0001680672268907563,1.1771001821536369
0.07815126050420168,0.0006722689075630252,1.1771001821536369
0.07815126050420168,0.0013445378151260505,1.1770683788005896
0.07815126050420168,0.0020168067226890756,1.177011121685398
0.07815126050420168,0.002689075630252101,1.17692930125254
0.07815126050420168,0.0033613445378151263,1.1768231948267023
0.07815126050420168,0.004033613445378151,1.1766929071358243
0.07815126050420168,0.004705882352941176,1.176538471945656
0.07815126050420168,0.005378151260504202,1.1763598859090807
0.07815126050420168,0.006050420168067228,1.1761571224723932
0.07815126050420168,0.0067226890756302525,1.1759301384287533
0.07815126050420168,0.007394957983193277,1.1756788773155735
0.07815126050420168,0.008067226890756302,1.1754032712979976
0.07815126050420168,0.008739495798319327,1.175103242260945
0.07815126050420168,0.009411764705882354,1.1747787024574783
0.07815126050420168,0.010084033613445379,1.1744295548932602
0.07815126050420168,0.010756302521008404,1.1740556935455677
0.07815126050420168,0.011428571428571429,1.1736570034734244
0.07815126050420168,0.012100840336134453,1.1732333608526675
0.07815126050420168,0.01277310924369748,1.1727846329568232
0.07815126050420168,0.013445378151260505,1.1723106780970334
0.07815126050420168,0.01411764705882353,1.1718113455295982
0.07815126050420168,0.014789915966386555,1.1712864753367576
0.07815126050420168,0.01546218487394958,1.1707358982844072
0.07815126050420168,0.016134453781512605,1.1701594356591831
0.07815126050420168,0.01680672268907563,1.1695568990864529
0.07815126050420168,0.017478991596638654,1.168928090330139
0.07815126050420168,0.018151260504201683,1.1682728010748493
0.07815126050420168,0.018823529411764708,1.1675908126904455
0.07815126050420168,0.019495798319327733,1.1668818959789127
0.07815126050420168,0.020168067226890758,1.166145810903187
0.07815126050420168,0.020840336134453782,1.1653823062974011
0.07815126050420168,0.021512605042016807,1.1645911195578587
0.07815126050420168,0.022184873949579832,1.1637719763138965
0.07815126050420168,0.022857142857142857,1.162924590077652
0.07815126050420168,0.023529411764705882,1.1620486618716177
0.07815126050420168,0.024201680672268907,1.1611438798327327
0.07815126050420168,0.024873949579831932,1.1602099187916153
0.07815126050420168,0.02554621848739496,1.1592464398253965
0.07815126050420168,0.026218487394957985,1.158253089782476
0.07815126050420168,0.02689075630252101,1.1572295007773417
0.07815126050420168,0.027563025210084035,1.1561752896534436
0.07815126050420168,0.02823529411764706,1.155090057411922
0.07815126050420168,0.028907563025210085,1.1539733886037908
0.07815126050420168,0.02957983193277311,1.1528248506829786
0.07815126050420168,0.030252100840336135,1.1516439933173797
0.07815126050420168,0.03092436974789916,1.150430347654837
0.07815126050420168,0.03159663865546218,1.1491834255406883
0.07815126050420168,0.03226890756302521,1.147902718683213
0.07815126050420168,0.03294117647058824,1.1465876977629819
0.07815126050420168,0.033613445378151266,1.1452378114817428
0.07815126050420168,0.03428571428571428,1.1438524855460737
0.07815126050420168,0.03495798319327731,1.142431121580574
0.07815126050420168,0.03563025210084034,1.1409730959648725
0.07815126050420168,0.036302521008403366,1.1394777585881637
0.07815126050420168,0.036974789915966394,1.1379444315143608
0.07815126050420168,0.03764705882352941,1.136372407550264
0.07815126050420168,0.03831932773109244,1.1347609487083523
0.07815126050420168,0.038991596638655465,1.1331092845549418
0.07815126050420168,0.039663865546218494,1.1314166104334697
0.07815126050420168,0.04033613445378151,1.1296820855515657
0.07815126050420168,0.041008403361344536,1.1279048309193354
0.07815126050420168,0.041680672268907565,1.1260839271248848
0.07815126050420168,0.04235294117647059,1.1242184119315455
0.07815126050420168,0.043025210084033615,1.122307277679482
0.07815126050420168,0.043697478991596636,1.1203494684723534
0.07815126050420168,0.044369747899159664,1.1183438771274208
0.07815126050420168,0.04504201680672269,1.1162893418648934
0.07815126050420168,0.04571428571428572,1.1141846427093658
0.07815126050420168,0.046386554621848736,1.1120284975728192
0.07815126050420168,0.047058823529411764,1.1098195579848082
0.07815126050420168,0.04773109243697479,1.1075564044310466
0.07815126050420168,0.04840336134453782,1.105237541256517
0.07815126050420168,0.049075630252100835,1.102861391083396
0.07815126050420168,0.049747899159663864,1.1004262886873293
0.07815126050420168,0.05042016806722689,1.0979304742677867
0.07815126050420168,0.05109243697478992,1.095372086039149
0.07815126050420168,0.05176470588235295,1.0927491520586319
0.07815126050420168,0.05243697478991596,1.0900595811948237
0.07815126050420168,0.05310924369747899,1.0873011531261911
0.07815126050420168,0.05378151260504202,1.0844715072419526
0.07815126050420168,0.05445378151260505,1.0815681302977602
0.07815126050420168,0.05512605042016806,1.0785883426550043
0.07815126050420168,0.05579831932773109,1.0755292829045429
0.07815126050420168,0.05647058823529412,1.0723878906422764
0.07815126050420168,0.05714285714285715,1.0691608871240736
0.07815126050420168,0.05781512605042017,1.0658447534796354
0.07815126050420168,0.05848739495798319,1.0624357061070906
0.07815126050420168,0.05915966386554622,1.0589296688001146
0.07815126050420168,0.05983193277310925,1.0553222410741483
0.07815126050420168,0.060504201680672276,1.0516086620540626
0.07815126050420168,0.06117647058823529,1.0477837691574112
0.07815126050420168,0.06184873949579832,1.0438419506488656
0.07815126050420168,0.06252100840336135,1.0397770909441555
0.07815126050420168,0.06319327731092438,1.0355825072948452
0.07815126050420168,0.06386554621848739,1.0312508761739616
0.07815126050420168,0.06453781512605042,1.0267741472872347
0.07815126050420168,0.06521008403361345,1.022143442629169
0.07815126050420168,0.06588235294117648,1.0173489373511695
0.07815126050420168,0.0665546218487395,1.0123797183609022
0.07815126050420168,0.06722689075630252,1.0072236154586447
0.07815126050420168,0.06789915966386555,1.001866998340031
0.07815126050420168,0.06857142857142857,0.9962945308159739
0.07815126050420168,0.0692436974789916,0.9904888709180418
0.07815126050420168,0.06991596638655462,0.984430301875335
0.07815126050420168,0.07058823529411765,0.9780962738255937
0.07815126050420168,0.07126050420168067,0.971460828889519
0.07815126050420168,0.0719327731092437,0.9644938718583581
0.07815126050420168,0.07260504201680673,0.9571602335885528
0.07815126050420168,0.07327731092436975,0.9494184516299101
0.07815126050420168,0.07394957983193277,0.9412191582785673
0.07815126050420168,0.0746218487394958,0.932502912732219
0.07815126050420168,0.07529411764705883,0.923197228328443
0.07815126050420168,0.07596638655462185,0.9132124043294175
0.07815126050420168,0.07663865546218487,0.9024355296485387
0.07815126050420168,0.0773109243697479,0.8907215946419587
0.07815126050420168,0.07798319327731093,0.8778798411172596
0.07815126050420168,0.07865546218487394,0.863651886140791
0.07815126050420168,0.07932773109243697,0.8476747735638664
0.07815126050420168,0.07983193277310924,0.8294142840562057
0.08067226890756302,0.0001680672268907563,1.1637004524304506
0.08067226890756302,0.0006722689075630252,1.1637004524304506
0.08067226890756302,0.0013445378151260505,1.1636681597426033
0.08067226890756302,0.0020168067226890756,1.1636100217517649
0.08067226890756302,0.002689075630252101,1.163526942791534
0.08067226890756302,0.0033613445378151263,1.1634192047280207
0.08067226890756302,0.004033613445378151,1.1632869142584643
0.08067226890756302,0.004705882352941176,1.1631301061083157
0.08067226890756302,0.005378151260504202,1.1629487774004985
0.08067226890756302,0.006050420168067228,1.1627429017749134
0.08067226890756302,0.0067226890756302525,1.1625124360420094
0.08067226890756302,0.007394957983193277,1.162257323631711
0.08067226890756302,0.008067226890756302,1.1619774965051064
0.08067226890756302,0.008739495798319327,1.1616728762624695
0.08067226890756302,0.009411764705882354,1.1613433748007225
0.08067226890756302,0.010084033613445379,1.160988894702875
0.08067226890756302,0.010756302521008404,1.160609329459419
0.08067226890756302,0.011428571428571429,1.1602045635791283
0.08067226890756302,0.012100840336134453,1.1597744726236028
0.08067226890756302,0.01277310924369748,1.1593189231867758
0.08067226890756302,0.013445378151260505,1.1588377728328392
0.08067226890756302,0.01411764705882353,1.1583308700013173
0.08067226890756302,0.014789915966386555,1.1577980538850074
0.08067226890756302,0.01546218487394958,1.1572391542845886
0.08067226890756302,0.016134453781512605,1.1566539914423737
0.08067226890756302,0.01680672268907563,1.156042375856821
0.08067226890756302,0.017478991596638654,1.155404108078763
0.08067226890756302,0.018151260504201683,1.1547389784898743
0.08067226890756302,0.018823529411764708,1.1540467670635395
0.08067226890756302,0.019495798319327733,1.1533272431080155
0.08067226890756302,0.020168067226890758,1.1525801649915626
0.08067226890756302,0.020840336134453782,1.1518052798490273
0.08067226890756302,0.021512605042016807,1.1510023232691895
0.08067226890756302,0.022184873949579832,1.150171018962038
0.08067226890756302,0.022857142857142857,1.1493110784049811
0.08067226890756302,0.023529411764705882,1.1484222004668625
0.08067226890756302,0.024201680672268907,1.147504071008501
0.08067226890756302,0.024873949579831932,1.1465563624583235
0.08067226890756302,0.02554621848739496,1.1455787333615144
0.08067226890756302,0.026218487394957985,1.1445708279009348
0.08067226890756302,0.02689075630252101,1.1435322753879056
0.08067226890756302,0.027563025210084035,1.1424626897207664
0.08067226890756302,0.02823529411764706,1.1413616688089383
0.08067226890756302,0.028907563025210085,1.1402287939600122
0.08067226890756302,0.02957983193277311,1.139063629227179
0.08067226890756302,0.030252100840336135,1.1378657207140705
0.08067226890756302,0.03092436974789916,1.1366345958338477
0.08067226890756302,0.03159663865546218,1.1353697625190768
0.08067226890756302,0.03226890756302521,1.1340707083786519
0.08067226890756302,0.03294117647058824,1.1327368997976783
0.08067226890756302,0.033613445378151266,1.131367780975871
0.08067226890756302,0.03428571428571428,1.1299627728996116
0.08067226890756302,0.03495798319327731,1.128521272242362
0.08067226890756302,0.03563025210084034,1.127042650187615
0.08067226890756302,0.036302521008403366,1.1255262511680109
0.08067226890756302,0.036974789915966394,1.1239713915136087
0.08067226890756302,0.03764705882352941,1.1223773580015906
0.08067226890756302,0.03831932773109244,1.1207434062988866
0.08067226890756302,0.038991596638655465,1.119068759288311
0.08067226890756302,0.039663865546218494,1.1173526052677913
0.08067226890756302,0.04033613445378151,1.1155940960111501
0.08067226890756302,0.041008403361344536,1.113792344677614
0.08067226890756302,0.041680672268907565,1.111946423555798
0.08067226890756302,0.04235294117647059,1.110055361626281
0.08067226890756302,0.043025210084033615,1.1081181419250603
0.08067226890756302,0.043697478991596636,1.1061336986880839
0.08067226890756302,0.044369747899159664,1.1041009142547094
0.08067226890756302,0.04504201680672269,1.10201861570523
0.08067226890756302,0.04571428571428572,1.0998855712045654
0.08067226890756302,0.046386554621848736,1.0977004860206867
0.08067226890756302,0.047058823529411764,1.0954619981823537
0.08067226890756302,0.04773109243697479,1.0931686737361135
0.08067226890756302,0.04840336134453782,1.0908190015572108
0.08067226890756302,0.049075630252100835,1.0884113876629409
0.08067226890756302,0.049747899159663864,1.0859441489698827
0.08067226890756302,0.05042016806722689,1.0834155064282394
0.08067226890756302,0.05109243697478992,1.080823577456953
0.08067226890756302,0.05176470588235295,1.0781663675921056
0.08067226890756302,0.05243697478991596,1.0754417612480844
0.08067226890756302,0.05310924369747899,1.0726475114756662
0.08067226890756302,0.05378151260504202,1.0697812285831618
0.08067226890756302,0.05445378151260505,1.0668403674654643
0.08067226890756302,0.05512605042016806,1.0638222134606048
0.08067226890756302,0.05579831932773109,1.0607238665233947
0.08067226890756302,0.05647058823529412,1.0575422234698801
0.08067226890756302,0.05714285714285715,1.0542739580033316
0.08067226890756302,0.05781512605042017,1.05091549818076
0.08067226890756302,0.05848739495798319,1.047463000916359
0.08067226890756302,0.05915966386554622,1.0439123230422762
0.08067226890756302,0.05983193277310925,1.0402589883543447
0.08067226890756302,0.060504201680672276,1.03649814995661
0.08067226890756302,0.06117647058823529,1.0326245470781308
0.08067226890756302,0.06184873949579832,1.0286324553614379
0.08067226890756302,0.06252100840336135,1.0245156294047955
0.08067226890756302,0.06319327731092438,1.0202672360675795
0.08067226890756302,0.06386554621848739,1.0158797767030943
0.08067226890756302,0.06453781512605042,1.0113449960437566
0.08067226890756302,0.06521008403361345,1.0066537748995572
0.08067226890756302,0.06588235294117648,1.0017960031007067
0.08067226890756302,0.0665546218487395,0.9967604281621082
0.08067226890756302,0.06722689075630252,0.9915344738905231
0.08067226890756302,0.06789915966386555,0.9861040214812976
0.08067226890756302,0.06857142857142857,0.9804531433969481
0.08067226890756302,0.0692436974789916,0.974563777246841
0.08067226890756302,0.06991596638655462,0.9684153226438661
0.08067226890756302,0.07058823529411765,0.9619841380715013
0.08067226890756302,0.07126050420168067,0.9552429063437567
0.08067226890756302,0.0719327731092437,0.9481598250182761
0.08067226890756302,0.07260504201680673,0.9406975601161915
0.08067226890756302,0.07327731092436975,0.9328118744250141
0.08067226890756302,0.07394957983193277,0.9244498000064396
0.08067226890756302,0.0746218487394958,0.9155471587985412
0.08067226890756302,0.07529411764705883,0.9060251284494237
0.08067226890756302,0.07596638655462185,0.895785371386793
0.08067226890756302,0.07663865546218487,0.8847029330298257
0.08067226890756302,0.0773109243697479,0.8726155469980081
0.08067226890756302,0.07798319327731093,0.859306896550451
0.08067226890756302,0.07865546218487394,0.8444791620118346
0.08067226890756302,0.07932773109243697,0.8277053015603837
0.08067226890756302,0.07983193277310924,0.8083396894866041
0.08319327731092435,0.0001680672268907563,1.1498837476362662
0.08319327731092435,0.0006722689075630252,1.1498837476362662
0.08319327731092435,0.0013445378151260505,1.1498509108785235
0.08319327731092435,0.0020168067226890756,1.149791793450768
0.08319327731092435,0.002689075630252101,1.1497073150784838
0.08319327731092435,0.0033613445378151263,1.1495977626052405
0.08319327731092435,0.004033613445378151,1.1494632448246918
0.08319327731092435,0.004705882352941176,1.149303797414777
0.08319327731092435,0.005378151260504202,1.1491194178848259
0.08319327731092435,0.006050420168067228,1.1489100799317773
0.08319327731092435,0.0067226890756302525,1.148675740204629
0.08319327731092435,0.007394957983193277,1.1484163418101252
0.08319327731092435,0.008067226890756302,1.148131816255154
0.08319327731092435,0.008739495798319327,1.1478220845717606
0.08319327731092435,0.009411764705882354,1.147487057983824
0.08319327731092435,0.010084033613445379,1.1471266383009915
0.08319327731092435,0.010756302521008404,1.1467407181415397
0.08319327731092435,0.011428571428571429,1.1463291810425844
0.08319327731092435,0.012100840336134453,1.1458919014925635
0.08319327731092435,0.01277310924369748,1.1454287449075868
0.08319327731092435,0.013445378151260505,1.1449395675653684
0.08319327731092435,0.01411764705882353,1.1444242165056349
0.08319327731092435,0.014789915966386555,1.1438825294028836
0.08319327731092435,0.01546218487394958,1.1433143344153835
0.08319327731092435,0.016134453781512605,1.1427194500130038
0.08319327731092435,0.01680672268907563,1.142097684785564
0.08319327731092435,0.017478991596638654,1.1414488372327463
0.08319327731092435,0.018151260504201683,1.1407726955361635
0.08319327731092435,0.018823529411764708,1.140069037313817
0.08319327731092435,0.019495798319327733,1.139337629356901
0.08319327731092435,0.020168067226890758,1.138578227348687
0.08319327731092435,0.020840336134453782,1.1377905755650162
0.08319327731092435,0.021512605042016807,1.136974406555751
0.08319327731092435,0.022184873949579832,1.1361294408063762
0.08319327731092435,0.022857142857142857,1.1352553863787604
0.08319327731092435,0.023529411764705882,1.1343519385299414
0.08319327731092435,0.024201680672268907,1.133418779307625
0.08319327731092435,0.024873949579831932,1.1324555771209213
0.08319327731092435,0.02554621848739496,1.1314619862846733
0.08319327731092435,0.026218487394957985,1.130437646535545
0.08319327731092435,0.02689075630252101,1.1293821825178605
0.08319327731092435,0.027563025210084035,1.128295203236986
0.08319327731092435,0.02823529411764706,1.1271763014778495
0.08319327731092435,0.028907563025210085,1.1260250531859843
0.08319327731092435,0.02957983193277311,1.1248410168082588
0.08319327731092435,0.030252100840336135,1.1236237325902256
0.08319327731092435,0.03092436974789916,1.1223727218267736
0.08319327731092435,0.03159663865546218,1.1210874860624993
0.08319327731092435,0.03226890756302521,1.1197675062379238
0.08319327731092435,0.03294117647058824,1.1184122417773632
0.08319327731092435,0.033613445378151266,1.1170211296139139
0.08319327731092435,0.03428571428571428,1.1155935831466088
0.08319327731092435,0.03495798319327731,1.1141289911243781
0.08319327731092435,0.03563025210084034,1.1126267164509414
0.08319327731092435,0.036302521008403366,1.1110860949042
0.08319327731092435,0.036974789915966394,1.1095064337630764
0.08319327731092435,0.03764705882352941,1.1078870103340186
0.08319327731092435,0.03831932773109244,1.1062270703685955
0.08319327731092435,0.038991596638655465,1.104525826362683
0.08319327731092435,0.039663865546218494,1.1027824557267227
0.08319327731092435,0.04033613445378151,1.1009960988153669
0.08319327731092435,0.041008403361344536,1.0991658568035156
0.08319327731092435,0.041680672268907565,1.0972907893942745
0.08319327731092435,0.04235294117647059,1.0953699123426919
0.08319327731092435,0.043025210084033615,1.0934021947772492
0.08319327731092435,0.043697478991596636,1.0913865562989362
0.08319327731092435,0.044369747899159664,1.0893218638353144
0.08319327731092435,0.04504201680672269,1.0872069282242147
0.08319327731092435,0.04571428571428572,1.0850405004985513
0.08319327731092435,0.046386554621848736,1.0828212678401241
0.08319327731092435,0.047058823529411764,1.080547849166146
0.08319327731092435,0.04773109243697479,1.0782187903074518
0.08319327731092435,0.04840336134453782,1.075832558731864
0.08319327731092435,0.049075630252100835,1.0733875377598192
0.08319327731092435,0.049747899159663864,1.0708820202120073
0.08319327731092435,0.05042016806722689,1.068314201420196
0.08319327731092435,0.05109243697478992,1.0656821715224518
0.08319327731092435,0.05176470588235295,1.0629839069522757
0.08319327731092435,0.05243697478991596,1.0602172610175191
0.08319327731092435,0.05310924369747899,1.0573799534488133
0.08319327731092435,0.05378151260504202,1.0544695587782678
0.08319327731092435,0.05445378151260505,1.051483493386666
0.08319327731092435,0.05512605042016806,1.0484190010306178
0.08319327731092435,0.05579831932773109,1.0452731366292003
0.08319327731092435,0.05647058823529412,1.042042748051342
0.08319327731092435,0.05714285714285715,1.038724455599197
0.08319327731092435,0.05781512605042017,1.0353146288271746
0.08319327731092435,0.05848739495798319,1.0318093602688565
0.08319327731092435,0.05915966386554622,1.0282044355618645
0.08319327731092435,0.05983193277310925,1.0244952993600762
0.08319327731092435,0.060504201680672276,1.0206770162986727
0.08319327731092435,0.06117647058823529,1.0167442261241075
0.08319327731092435,0.06184873949579832,1.0126910919101177
0.08319327731092435,0.06252100840336135,1.0085112400416905
0.08319327731092435,0.06319327731092438,1.0041976903473762
0.08319327731092435,0.06386554621848739,0.999742774377577
0.08319327731092435,0.06453781512605042,0.9951380393370425
0.08319327731092435,0.06521008403361345,0.9903741345491165
0.08319327731092435,0.06588235294117648,0.9854406765096059
0.08319327731092435,0.0665546218487395,0.9803260875132433
0.08319327731092435,0.06722689075630252,0.975017401412276
0.08319327731092435,0.06789915966386555,0.9695000281618293
0.08319327731092435,0.06857142857142857,0.9637574662283432
0.08319327731092435,0.0692436974789916,0.957770948404041
0.08319327731092435,0.06991596638655462,0.9515190016627226
0.08319327731092435,0.07058823529411765,0.9449768947747399
0.08319327731092435,0.07126050420168067,0.9381159374906504
0.08319327731092435,0.0719327731092437,0.9309025806576676
0.08319327731092435,0.07260504201680673,0.9232972451588193
0.08319327731092435,0.07327731092436975,0.915252774944637
0.08319327731092435,0.07394957983193277,0.9067123586683359
0.08319327731092435,0.0746218487394958,0.8976066832870991
0.08319327731092435,0.07529411764705883,0.8878499492312434
0.08319327731092435,0.07596638655462185,0.8773341484257073
0.08319327731092435,0.07663865546218487,0.8659206007135741
0.08319327731092435,0.0773109243697479,0.8534269884587071
0.08319327731092435,0.07798319327731093,0.8396066404041619
0.08319327731092435,0.07865546218487394,0.8241136784285242
0.08319327731092435,0.07932773109243697,0.8064404512911384
0.08319327731092435,0.07983193277310924,0.78579534285937
0.08571428571428572,0.0001680672268907563,1.1355810917433686
0.08571428571428572,0.0006722689075630252,1.1355810917433686
0.08571428571428572,0.0013445378151260505,1.135547635968227
0.08571428571428572,0.0020168067226890756,1.1354874041464762
0.08571428571428572,0.002689075630252101,1.1354013334541695
0.08571428571428572,0.0033613445378151263,1.1352897163109168
0.08571428571428572,0.004033613445378151,1.135152663783086
0.08571428571428572,0.004705882352941176,1.1349902124944216
0.08571428571428572,0.005378151260504202,1.134802360230502
0.08571428571428572,0.006050420168067228,1.1345890805641203
0.08571428571428572,0.0067226890756302525,1.134350329745606
0.08571428571428572,0.007394957983193277,1.134086050272686
0.08571428571428572,0.008067226890756302,1.13379617286726
0.08571428571428572,0.008739495798319327,1.133480617619003
0.08571428571428572,0.009411764705882354,1.1331392946615608
0.08571428571428572,0.010084033613445379,1.1327721045704062
0.08571428571428572,0.010756302521008404,1.13237893858591
0.08571428571428572,0.011428571428571429,1.1319596787211286
0.08571428571428572,0.012100840336134453,1.131514197789896
0.08571428571428572,0.01277310924369748,1.1310423593772236
0.08571428571428572,0.013445378151260505,1.130544017766004
0.08571428571428572,0.01411764705882353,1.1300190178291276
0.08571428571428572,0.014789915966386555,1.1294671948930455
0.08571428571428572,0.01546218487394958,1.1288883745768243
0.08571428571428572,0.016134453781512605,1.1282823726094195
0.08571428571428572,0.01680672268907563,1.1276489946269925
0.08571428571428572,0.017478991596638654,1.1269880359514657
0.08571428571428572,0.018151260504201683,1.1262992813510453
0.08571428571428572,0.018823529411764708,1.125582504783096
0.08571428571428572,0.019495798319327733,1.1248374691194718
0.08571428571428572,0.020168067226890758,1.1240639258541687
0.08571428571428572,0.020840336134453782,1.1232616147929633
0.08571428571428572,0.021512605042016807,1.1224302637245012
0.08571428571428572,0.022184873949579832,1.1215695880721048
0.08571428571428572,0.022857142857142857,1.1206792905253835
0.08571428571428572,0.023529411764705882,1.1197590606505257
0.08571428571428572,0.024201680672268907,1.1188085744779508
0.08571428571428572,0.024873949579831932,1.1178274940657866
0.08571428571428572,0.02554621848739496,1.1168154670374189
0.08571428571428572,0.026218487394957985,1.1157721260911264
0.08571428571428572,0.02689075630252101,1.1146970884796048
0.08571428571428572,0.027563025210084035,1.113589955456925
0.08571428571428572,0.02823529411764706,1.1124503116902589
0.08571428571428572,0.028907563025210085,1.1112777246334555
0.08571428571428572,0.02957983193277311,1.1100717438593324
0.08571428571428572,0.030252100840336135,1.1088319003472964
0.08571428571428572,0.03092436974789916,1.1075577057226793
0.08571428571428572,0.03159663865546218,1.1062486514439276
0.08571428571428572,0.03226890756302521,1.1049042079335312
0.08571428571428572,0.03294117647058824,1.1035238236482903
0.08571428571428572,0.033613445378151266,1.1021069240842292
0.08571428571428572,0.03428571428571428,1.1006529107111112
0.08571428571428572,0.03495798319327731,1.0991611598311237
0.08571428571428572,0.03563025210084034,1.0976310213558493
0.08571428571428572,0.036302521008403366,1.0960618174951093
0.08571428571428572,0.036974789915966394,1.0944528413506565
0.08571428571428572,0.03764705882352941,1.0928033554069807
0.08571428571428572,0.03831932773109244,1.0911125899106795
0.08571428571428572,0.038991596638655465,1.0893797411288986
0.08571428571428572,0.039663865546218494,1.0876039694762838
0.08571428571428572,0.04033613445378151,1.0857843974986727
0.08571428571428572,0.041008403361344536,1.0839201077003864
0.08571428571428572,0.041680672268907565,1.082010140200447
0.08571428571428572,0.04235294117647059,1.0800534902013172
0.08571428571428572,0.043025210084033615,1.0780491052518153
0.08571428571428572,0.043697478991596636,1.0759958822836706
0.08571428571428572,0.044369747899159664,1.0738926643987063
0.08571428571428572,0.04504201680672269,1.0717382373808222
0.08571428571428572,0.04571428571428572,1.0695313259037431
0.08571428571428572,0.046386554621848736,1.0672705894018222
0.08571428571428572,0.047058823529411764,1.0649546175669495
0.08571428571428572,0.04773109243697479,1.0625819254297573
0.08571428571428572,0.04840336134453782,1.06015094797766
0.08571428571428572,0.049075630252100835,1.057660034255738
0.08571428571428572,0.049747899159663864,1.05510744088889
0.08571428571428572,0.05042016806722689,1.052491324954843
0.08571428571428572,0.05109243697478992,1.049809736127314
0.08571428571428572,0.05176470588235295,1.047060607996549
0.08571428571428572,0.05243697478991596,1.0442417484603195
0.08571428571428572,0.05310924369747899,1.041350829061742
0.08571428571428572,0.05378151260504202,1.038385373130552
0.08571428571428572,0.05445378151260505,1.035342742560973
0.08571428571428572,0.05512605042016806,1.0322201230313233
0.08571428571428572,0.05579831932773109,1.02901450743697
0.08571428571428572,0.05647058823529412,1.0257226772679262
0.08571428571428572,0.05714285714285715,1.0223411816137336
0.08571428571428572,0.05781512605042017,1.0188663134193048
0.08571428571428572,0.05848739495798319,1.015294082543595
0.08571428571428572,0.05915966386554622,1.0116201850851256
0.08571428571428572,0.05983193277310925,1.0078399683303267
0.08571428571428572,0.060504201680672276,1.0039483905470297
0.08571428571428572,0.06117647058823529,0.9999399746792078
0.08571428571428572,0.06184873949579832,0.9958087547910751
0.08571428571428572,0.06252100840336135,0.9915482138467829
0.08571428571428572,0.06319327731092438,0.9871512110801505
0.08571428571428572,0.06386554621848739,0.9826098967855015
0.08571428571428572,0.06453781512605042,0.9779156118165024
0.08571428571428572,0.06521008403361345,0.973058768374843
0.08571428571428572,0.06588235294117648,0.968028707749191
0.08571428571428572,0.0665546218487395,0.9628135294496725
0.08571428571428572,0.06722689075630252,0.9573998845646216
0.08571428571428572,0.06789915966386555,0.9517727239878597
0.08571428571428572,0.06857142857142857,0.9459149891987468
0.08571428571428572,0.0692436974789916,0.9398072291882215
0.08571428571428572,0.06991596638655462,0.9334271214086147
0.08571428571428572,0.07058823529411765,0.9267488665140381
0.08571428571428572,0.07126050420168067,0.9197424149533786
0.08571428571428572,0.0719327731092437,0.9123724662726179
0.08571428571428572,0.07260504201680673,0.9045971561715029
0.08571428571428572,0.07327731092436975,0.8963663067473203
0.08571428571428572,0.07394957983193277,0.8876190529984312
0.08571428571428572,0.0746218487394958,0.8782805576203382
0.08571428571428572,0.07529411764705883,0.8682573569610097
0.08571428571428572,0.07596638655462185,0.8574305869378771
0.08571428571428572,0.07663865546218487,0.8456458038313677
0.08571428571428572,0.0773109243697479,0.8326970948224871
0.08571428571428572,0.07798319327731093,0.8183011017339604
0.08571428571428572,0.07865546218487394,0.8020520503311782
0.08571428571428572,0.07932773109243697,0.7833379989178432
0.08571428571428572,0.07983193277310924,0.7611690522276688
0.08823529411764705,0.0001680672268907563,1.120709153693892
0.08823529411764705,0.0006722689075630252,1.120709153693892
0.08823529411764705,0.0013445378151260505,1.1206749781220664
0.08823529411764705,0.0020168067226890756,1.1206134504314818
0.08823529411764705,0.002689075630252101,1.1205255280124549
0.08823529411764705,0.0033613445378151263,1.1204115096595377
0.08823529411764705,0.004033613445378151,1.1202715089419157
0.08823529411764705,0.004705882352941176,1.1201055634127852
0.08823529411764705,0.005378151260504202,1.1199136709787592
0.08823529411764705,0.006050420168067228,1.1196958048387733
0.08823529411764705,0.0067226890756302525,1.1194519205212348
0.08823529411764705,0.007394957983193277,1.1191819595288501
0.08823529411764705,0.008067226890756302,1.1188858513555189
0.08823529411764705,0.008739495798319327,1.1185635146514405
0.08823529411764705,0.009411764705882354,1.1182148579099442
0.08823529411764705,0.010084033613445379,1.1178397798690742
0.08823529411764705,0.010756302521008404,1.1174381697336024
0.08823529411764705,0.011428571428571429,1.1170099072781763
0.08823529411764705,0.012100840336134453,1.116554862867888
0.08823529411764705,0.01277310924369748,1.1160728974187006
0.08823529411764705,0.013445378151260505,1.1155638623120236
0.08823529411764705,0.01411764705882353,1.1150275992727643
0.08823529411764705,0.014789915966386555,1.1144639402170797
0.08823529411764705,0.01546218487394958,1.113872707074066
0.08823529411764705,0.016134453781512605,1.1132537115843142
0.08823529411764705,0.01680672268907563,1.1126067550773895
0.08823529411764705,0.017478991596638654,1.1119316282296743
0.08823529411764705,0.018151260504201683,1.1112281108035982
0.08823529411764705,0.018823529411764708,1.1104959713689437
0.08823529411764705,0.019495798319327733,1.1097349670066554
0.08823529411764705,0.020168067226890758,1.1089448429953617
0.08823529411764705,0.020840336134453782,1.1081253324805966
0.08823529411764705,0.021512605042016807,1.1072761561265068
0.08823529411764705,0.022184873949579832,1.1063970217495842
0.08823529411764705,0.022857142857142857,1.105487623933742
0.08823529411764705,0.023529411764705882,1.1045476436257637
0.08823529411764705,0.024201680672268907,1.1035767477098777
0.08823529411764705,0.024873949579831932,1.1025745885598872
0.08823529411764705,0.02554621848739496,1.1015408035669623
0.08823529411764705,0.026218487394957985,1.100475014640851
0.08823529411764705,0.02689075630252101,1.0993768276819178
0.08823529411764705,0.027563025210084035,1.0982458320210797
0.08823529411764705,0.02823529411764706,1.097081599824368
0.08823529411764705,0.028907563025210085,1.0958836854585363
0.08823529411764705,0.02957983193277311,1.0946516248138478
0.08823529411764705,0.030252100840336135,1.0933849345799158
0.08823529411764705,0.03092436974789916,1.0920831114702603
0.08823529411764705,0.03159663865546218,1.0907456313910342
0.08823529411764705,0.03226890756302521,1.089371948549218
0.08823529411764705,0.03294117647058824,1.0879614944954106
0.08823529411764705,0.033613445378151266,1.0865136770961885
0.08823529411764705,0.03428571428571428,1.0850278794307993
0.08823529411764705,0.03495798319327731,1.083503458606728
0.08823529411764705,0.03563025210084034,1.081939744488346
0.08823529411764705,0.036302521008403366,1.0803360383324394
0.08823529411764705,0.036974789915966394,1.0786916113238694
0.08823529411764705,0.03764705882352941,1.07700570300393
0.08823529411764705,0.03831932773109244,1.0752775195831263
0.08823529411764705,0.038991596638655465,1.0735062321290738
0.08823529411764705,0.039663865546218494,1.071690974619039
0.08823529411764705,0.04033613445378151,1.06983084184527
0.08823529411764705,0.041008403361344536,1.0679248871597404
0.08823529411764705,0.041680672268907565,1.0659721200432244
0.08823529411764705,0.04235294117647059,1.0639715034817483
0.08823529411764705,0.043025210084033615,1.0619219511314173
0.08823529411764705,0.043697478991596636,1.059822324250351
0.08823529411764705,0.044369747899159664,1.057671428373959
0.08823529411764705,0.04504201680672269,1.0554680097069804
0.08823529411764705,0.04571428571428572,1.0532107512025222
0.08823529411764705,0.046386554621848736,1.0508982682946573
0.08823529411764705,0.047058823529411764,1.0485291042469107
0.08823529411764705,0.04773109243697479,1.0461017250739912
0.08823529411764705,0.04840336134453782,1.04361451398837
0.08823529411764705,0.049075630252100835,1.0410657653165547
0.08823529411764705,0.049747899159663864,1.038453677822071
0.08823529411764705,0.05042016806722689,1.0357763473630357
0.08823529411764705,0.05109243697478992,1.0330317588016034
0.08823529411764705,0.05176470588235295,1.0302177770702194
0.08823529411764705,0.05243697478991596,1.0273321372851572
0.08823529411764705,0.05310924369747899,1.024372433780824
0.08823529411764705,0.05378151260504202,1.0213361079181789
0.08823529411764705,0.05445378151260505,1.018220434496595
0.08823529411764705,0.05512605042016806,1.0150225065697114
0.08823529411764705,0.05579831932773109,1.0117392184311482
0.08823529411764705,0.05647058823529412,1.0083672464941063
0.08823529411764705,0.05714285714285715,1.0049030277381656
0.08823529411764705,0.05781512605042017,1.0013427353350686
0.08823529411764705,0.05848739495798319,0.9976822509902412
0.08823529411764705,0.05915966386554622,0.9939171334449028
0.08823529411764705,0.05983193277310925,0.9900425824702515
0.08823529411764705,0.060504201680672276,0.9860533975443937
0.08823529411764705,0.06117647058823529,0.981943930226441
0.08823529411764705,0.06184873949579832,0.9777080290200919
0.08823529411764705,0.06252100840336135,0.9733389752373709
0.08823529411764705,0.06319327731092438,0.9688294080138932
0.08823529411764705,0.06386554621848739,0.9641712361657913
0.08823529411764705,0.06453781512605042,0.9593555339820755
0.08823529411764705,0.06521008403361345,0.9543724172684955
0.08823529411764705,0.06588235294117648,0.9492108949348452
0.08823529411764705,0.0665546218487395,0.943858690054816
0.08823529411764705,0.06722689075630252,0.9383020224946266
0.08823529411764705,0.06789915966386555,0.9325253427156068
0.08823529411764705,0.06857142857142857,0.9265110029338403
0.08823529411764705,0.0692436974789916,0.9202388470637748
0.08823529411764705,0.06991596638655462,0.9136856941729684
0.08823529411764705,0.07058823529411765,0.9068246805880641
0.08823529411764705,0.07126050420168067,0.899624411824048
0.08823529411764705,0.0719327731092437,0.8920478547532069
0.08823529411764705,0.07260504201680673,0.8840508689318435
0.08823529411764705,0.07327731092436975,0.8755802270967985
0.08823529411764705,0.07394957983193277,0.8665708969360582
0.08823529411764705,0.0746218487394958,0.8569422283617634
0.08823529411764705,0.07529411764705883,0.8465924730393399
0.08823529411764705,0.07596638655462185,0.8353906775154037
0.08823529411764705,0.07663865546218487,0.8231642749904746
0.08823529411764705,0.0773109243697479,0.8096792932271217
0.08823529411764705,0.07798319327731093,0.7946071388719884
0.08823529411764705,0.07865546218487394,0.7774651710086442
0.08823529411764705,0.07932773109243697,0.757501166991742
0.08823529411764705,0.07983193277310924,0.7334419465931786
0.09075630252100839,0.0001680672268907563,1.1051662318159168
0.09075630252100839,0.0006722689075630252,1.1051662318159168
0.09075630252100839,0.0013445378151260505,1.105131202093312
0.09075630252100839,0.0020168067226890756,1.1050681365880373
0.09075630252100839,0.002689075630252101,1.1049780165686034
0.09075630252100839,0.0033613445378151263,1.1048611482416255
0.09075630252100839,0.004033613445378151,1.104717647951596
0.09075630252100839,0.004705882352941176,1.1045475541201217
0.09075630252100839,0.005378151260504202,1.104350864525323
0.09075630252100839,0.006050420168067228,1.104127551615233
0.09075630252100839,0.0067226890756302525,1.1038775697217191
0.09075630252100839,0.007394957983193277,1.1036008587967827
0.09075630252100839,0.008067226890756302,1.1032973464794316
0.09075630252100839,0.008739495798319327,1.1029669492883891
0.09075630252100839,0.009411764705882354,1.1026095733231964
0.09075630252100839,0.010084033613445379,1.1022251146712645
0.09075630252100839,0.010756302521008404,1.1018134596289237
0.09075630252100839,0.011428571428571429,1.101374484798421
0.09075630252100839,0.012100840336134453,1.1009080570978242
0.09075630252100839,0.01277310924369748,1.1004140337066362
0.09075630252100839,0.013445378151260505,1.0998922619616185
0.09075630252100839,0.01411764705882353,1.0993425792123024
0.09075630252100839,0.014789915966386555,1.0987648126425635
0.09075630252100839,0.01546218487394958,1.098158779062682
0.09075630252100839,0.016134453781512605,1.0975242846750728
0.09075630252100839,0.01680672268907563,1.0968611248160798
0.09075630252100839,0.017478991596638654,1.0961690836757072
0.09075630252100839,0.018151260504201683,1.0954479339968446
0.09075630252100839,0.018823529411764708,1.0946974367553008
0.09075630252100839,0.019495798319327733,1.0939173408217975
0.09075630252100839,0.020168067226890758,1.0931073826069104
0.09075630252100839,0.020840336134453782,1.0922672856897884
0.09075630252100839,0.021512605042016807,1.0913967604312649
0.09075630252100839,0.022184873949579832,1.0904955035717303
0.09075630252100839,0.022857142857142857,1.0895631978138158
0.09075630252100839,0.023529411764705882,1.0885995113895337
0.09075630252100839,0.024201680672268907,1.0876040976110686
0.09075630252100839,0.024873949579831932,1.086576594403864
0.09075630252100839,0.02554621848739496,1.0855166238200502
0.09075630252100839,0.026218487394957985,1.0844237915296149
0.09075630252100839,0.02689075630252101,1.0832976862860386
0.09075630252100839,0.027563025210084035,1.0821378793624565
0.09075630252100839,0.02823529411764706,1.0809439239537542
0.09075630252100839,0.028907563025210085,1.0797153545394373
0.09075630252100839,0.02957983193277311,1.0784516862016198
0.09075630252100839,0.030252100840336135,1.0771524138921071
0.09075630252100839,0.03092436974789916,1.0758170116423136
0.09075630252100839,0.03159663865546218,1.0744449317096538
0.09075630252100839,0.03226890756302521,1.0730356036540944
0.09075630252100839,0.03294117647058824,1.0715884333387038
0.09075630252100839,0.033613445378151266,1.0701028018482726
0.09075630252100839,0.03428571428571428,1.0685780643203522
0.09075630252100839,0.03495798319327731,1.067013548683285
0.09075630252100839,0.03563025210084034,1.0654085542959426
0.09075630252100839,0.036302521008403366,1.0637623504838496
0.09075630252100839,0.036974789915966394,1.0620741749660867
0.09075630252100839,0.03764705882352941,1.0603432321667978
0.09075630252100839,0.03831932773109244,1.0585686914042012
0.09075630252100839,0.038991596638655465,1.0567496849487403
0.09075630252100839,0.039663865546218494,1.0548853059404
0.09075630252100839,0.04033613445378151,1.0529746061532927
0.09075630252100839,0.041008403361344536,1.0510165935934837
0.09075630252100839,0.041680672268907565,1.0490102299136919
0.09075630252100839,0.04235294117647059,1.0469544276261278
0.09075630252100839,0.043025210084033615,1.0448480470922954
0.09075630252100839,0.043697478991596636,1.0426898932661761
0.09075630252100839,0.044369747899159664,1.0404787121647636
0.09075630252100839,0.04504201680672269,1.0382131870373636
0.09075630252100839,0.04571428571428572,1.0358919342022441
0.09075630252100839,0.046386554621848736,1.0335134985159293
0.09075630252100839,0.047058823529411764,1.0310763484364318
0.09075630252100839,0.04773109243697479,1.0285788706367713
0.09075630252100839,0.04840336134453782,1.0260193641190456
0.09075630252100839,0.049075630252100835,1.0233960337719226
0.09075630252100839,0.049747899159663864,1.020706983305661
0.09075630252100839,0.05042016806722689,1.0179502074885953
0.09075630252100839,0.05109243697478992,1.015123583597454
0.09075630252100839,0.05176470588235295,1.0122248619808536
0.09075630252100839,0.05243697478991596,1.009251655620609
0.09075630252100839,0.05310924369747899,1.006201428558684
0.09075630252100839,0.05378151260504202,1.003071483037907
0.09075630252100839,0.05445378151260505,0.999858945180901
0.09075630252100839,0.05512605042016806,0.9965607490026872
0.09075630252100839,0.05579831932773109,0.9931736185165947
0.09075630252100839,0.05647058823529412,0.9896940476489106
0.09075630252100839,0.05714285714285715,0.9861182776236465
0.09075630252100839,0.05781512605042017,0.982442271413392
0.09075630252100839,0.05848739495798319,0.9786616847737032
0.09075630252100839,0.05915966386554622,0.9747718332841561
0.09075630252100839,0.05983193277310925,0.9707676547047736
0.09075630252100839,0.060504201680672276,0.9666436658150698
0.09075630252100839,0.06117647058823529,0.9623939127244202
0.09075630252100839,0.06184873949579832,0.9580119134133904
0.09075630252100839,0.06252100840336135,0.9534905909694203
0.09075630252100839,0.06319327731092438,0.948822195597093
0.09075630252100839,0.06386554621848739,0.943998212989515
0.09075630252100839,0.06453781512605042,0.9390092560124601
0.09075630252100839,0.06521008403361345,0.9338449358318371
0.09075630252100839,0.06588235294117648,0.9284937075355918
0.09075630252100839,0.0665546218487395,0.9229426838487262
0.09075630252100839,0.06722689075630252,0.9171774085424317
0.09075630252100839,0.06789915966386555,0.9111815783500432
0.09075630252100839,0.06857142857142857,0.9049366982856512
0.09075630252100839,0.0692436974789916,0.8984216497505001
0.09075630252100839,0.06991596638655462,0.8916121430365019
0.09075630252100839,0.07058823529411765,0.8844800147277438
0.09075630252100839,0.07126050420168067,0.8769923141767034
0.09075630252100839,0.0719327731092437,0.8691100984222471
0.09075630252100839,0.07260504201680673,0.8607868160584353
0.09075630252100839,0.07327731092436975,0.8519660983143945
0.09075630252100839,0.07394957983193277,0.8425786743452666
0.09075630252100839,0.0746218487394958,0.8325379605895245
0.09075630252100839,0.07529411764705883,0.8217335872001922
0.09075630252100839,0.07596638655462185,0.8100216058233861
0.09075630252100839,0.07663865546218487,0.7972091295110165
0.09075630252100839,0.0773109243697479,0.783029126165615
0.09075630252100839,0.07798319327731093,0.7670966267774453
0.09075630252100839,0.07865546218487394,0.7488270476559072
0.09075630252100839,0.07932773109243697,0.7272688156304903
0.09075630252100839,0.07983193277310924,0.7007115358426449
0.09327731092436974,0.0001680672268907563,1.0888266165443479
0.09327731092436974,0.0006722689075630252,1.0888266165443479
0.09327731092436974,0.0013445378151260505,1.088790554025989
0.09327731092436974,0.0020168067226890756,1.0887256289643243
0.09327731092436974,0.002689075630252101,1.0886328513166634
0.09327731092436974,0.0033613445378151263,1.088512535996335
0.09327731092436974,0.004033613445378151,1.0883648023802346
0.09327731092436974,0.004705882352941176,1.0881896895540413
0.09327731092436974,0.005378151260504202,1.0879871946979438
0.09327731092436974,0.006050420168067228,1.087757288859592
0.09327731092436974,0.0067226890756302525,1.087499924389091
0.09327731092436974,0.007394957983193277,1.0872150387936241
0.09327731092436974,0.008067226890756302,1.0869025568726627
0.09327731092436974,0.008739495798319327,1.0865623919518654
0.09327731092436974,0.009411764705882354,1.0861944466088704
0.09327731092436974,0.010084033613445379,1.0857986130936883
0.09327731092436974,0.010756302521008404,1.0853747735542396
0.09327731092436974,0.011428571428571429,1.0849228001301203
0.09327731092436974,0.012100840336134453,1.0844425549519625
0.09327731092436974,0.01277310924369748,1.0839338900692321
0.09327731092436974,0.013445378151260505,1.0833966473208132
0.09327731092436974,0.01411764705882353,1.0828306581576677
0.09327731092436974,0.014789915966386555,1.0822357434237946
0.09327731092436974,0.01546218487394958,1.0816117130998733
0.09327731092436974,0.016134453781512605,1.0809583660128994
0.09327731092436974,0.01680672268907563,1.080275489514549
0.09327731092436974,0.017478991596638654,1.0795628591307507
0.09327731092436974,0.018151260504201683,1.0788202381848842
0.09327731092436974,0.018823529411764708,1.078047377397109
0.09327731092436974,0.019495798319327733,1.0772440144624382
0.09327731092436974,0.020168067226890758,1.076409873610299
0.09327731092436974,0.020840336134453782,1.0755446651484033
0.09327731092436974,0.021512605042016807,1.0746480849937143
0.09327731092436974,0.022184873949579832,1.0737198141931397
0.09327731092436974,0.022857142857142857,1.0727595184362457
0.09327731092436974,0.023529411764705882,1.0717668475617363
0.09327731092436974,0.024201680672268907,1.0707414350586766
0.09327731092436974,0.024873949579831932,1.0696828975624424
0.09327731092436974,0.02554621848739496,1.0685908343441586
0.09327731092436974,0.026218487394957985,1.0674648267909785
0.09327731092436974,0.02689075630252101,1.0663044378730089
0.09327731092436974,0.027563025210084035,1.0651092115910699
0.09327731092436974,0.02823529411764706,1.063878672397867
0.09327731092436974,0.028907563025210085,1.0626123245836803
0.09327731092436974,0.02957983193277311,1.0613096516164042
0.09327731092436974,0.030252100840336135,1.0599701154248582
0.09327731092436974,0.03092436974789916,1.058593155613753
0.09327731092436974,0.03159663865546218,1.057178188598695
0.09327731092436974,0.03226890756302521,1.0557246066500694
0.09327731092436974,0.03294117647058824,1.0542317768356237
0.09327731092436974,0.033613445378151266,1.0526990398529759
0.09327731092436974,0.03428571428571428,1.0511257087449517
0.09327731092436974,0.03495798319327731,1.049511067492501
0.09327731092436974,0.03563025210084034,1.047854369481669
0.09327731092436974,0.036302521008403366,1.046154835842524
0.09327731092436974,0.036974789915966394,1.0444116536587869
0.09327731092436974,0.03764705882352941,1.0426239740469587
0.09327731092436974,0.03831932773109244,1.0407909101028134
0.09327731092436974,0.038991596638655465,1.0389115347111324
0.09327731092436974,0.039663865546218494,1.036984878211511
0.09327731092436974,0.04033613445378151,1.0350099259091012
0.09327731092436974,0.041008403361344536,1.0329856154145707
0.09327731092436974,0.041680672268907565,1.0309108337926878
0.09327731092436974,0.04235294117647059,1.0287844144942981
0.09327731092436974,0.043025210084033615,1.0266051340424034
0.09327731092436974,0.043697478991596636,1.0243717084399875
0.09327731092436974,0.044369747899159664,1.0220827892652344
0.09327731092436974,0.04504201680672269,1.0197369594187764
0.09327731092436974,0.04571428571428572,1.017332728487121
0.09327731092436974,0.046386554621848736,1.014868527685746
0.09327731092436974,0.047058823529411764,1.012342704343604
0.09327731092436974,0.04773109243697479,1.0097535158869515
0.09327731092436974,0.04840336134453782,1.007099123273719
0.09327731092436974,0.049075630252100835,1.0043775838195141
0.09327731092436974,0.049747899159663864,1.001586843342933
0.09327731092436974,0.05042016806722689,0.9987247275417495
0.09327731092436974,0.05109243697478992,0.9957889324940687
0.09327731092436974,0.05176470588235295,0.9927770141611137
0.09327731092436974,0.05243697478991596,0.9896863767522152
0.09327731092436974,0.05310924369747899,0.9865142597980034
0.09327731092436974,0.05378151260504202,0.983257723763517
0.09327731092436974,0.05445378151260505,0.9799136340158905
0.09327731092436974,0.05512605042016806,0.9764786429369479
0.09327731092436974,0.05579831932773109,0.9729491699341829
0.09327731092436974,0.05647058823529412,0.969321379049699
0.09327731092436974,0.05714285714285715,0.9655911537935243
0.09327731092436974,0.05781512605042017,0.9617540687368207
0.09327731092436974,0.05848739495798319,0.9578053572974499
0.09327731092436974,0.05915966386554622,0.9537398750425092
0.09327731092436974,0.05983193277310925,0.9495520577237613
0.09327731092436974,0.060504201680672276,0.9452358731460271
0.09327731092436974,0.06117647058823529,0.9407847658244602
0.09327731092436974,0.06184873949579832,0.9361915931781161
0.09327731092436974,0.06252100840336135,0.9314485516888905
0.09327731092436974,0.06319327731092438,0.926547090984913
0.09327731092436974,0.06386554621848739,0.9214778131679238
0.09327731092436974,0.06453781512605042,0.9162303539207498
0.09327731092436974,0.06521008403361345,0.9107932410647768
0.09327731092436974,0.06588235294117648,0.9051537253041954
0.09327731092436974,0.0665546218487395,0.8992975767576392
0.09327731092436974,0.06722689075630252,0.8932088391917411
0.09327731092436974,0.06789915966386555,0.8868695310467546
0.09327731092436974,0.06857142857142857,0.8802592775912028
0.09327731092436974,0.0692436974789916,0.8733548510909511
0.09327731092436974,0.06991596638655462,0.8661295855888128
0.09327731092436974,0.07058823529411765,0.8585526210933205
0.09327731092436974,0.07126050420168067,0.8505879178509371
0.09327731092436974,0.0719327731092437,0.8421929610289418
0.09327731092436974,0.07260504201680673,0.8333170391409298
0.09327731092436974,0.07327731092436975,0.823898901434175
0.09327731092436974,0.07394957983193277,0.8138634356794285
0.09327731092436974,0.0746218487394958,0.8031167617416664
0.09327731092436974,0.07529411764705883,0.7915387583891679
0.09327731092436974,0.07596638655462185,0.7789713845120051
0.09327731092436974,0.07663865546218487,0.7651999302368724
0.09327731092436974,0.0773109243697479,0.7499216633871366
0.09327731092436974,0.07798319327731093,0.7326871054052723
0.09327731092436974,0.07865546218487394,0.7127801026972038
0.09327731092436974,0.07932773109243697,0.6889474497099962
0.09327731092436974,0.07983193277310924,0.6587001007795572
0.09579831932773109,0.0001680672268907563,1.0715324504332981
0.09579831932773109,0.0006722689075630252,1.0715324504332981
0.09579831932773109,0.0013445378151260505,1.0714951174593064
0.09579831932773109,0.0020168067226890756,1.0714279047206137
0.09579831932773109,0.002689075630252101,1.0713318571072996
0.09579831932773109,0.0033613445378151263,1.0712072997451902
0.09579831932773109,0.004033613445378151,1.0710543551127114
0.09579831932773109,0.004705882352941176,1.0708730623640088
0.09579831932773109,0.005378151260504202,1.0706634170888094
0.09579831932773109,0.006050420168067228,1.0704253876658854
0.09579831932773109,0.0067226890756302525,1.0701589229870243
0.09579831932773109,0.007394957983193277,1.0698639564758239
0.09579831932773109,0.008067226890756302,1.069540408326847
0.09579831932773109,0.008739495798319327,1.0691881868109467
0.09579831932773109,0.009411764705882354,1.0688071890525597
0.09579831932773109,0.010084033613445379,1.068397301487436
0.09579831932773109,0.010756302521008404,1.0679584001137306
0.09579831932773109,0.011428571428571429,1.067490350600144
0.09579831932773109,0.012100840336134453,1.0669930082881067
0.09579831932773109,0.01277310924369748,1.066466218109922
0.09579831932773109,0.013445378151260505,1.0659098144360175
0.09579831932773109,0.01411764705882353,1.0653236208592847
0.09579831932773109,0.014789915966386555,1.0647074499214833
0.09579831932773109,0.01546218487394958,1.0640611027850306
0.09579831932773109,0.016134453781512605,1.0633843688527367
0.09579831932773109,0.01680672268907563,1.0626770253379116
0.09579831932773109,0.017478991596638654,1.0619388367875855
0.09579831932773109,0.018151260504201683,1.0611695545622042
0.09579831932773109,0.018823529411764708,1.060368916276029
0.09579831932773109,0.019495798319327733,1.0595366452034483
0.09579831932773109,0.020168067226890758,1.0586724496574411
0.09579831932773109,0.020840336134453782,1.0577760223474113
0.09579831932773109,0.021512605042016807,1.0568470397244065
0.09579831932773109,0.022184873949579832,1.055885161322283
0.09579831932773109,0.022857142857142857,1.054890029103492
0.09579831932773109,0.023529411764705882,1.0538612668177822
0.09579831932773109,0.024201680672268907,1.0527984793811143
0.09579831932773109,0.024873949579831932,1.0517012522803626
0.09579831932773109,0.02554621848739496,1.0505691510069504
0.09579831932773109,0.026218487394957985,1.0494017205193786
0.09579831932773109,0.02689075630252101,1.0481984847307966
0.09579831932773109,0.027563025210084035,1.0469589460134465
0.09579831932773109,0.02823529411764706,1.0456825847072353
0.09579831932773109,0.028907563025210085,1.0443688586151436
0.09579831932773109,0.02957983193277311,1.0430172024640418
0.09579831932773109,0.030252100840336135,1.0416270273061088
0.09579831932773109,0.03092436974789916,1.0401977198338355
0.09579831932773109,0.03159663865546218,1.0387286415808574
0.09579831932773109,0.03226890756302521,1.0372191279818368
0.09579831932773109,0.03294117647058824,1.035668487267393
0.09579831932773109,0.033613445378151266,1.0340759991746156
0.09579831932773109,0.03428571428571428,1.0324409134597388
0.09579831932773109,0.03495798319327731,1.030762448206639
0.09579831932773109,0.03563025210084034,1.0290397879323665
0.09579831932773109,0.036302521008403366,1.0272720814980976
0.09579831932773109,0.036974789915966394,1.0254584398398157
0.09579831932773109,0.03764705882352941,1.0235979335367345
0.09579831932773109,0.03831932773109244,1.021689590236076
0.09579831932773109,0.038991596638655465,1.0197323919496242
0.09579831932773109,0.039663865546218494,1.017725272230131
0.09579831932773109,0.04033613445378151,1.015667113224396
0.09579831932773109,0.041008403361344536,1.013556742585414
0.09579831932773109,0.041680672268907565,1.0113929302099816
0.09579831932773109,0.04235294117647059,1.009174384752577
0.09579831932773109,0.043025210084033615,1.0068997498535943
0.09579831932773109,0.043697478991596636,1.0045676000123662
0.09579831932773109,0.044369747899159664,1.0021764360344019
0.09579831932773109,0.04504201680672269,0.999724679988357
0.09579831932773109,0.04571428571428572,0.9972106696203138
0.09579831932773109,0.046386554621848736,0.9946326521883151
0.09579831932773109,0.047058823529411764,0.991988777694575
0.09579831932773109,0.04773109243697479,0.9892770915012493
0.09579831932773109,0.04840336134453782,0.9864955263127718
0.09579831932773109,0.049075630252100835,0.9836418934893283
0.09579831932773109,0.049747899159663864,0.9807138736204606
0.09579831932773109,0.05042016806722689,0.977709006237536
0.09579831932773109,0.05109243697478992,0.9746246784865106
0.09579831932773109,0.05176470588235295,0.97145811253006
0.09579831932773109,0.05243697478991596,0.9682063514144258
0.09579831932773109,0.05310924369747899,0.964866243131317
0.09579831932773109,0.05378151260504202,0.9614344226303521
0.09579831932773109,0.05445378151260505,0.9579072915822902
0.09579831932773109,0.05512605042016806,0.9542809957343393
0.09579831932773109,0.05579831932773109,0.9505513997021878
0.09579831932773109,0.05647058823529412,0.9467140589709687
0.09579831932773109,0.05714285714285715,0.942764188699624
0.09579831932773109,0.05781512605042017,0.9386966286383401
0.09579831932773109,0.05848739495798319,0.9345058031238428
0.09579831932773109,0.05915966386554622,0.9301856748148596
0.09579831932773109,0.05983193277310925,0.9257296906926034
0.09579831932773109,0.060504201680672276,0.9211307189374881
0.09579831932773109,0.06117647058823529,0.9163809755558265
0.09579831932773109,0.06184873949579832,0.911471939887236
0.09579831932773109,0.06252100840336135,0.9063942580395767
0.09579831932773109,0.06319327731092438,0.9011376324151451
0.09579831932773109,0.06386554621848739,0.895690693410747
0.09579831932773109,0.06453781512605042,0.8900408462460244
0.09579831932773109,0.06521008403361345,0.8841740831336556
0.09579831932773109,0.06588235294117648,0.8780747504010515
0.09579831932773109,0.0665546218487395,0.8717252622289315
0.09579831932773109,0.06722689075630252,0.8651057568083915
0.09579831932773109,0.06789915966386555,0.8581936943453448
0.09579831932773109,0.06857142857142857,0.8509633927988173
0.09579831932773109,0.0692436974789916,0.8433854726115283
0.09579831932773109,0.06991596638655462,0.8354261188860399
0.09579831932773109,0.07058823529411765,0.8270460311715783
0.09579831932773109,0.07126050420168067,0.8181989248493869
0.09579831932773109,0.0719327731092437,0.8088295106300369
0.09579831932773109,0.07260504201680673,0.7988710833137213
0.09579831932773109,0.07327731092436975,0.7882431696932471
0.09579831932773109,0.07394957983193277,0.7768486413929551
0.09579831932773109,0.0746218487394958,0.7645687434585949
0.09579831932773109,0.07529411764705883,0.7512535298709024
0.09579831932773109,0.07596638655462185,0.7367027986406586
0.09579831932773109,0.07663865546218487,0.7206312397695719
0.09579831932773109,0.0773109243697479,0.7026629003751482
0.09579831932773109,0.07798319327731093,0.6823074626000684
0.09579831932773109,0.07865546218487394,0.658873890342433
0.09579831932773109,0.07932773109243697,0.6309658687363595
0.09579831932773109,0.07983193277310924,0.5937443243735183
0.09831932773109242,0.0001680672268907563,1.053081567749651
0.09831932773109242,0.0006722689075630252,1.053081567749651
0.09831932773109242,0.0013445378151260505,1.0530426479100132
0.09831932773109242,0.0020168067226890756,1.0529725773008256
0.09831932773109242,0.002689075630252101,1.0528724436981252
0.09831932773109242,0.0033613445378151263,1.0527425839415991
0.09831932773109242,0.004033613445378151,1.052583123063226
0.09831932773109242,0.004705882352941176,1.0523940987246831
0.09831932773109242,0.005378151260504202,1.0521755027186064
0.09831932773109242,0.006050420168067228,1.0519272980766394
0.09831932773109242,0.0067226890756302525,1.0516494271883385
0.09831932773109242,0.007394957983193277,1.0513418160634478
0.09831932773109242,0.008067226890756302,1.0510043767435229
0.09831932773109242,0.008739495798319327,1.0506370087429489
0.09831932773109242,0.009411764705882354,1.0502395999403231
0.09831932773109242,0.010084033613445379,1.0498120271350644
0.09831932773109242,0.010756302521008404,1.0493541563840945
0.09831932773109242,0.011428571428571429,1.0488658431816875
0.09831932773109242,0.012100840336134453,1.048346932517354
0.09831932773109242,0.01277310924369748,1.0477972588305173
0.09831932773109242,0.013445378151260505,1.0472166458713132
0.09831932773109242,0.01411764705882353,1.0466049064712322
0.09831932773109242,0.014789915966386555,1.0459618422241315
0.09831932773109242,0.01546218487394958,1.0452872430765325
0.09831932773109242,0.016134453781512605,1.0445808868256823
0.09831932773109242,0.01680672268907563,1.0438425385243604
0.09831932773109242,0.017478991596638654,1.0430719497926915
0.09831932773109242,0.018151260504201683,1.0422688580392314
0.09831932773109242,0.018823529411764708,1.0414329855961972
0.09831932773109242,0.019495798319327733,1.0405640387768713
0.09831932773109242,0.020168067226890758,1.0396617068667526
0.09831932773109242,0.020840336134453782,1.038725661063823
0.09831932773109242,0.021512605042016807,1.0377555533870646
0.09831932773109242,0.022184873949579832,1.0367510155758752
0.09831932773109242,0.022857142857142857,1.0357116580058496
0.09831932773109242,0.023529411764705882,1.0346370686481803
0.09831932773109242,0.024201680672268907,1.03352681210023
0.09831932773109242,0.024873949579831932,1.0323804287131748
0.09831932773109242,0.02554621848739496,1.0311974338387133
0.09831932773109242,0.026218487394957985,1.0299773172103575
0.09831932773109242,0.02689075630252101,1.0287195424657463
0.09831932773109242,0.027563025210084035,1.027423546804918
0.09831932773109242,0.02823529411764706,1.0260887407660106
0.09831932773109242,0.028907563025210085,1.0247145080852564
0.09831932773109242,0.02957983193277311,1.0233002055934832
0.09831932773109242,0.030252100840336135,1.0218451630879744
0.09831932773109242,0.03092436974789916,1.020348683107916
0.09831932773109242,0.03159663865546218,1.0188100405351865
0.09831932773109242,0.03226890756302521,1.017228481941108
0.09831932773109242,0.03294117647058824,1.0156032246048436
0.09831932773109242,0.033613445378151266,1.0139334551407422
0.09831932773109242,0.03428571428571428,1.0122183276899321
0.09831932773109242,0.03495798319327731,1.0104569616550552
0.09831932773109242,0.03563025210084034,1.0086484389846841
0.09831932773109242,0.036302521008403366,1.0067918010435282
0.09831932773109242,0.036974789915966394,1.0048860451329649
0.09831932773109242,0.03764705882352941,1.0029301207501313
0.09831932773109242,0.03831932773109244,1.0009229256885834
0.09831932773109242,0.038991596638655465,0.998863302085168
0.09831932773109242,0.039663865546218494,0.9967500325026631
0.09831932773109242,0.04033613445378151,0.9945818361038964
0.09831932773109242,0.041008403361344536,0.9923573649211536
0.09831932773109242,0.041680672268907565,0.9900752001590925
0.09831932773109242,0.04235294117647059,0.9877338483986509
0.09831932773109242,0.043025210084033615,0.9853317375055882
0.09831932773109242,0.043697478991596636,0.9828672120039091
0.09831932773109242,0.044369747899159664,0.9803385276633607
0.09831932773109242,0.04504201680672269,0.9777438450786562
0.09831932773109242,0.04571428571428572,0.9750812220864716
0.09831932773109242,0.046386554621848736,0.9723486049670721
0.09831932773109242,0.047058823529411764,0.9695438184945528
0.09831932773109242,0.04773109243697479,0.9666645550085055
0.09831932773109242,0.04840336134453782,0.9637083627484478
0.09831932773109242,0.049075630252100835,0.9606726336853395
0.09831932773109242,0.049747899159663864,0.9575545909716139
0.09831932773109242,0.05042016806722689,0.9543512759006061
0.09831932773109242,0.05109243697478992,0.9510595339420833
0.09831932773109242,0.05176470588235295,0.9476759990757705
0.09831932773109242,0.05243697478991596,0.9441970753941157
0.09831932773109242,0.05310924369747899,0.9406189148996981
0.09831932773109242,0.05378151260504202,0.9369373906422915
0.09831932773109242,0.05445378151260505,0.9331480648200616
0.09831932773109242,0.05512605042016806,0.9292461521232587
0.09831932773109242,0.05579831932773109,0.925226479241319
0.09831932773109242,0.05647058823529412,0.9210834417813789
0.09831932773109242,0.05714285714285715,0.9168109594563039
0.09831932773109242,0.05781512605042017,0.91240242891964
0.09831932773109242,0.05848739495798319,0.9078506710233827
0.09831932773109242,0.05915966386554622,0.9031478663681138
0.09831932773109242,0.05983193277310925,0.8982854715145474
0.09831932773109242,0.060504201680672276,0.8932541090138525
0.09831932773109242,0.06117647058823529,0.8880434278871503
0.09831932773109242,0.06184873949579832,0.8826419372605302
0.09831932773109242,0.06252100840336135,0.8770368232002409
0.09831932773109242,0.06319327731092438,0.8712137630502623
0.09831932773109242,0.06386554621848739,0.8651567431207481
0.09831932773109242,0.06453781512605042,0.8588478516238124
0.09831932773109242,0.06521008403361345,0.8522669787721706
0.09831932773109242,0.06588235294117648,0.8453913410900987
0.09831932773109242,0.0665546218487395,0.8381947563688129
0.09831932773109242,0.06722689075630252,0.8306466442529881
0.09831932773109242,0.06789915966386555,0.8227108461241477
0.09831932773109242,0.06857142857142857,0.8143445868496917
0.09831932773109242,0.0692436974789916,0.8054981226702249
0.09831932773109242,0.06991596638655462,0.7961142381771639
0.09831932773109242,0.07058823529411765,0.7861263951512447
0.09831932773109242,0.07126050420168067,0.7754534426288854
0.09831932773109242,0.0719327731092437,0.7639872699244847
0.09831932773109242,0.07260504201680673,0.7515703528623822
0.09831932773109242,0.07327731092436975,0.7379894659635218
0.09831932773109242,0.07394957983193277,0.7229803906750984
0.09831932773109242,0.0746218487394958,0.706233977731089
0.09831932773109242,0.07529411764705883,0.6874136275786135
0.09831932773109242,0.07596638655462185,0.666098511392005
0.09831932773109242,0.07663865546218487,0.640061084901012
0.09831932773109242,0.0773109243697479,0.6049866903667682
0.09831932773109242,0.07798319327731093,0.5492543438098952
0.09831932773109242,0.07865546218487394,0.28054988826963867
0.09831932773109242,0.07932773109243697,0.11994186432253755
0.09831932773109242,0.07983193277310924,0.032895469072344
0.10084033613445377,0.0001680672268907563,1.0332085548576515
0.10084033613445377,0.0006722689075630252,1.0332085548576515
0.10084033613445377,0.0013445378151260505,1.0331676279258346
0.10084033613445377,0.0020168067226890756,1.0330939417165177
0.10084033613445377,0.002689075630252101,1.0329886366857828
0.10084033613445377,0.0033613445378151263,1.0328520622983888
0.10084033613445377,0.004033613445378151,1.0326843440227564
0.10084033613445377,0.004705882352941176,1.0324855142685283
0.10084033613445377,0.005378151260504202,1.0322555561292825
0.10084033613445377,0.006050420168067228,1.0319944214924037
0.10084033613445377,0.0067226890756302525,1.0317020397144077
0.10084033613445377,0.007394957983193277,1.031378322258392
0.10084033613445377,0.008067226890756302,1.0310231654020146
0.10084033613445377,0.008739495798319327,1.0306364519397933
0.10084033613445377,0.009411764705882354,1.0302180523200204
0.10084033613445377,0.010084033613445379,1.0297678254389409
0.10084033613445377,0.010756302521008404,1.0292856192086326
0.10084033613445377,0.011428571428571429,1.0287712709594348
0.10084033613445377,0.012100840336134453,1.0282246077067791
0.10084033613445377,0.01277310924369748,1.0276454462939761
0.10084033613445377,0.013445378151260505,1.0270335934111552
0.10084033613445377,0.01411764705882353,1.026388845483295
0.10084033613445377,0.014789915966386555,1.0257109884156235
0.10084033613445377,0.01546218487394958,1.0249997971819527
0.10084033613445377,0.016134453781512605,1.024255035240383
0.10084033613445377,0.01680672268907563,1.0234764537612138
0.10084033613445377,0.017478991596638654,1.0226637906538703
0.10084033613445377,0.018151260504201683,1.0218167693833098
0.10084033613445377,0.018823529411764708,1.0209350975718563
0.10084033613445377,0.019495798319327733,1.0200184653897804
0.10084033613445377,0.020168067226890758,1.0190665437472735
0.10084033613445377,0.020840336134453782,1.0180789823115943
0.10084033613445377,0.021512605042016807,1.017055407385796
0.10084033613445377,0.022184873949579832,1.0159954196990686
0.10084033613445377,0.022857142857142857,1.0148985921724354
0.10084033613445377,0.023529411764705882,1.01376446773624
0.10084033613445377,0.024201680672268907,1.0125925572860153
0.10084033613445377,0.024873949579831932,1.0113823378692264
0.10084033613445377,0.02554621848739496,1.010133251195144
0.10084033613445377,0.026218487394957985,1.008844702551882
0.10084033613445377,0.02689075630252101,1.007516060196988
0.10084033613445377,0.027563025210084035,1.0061466552600673
0.10084033613445377,0.02823529411764706,1.0047357821580536
0.10084033613445377,0.028907563025210085,1.0032826994774662
0.10084033613445377,0.02957983193277311,1.0017866312264756
0.10084033613445377,0.030252100840336135,1.0002467683073046
0.10084033613445377,0.03092436974789916,0.9986622700118457
0.10084033613445377,0.03159663865546218,0.9970322653060905
0.10084033613445377,0.03226890756302521,0.9953558536471915
0.10084033613445377,0.03294117647058824,0.9936321050747532
0.10084033613445377,0.033613445378151266,0.9918600593379777
0.10084033613445377,0.03428571428571428,0.9900387238638936
0.10084033613445377,0.03495798319327731,0.9881670704391359
0.10084033613445377,0.03563025210084034,0.986244030567142
0.10084033613445377,0.036302521008403366,0.9842684895707172
0.10084033613445377,0.036974789915966394,0.9822392796302613
0.10084033613445377,0.03764705882352941,0.9801551720700261
0.10084033613445377,0.03831932773109244,0.9780148693130722
0.10084033613445377,0.038991596638655465,0.975816996999381
0.10084033613445377,0.039663865546218494,0.9735600967763062
0.10084033613445377,0.04033613445378151,0.9712426202016157
0.10084033613445377,0.041008403361344536,0.9688629240291287
0.10084033613445377,0.041680672268907565,0.9664192668743523
0.10084033613445377,0.04235294117647059,0.9639098069084404
0.10084033613445377,0.043025210084033615,0.961332599860952
0.10084033613445377,0.043697478991596636,0.9586855963063584
0.10084033613445377,0.044369747899159664,0.9559666370447399
0.10084033613445377,0.04504201680672269,0.9531734454172616
0.10084033613445377,0.04571428571428572,0.9503036156471913
0.10084033613445377,0.046386554621848736,0.9473545967673188
0.10084033613445377,0.047058823529411764,0.9443236723560201
0.10084033613445377,0.04773109243697479,0.9412079370860571
0.10084033613445377,0.04840336134453782,0.9380042718575591
0.10084033613445377,0.049075630252100835,0.9347093198192086
0.10084033613445377,0.049747899159663864,0.9313194655734582
0.10084033613445377,0.05042016806722689,0.9278308189779831
0.10084033613445377,0.05109243697478992,0.9242392030015062
0.10084033613445377,0.05176470588235295,0.9205401423310261
0.10084033613445377,0.05243697478991596,0.9167288468832857
0.10084033613445377,0.05310924369747899,0.9128001830896758
0.10084033613445377,0.05378151260504202,0.9087486262534851
0.10084033613445377,0.05445378151260505,0.9045681896839124
0.10084033613445377,0.05512605042016806,0.9002523309072177
0.10084033613445377,0.05579831932773109,0.8957938419696296
0.10084033613445377,0.05647058823529412,0.8911847386471908
0.10084033613445377,0.05714285714285715,0.8864161691252966
0.10084033613445377,0.05781512605042017,0.8814783598817153
0.10084033613445377,0.05848739495798319,0.8763605958775781
0.10084033613445377,0.05915966386554622,0.8710511941785494
0.10084033613445377,0.05983193277310925,0.865537409014243
0.10084033613445377,0.060504201680672276,0.859805198527426
0.10084033613445377,0.06117647058823529,0.8538387903620671
0.10084033613445377,0.06184873949579832,0.8476200192889617
0.10084033613445377,0.06252100840336135,0.8411275044186143
0.10084033613445377,0.06319327731092438,0.8343359184792565
0.10084033613445377,0.06386554621848739,0.8272158176497794
0.10084033613445377,0.06453781512605042,0.8197340650757885
0.10084033613445377,0.06521008403361345,0.8118541762931389
0.10084033613445377,0.06588235294117648,0.8035358428243861
0.10084033613445377,0.0665546218487395,0.794732540321922
0.10084033613445377,0.06722689075630252,0.7853854969614001
0.10084033613445377,0.06789915966386555,0.7754115827148902
0.10084033613445377,0.06857142857142857,0.7646854136852674
0.10084033613445377,0.0692436974789916,0.7530495291523263
0.10084033613445377,0.06991596638655462,0.7403289782254312
0.10084033613445377,0.07058823529411765,0.726356710615582
0.10084033613445377,0.07126050420168067,0.7110152011216208
0.10084033613445377,0.0719327731092437,0.6942270988431375
0.10084033613445377,0.07260504201680673,0.6751112281639435
0.10084033613445377,0.07327731092436975,0.6516809460959028
0.10084033613445377,0.07394957983193277,0.6200625335777853
0.10084033613445377,0.0746218487394958,0.5695329831585957
0.10084033613445377,0.07529411764705883,0.38325438690252006
0.10084033613445377,0.07596638655462185,0.16525851446662854
0.10084033613445377,0.07663865546218487,0.09403815402168716
0.10084033613445377,0.0773109243697479,0.04200180109286109
0.10084033613445377,0.07798319327731093,0.009234854692191147
0.10084033613445377,0.07865546218487394,0.0002856410093275738
0.10084033613445377,0.07932773109243697,0.0002586183263183777
0.10084033613445377,0.07983193277310924,0.0002585196419877921
0.10336134453781512,0.0001680672268907563,1.0115536946213544
0.10336134453781512,0.0006722689075630252,1.0115536946213544
0.10336134453781512,0.0013445378151260505,1.0115102080401943
0.10336134453781512,0.0020168067226890756,1.0114319089986585
0.10336134453781512,0.002689075630252101,1.0113200019858497
0.10336134453781512,0.0033613445378151263,1.0111748481238223
0.10336134453781512,0.004033613445378151,1.0109965677246293
0.10336134453781512,0.004705882352941176,1.0107851795469731
0.10336134453781512,0.005378151260504202,1.0105406474361054
0.10336134453781512,0.006050420168067228,1.0102628997628829
0.10336134453781512,0.0067226890756302525,1.00995183887678
0.10336134453781512,0.007394957983193277,1.009607346310102
0.10336134453781512,0.008067226890756302,1.009229285976167
0.10336134453781512,0.008739495798319327,1.008817506344697
0.10336134453781512,0.009411764705882354,1.008371842062765
0.10336134453781512,0.010084033613445379,1.0078921152568199
0.10336134453781512,0.010756302521008404,1.0073781366364487
0.10336134453781512,0.011428571428571429,1.006829706458963
0.10336134453781512,0.012100840336134453,1.0062466153779077
0.10336134453781512,0.01277310924369748,1.0056286451755592
0.10336134453781512,0.013445378151260505,1.004975569363245
0.10336134453781512,0.01411764705882353,1.0042871536209217
0.10336134453781512,0.014789915966386555,1.0035631560374016
0.10336134453781512,0.01546218487394958,1.0028033271043364
0.10336134453781512,0.016134453781512605,1.0020074094104838
0.10336134453781512,0.01680672268907563,1.0011751369781645
0.10336134453781512,0.017478991596638654,1.0003062341817395
0.10336134453781512,0.018151260504201683,0.9994004141892101
0.10336134453781512,0.018823529411764708,0.9984573768735918
0.10336134453781512,0.019495798319327733,0.997476806151687
0.10336134453781512,0.020168067226890758,0.996458366725325
0.10336134453781512,0.020840336134453782,0.9954017002250847
0.10336134453781512,0.021512605042016807,0.9943064207896036
0.10336134453781512,0.022184873949579832,0.9931721101548924
0.10336134453781512,0.022857142857142857,0.9919983123768089
0.10336134453781512,0.023529411764705882,0.9907845283639313
0.10336134453781512,0.024201680672268907,0.9895302104538511
0.10336134453781512,0.024873949579831932,0.988234757317904
0.10336134453781512,0.02554621848739496,0.9868975095202153
0.10336134453781512,0.026218487394957985,0.9855177460777106
0.10336134453781512,0.02689075630252101,0.9840946823588048
0.10336134453781512,0.027563025210084035,0.98262746961089
0.10336134453781512,0.02823529411764706,0.981115196314391
0.10336134453781512,0.028907563025210085,0.979556891423289
0.10336134453781512,0.02957983193277311,0.977951529375373
0.10336134453781512,0.030252100840336135,0.9762980365554109
0.10336134453781512,0.03092436974789916,0.9745952986932145
0.10336134453781512,0.03159663865546218,0.9728421685010622
0.10336134453781512,0.03226890756302521,0.9710374727224219
0.10336134453781512,0.03294117647058824,0.9691800176902121
0.10336134453781512,0.033613445378151266,0.9672685924848085
0.10336134453781512,0.03428571428571428,0.9653019688435749
0.10336134453781512,0.03495798319327731,0.9632788971102095
0.10336134453781512,0.03563025210084034,0.9611980977326379
0.10336134453781512,0.036302521008403366,0.9590582481343433
0.10336134453781512,0.036974789915966394,0.9568579652054127
0.10336134453781512,0.03764705882352941,0.9545957841846617
0.10336134453781512,0.03831932773109244,0.9522701353074416
0.10336134453781512,0.038991596638655465,0.9498793202103268
0.10336134453781512,0.039663865546218494,0.9474214905957775
0.10336134453781512,0.04033613445378151,0.9448946318907847
0.10336134453781512,0.041008403361344536,0.9422965543672153
0.10336134453781512,0.041680672268907565,0.939624893232923
0.10336134453781512,0.04235294117647059,0.9368771174985002
0.10336134453781512,0.043025210084033615,0.934050545224479
0.10336134453781512,0.043697478991596636,0.9311423606633343
0.10336134453781512,0.044369747899159664,0.9281496273969089
0.10336134453781512,0.04504201680672269,0.9250692910288948
0.10336134453781512,0.04571428571428572,0.9218981653564213
0.10336134453781512,0.046386554621848736,0.9186328973012081
0.10336134453781512,0.047058823529411764,0.9152699084418076
0.10336134453781512,0.04773109243697479,0.9118053150290233
0.10336134453781512,0.04840336134453782,0.9082348340097978
0.10336134453781512,0.049075630252100835,0.9045536893868589
0.10336134453781512,0.049747899159663864,0.9007565395176617
0.10336134453781512,0.05042016806722689,0.8968374479164567
0.10336134453781512,0.05109243697478992,0.8927899115071474
0.10336134453781512,0.05176470588235295,0.888606935980172
0.10336134453781512,0.05243697478991596,0.8842811228834709
0.10336134453781512,0.05310924369747899,0.8798047206944274
0.10336134453781512,0.05378151260504202,0.8751695866435196
0.10336134453781512,0.05445378151260505,0.8703670057984616
0.10336134453781512,0.05512605042016806,0.8653873240242269
0.10336134453781512,0.05579831932773109,0.8602193845932476
0.10336134453781512,0.05647058823529412,0.8548498341123212
0.10336134453781512,0.05714285714285715,0.8492625000214516
0.10336134453781512,0.05781512605042017,0.8434382138108555
0.10336134453781512,0.05848739495798319,0.8373554089414249
0.10336134453781512,0.05915966386554622,0.8309910877825704
0.10336134453781512,0.05983193277310925,0.8243217434273346
0.10336134453781512,0.060504201680672276,0.8173237466285208
0.10336134453781512,0.06117647058823529,0.8099723984583171
0.10336134453781512,0.06184873949579832,0.8022382974125221
0.10336134453781512,0.06252100840336135,0.7940791557702591
0.10336134453781512,0.06319327731092438,0.7854266839599798
0.10336134453781512,0.06386554621848739,0.7761825542095774
0.10336134453781512,0.06453781512605042,0.7662298949392935
0.10336134453781512,0.06521008403361345,0.7554456104688819
0.10336134453781512,0.06588235294117648,0.7437177300698837
0.10336134453781512,0.0665546218487395,0.7309718481546319
0.10336134453781512,0.06722689075630252,0.7172034436535274
0.10336134453781512,0.06789915966386555,0.7024117953444752
0.10336134453781512,0.06857142857142857,0.6855640953054354
0.10336134453781512,0.0692436974789916,0.6649978131255986
0.10336134453781512,0.06991596638655462,0.6376616828620094
0.10336134453781512,0.07058823529411765,0.5964672421799131
0.10336134453781512,0.07126050420168067,0.5153522361971323
0.10336134453781512,0.0719327731092437,0.2668322731388165
0.10336134453781512,0.07260504201680673,0.1615828854454189
0.10336134453781512,0.07327731092436975,0.09741580182527095
0.10336134453781512,0.07394957983193277,0.04760059493440041
0.10336134453781512,0.0746218487394958,0.014094317104938144
0.10336134453781512,0.07529411764705883,0.0005327807560518156
0.10336134453781512,0.07596638655462185,0.0002595159256759814
0.10336134453781512,0.07663865546218487,0.0002585309993922736
0.10336134453781512,0.0773109243697479,0.00025851965887357036
0.10336134453781512,0.07798319327731093,0.00025851964198786507
0.10336134453781512,0.07865546218487394,0.0002585196419877899
0.10336134453781512,0.07932773109243697,0.0002585196419877899
0.10336134453781512,0.07983193277310924,0.00025851964198779167
0.10588235294117646,0.0001680672268907563,0.9876086913952152
0.10588235294117646,0.0006722689075630252,0.9876086913952152
0.10588235294117646,0.0013445378151260505,0.987561935316654
0.10588235294117646,0.0020168067226890756,0.9874777407260479
0.10588235294117646,0.002689075630252101,0.9873573879508719
0.10588235294117646,0.0033613445378151263,0.9872012445382314
0.10588235294117646,0.004033613445378151,0.9870094132118421
0.10588235294117646,0.004705882352941176,0.9867818817223133
0.10588235294117646,0.005378151260504202,0.9865185731559853
0.10588235294117646,0.006050420168067228,0.9862193670500496
0.10588235294117646,0.0067226890756302525,0.9858841098368518
0.10588235294117646,0.007394957983193277,0.985512620800173
0.10588235294117646,0.008067226890756302,0.9851046959693461
0.10588235294117646,0.008739495798319327,0.9846601110227413
0.10588235294117646,0.009411764705882354,0.9841786237178435
0.10588235294117646,0.010084033613445379,0.9836599761134379
0.10588235294117646,0.010756302521008404,0.9831038967235931
0.10588235294117646,0.011428571428571429,0.9825101026734914
0.10588235294117646,0.012100840336134453,0.9818783018836975
0.10588235294117646,0.01277310924369748,0.981208195278236
0.10588235294117646,0.013445378151260505,0.9804994789860175
0.10588235294117646,0.01411764705882353,0.9797518464811347
0.10588235294117646,0.014789915966386555,0.9789649905834498
0.10588235294117646,0.01546218487394958,0.9781386052158462
0.10588235294117646,0.016134453781512605,0.9772723867883163
0.10588235294117646,0.01680672268907563,0.9763660350521803
0.10588235294117646,0.017478991596638654,0.9754192532413197
0.10588235294117646,0.018151260504201683,0.9744317472933249
0.10588235294117646,0.018823529411764708,0.9734032239247955
0.10588235294117646,0.019495798319327733,0.9723333873256517
0.10588235294117646,0.020168067226890758,0.9712219342423496
0.10588235294117646,0.020840336134453782,0.970068547245481
0.10588235294117646,0.021512605042016807,0.9688728860303817
0.10588235294117646,0.022184873949579832,0.9676345766872064
0.10588235294117646,0.022857142857142857,0.9663531990057497
0.10588235294117646,0.023529411764705882,0.9650282720538471
0.10588235294117646,0.024201680672268907,0.9636592384855623
0.10588235294117646,0.024873949579831932,0.9622454482879232
0.10588235294117646,0.02554621848739496,0.9607861429435828
0.10588235294117646,0.026218487394957985,0.9592804412388681
0.10588235294117646,0.02689075630252101,0.9577273281354259
0.10588235294117646,0.027563025210084035,0.9561256481904952
0.10588235294117646,0.02823529411764706,0.9544741048938373
0.10588235294117646,0.028907563025210085,0.9527712669397329
0.10588235294117646,0.02957983193277311,0.9510155818583442
0.10588235294117646,0.030252100840336135,0.9492053966418184
0.10588235294117646,0.03092436974789916,0.9473389841361243
0.10588235294117646,0.03159663865546218,0.9454145731860141
0.10588235294117646,0.03226890756302521,0.9434303799365304
0.10588235294117646,0.03294117647058824,0.9413846373358306
0.10588235294117646,0.033613445378151266,0.9392756197011011
0.10588235294117646,0.03428571428571428,0.9371016591366388
0.10588235294117646,0.03495798319327731,0.9348611506024685
0.10588235294117646,0.03563025210084034,0.932552542562497
0.10588235294117646,0.036302521008403366,0.9301743105117983
0.10588235294117646,0.036974789915966394,0.9277249114880672
0.10588235294117646,0.03764705882352941,0.9252027191621173
0.10588235294117646,0.03831932773109244,0.9226059415289292
0.10588235294117646,0.038991596638655465,0.9199325267363684
0.10588235294117646,0.039663865546218494,0.9171800670650265
0.10588235294117646,0.04033613445378151,0.9143457158263113
0.10588235294117646,0.041008403361344536,0.9114261354024127
0.10588235294117646,0.041680672268907565,0.9084174941461897
0.10588235294117646,0.04235294117647059,0.9053155222230936
0.10588235294117646,0.043025210084033615,0.9021156210432145
0.10588235294117646,0.043697478991596636,0.8988130058107401
0.10588235294117646,0.044369747899159664,0.8954028532319457
0.10588235294117646,0.04504201680672269,0.8918804235431735
0.10588235294117646,0.04571428571428572,0.8882411240048613
0.10588235294117646,0.046386554621848736,0.8844804787371031
0.10588235294117646,0.047058823529411764,0.8805939689348661
0.10588235294117646,0.04773109243697479,0.8765767128732866
0.10588235294117646,0.04840336134453782,0.8724229751726496
0.10588235294117646,0.049075630252100835,0.8681255419104789
0.10588235294117646,0.049747899159663864,0.8636750857700182
0.10588235294117646,0.05042016806722689,0.8590597728081765
0.10588235294117646,0.05109243697478992,0.8542654479590949
0.10588235294117646,0.05176470588235295,0.849276410954912
0.10588235294117646,0.05243697478991596,0.8440764773243711
0.10588235294117646,0.05310924369747899,0.8386500847941777
0.10588235294117646,0.05378151260504202,0.8329832112700193
0.10588235294117646,0.05445378151260505,0.8270637512557206
0.10588235294117646,0.05512605042016806,0.8208807413591396
0.10588235294117646,0.05579831932773109,0.814421462414272
0.10588235294117646,0.05647058823529412,0.8076651905025373
0.10588235294117646,0.05714285714285715,0.8005731273251605
0.10588235294117646,0.05781512605042017,0.7930796795194078
0.10588235294117646,0.05848739495798319,0.785100675659271
0.10588235294117646,0.05915966386554622,0.776542922454822
0.10588235294117646,0.05983193277310925,0.7673155342557493
0.10588235294117646,0.060504201680672276,0.7573472170971653
0.10588235294117646,0.06117647058823529,0.7466138319379938
0.10588235294117646,0.06184873949579832,0.735173228910379
0.10588235294117646,0.06252100840336135,0.7231524631549048
0.10588235294117646,0.06319327731092438,0.7103353209907447
0.10588235294117646,0.06386554621848739,0.6958731363716063
0.10588235294117646,0.06453781512605042,0.6785667517188493
0.10588235294117646,0.06521008403361345,0.6564531423942263
0.10588235294117646,0.06588235294117648,0.625667133685933
0.10588235294117646,0.0665546218487395,0.5759409525076854
0.10588235294117646,0.06722689075630252,0.43091622084487957
0.10588235294117646,0.06789915966386555,0.24800084793997837
0.10588235294117646,0.06857142857142857,0.17132107747153938
0.10588235294117646,0.0692436974789916,0.11020029194130514
0.10588235294117646,0.06991596638655462,0.060619595409636254
0.10588235294117646,0.07058823529411765,0.024163804708452606
0.10588235294117646,0.07126050420168067,0.0033490038138070644
0.10588235294117646,0.0719327731092437,0.00028529121087266933
0.10588235294117646,0.07260504201680673,0.0002593204326360381
0.10588235294117646,0.07327731092436975,0.0002585331041167828
0.10588235294117646,0.07394957983193277,0.0002585196829484396
0.10588235294117646,0.0746218487394958,0.000258519641989948
0.10588235294117646,0.07529411764705883,0.0002585196419877899
0.10588235294117646,0.07596638655462185,0.0002585196419877899
0.10588235294117646,0.07663865546218487,0.0002585196419877899
0.10588235294117646,0.0773109243697479,0.0002585196419877899
0.10588235294117646,0.07798319327731093,0.0002585196419877899
0.10588235294117646,0.07865546218487394,0.0002585196419877899
0.10588235294117646,0.07932773109243697,0.0002585196419877899
0.10588235294117646,0.07983193277310924,0.00025851964198779167
0.1084033613445378,0.0001680672268907563,0.9606139549604836
0.1084033613445378,0.0006722689075630252,0.9606139549604836
0.1084033613445378,0.0013445378151260505,0.9605630569292007
0.1084033613445378,0.0020168067226890756,0.9604713876990779
0.1084033613445378,0.002689075630252101,0.9603403135230574
0.1084033613445378,0.0033613445378151263,0.9601701954791155
0.1084033613445378,0.004033613445378151,0.959961094719044
0.1084033613445378,0.004705882352941176,0.9597129354525491
0.1084033613445378,0.005378151260504202,0.9594255595716409
0.1084033613445378,0.006050420168067228,0.9590987495298864
0.1084033613445378,0.0067226890756302525,0.9587322396773098
0.1084033613445378,0.007394957983193277,0.9583257228215388
0.1084033613445378,0.008067226890756302,0.9578788546994377
0.1084033613445378,0.008739495798319327,0.95739125757246
0.1084033613445378,0.009411764705882354,0.9568625235585432
0.1084033613445378,0.010084033613445379,0.9562922180418302
0.1084033613445378,0.010756302521008404,0.95567988336632
0.1084033613445378,0.011428571428571429,0.9550250429444788
0.1084033613445378,0.012100840336134453,0.9543272058637177
0.1084033613445378,0.01277310924369748,0.9535858720365419
0.1084033613445378,0.013445378151260505,0.9528005379055214
0.1084033613445378,0.01411764705882353,0.9519707026766094
0.1084033613445378,0.014789915966386555,0.9510958750097751
0.1084033613445378,0.01546218487394958,0.9501755800409654
0.1084033613445378,0.016134453781512605,0.9492093665410694
0.1084033613445378,0.01680672268907563,0.9481968139332327
0.1084033613445378,0.017478991596638654,0.9471375387877459
0.1084033613445378,0.018151260504201683,0.9460312002934887
0.1084033613445378,0.018823529411764708,0.9448775040685541
0.1084033613445378,0.019495798319327733,0.943676203525857
0.1084033613445378,0.020168067226890758,0.9424270978631505
0.1084033613445378,0.020840336134453782,0.9411300256188366
0.1084033613445378,0.021512605042016807,0.939784852652224
0.1084033613445378,0.022184873949579832,0.9383914534068237
0.1084033613445378,0.022857142857142857,0.9369496844463073
0.1084033613445378,0.023529411764705882,0.935459349572436
0.1084033613445378,0.024201680672268907,0.9339201564037045
0.1084033613445378,0.024873949579831932,0.932331665165353
0.1084033613445378,0.02554621848739496,0.9306932316398848
0.1084033613445378,0.026218487394957985,0.9290039477168824
0.1084033613445378,0.02689075630252101,0.9272625846264715
0.1084033613445378,0.027563025210084035,0.925467545464249
0.1084033613445378,0.02823529411764706,0.9236168345713851
0.1084033613445378,0.028907563025210085,0.9217080511463835
0.1084033613445378,0.02957983193277311,0.9197384126007867
0.1084033613445378,0.030252100840336135,0.9177048095133207
0.1084033613445378,0.03092436974789916,0.9156038893692264
0.1084033613445378,0.03159663865546218,0.9134321622659884
0.1084033613445378,0.03226890756302521,0.9111861197571453
0.1084033613445378,0.03294117647058824,0.9088623578284603
0.1084033613445378,0.033613445378151266,0.9064576955131062
0.1084033613445378,0.03428571428571428,0.9039692807284722
0.1084033613445378,0.03495798319327731,0.901394673863432
0.1084033613445378,0.03563025210084034,0.8987318972412388
0.1084033613445378,0.036302521008403366,0.8959794350739595
0.1084033613445378,0.036974789915966394,0.8931361647037447
0.1084033613445378,0.03764705882352941,0.8902011973557409
0.1084033613445378,0.03831932773109244,0.8871736079605851
0.1084033613445378,0.038991596638655465,0.8840520428986903
0.1084033613445378,0.039663865546218494,0.8808342171962483
0.1084033613445378,0.04033613445378151,0.8775163542907597
0.1084033613445378,0.041008403361344536,0.8740926829887482
0.1084033613445378,0.041680672268907565,0.8705551710867326
0.1084033613445378,0.04235294117647059,0.8668936787720986
0.1084033613445378,0.043025210084033615,0.8630965330989666
0.1084033613445378,0.043697478991596636,0.8591513478853307
0.1084033613445378,0.044369747899159664,0.8550459455970668
0.1084033613445378,0.04504201680672269,0.8507692977116578
0.1084033613445378,0.04571428571428572,0.8463124136123911
0.1084033613445378,0.046386554621848736,0.8416690641273531
0.1084033613445378,0.047058823529411764,0.8368361173143342
0.1084033613445378,0.04773109243697479,0.8318130844239404
0.1084033613445378,0.04840336134453782,0.826600235376927
0.1084033613445378,0.049075630252100835,0.821194435439161
0.1084033613445378,0.049747899159663864,0.815582037916354
0.1084033613445378,0.05042016806722689,0.8097301595598871
0.1084033613445378,0.05109243697478992,0.803585683850891
0.1084033613445378,0.05176470588235295,0.7970824706057701
0.1084033613445378,0.05243697478991596,0.7901482137501605
0.1084033613445378,0.05310924369747899,0.7827115871887902
0.1084033613445378,0.05378151260504202,0.7747119929700396
0.1084033613445378,0.05445378151260505,0.7661146635920182
0.1084033613445378,0.05512605042016806,0.7569331799316479
0.1084033613445378,0.05579831932773109,0.7472557471125874
0.1084033613445378,0.05647058823529412,0.7372460084528846
0.1084033613445378,0.05714285714285715,0.726979160223139
0.1084033613445378,0.05781512605042017,0.715961146024858
0.1084033613445378,0.05848739495798319,0.703501119391152
0.1084033613445378,0.05915966386554622,0.6886517701776514
0.1084033613445378,0.05983193277310925,0.6699307536073029
0.1084033613445378,0.060504201680672276,0.6446610038289455
0.1084033613445378,0.06117647058823529,0.6070369921989727
0.1084033613445378,0.06184873949579832,0.5397400550636511
0.1084033613445378,0.06252100840336135,0.3645981875593892
0.1084033613445378,0.06319327731092438,0.25180099372567477
0.1084033613445378,0.06386554621848739,0.18423262466125026
0.1084033613445378,0.06453781512605042,0.12613046308004447
0.1084033613445378,0.06521008403361345,0.07711027365370735
0.1084033613445378,0.06588235294117648,0.03843976593823552
0.1084033613445378,0.0665546218487395,0.012164971202212542
0.1084033613445378,0.06722689075630252,0.000956134013310797
0.1084033613445378,0.06789915966386555,0.00027936109215281245
0.1084033613445378,0.06857142857142857,0.00025970114762176755
0.1084033613445378,0.0692436974789916,0.0002585529706634125
0.1084033613445378,0.06991596638655462,0.0002585199076045838
0.1084033613445378,0.07058823529411765,0.0002585196421482994
0.1084033613445378,0.07126050420168067,0.00025851964198778994
0.1084033613445378,0.0719327731092437,0.0002585196419877899
0.1084033613445378,0.07260504201680673,0.0002585196419877899
0.1084033613445378,0.07327731092436975,0.0002585196419877899
0.1084033613445378,0.07394957983193277,0.0002585196419877899
0.1084033613445378,0.0746218487394958,0.0002585196419877899
0.1084033613445378,0.07529411764705883,0.0002585196419877899
0.1084033613445378,0.07596638655462185,0.0002585196419877899
0.1084033613445378,0.07663865546218487,0.0002585196419877899
0.1084033613445378,0.0773109243697479,0.0002585196419877899
0.1084033613445378,0.07798319327731093,0.0002585196419877899
0.1084033613445378,0.07865546218487394,0.0002585196419877899
0.1084033613445378,0.07932773109243697,0.0002585196419877899
0.1084033613445378,0.07983193277310924,0.00025851964198779167
0.11092436974789915,0.0001680672268907563,0.9293433700332754
0.11092436974789915,0.0006722689075630252,0.9293433700332754
0.11092436974789915,0.0013445378151260505,0.9292873328806629
0.11092436974789915,0.0020168067226890756,0.9291863815809852
0.11092436974789915,0.002689075630252101,0.9290419751069322
0.11092436974789915,0.0033613445378151263,0.9288544459967139
0.11092436974789915,0.004033613445378151,0.9286237758353993
0.11092436974789915,0.004705882352941176,0.9283497734457851
0.11092436974789915,0.005378151260504202,0.9280321335722864
0.11092436974789915,0.006050420168067228,0.9276704604814333
0.11092436974789915,0.0067226890756302525,0.9272642787985487
0.11092436974789915,0.007394957983193277,0.9268130391220327
0.11092436974789915,0.008067226890756302,0.9263161214668748
0.11092436974789915,0.008739495798319327,0.925772837979358
0.11092436974789915,0.009411764705882354,0.9251824357147743
0.11092436974789915,0.010084033613445379,0.9245440999835226
0.11092436974789915,0.010756302521008404,0.9238569586371465
0.11092436974789915,0.011428571428571429,0.9231200876016536
0.11092436974789915,0.012100840336134453,0.9223325179352051
0.11092436974789915,0.01277310924369748,0.9214932446737307
0.11092436974789915,0.013445378151260505,0.9206012377213149
0.11092436974789915,0.01411764705882353,0.9196554550344758
0.11092436974789915,0.014789915966386555,0.9186548583324847
0.11092436974789915,0.01546218487394958,0.9175984315294062
0.11092436974789915,0.016134453781512605,0.9164852020143008
0.11092436974789915,0.01680672268907563,0.9153142647869349
0.11092436974789915,0.017478991596638654,0.914084809266106
0.11092436974789915,0.018151260504201683,0.9127961483008713
0.11092436974789915,0.018823529411764708,0.9114477485030289
0.11092436974789915,0.019495798319327733,0.9100392604527958
0.11092436974789915,0.020168067226890758,0.9085705465835996
0.11092436974789915,0.020840336134453782,0.9070417036135878
0.11092436974789915,0.021512605042016807,0.9054530752742111
0.11092436974789915,0.022184873949579832,0.9038052498497715
0.11092436974789915,0.022857142857142857,0.902099035820252
0.11092436974789915,0.023529411764705882,0.9003354079373893
0.11092436974789915,0.024201680672268907,0.8985154157546538
0.11092436974789915,0.024873949579831932,0.8966400475507302
0.11092436974789915,0.02554621848739496,0.8947100454894644
0.11092436974789915,0.026218487394957985,0.8927256736047988
0.11092436974789915,0.02689075630252101,0.8906864495056428
0.11092436974789915,0.027563025210084035,0.8885908636134131
0.11092436974789915,0.02823529411764706,0.8864361246876649
0.11092436974789915,0.028907563025210085,0.8842179827169487
0.11092436974789915,0.02957983193277311,0.8819306811482083
0.11092436974789915,0.030252100840336135,0.8795670694821183
0.11092436974789915,0.03092436974789916,0.8771188651883525
0.11092436974789915,0.03159663865546218,0.8745770173438497
0.11092436974789915,0.03226890756302521,0.8719321199865496
0.11092436974789915,0.03294117647058824,0.8691748428209367
0.11092436974789915,0.033613445378151266,0.8662963697369965
0.11092436974789915,0.03428571428571428,0.8632888504492058
0.11092436974789915,0.03495798319327731,0.8601458740506182
0.11092436974789915,0.03563025210084034,0.8568629639991724
0.11092436974789915,0.036302521008403366,0.8534380696886513
0.11092436974789915,0.036974789915966394,0.8498719862646618
0.11092436974789915,0.03764705882352941,0.8461685667978937
0.11092436974789915,0.03831932773109244,0.842334496886442
0.11092436974789915,0.038991596638655465,0.8383782899670271
0.11092436974789915,0.039663865546218494,0.8343080722339375
0.11092436974789915,0.04033613445378151,0.8301277761581799
0.11092436974789915,0.041008403361344536,0.8258318449645924
0.11092436974789915,0.041680672268907565,0.8214000996265056
0.11092436974789915,0.04235294117647059,0.8167971891085727
0.11092436974789915,0.043025210084033615,0.8119768906692196
0.11092436974789915,0.043697478991596636,0.8068865975790964
0.11092436974789915,0.044369747899159664,0.8014709780341668
0.11092436974789915,0.04504201680672269,0.7956755481135155
0.11092436974789915,0.04571428571428572,0.7894513269484594
0.11092436974789915,0.046386554621848736,0.7827620057591308
0.11092436974789915,0.047058823529411764,0.775595241290287
0.11092436974789915,0.04773109243697479,0.7679792923855552
0.11092436974789915,0.04840336134453782,0.7600035155696668
0.11092436974789915,0.049075630252100835,0.7518304851863477
0.11092436974789915,0.049747899159663864,0.7436468881606421
0.11092436974789915,0.05042016806722689,0.7353855083447934
0.11092436974789915,0.05109243697478992,0.7266678960462396
0.11092436974789915,0.05176470588235295,0.717026821160707
0.11092436974789915,0.05243697478991596,0.7058819104258898
0.11092436974789915,0.05310924369747899,0.6924313849612499
0.11092436974789915,0.05378151260504202,0.675439065694231
0.11092436974789915,0.05445378151260505,0.652771888723789
0.11092436974789915,0.05512605042016806,0.6201926530113336
0.11092436974789915,0.05579831932773109,0.5671028858917739
0.11092436974789915,0.05647058823529412,0.4457424501595069
0.11092436974789915,0.05714285714285715,0.32055807502103134
0.11092436974789915,0.05781512605042017,0.24925831872746373
0.11092436974789915,0.05848739495798319,0.18932872424132693
0.11092436974789915,0.05915966386554622,0.13598523740924945
0.11092436974789915,0.05983193277310925,0.08958909439706794
0.11092436974789915,0.060504201680672276,0.05117517020596482
0.11092436974789915,0.06117647058823529,0.0223182819737342
0.11092436974789915,0.06184873949579832,0.004996798392560154
0.11092436974789915,0.06252100840336135,0.0005271166333620267
0.11092436974789915,0.06319327731092438,0.0002824596577785391
0.11092436974789915,0.06386554621848739,0.0002604951258967268
0.11092436974789915,0.06453781512605042,0.00025861152012090707
0.11092436974789915,0.06521008403361345,0.0002585213489465651
0.11092436974789915,0.06588235294117648,0.000258519648109793
0.11092436974789915,0.0665546218487395,0.0002585196419883601
0.11092436974789915,0.06722689075630252,0.0002585196419877899
0.11092436974789915,0.06789915966386555,0.0002585196419877899
0.11092436974789915,0.06857142857142857,0.0002585196419877899
0.11092436974789915,0.0692436974789916,0.0002585196419877899
0.11092436974789915,0.06991596638655462,0.0002585196419877899
0.11092436974789915,0.07058823529411765,0.0002585196419877899
0.11092436974789915,0.07126050420168067,0.0002585196419877899
0.11092436974789915,0.0719327731092437,0.0002585196419877899
0.11092436974789915,0.07260504201680673,0.0002585196419877899
0.11092436974789915,0.07327731092436975,0.0002585196419877899
0.11092436974789915,0.07394957983193277,0.0002585196419877899
0.11092436974789915,0.0746218487394958,0.0002585196419877899
0.11092436974789915,0.07529411764705883,0.0002585196419877899
0.11092436974789915,0.07596638655462185,0.0002585196419877899
0.11092436974789915,0.07663865546218487,0.0002585196419877899
0.11092436974789915,0.0773109243697479,0.0002585196419877899
0.11092436974789915,0.07798319327731093,0.0002585196419877899
0.11092436974789915,0.07865546218487394,0.0002585196419877899
0.11092436974789915,0.07932773109243697,0.0002585196419877899
0.11092436974789915,0.07983193277310924,0.00025851964198779167
0.11344537815126049,0.0001680672268907563,0.8915867238522198
0.11344537815126049,0.0006722689075630252,0.8915867238522198
0.11344537815126049,0.0013445378151260505,0.8915244851382417
0.11344537815126049,0.0020168067226890756,0.8914123306861333
0.11344537815126049,0.002689075630252101,0.891251826620214
0.11344537815126049,0.0033613445378151263,0.8910432617258903
0.11344537815126049,0.004033613445378151,0.8907865049441398
0.11344537815126049,0.004705882352941176,0.8904811984412978
0.11344537815126049,0.005378151260504202,0.8901268170352558
0.11344537815126049,0.006050420168067228,0.8897226878824642
0.11344537815126049,0.0067226890756302525,0.8892679953665499
0.11344537815126049,0.007394957983193277,0.8887617797287785
0.11344537815126049,0.008067226890756302,0.8882029330041886
0.11344537815126049,0.008739495798319327,0.8875901940460137
0.11344537815126049,0.009411764705882354,0.8869221437026217
0.11344537815126049,0.010084033613445379,0.886197200896896
0.11344537815126049,0.010756302521008404,0.8854136202187303
0.11344537815126049,0.011428571428571429,0.8845694915929669
0.11344537815126049,0.012100840336134453,0.8836627425984709
0.11344537815126049,0.01277310924369748,0.8826911440823503
0.11344537815126049,0.013445378151260505,0.8816523198389911
0.11344537815126049,0.01411764705882353,0.8805437613112631
0.11344537815126049,0.014789915966386555,0.8793628485237768
0.11344537815126049,0.01546218487394958,0.8781068787728463
0.11344537815126049,0.016134453781512605,0.8767731049630142
0.11344537815126049,0.01680672268907563,0.8753587858696713
0.11344537815126049,0.017478991596638654,0.8738612509742336
0.11344537815126049,0.018151260504201683,0.872277982783884
0.11344537815126049,0.018823529411764708,0.870606719587474
0.11344537815126049,0.019495798319327733,0.8688455812232776
0.11344537815126049,0.020168067226890758,0.8669932193648429
0.11344537815126049,0.020840336134453782,0.8650489916766898
0.11344537815126049,0.021512605042016807,0.8630131554281464
0.11344537815126049,0.022184873949579832,0.8608870701282005
0.11344537815126049,0.022857142857142857,0.8586733897321709
0.11344537815126049,0.023529411764705882,0.8563762123436648
0.11344537815126049,0.024201680672268907,0.8540011389313155
0.11344537815126049,0.024873949579831932,0.8515551734199978
0.11344537815126049,0.02554621848739496,0.849046378048173
0.11344537815126049,0.026218487394957985,0.8464831879387821
0.11344537815126049,0.02689075630252101,0.8438733022778883
0.11344537815126049,0.027563025210084035,0.8412221306443253
0.11344537815126049,0.02823529411764706,0.8385309135816452
0.11344537815126049,0.028907563025210085,0.8357948744164789
0.11344537815126049,0.02957983193277311,0.8330020218519394
0.11344537815126049,0.030252100840336135,0.8301332042934623
0.11344537815126049,0.03092436974789916,0.8271633683086246
0.11344537815126049,0.03159663865546218,0.8240632724388175
0.11344537815126049,0.03226890756302521,0.8208009959559491
0.11344537815126049,0.03294117647058824,0.8173430437304274
0.11344537815126049,0.033613445378151266,0.8136551552576948
0.11344537815126049,0.03428571428571428,0.8097030655602233
0.11344537815126049,0.03495798319327731,0.8054535425907039
0.11344537815126049,0.03563025210084034,0.8008761015241432
0.11344537815126049,0.036302521008403366,0.7959458939514457
0.11344537815126049,0.036974789915966394,0.7906483747396129
0.11344537815126049,0.03764705882352941,0.7849863772676112
0.11344537815126049,0.03831932773109244,0.7789899335508313
0.11344537815126049,0.038991596638655465,0.7727279355126806
0.11344537815126049,0.039663865546218494,0.7663170919591779
0.11344537815126049,0.04033613445378151,0.7599145258334877
0.11344537815126049,0.041008403361344536,0.7536615683634214
0.11344537815126049,0.041680672268907565,0.7475430658270646
0.11344537815126049,0.04235294117647059,0.7413558356086699
0.11344537815126049,0.043025210084033615,0.7348320907794735
0.11344537815126049,0.043697478991596636,0.7276753403953801
0.11344537815126049,0.044369747899159664,0.7195415290560008
0.11344537815126049,0.04504201680672269,0.7099948569418562
0.11344537815126049,0.04571428571428572,0.6984324182036364
0.11344537815126049,0.046386554621848736,0.6839499475430951
0.11344537815126049,0.047058823529411764,0.6650764025584467
0.11344537815126049,0.04773109243697479,0.6391711697415681
0.11344537815126049,0.04840336134453782,0.6007698051299948
0.11344537815126049,0.049075630252100835,0.5356141319405696
0.11344537815126049,0.049747899159663864,0.4269303798308077
0.11344537815126049,0.05042016806722689,0.34106744597317246
0.11344537815126049,0.05109243697478992,0.2791376241779295
0.11344537815126049,0.05176470588235295,0.2239857490278374
0.11344537815126049,0.05243697478991596,0.1734431332124557
0.11344537815126049,0.05310924369747899,0.1276017279915844
0.11344537815126049,0.05378151260504202,0.08702385085197625
0.11344537815126049,0.05445378151260505,0.05272770989278067
0.11344537815126049,0.05512605042016806,0.02601775974413935
0.11344537815126049,0.05579831932773109,0.008477741533688804
0.11344537815126049,0.05647058823529412,0.001355141641991318
0.11344537815126049,0.05714285714285715,0.0004009402441507886
0.11344537815126049,0.05781512605042017,0.00027964256540110476
0.11344537815126049,0.05848739495798319,0.00026082176183749126
0.11344537815126049,0.05915966386554622,0.0002586767475845379
0.11344537815126049,0.05983193277310925,0.0002585249684839375
0.11344537815126049,0.060504201680672276,0.0002585196994179481
0.11344537815126049,0.06117647058823529,0.00025851964205963216
0.11344537815126049,0.06184873949579832,0.00025851964198779037
0.11344537815126049,0.06252100840336135,0.0002585196419877899
0.11344537815126049,0.06319327731092438,0.0002585196419877899
0.11344537815126049,0.06386554621848739,0.0002585196419877899
0.11344537815126049,0.06453781512605042,0.0002585196419877899
0.11344537815126049,0.06521008403361345,0.0002585196419877899
0.11344537815126049,0.06588235294117648,0.0002585196419877899
0.11344537815126049,0.0665546218487395,0.0002585196419877899
0.11344537815126049,0.06722689075630252,0.0002585196419877899
0.11344537815126049,0.06789915966386555,0.0002585196419877899
0.11344537815126049,0.06857142857142857,0.0002585196419877899
0.11344537815126049,0.0692436974789916,0.0002585196419877899
0.11344537815126049,0.06991596638655462,0.0002585196419877899
0.11344537815126049,0.07058823529411765,0.0002585196419877899
0.11344537815126049,0.07126050420168067,0.0002585196419877899
0.11344537815126049,0.0719327731092437,0.0002585196419877899
0.11344537815126049,0.07260504201680673,0.0002585196419877899
0.11344537815126049,0.07327731092436975,0.0002585196419877899
0.11344537815126049,0.07394957983193277,0.0002585196419877899
0.11344537815126049,0.0746218487394958,0.0002585196419877899
0.11344537815126049,0.07529411764705883,0.0002585196419877899
0.11344537815126049,0.07596638655462185,0.0002585196419877899
0.11344537815126049,0.07663865546218487,0.0002585196419877899
0.11344537815126049,0.0773109243697479,0.0002585196419877899
0.11344537815126049,0.07798319327731093,0.0002585196419877899
0.11344537815126049,0.07865546218487394,0.0002585196419877899
0.11344537815126049,0.07932773109243697,0.0002585196419877899
0.11344537815126049,0.07983193277310924,0.00025851964198779167
0.11596638655462183,0.0001680672268907563,0.8426194887426455
0.11596638655462183,0.0006722689075630252,0.8426194887426455
0.11596638655462183,0.0013445378151260505,0.8425494873998628
0.11596638655462183,0.0020168067226890756,0.8424233638888379
0.11596638655462183,0.002689075630252101,0.8422429079079865
0.11596638655462183,0.0033613445378151263,0.8420084721318757
0.11596638655462183,0.004033613445378151,0.8417199236718198
0.11596638655462183,0.004705882352941176,0.8413768448830087
0.11596638655462183,0.005378151260504202,0.8409785806897803
0.11596638655462183,0.006050420168067228,0.8405242383263226
0.11596638655462183,0.0067226890756302525,0.8400126679018494
0.11596638655462183,0.007394957983193277,0.8394424338090577
0.11596638655462183,0.008067226890756302,0.8388117814166347
0.11596638655462183,0.008739495798319327,0.8381186014471208
0.11596638655462183,0.009411764705882354,0.8373603935271122
0.11596638655462183,0.010084033613445379,0.8365342298596378
0.11596638655462183,0.010756302521008404,0.8356367195567663
0.11596638655462183,0.011428571428571429,0.8346639738112883
0.11596638655462183,0.012100840336134453,0.8336115717855883
0.11596638655462183,0.01277310924369748,0.8324745269003412
0.11596638655462183,0.013445378151260505,0.8312472531850181
0.11596638655462183,0.01411764705882353,0.8299235315894632
0.11596638655462183,0.014789915966386555,0.8284964767443468
0.11596638655462183,0.01546218487394958,0.8269585057054168
0.11596638655462183,0.016134453781512605,0.8253013118535405
0.11596638655462183,0.01680672268907563,0.8235158495209046
0.11596638655462183,0.017478991596638654,0.8215923383029741
0.11596638655462183,0.018151260504201683,0.8195203006998029
0.11596638655462183,0.018823529411764708,0.8172886530924723
0.11596638655462183,0.019495798319327733,0.8148858785418883
0.11596638655462183,0.020168067226890758,0.8123003209164857
0.11596638655462183,0.020840336134453782,0.8095206536080927
0.11596638655462183,0.021512605042016807,0.8065365921161567
0.11596638655462183,0.022184873949579832,0.8033399360572402
0.11596638655462183,0.022857142857142857,0.799926037434107
0.11596638655462183,0.023529411764705882,0.7962957867214816
0.11596638655462183,0.024201680672268907,0.7924581635146313
0.11596638655462183,0.024873949579831932,0.7884332721327958
0.11596638655462183,0.02554621848739496,0.7842555050746038
0.11596638655462183,0.026218487394957985,0.7799759505096806
0.11596638655462183,0.02689075630252101,0.7756622942404301
0.11596638655462183,0.027563025210084035,0.7713933424013261
0.11596638655462183,0.02823529411764706,0.7672446658809066
0.11596638655462183,0.028907563025210085,0.7632643063583249
0.11596638655462183,0.02957983193277311,0.7594474445326227
0.11596638655462183,0.030252100840336135,0.7557307994695774
0.11596638655462183,0.03092436974789916,0.7520118224270859
0.11596638655462183,0.03159663865546218,0.7481704247410157
0.11596638655462183,0.03226890756302521,0.7440791597700563
0.11596638655462183,0.03294117647058824,0.7396032526771718
0.11596638655462183,0.033613445378151266,0.7345940672862521
0.11596638655462183,0.03428571428571428,0.7288774617528212
0.11596638655462183,0.03495798319327731,0.72223647212742
0.11596638655462183,0.03563025210084034,0.7143857554201005
0.11596638655462183,0.036302521008403366,0.7049323667052636
0.11596638655462183,0.036974789915966394,0.6933122073362724
0.11596638655462183,0.03764705882352941,0.6786805086413695
0.11596638655462183,0.03831932773109244,0.6597098346345532
0.11596638655462183,0.038991596638655465,0.6341898839247834
0.11596638655462183,0.039663865546218494,0.5981967140181503
0.11596638655462183,0.04033613445378151,0.5447523372390939
0.11596638655462183,0.041008403361344536,0.47198538617138275
0.11596638655462183,0.041680672268907565,0.403819475888415
0.11596638655462183,0.04235294117647059,0.34790311516172623
0.11596638655462183,0.043025210084033615,0.29751853054518146
0.11596638655462183,0.043697478991596636,0.2502710821204097
0.11596638655462183,0.044369747899159664,0.20570158938840888
0.11596638655462183,0.04504201680672269,0.1639039377698204
0.11596638655462183,0.04571428571428572,0.12521584087269974
0.11596638655462183,0.046386554621848736,0.09020435675883386
0.11596638655462183,0.047058823529411764,0.05965841490546679
0.11596638655462183,0.04773109243697479,0.03454827803920964
0.11596638655462183,0.04840336134453782,0.016008377270766604
0.11596638655462183,0.049075630252100835,0.005040898870571603
0.11596638655462183,0.049747899159663864,0.001253667919958985
0.11596638655462183,0.05042016806722689,0.00048757412117762295
0.11596638655462183,0.05109243697478992,0.0003078506465616893
0.11596638655462183,0.05176470588235295,0.0002669492965522282
0.11596638655462183,0.05243697478991596,0.00025957744586467145
0.11596638655462183,0.05310924369747899,0.0002586069366800568
0.11596638655462183,0.05378151260504202,0.00025852355194561435
0.11596638655462183,0.05445378151260505,0.0002585197098960579
0.11596638655462183,0.05512605042016806,0.0002585196422177211
0.11596638655462183,0.05579831932773109,0.0002585196419878195
0.11596638655462183,0.05647058823529412,0.0002585196419877899
0.11596638655462183,0.05714285714285715,0.0002585196419877899
0.11596638655462183,0.05781512605042017,0.0002585196419877899
0.11596638655462183,0.05848739495798319,0.0002585196419877899
0.11596638655462183,0.05915966386554622,0.0002585196419877899
0.11596638655462183,0.05983193277310925,0.0002585196419877899
0.11596638655462183,0.060504201680672276,0.0002585196419877899
0.11596638655462183,0.06117647058823529,0.0002585196419877899
0.11596638655462183,0.06184873949579832,0.0002585196419877899
0.11596638655462183,0.06252100840336135,0.0002585196419877899
0.11596638655462183,0.06319327731092438,0.0002585196419877899
0.11596638655462183,0.06386554621848739,0.0002585196419877899
0.11596638655462183,0.06453781512605042,0.0002585196419877899
0.11596638655462183,0.06521008403361345,0.0002585196419877899
0.11596638655462183,0.06588235294117648,0.0002585196419877899
0.11596638655462183,0.0665546218487395,0.0002585196419877899
0.11596638655462183,0.06722689075630252,0.0002585196419877899
0.11596638655462183,0.06789915966386555,0.0002585196419877899
0.11596638655462183,0.06857142857142857,0.0002585196419877899
0.11596638655462183,0.0692436974789916,0.0002585196419877899
0.11596638655462183,0.06991596638655462,0.0002585196419877899
0.11596638655462183,0.07058823529411765,0.0002585196419877899
0.11596638655462183,0.07126050420168067,0.0002585196419877899
0.11596638655462183,0.0719327731092437,0.0002585196419877899
0.11596638655462183,0.07260504201680673,0.0002585196419877899
0.11596638655462183,0.07327731092436975,0.0002585196419877899
0.11596638655462183,0.07394957983193277,0.0002585196419877899
0.11596638655462183,0.0746218487394958,0.0002585196419877899
0.11596638655462183,0.07529411764705883,0.0002585196419877899
0.11596638655462183,0.07596638655462185,0.0002585196419877899
0.11596638655462183,0.07663865546218487,0.0002585196419877899
0.11596638655462183,0.0773109243697479,0.0002585196419877899
0.11596638655462183,0.07798319327731093,0.0002585196419877899
0.11596638655462183,0.07865546218487394,0.0002585196419877899
0.11596638655462183,0.07932773109243697,0.0002585196419877899
0.11596638655462183,0.07983193277310924,0.00025851964198779167
0.11848739495798319,0.0001680672268907563,0.7686172649617553
0.11848739495798319,0.0006722689075630252,0.7686172649617553
0.11848739495798319,0.0013445378151260505,0.7685304144654643
0.11848739495798319,0.0020168067226890756,0.7683744041043513
0.11848739495798319,0.002689075630252101,0.7681522429680735
0.11848739495798319,0.0033613445378151263,0.7678654414276707
0.11848739495798319,0.004033613445378151,0.7675151429191512
0.11848739495798319,0.004705882352941176,0.7671023118009099
0.11848739495798319,0.005378151260504202,0.766627717485782
0.11848739495798319,0.006050420168067228,0.7660918464531055
0.11848739495798319,0.0067226890756302525,0.7654947786312951
0.11848739495798319,0.007394957983193277,0.7648360428676864
0.11848739495798319,0.008067226890756302,0.7641144602101971
0.11848739495798319,0.008739495798319327,0.7633279817898582
0.11848739495798319,0.009411764705882354,0.7624735269565733
0.11848739495798319,0.010084033613445379,0.7615468258070556
0.11848739495798319,0.010756302521008404,0.7605422678757897
0.11848739495798319,0.011428571428571429,0.7594527554143214
0.11848739495798319,0.012100840336134453,0.7582695554797731
0.11848739495798319,0.01277310924369748,0.7569821402572062
0.11848739495798319,0.013445378151260505,0.7555779999459464
0.11848739495798319,0.01411764705882353,0.7540424073285562
0.11848739495798319,0.014789915966386555,0.752358107758626
0.11848739495798319,0.01546218487394958,0.750504902380637
0.11848739495798319,0.016134453781512605,0.7484590852144297
0.11848739495798319,0.01680672268907563,0.7461926852222937
0.11848739495798319,0.017478991596638654,0.743672451163324
0.11848739495798319,0.018151260504201683,0.7408584979727459
0.11848739495798319,0.018823529411764708,0.7377025059183419
0.11848739495798319,0.019495798319327733,0.7341453241209488
0.11848739495798319,0.020168067226890758,0.7301137727376422
0.11848739495798319,0.020840336134453782,0.725516355263503
0.11848739495798319,0.021512605042016807,0.7202374726392986
0.11848739495798319,0.022184873949579832,0.7141295587076567
0.11848739495798319,0.022857142857142857,0.7070023141314025
0.11848739495798319,0.023529411764705882,0.6986078936615764
0.11848739495798319,0.024201680672268907,0.6886205419416668
0.11848739495798319,0.024873949579831932,0.6766090232762259
0.11848739495798319,0.02554621848739496,0.6620012230726419
0.11848739495798319,0.026218487394957985,0.6440459355752857
0.11848739495798319,0.02689075630252101,0.6217983838078351
0.11848739495798319,0.027563025210084035,0.5942257957956092
0.11848739495798319,0.02823529411764706,0.5606937891228181
0.11848739495798319,0.028907563025210085,0.5220736513848344
0.11848739495798319,0.02957983193277311,0.4811719149155214
0.11848739495798319,0.030252100840336135,0.4405930062583984
0.11848739495798319,0.03092436974789916,0.401162945321889
0.11848739495798319,0.03159663865546218,0.36280429110361023
0.11848739495798319,0.03226890756302521,0.32537163162877836
0.11848739495798319,0.03294117647058824,0.2888097193662645
0.11848739495798319,0.033613445378151266,0.25314690471113416
0.11848739495798319,0.03428571428571428,0.21848895458351347
0.11848739495798319,0.03495798319327731,0.18500934874827177
0.11848739495798319,0.03563025210084034,0.1529468628984518
0.11848739495798319,0.036302521008403366,0.12262822866355493
0.11848739495798319,0.036974789915966394,0.0944742570134027
0.11848739495798319,0.03764705882352941,0.06899380652451008
0.11848739495798319,0.03831932773109244,0.046796693188430424
0.11848739495798319,0.038991596638655465,0.028571838491185154
0.11848739495798319,0.039663865546218494,0.014995628546132192
0.11848739495798319,0.04033613445378151,0.006477698352094364
0.11848739495798319,0.041008403361344536,0.0024884955725555454
0.11848739495798319,0.041680672268907565,0.0010409508375023606
0.11848739495798319,0.04235294117647059,0.0005208523096903292
0.11848739495798319,0.043025210084033615,0.00033629104287888714
0.11848739495798319,0.043697478991596636,0.00027798137298032193
0.11848739495798319,0.044369747899159664,0.0002624810241199758
0.11848739495798319,0.04504201680672269,0.000259142602396136
0.11848739495798319,0.04571428571428572,0.0002585892785725012
0.11848739495798319,0.046386554621848736,0.00025852449979913046
0.11848739495798319,0.047058823529411764,0.00025851981331361206
0.11848739495798319,0.04773109243697479,0.00025851964409619285
0.11848739495798319,0.04840336134453782,0.000258519641992316
0.11848739495798319,0.049075630252100835,0.00025851964198779037
0.11848739495798319,0.049747899159663864,0.0002585196419877899
0.11848739495798319,0.05042016806722689,0.0002585196419877899
0.11848739495798319,0.05109243697478992,0.0002585196419877899
0.11848739495798319,0.05176470588235295,0.0002585196419877899
0.11848739495798319,0.05243697478991596,0.0002585196419877899
0.11848739495798319,0.05310924369747899,0.0002585196419877899
0.11848739495798319,0.05378151260504202,0.0002585196419877899
0.11848739495798319,0.05445378151260505,0.0002585196419877899
0.11848739495798319,0.05512605042016806,0.0002585196419877899
0.11848739495798319,0.05579831932773109,0.0002585196419877899
0.11848739495798319,0.05647058823529412,0.0002585196419877899
0.11848739495798319,0.05714285714285715,0.0002585196419877899
0.11848739495798319,0.05781512605042017,0.0002585196419877899
0.11848739495798319,0.05848739495798319,0.0002585196419877899
0.11848739495798319,0.05915966386554622,0.0002585196419877899
0.11848739495798319,0.05983193277310925,0.0002585196419877899
0.11848739495798319,0.060504201680672276,0.0002585196419877899
0.11848739495798319,0.06117647058823529,0.0002585196419877899
0.11848739495798319,0.06184873949579832,0.0002585196419877899
0.11848739495798319,0.06252100840336135,0.0002585196419877899
0.11848739495798319,0.06319327731092438,0.0002585196419877899
0.11848739495798319,0.06386554621848739,0.0002585196419877899
0.11848739495798319,0.06453781512605042,0.0002585196419877899
0.11848739495798319,0.06521008403361345,0.0002585196419877899
0.11848739495798319,0.06588235294117648,0.0002585196419877899
0.11848739495798319,0.0665546218487395,0.0002585196419877899
0.11848739495798319,0.06722689075630252,0.0002585196419877899
0.11848739495798319,0.06789915966386555,0.0002585196419877899
0.11848739495798319,0.06857142857142857,0.0002585196419877899
0.11848739495798319,0.0692436974789916,0.0002585196419877899
0.11848739495798319,0.06991596638655462,0.0002585196419877899
0.11848739495798319,0.07058823529411765,0.0002585196419877899
0.11848739495798319,0.07126050420168067,0.0002585196419877899
0.11848739495798319,0.0719327731092437,0.0002585196419877899
0.11848739495798319,0.07260504201680673,0.0002585196419877899
0.11848739495798319,0.07327731092436975,0.0002585196419877899
0.11848739495798319,0.07394957983193277,0.0002585196419877899
0.11848739495798319,0.0746218487394958,0.0002585196419877899
0.11848739495798319,0.07529411764705883,0.0002585196419877899
0.11848739495798319,0.07596638655462185,0.0002585196419877899
0.11848739495798319,0.07663865546218487,0.0002585196419877899
0.11848739495798319,0.0773109243697479,0.0002585196419877899
0.11848739495798319,0.07798319327731093,0.0002585196419877899
0.11848739495798319,0.07865546218487394,0.0002585196419877899
0.11848739495798319,0.07932773109243697,0.0002585196419877899
0.11848739495798319,0.07983193277310924,0.00025851964198779167
0.12100840336134452,0.0001680672268907563,0.5213905789770799
0.12100840336134452,0.0006722689075630252,0.5213905789770799
0.12100840336134452,0.0013445378151260505,0.5203689128091749
0.12100840336134452,0.0020168067226890756,0.518525211969415
0.12100840336134452,0.002689075630252101,0.5158824729347309
0.12100840336134452,0.0033613445378151263,0.5124424753712146
0.12100840336134452,0.004033613445378151,0.5082002451238012
0.12100840336134452,0.004705882352941176,0.5031479046286068
0.12100840336134452,0.005378151260504202,0.49727650522253125
0.12100840336134452,0.006050420168067228,0.4905773320237879
0.12100840336134452,0.0067226890756302525,0.4830430492232444
0.12100840336134452,0.007394957983193277,0.4746687741118403
0.12100840336134452,0.008067226890756302,0.46545307270738084
0.12100840336134452,0.008739495798319327,0.4553988306564107
0.12100840336134452,0.009411764705882354,0.44451394000738964
0.12100840336134452,0.010084033613445379,0.4328117480508858
0.12100840336134452,0.010756302521008404,0.4203112358294521
0.12100840336134452,0.011428571428571429,0.4070369270490018
0.12100840336134452,0.012100840336134453,0.39301856620714104
0.12100840336134452,0.01277310924369748,0.3782906393646572
0.12100840336134452,0.013445378151260505,0.36289183446029316
0.12100840336134452,0.01411764705882353,0.34686454594384525
0.12100840336134452,0.014789915966386555,0.3302545207091178
0.12100840336134452,0.01546218487394958,0.3131107227966376
0.12100840336134452,0.016134453781512605,0.2954854699759679
0.12100840336134452,0.01680672268907563,0.2774348747118185
0.12100840336134452,0.017478991596638654,0.259019612948048
0.12100840336134452,0.018151260504201683,0.24030604825806282
0.12100840336134452,0.018823529411764708,0.22136774618395205
0.12100840336134452,0.019495798319327733,0.202287403113025
0.12100840336134452,0.020168067226890758,0.18315916915754815
0.12100840336134452,0.020840336134453782,0.16409128110581533
0.12100840336134452,0.021512605042016807,0.14520889672639395
0.12100840336134452,0.022184873949579832,0.12665707063814954
0.12100840336134452,0.022857142857142857,0.10860383457422264
0.12100840336134452,0.023529411764705882,0.09124311620438474
0.12100840336134452,0.024201680672268907,0.0747966656529609
0.12100840336134452,0.024873949579831932,0.05951343478247001
0.12100840336134452,0.02554621848739496,0.04566393802446763
0.12100840336134452,0.026218487394957985,0.033525611073192
0.12100840336134452,0.02689075630252101,0.02335294374128225
0.12100840336134452,0.027563025210084035,0.015324358349768087
0.12100840336134452,0.02823529411764706,0.009462264811674493
0.12100840336134452,0.028907563025210085,0.005552567056448232
0.12100840336134452,0.02957983193277311,0.003156026453261834
0.12100840336134452,0.030252100840336135,0.0017733926933946305
0.12100840336134452,0.03092436974789916,0.001010167676390383
0.12100840336134452,0.03159663865546218,0.0006078869322288372
0.12100840336134452,0.03226890756302521,0.0004081118007768577
0.12100840336134452,0.03294117647058824,0.00031648092205658045
0.12100840336134452,0.033613445378151266,0.00027850871901271066
0.12100840336134452,0.03428571428571428,0.00026454824223226563
0.12100840336134452,0.03495798319327731,0.00026007104132106697
0.12100840336134452,0.03563025210084034,0.00025884818039859363
0.12100840336134452,0.036302521008403366,0.0002585740404138255
0.12100840336134452,0.036974789915966394,0.00025852619289521144
0.12100840336134452,0.03764705882352941,0.00025852015814502896
0.12100840336134452,0.03831932773109244,0.00025851966471661554
0.12100840336134452,0.038991596638655465,0.00025851964242894703
0.12100840336134452,0.039663865546218494,0.0002585196419904908
0.12100840336134452,0.04033613445378151,0.00025851964198779395
0.12100840336134452,0.041008403361344536,0.0002585196419877899
0.12100840336134452,0.041680672268907565,0.0002585196419877899
0.12100840336134452,0.04235294117647059,0.0002585196419877899
0.12100840336134452,0.043025210084033615,0.0002585196419877899
0.12100840336134452,0.043697478991596636,0.0002585196419877899
0.12100840336134452,0.044369747899159664,0.0002585196419877899
0.12100840336134452,0.04504201680672269,0.0002585196419877899
0.12100840336134452,0.04571428571428572,0.0002585196419877899
0.12100840336134452,0.046386554621848736,0.0002585196419877899
0.12100840336134452,0.047058823529411764,0.0002585196419877899
0.12100840336134452,0.04773109243697479,0.0002585196419877899
0.12100840336134452,0.04840336134453782,0.0002585196419877899
0.12100840336134452,0.049075630252100835,0.0002585196419877899
0.12100840336134452,0.049747899159663864,0.0002585196419877899
0.12100840336134452,0.05042016806722689,0.0002585196419877899
0.12100840336134452,0.05109243697478992,0.0002585196419877899
0.12100840336134452,0.05176470588235295,0.0002585196419877899
0.12100840336134452,0.05243697478991596,0.0002585196419877899
0.12100840336134452,0.05310924369747899,0.0002585196419877899
0.12100840336134452,0.05378151260504202,0.0002585196419877899
0.12100840336134452,0.05445378151260505,0.0002585196419877899
0.12100840336134452,0.05512605042016806,0.0002585196419877899
0.12100840336134452,0.05579831932773109,0.0002585196419877899
0.12100840336134452,0.05647058823529412,0.0002585196419877899
0.12100840336134452,0.05714285714285715,0.0002585196419877899
0.12100840336134452,0.05781512605042017,0.0002585196419877899
0.12100840336134452,0.05848739495798319,0.0002585196419877899
0.12100840336134452,0.05915966386554622,0.0002585196419877899
0.12100840336134452,0.05983193277310925,0.0002585196419877899
0.12100840336134452,0.060504201680672276,0.0002585196419877899
0.12100840336134452,0.06117647058823529,0.0002585196419877899
0.12100840336134452,0.06184873949579832,0.0002585196419877899
0.12100840336134452,0.06252100840336135,0.0002585196419877899
0.12100840336134452,0.06319327731092438,0.0002585196419877899
0.12100840336134452,0.06386554621848739,0.0002585196419877899
0.12100840336134452,0.06453781512605042,0.0002585196419877899
0.12100840336134452,0.06521008403361345,0.0002585196419877899
0.12100840336134452,0.06588235294117648,0.0002585196419877899
0.12100840336134452,0.0665546218487395,0.0002585196419877899
0.12100840336134452,0.06722689075630252,0.0002585196419877899
0.12100840336134452,0.06789915966386555,0.0002585196419877899
0.12100840336134452,0.06857142857142857,0.0002585196419877899
0.12100840336134452,0.0692436974789916,0.0002585196419877899
0.12100840336134452,0.06991596638655462,0.0002585196419877899
0.12100840336134452,0.07058823529411765,0.0002585196419877899
0.12100840336134452,0.07126050420168067,0.0002585196419877899
0.12100840336134452,0.0719327731092437,0.0002585196419877899
0.12100840336134452,0.07260504201680673,0.0002585196419877899
0.12100840336134452,0.07327731092436975,0.0002585196419877899
0.12100840336134452,0.07394957983193277,0.0002585196419877899
0.12100840336134452,0.0746218487394958,0.0002585196419877899
0.12100840336134452,0.07529411764705883,0.0002585196419877899
0.12100840336134452,0.07596638655462185,0.0002585196419877899
0.12100840336134452,0.07663865546218487,0.0002585196419877899
0.12100840336134452,0.0773109243697479,0.0002585196419877899
0.12100840336134452,0.07798319327731093,0.0002585196419877899
0.12100840336134452,0.07865546218487394,0.0002585196419877899
0.12100840336134452,0.07932773109243697,0.0002585196419877899
0.12100840336134452,0.07983193277310924,0.00025851964198779167
0.12352941176470587,0.0001680672268907563,0.005872435264005576
0.12352941176470587,0.0006722689075630252,0.005872435264005576
0.12352941176470587,0.0013445378151260505,0.005784329304296363
0.12352941176470587,0.0020168067226890756,0.0056285969878560015
0.12352941176470587,0.002689075630252101,0.005412482386329863
0.12352941176470587,0.0033613445378151263,0.0051432379241836
0.12352941176470587,0.004033613445378151,0.004829096679863164
0.12352941176470587,0.004705882352941176,0.004479251481227223
0.12352941176470587,0.005378151260504202,0.004103596261850164
0.12352941176470587,0.006050420168067228,0.0037123737137150547
0.12352941176470587,0.0067226890756302525,0.0033157804065317717
0.12352941176470587,0.007394957983193277,0.0029235613910489782
0.12352941176470587,0.008067226890756302,0.0025446224475372246
0.12352941176470587,0.008739495798319327,0.0021866871744724656
0.12352941176470587,0.009411764705882354,0.001856024204514317
0.12352941176470587,0.010084033613445379,0.0015572654854424195
0.12352941176470587,0.010756302521008404,0.0012933293764871554
0.12352941176470587,0.011428571428571429,0.0010654527408734283
0.12352941176470587,0.012100840336134453,0.0008733254070464218
0.12352941176470587,0.01277310924369748,0.0007153098486206202
0.12352941176470587,0.013445378151260505,0.0005887202211806395
0.12352941176470587,0.01411764705882353,0.000490129407860655
0.12352941176470587,0.014789915966386555,0.0004156722020759634
0.12352941176470587,0.01546218487394958,0.00036131933620480377
0.12352941176470587,0.016134453781512605,0.00032311065162059016
0.12352941176470587,0.01680672268907563,0.0002973490871863755
0.12352941176470587,0.017478991596638654,0.0002807583779725076
0.12352941176470587,0.018151260504201683,0.00027059546342137484
0.12352941176470587,0.018823529411764708,0.00026470095850608465
0.12352941176470587,0.019495798319327733,0.00026148139534686905
0.12352941176470587,0.020168067226890758,0.0002598365441391536
0.12352941176470587,0.020840336134453782,0.00025905722053092586
0.12352941176470587,0.021512605042016807,0.0002587184637247967
0.12352941176470587,0.022184873949579832,0.0002585851806052017
0.12352941176470587,0.022857142857142857,0.00025853850844587557
0.12352941176470587,0.023529411764705882,0.0002585242658688889
0.12352941176470587,0.024201680672268907,0.0002585205766922008
0.12352941176470587,0.024873949579831932,0.00025851979181528795
0.12352941176470587,0.02554621848739496,0.00025851966013847776
0.12352941176470587,0.026218487394957985,0.0002585196435591567
0.12352941176470587,0.02689075630252101,0.0002585196420795327
0.12352941176470587,0.027563025210084035,0.000258519641991252
0.12352941176470587,0.02823529411764706,0.0002585196419878749
0.12352941176470587,0.028907563025210085,0.0002585196419877914
0.12352941176470587,0.02957983193277311,0.0002585196419877899
0.12352941176470587,0.030252100840336135,0.0002585196419877899
0.12352941176470587,0.03092436974789916,0.0002585196419877899
0.12352941176470587,0.03159663865546218,0.0002585196419877899
0.12352941176470587,0.03226890756302521,0.0002585196419877899
0.12352941176470587,0.03294117647058824,0.0002585196419877899
0.12352941176470587,0.033613445378151266,0.0002585196419877899
0.12352941176470587,0.03428571428571428,0.0002585196419877899
0.12352941176470587,0.03495798319327731,0.0002585196419877899
0.12352941176470587,0.03563025210084034,0.0002585196419877899
0.12352941176470587,0.036302521008403366,0.0002585196419877899
0.12352941176470587,0.036974789915966394,0.0002585196419877899
0.12352941176470587,0.03764705882352941,0.0002585196419877899
0.12352941176470587,0.03831932773109244,0.0002585196419877899
0.12352941176470587,0.038991596638655465,0.0002585196419877899
0.12352941176470587,0.039663865546218494,0.0002585196419877899
0.12352941176470587,0.04033613445378151,0.0002585196419877899
0.12352941176470587,0.041008403361344536,0.0002585196419877899
0.12352941176470587,0.041680672268907565,0.0002585196419877899
0.12352941176470587,0.04235294117647059,0.0002585196419877899
0.12352941176470587,0.043025210084033615,0.0002585196419877899
0.12352941176470587,0.043697478991596636,0.0002585196419877899
0.12352941176470587,0.044369747899159664,0.0002585196419877899
0.12352941176470587,0.04504201680672269,0.0002585196419877899
0.12352941176470587,0.04571428571428572,0.0002585196419877899
0.12352941176470587,0.046386554621848736,0.0002585196419877899
0.12352941176470587,0.047058823529411764,0.0002585196419877899
0.12352941176470587,0.04773109243697479,0.0002585196419877899
0.12352941176470587,0.04840336134453782,0.0002585196419877899
0.12352941176470587,0.049075630252100835,0.0002585196419877899
0.12352941176470587,0.049747899159663864,0.0002585196419877899
0.12352941176470587,0.05042016806722689,0.0002585196419877899
0.12352941176470587,0.05109243697478992,0.0002585196419877899
0.12352941176470587,0.05176470588235295,0.0002585196419877899
0.12352941176470587,0.05243697478991596,0.0002585196419877899
0.12352941176470587,0.05310924369747899,0.0002585196419877899
0.12352941176470587,0.05378151260504202,0.0002585196419877899
0.12352941176470587,0.05445378151260505,0.0002585196419877899
0.12352941176470587,0.05512605042016806,0.0002585196419877899
0.12352941176470587,0.05579831932773109,0.0002585196419877899
0.12352941176470587,0.05647058823529412,0.0002585196419877899
0.12352941176470587,0.05714285714285715,0.0002585196419877899
0.12352941176470587,0.05781512605042017,0.0002585196419877899
0.12352941176470587,0.05848739495798319,0.0002585196419877899
0.12352941176470587,0.05915966386554622,0.0002585196419877899
0.12352941176470587,0.05983193277310925,0.0002585196419877899
0.12352941176470587,0.060504201680672276,0.0002585196419877899
0.12352941176470587,0.06117647058823529,0.0002585196419877899
0.12352941176470587,0.06184873949579832,0.0002585196419877899
0.12352941176470587,0.06252100840336135,0.0002585196419877899
0.12352941176470587,0.06319327731092438,0.0002585196419877899
0.12352941176470587,0.06386554621848739,0.0002585196419877899
0.12352941176470587,0.06453781512605042,0.0002585196419877899
0.12352941176470587,0.06521008403361345,0.0002585196419877899
0.12352941176470587,0.06588235294117648,0.0002585196419877899
0.12352941176470587,0.0665546218487395,0.0002585196419877899
0.12352941176470587,0.06722689075630252,0.0002585196419877899
0.12352941176470587,0.06789915966386555,0.0002585196419877899
0.12352941176470587,0.06857142857142857,0.0002585196419877899
0.12352941176470587,0.0692436974789916,0.0002585196419877899
0.12352941176470587,0.06991596638655462,0.0002585196419877899
0.12352941176470587,0.07058823529411765,0.0002585196419877899
0.12352941176470587,0.07126050420168067,0.0002585196419877899
0.12352941176470587,0.0719327731092437,0.0002585196419877899
0.12352941176470587,0.07260504201680673,0.0002585196419877899
0.12352941176470587,0.07327731092436975,0.0002585196419877899
0.12352941176470587,0.07394957983193277,0.0002585196419877899
0.12352941176470587,0.0746218487394958,0.0002585196419877899
0.12352941176470587,0.07529411764705883,0.0002585196419877899
0.12352941176470587,0.07596638655462185,0.0002585196419877899
0.12352941176470587,0.07663865546218487,0.0002585196419877899
0.12352941176470587,0.0773109243697479,0.0002585196419877899
0.12352941176470587,0.07798319327731093,0.0002585196419877899
0.12352941176470587,0.07865546218487394,0.0002585196419877899
0.12352941176470587,0.07932773109243697,0.0002585196419877899
0.12352941176470587,0.07983193277310924,0.00025851964198779167
0.12605042016806722,0.0001680672268907563,0.0002585196419877922
0.12605042016806722,0.0006722689075630252,0.0002585196419877922
0.12605042016806722,0.0013445378151260505,0.00025851964198779205
0.12605042016806722,0.0020168067226890756,0.00025851964198779167
0.12605042016806722,0.002689075630252101,0.0002585196419877912
0.12605042016806722,0.0033613445378151263,0.0002585196419877908
0.12605042016806722,0.004033613445378151,0.0002585196419877904
0.12605042016806722,0.004705882352941176,0.00025851964198779026
0.12605042016806722,0.005378151260504202,0.0002585196419877901
0.12605042016806722,0.006050420168067228,0.00025851964198778994
0.12605042016806722,0.0067226890756302525,0.0002585196419877899
0.12605042016806722,0.007394957983193277,0.0002585196419877899
0.12605042016806722,0.008067226890756302,0.0002585196419877899
0.12605042016806722,0.008739495798319327,0.0002585196419877899
0.12605042016806722,0.009411764705882354,0.0002585196419877899
0.12605042016806722,0.010084033613445379,0.0002585196419877899
0.12605042016806722,0.010756302521008404,0.0002585196419877899
0.12605042016806722,0.011428571428571429,0.0002585196419877899
0.12605042016806722,0.012100840336134453,0.0002585196419877899
0.12605042016806722,0.01277310924369748,0.0002585196419877899
0.12605042016806722,0.013445378151260505,0.0002585196419877899
0.12605042016806722,0.01411764705882353,0.0002585196419877899
0.12605042016806722,0.014789915966386555,0.0002585196419877899
0.12605042016806722,0.01546218487394958,0.0002585196419877899
0.12605042016806722,0.016134453781512605,0.0002585196419877899
0.12605042016806722,0.01680672268907563,0.0002585196419877899
0.12605042016806722,0.017478991596638654,0.0002585196419877899
0.12605042016806722,0.018151260504201683,0.0002585196419877899
0.12605042016806722,0.018823529411764708,0.0002585196419877899
0.12605042016806722,0.019495798319327733,0.0002585196419877899
0.12605042016806722,0.020168067226890758,0.0002585196419877899
0.12605042016806722,0.020840336134453782,0.0002585196419877899
0.12605042016806722,0.021512605042016807,0.0002585196419877899
0.12605042016806722,0.022184873949579832,0.0002585196419877899
0.12605042016806722,0.022857142857142857,0.0002585196419877899
0.12605042016806722,0.023529411764705882,0.0002585196419877899
0.12605042016806722,0.024201680672268907,0.0002585196419877899
0.12605042016806722,0.024873949579831932,0.0002585196419877899
0.12605042016806722,0.02554621848739496,0.0002585196419877899
0.12605042016806722,0.026218487394957985,0.0002585196419877899
0.12605042016806722,0.02689075630252101,0.0002585196419877899
0.12605042016806722,0.027563025210084035,0.0002585196419877899
0.12605042016806722,0.02823529411764706,0.0002585196419877899
0.12605042016806722,0.028907563025210085,0.0002585196419877899
0.12605042016806722,0.02957983193277311,0.0002585196419877899
0.12605042016806722,0.030252100840336135,0.0002585196419877899
0.12605042016806722,0.03092436974789916,0.0002585196419877899
0.12605042016806722,0.03159663865546218,0.0002585196419877899
0.12605042016806722,0.03226890756302521,0.0002585196419877899
0.12605042016806722,0.03294117647058824,0.0002585196419877899
0.12605042016806722,0.033613445378151266,0.0002585196419877899
0.12605042016806722,0.03428571428571428,0.0002585196419877899
0.12605042016806722,0.03495798319327731,0.0002585196419877899
0.12605042016806722,0.03563025210084034,0.0002585196419877899
0.12605042016806722,0.036302521008403366,0.0002585196419877899
0.12605042016806722,0.036974789915966394,0.0002585196419877899
0.12605042016806722,0.03764705882352941,0.0002585196419877899
0.12605042016806722,0.03831932773109244,0.0002585196419877899
0.12605042016806722,0.038991596638655465,0.0002585196419877899
0.12605042016806722,0.039663865546218494,0.0002585196419877899
0.12605042016806722,0.04033613445378151,0.0002585196419877899
0.12605042016806722,0.041008403361344536,0.0002585196419877899
0.12605042016806722,0.041680672268907565,0.0002585196419877899
0.12605042016806722,0.04235294117647059,0.0002585196419877899
0.12605042016806722,0.043025210084033615,0.0002585196419877899
0.12605042016806722,0.043697478991596636,0.0002585196419877899
0.12605042016806722,0.044369747899159664,0.0002585196419877899
0.12605042016806722,0.04504201680672269,0.0002585196419877899
0.12605042016806722,0.04571428571428572,0.0002585196419877899
0.12605042016806722,0.046386554621848736,0.0002585196419877899
0.12605042016806722,0.047058823529411764,0.0002585196419877899
0.12605042016806722,0.04773109243697479,0.0002585196419877899
0.12605042016806722,0.04840336134453782,0.0002585196419877899
0.12605042016806722,0.049075630252100835,0.0002585196419877899
0.12605042016806722,0.049747899159663864,0.0002585196419877899
0.12605042016806722,0.05042016806722689,0.0002585196419877899
0.12605042016806722,0.05109243697478992,0.0002585196419877899
0.12605042016806722,0.05176470588235295,0.0002585196419877899
0.12605042016806722,0.05243697478991596,0.0002585196419877899
0.12605042016806722,0.05310924369747899,0.0002585196419877899
0.12605042016806722,0.05378151260504202,0.0002585196419877899
0.12605042016806722,0.05445378151260505,0.0002585196419877899
0.12605042016806722,0.05512605042016806,0.0002585196419877899
0.12605042016806722,0.05579831932773109,0.0002585196419877899
0.12605042016806722,0.05647058823529412,0.0002585196419877899
0.12605042016806722,0.05714285714285715,0.0002585196419877899
0.12605042016806722,0.05781512605042017,0.0002585196419877899
0.12605042016806722,0.05848739495798319,0.0002585196419877899
0.12605042016806722,0.05915966386554622,0.0002585196419877899
0.12605042016806722,0.05983193277310925,0.0002585196419877899
0.12605042016806722,0.060504201680672276,0.0002585196419877899
0.12605042016806722,0.06117647058823529,0.0002585196419877899
0.12605042016806722,0.06184873949579832,0.0002585196419877899
0.12605042016806722,0.06252100840336135,0.0002585196419877899
0.12605042016806722,0.06319327731092438,0.0002585196419877899
0.12605042016806722,0.06386554621848739,0.0002585196419877899
0.12605042016806722,0.06453781512605042,0.0002585196419877899
0.12605042016806722,0.06521008403361345,0.0002585196419877899
0.12605042016806722,0.06588235294117648,0.0002585196419877899
0.12605042016806722,0.0665546218487395,0.0002585196419877899
0.12605042016806722,0.06722689075630252,0.0002585196419877899
0.12605042016806722,0.06789915966386555,0.0002585196419877899
0.12605042016806722,0.06857142857142857,0.0002585196419877899
0.12605042016806722,0.0692436974789916,0.0002585196419877899
0.12605042016806722,0.06991596638655462,0.0002585196419877899
0.12605042016806722,0.07058823529411765,0.0002585196419877899
0.12605042016806722,0.07126050420168067,0.0002585196419877899
0.12605042016806722,0.0719327731092437,0.0002585196419877899
0.12605042016806722,0.07260504201680673,0.0002585196419877899
0.12605042016806722,0.07327731092436975,0.0002585196419877899
0.12605042016806722,0.07394957983193277,0.0002585196419877899
0.12605042016806722,0.0746218487394958,0.0002585196419877899
0.12605042016806722,0.07529411764705883,0.0002585196419877899
0.12605042016806722,0.07596638655462185,0.0002585196419877899
0.12605042016806722,0.07663865546218487,0.0002585196419877899
0.12605042016806722,0.0773109243697479,0.0002585196419877899
0.12605042016806722,0.07798319327731093,0.0002585196419877899
0.12605042016806722,0.07865546218487394,0.0002585196419877899
0.12605042016806722,0.07932773109243697,0.0002585196419877899
0.12605042016806722,0.07983193277310924,0.00025851964198779167
0.12857142857142856,0.0001680672268907563,0.0002585196419877899
0.12857142857142856,0.0006722689075630252,0.0002585196419877899
0.12857142857142856,0.0013445378151260505,0.0002585196419877899
0.12857142857142856,0.0020168067226890756,0.0002585196419877899
0.12857142857142856,0.002689075630252101,0.0002585196419877899
0.12857142857142856,0.0033613445378151263,0.0002585196419877899
0.12857142857142856,0.004033613445378151,0.0002585196419877899
0.12857142857142856,0.004705882352941176,0.0002585196419877899
0.12857142857142856,0.005378151260504202,0.0002585196419877899
0.12857142857142856,0.006050420168067228,0.0002585196419877899
0.12857142857142856,0.0067226890756302525,0.0002585196419877899
0.12857142857142856,0.007394957983193277,0.0002585196419877899
0.12857142857142856,0.008067226890756302,0.0002585196419877899
0.12857142857142856,0.008739495798319327,0.0002585196419877899
0.12857142857142856,0.009411764705882354,0.0002585196419877899
0.12857142857142856,0.010084033613445379,0.0002585196419877899
0.12857142857142856,0.010756302521008404,0.0002585196419877899
0.12857142857142856,0.011428571428571429,0.0002585196419877899
0.12857142857142856,0.012100840336134453,0.0002585196419877899
0.12857142857142856,0.01277310924369748,0.0002585196419877899
0.12857142857142856,0.013445378151260505,0.0002585196419877899
0.12857142857142856,0.01411764705882353,0.0002585196419877899
0.12857142857142856,0.014789915966386555,0.0002585196419877899
0.12857142857142856,0.01546218487394958,0.0002585196419877899
0.12857142857142856,0.016134453781512605,0.0002585196419877899
0.12857142857142856,0.01680672268907563,0.0002585196419877899
0.12857142857142856,0.017478991596638654,0.0002585196419877899
0.12857142857142856,0.018151260504201683,0.0002585196419877899
0.12857142857142856,0.018823529411764708,0.0002585196419877899
0.12857142857142856,0.019495798319327733,0.0002585196419877899
0.12857142857142856,0.020168067226890758,0.0002585196419877899
0.12857142857142856,0.020840336134453782,0.0002585196419877899
0.12857142857142856,0.021512605042016807,0.0002585196419877899
0.12857142857142856,0.022184873949579832,0.0002585196419877899
0.12857142857142856,0.022857142857142857,0.0002585196419877899
0.12857142857142856,0.023529411764705882,0.0002585196419877899
0.12857142857142856,0.024201680672268907,0.0002585196419877899
0.12857142857142856,0.024873949579831932,0.0002585196419877899
0.12857142857142856,0.02554621848739496,0.0002585196419877899
0.12857142857142856,0.026218487394957985,0.0002585196419877899
0.12857142857142856,0.02689075630252101,0.0002585196419877899
0.12857142857142856,0.027563025210084035,0.0002585196419877899
0.12857142857142856,0.02823529411764706,0.0002585196419877899
0.12857142857142856,0.028907563025210085,0.0002585196419877899
0.12857142857142856,0.02957983193277311,0.0002585196419877899
0.12857142857142856,0.030252100840336135,0.0002585196419877899
0.12857142857142856,0.03092436974789916,0.0002585196419877899
0.12857142857142856,0.03159663865546218,0.0002585196419877899
0.12857142857142856,0.03226890756302521,0.0002585196419877899
0.12857142857142856,0.03294117647058824,0.0002585196419877899
0.12857142857142856,0.033613445378151266,0.0002585196419877899
0.12857142857142856,0.03428571428571428,0.0002585196419877899
0.12857142857142856,0.03495798319327731,0.0002585196419877899
0.12857142857142856,0.03563025210084034,0.0002585196419877899
0.12857142857142856,0.036302521008403366,0.0002585196419877899
0.12857142857142856,0.036974789915966394,0.0002585196419877899
0.12857142857142856,0.03764705882352941,0.0002585196419877899
0.12857142857142856,0.03831932773109244,0.0002585196419877899
0.12857142857142856,0.038991596638655465,0.0002585196419877899
0.12857142857142856,0.039663865546218494,0.0002585196419877899
0.12857142857142856,0.04033613445378151,0.0002585196419877899
0.12857142857142856,0.041008403361344536,0.0002585196419877899
0.12857142857142856,0.041680672268907565,0.0002585196419877899
0.12857142857142856,0.04235294117647059,0.0002585196419877899
0.12857142857142856,0.043025210084033615,0.0002585196419877899
0.12857142857142856,0.043697478991596636,0.0002585196419877899
0.12857142857142856,0.044369747899159664,0.0002585196419877899
0.12857142857142856,0.04504201680672269,0.0002585196419877899
0.12857142857142856,0.04571428571428572,0.0002585196419877899
0.12857142857142856,0.046386554621848736,0.0002585196419877899
0.12857142857142856,0.047058823529411764,0.0002585196419877899
0.12857142857142856,0.04773109243697479,0.0002585196419877899
0.12857142857142856,0.04840336134453782,0.0002585196419877899
0.12857142857142856,0.049075630252100835,0.0002585196419877899
0.12857142857142856,0.049747899159663864,0.0002585196419877899
0.12857142857142856,0.05042016806722689,0.0002585196419877899
0.12857142857142856,0.05109243697478992,0.0002585196419877899
0.12857142857142856,0.05176470588235295,0.0002585196419877899
0.12857142857142856,0.05243697478991596,0.0002585196419877899
0.12857142857142856,0.05310924369747899,0.0002585196419877899
0.12857142857142856,0.05378151260504202,0.0002585196419877899
0.12857142857142856,0.05445378151260505,0.0002585196419877899
0.12857142857142856,0.05512605042016806,0.0002585196419877899
0.12857142857142856,0.05579831932773109,0.0002585196419877899
0.12857142857142856,0.05647058823529412,0.0002585196419877899
0.12857142857142856,0.05714285714285715,0.0002585196419877899
0.12857142857142856,0.05781512605042017,0.0002585196419877899
0.12857142857142856,0.05848739495798319,0.0002585196419877899
0.12857142857142856,0.05915966386554622,0.0002585196419877899
0.12857142857142856,0.05983193277310925,0.0002585196419877899
0.12857142857142856,0.060504201680672276,0.0002585196419877899
0.12857142857142856,0.06117647058823529,0.0002585196419877899
0.12857142857142856,0.06184873949579832,0.0002585196419877899
0.12857142857142856,0.06252100840336135,0.0002585196419877899
0.12857142857142856,0.06319327731092438,0.0002585196419877899
0.12857142857142856,0.06386554621848739,0.0002585196419877899
0.12857142857142856,0.06453781512605042,0.0002585196419877899
0.12857142857142856,0.06521008403361345,0.0002585196419877899
0.12857142857142856,0.06588235294117648,0.0002585196419877899
0.12857142857142856,0.0665546218487395,0.0002585196419877899
0.12857142857142856,0.06722689075630252,0.0002585196419877899
0.12857142857142856,0.06789915966386555,0.0002585196419877899
0.12857142857142856,0.06857142857142857,0.0002585196419877899
0.12857142857142856,0.0692436974789916,0.0002585196419877899
0.12857142857142856,0.06991596638655462,0.0002585196419877899
0.12857142857142856,0.07058823529411765,0.0002585196419877899
0.12857142857142856,0.07126050420168067,0.0002585196419877899
0.12857142857142856,0.0719327731092437,0.0002585196419877899
0.12857142857142856,0.07260504201680673,0.0002585196419877899
0.12857142857142856,0.07327731092436975,0.0002585196419877899
0.12857142857142856,0.07394957983193277,0.0002585196419877899
0.12857142857142856,0.0746218487394958,0.0002585196419877899
0.12857142857142856,0.07529411764705883,0.0002585196419877899
0.12857142857142856,0.07596638655462185,0.0002585196419877899
0.12857142857142856,0.07663865546218487,0.0002585196419877899
0.12857142857142856,0.0773109243697479,0.0002585196419877899
0.12857142857142856,0.07798319327731093,0.0002585196419877899
0.12857142857142856,0.07865546218487394,0.0002585196419877899
0.12857142857142856,0.07932773109243697,0.0002585196419877899
0.12857142857142856,0.07983193277310924,0.00025851964198779167
0.1310924369747899,0.0001680672268907563,0.0002585196419877899
0.1310924369747899,0.0006722689075630252,0.0002585196419877899
0.1310924369747899,0.0013445378151260505,0.0002585196419877899
0.1310924369747899,0.0020168067226890756,0.0002585196419877899
0.1310924369747899,0.002689075630252101,0.0002585196419877899
0.1310924369747899,0.0033613445378151263,0.0002585196419877899
0.1310924369747899,0.004033613445378151,0.0002585196419877899
0.1310924369747899,0.004705882352941176,0.0002585196419877899
0.1310924369747899,0.005378151260504202,0.0002585196419877899
0.1310924369747899,0.006050420168067228,0.0002585196419877899
0.1310924369747899,0.0067226890756302525,0.0002585196419877899
0.1310924369747899,0.007394957983193277,0.0002585196419877899
0.1310924369747899,0.008067226890756302,0.0002585196419877899
0.1310924369747899,0.008739495798319327,0.0002585196419877899
0.1310924369747899,0.009411764705882354,0.0002585196419877899
0.1310924369747899,0.010084033613445379,0.0002585196419877899
0.1310924369747899,0.010756302521008404,0.0002585196419877899
0.1310924369747899,0.011428571428571429,0.0002585196419877899
0.1310924369747899,0.012100840336134453,0.0002585196419877899
0.1310924369747899,0.01277310924369748,0.0002585196419877899
0.1310924369747899,0.013445378151260505,0.0002585196419877899
0.1310924369747899,0.01411764705882353,0.0002585196419877899
0.1310924369747899,0.014789915966386555,0.0002585196419877899
0.1310924369747899,0.01546218487394958,0.0002585196419877899
0.1310924369747899,0.016134453781512605,0.0002585196419877899
0.1310924369747899,0.01680672268907563,0.0002585196419877899
0.1310924369747899,0.017478991596638654,0.0002585196419877899
0.1310924369747899,0.018151260504201683,0.0002585196419877899
0.1310924369747899,0.018823529411764708,0.0002585196419877899
0.1310924369747899,0.019495798319327733,0.0002585196419877899
0.1310924369747899,0.020168067226890758,0.0002585196419877899
0.1310924369747899,0.020840336134453782,0.0002585196419877899
0.1310924369747899,0.021512605042016807,0.0002585196419877899
0.1310924369747899,0.022184873949579832,0.0002585196419877899
0.1310924369747899,0.022857142857142857,0.0002585196419877899
0.1310924369747899,0.023529411764705882,0.0002585196419877899
0.1310924369747899,0.024201680672268907,0.0002585196419877899
0.1310924369747899,0.024873949579831932,0.0002585196419877899
0.1310924369747899,0.02554621848739496,0.0002585196419877899
0.1310924369747899,0.026218487394957985,0.0002585196419877899
0.1310924369747899,0.02689075630252101,0.0002585196419877899
0.1310924369747899,0.027563025210084035,0.0002585196419877899
0.1310924369747899,0.02823529411764706,0.0002585196419877899
0.1310924369747899,0.028907563025210085,0.0002585196419877899
0.1310924369747899,0.02957983193277311,0.0002585196419877899
0.1310924369747899,0.030252100840336135,0.0002585196419877899
0.1310924369747899,0.03092436974789916,0.0002585196419877899
0.1310924369747899,0.03159663865546218,0.0002585196419877899
0.1310924369747899,0.03226890756302521,0.0002585196419877899
0.1310924369747899,0.03294117647058824,0.0002585196419877899
0.1310924369747899,0.033613445378151266,0.0002585196419877899
0.1310924369747899,0.03428571428571428,0.0002585196419877899
0.1310924369747899,0.03495798319327731,0.0002585196419877899
0.1310924369747899,0.03563025210084034,0.0002585196419877899
0.1310924369747899,0.036302521008403366,0.0002585196419877899
0.1310924369747899,0.036974789915966394,0.0002585196419877899
0.1310924369747899,0.03764705882352941,0.0002585196419877899
0.1310924369747899,0.03831932773109244,0.0002585196419877899
0.1310924369747899,0.038991596638655465,0.0002585196419877899
0.1310924369747899,0.039663865546218494,0.0002585196419877899
0.1310924369747899,0.04033613445378151,0.0002585196419877899
0.1310924369747899,0.041008403361344536,0.0002585196419877899
0.1310924369747899,0.041680672268907565,0.0002585196419877899
0.1310924369747899,0.04235294117647059,0.0002585196419877899
0.1310924369747899,0.043025210084033615,0.0002585196419877899
0.1310924369747899,0.043697478991596636,0.0002585196419877899
0.1310924369747899,0.044369747899159664,0.0002585196419877899
0.1310924369747899,0.04504201680672269,0.0002585196419877899
0.1310924369747899,0.04571428571428572,0.0002585196419877899
0.1310924369747899,0.046386554621848736,0.0002585196419877899
0.1310924369747899,0.047058823529411764,0.0002585196419877899
0.1310924369747899,0.04773109243697479,0.0002585196419877899
0.1310924369747899,0.04840336134453782,0.0002585196419877899
0.1310924369747899,0.049075630252100835,0.0002585196419877899
0.1310924369747899,0.049747899159663864,0.0002585196419877899
0.1310924369747899,0.05042016806722689,0.0002585196419877899
0.1310924369747899,0.05109243697478992,0.0002585196419877899
0.1310924369747899,0.05176470588235295,0.0002585196419877899
0.1310924369747899,0.05243697478991596,0.0002585196419877899
0.1310924369747899,0.05310924369747899,0.0002585196419877899
0.1310924369747899,0.05378151260504202,0.0002585196419877899
0.1310924369747899,0.05445378151260505,0.0002585196419877899
0.1310924369747899,0.05512605042016806,0.0002585196419877899
0.1310924369747899,0.05579831932773109,0.0002585196419877899
0.1310924369747899,0.05647058823529412,0.0002585196419877899
0.1310924369747899,0.05714285714285715,0.0002585196419877899
0.1310924369747899,0.05781512605042017,0.0002585196419877899
0.1310924369747899,0.05848739495798319,0.0002585196419877899
0.1310924369747899,0.05915966386554622,0.0002585196419877899
0.1310924369747899,0.05983193277310925,0.0002585196419877899
0.1310924369747899,0.060504201680672276,0.0002585196419877899
0.1310924369747899,0.06117647058823529,0.0002585196419877899
0.1310924369747899,0.06184873949579832,0.0002585196419877899
0.1310924369747899,0.06252100840336135,0.0002585196419877899
0.1310924369747899,0.06319327731092438,0.0002585196419877899
0.1310924369747899,0.06386554621848739,0.0002585196419877899
0.1310924369747899,0.06453781512605042,0.0002585196419877899
0.1310924369747899,0.06521008403361345,0.0002585196419877899
0.1310924369747899,0.06588235294117648,0.0002585196419877899
0.1310924369747899,0.0665546218487395,0.0002585196419877899
0.1310924369747899,0.06722689075630252,0.0002585196419877899
0.1310924369747899,0.06789915966386555,0.0002585196419877899
0.1310924369747899,0.06857142857142857,0.0002585196419877899
0.1310924369747899,0.0692436974789916,0.0002585196419877899
0.1310924369747899,0.06991596638655462,0.0002585196419877899
0.1310924369747899,0.07058823529411765,0.0002585196419877899
0.1310924369747899,0.07126050420168067,0.0002585196419877899
0.1310924369747899,0.0719327731092437,0.0002585196419877899
0.1310924369747899,0.07260504201680673,0.0002585196419877899
0.1310924369747899,0.07327731092436975,0.0002585196419877899
0.1310924369747899,0.07394957983193277,0.0002585196419877899
0.1310924369747899,0.0746218487394958,0.0002585196419877899
0.1310924369747899,0.07529411764705883,0.0002585196419877899
0.1310924369747899,0.07596638655462185,0.0002585196419877899
0.1310924369747899,0.07663865546218487,0.0002585196419877899
0.1310924369747899,0.0773109243697479,0.0002585196419877899
0.1310924369747899,0.07798319327731093,0.0002585196419877899
0.1310924369747899,0.07865546218487394,0.0002585196419877899
0.1310924369747899,0.07932773109243697,0.0002585196419877899
0.1310924369747899,0.07983193277310924,0.00025851964198779167
0.13361344537815123,0.0001680672268907563,0.0002585196419877899
0.13361344537815123,0.0006722689075630252,0.0002585196419877899
0.13361344537815123,0.0013445378151260505,0.0002585196419877899
0.13361344537815123,0.0020168067226890756,0.0002585196419877899
0.13361344537815123,0.002689075630252101,0.0002585196419877899
0.13361344537815123,0.0033613445378151263,0.0002585196419877899
0.13361344537815123,0.004033613445378151,0.0002585196419877899
0.13361344537815123,0.004705882352941176,0.0002585196419877899
0.13361344537815123,0.005378151260504202,0.0002585196419877899
0.13361344537815123,0.006050420168067228,0.0002585196419877899
0.13361344537815123,0.0067226890756302525,0.0002585196419877899
0.13361344537815123,0.007394957983193277,0.0002585196419877899
0.13361344537815123,0.008067226890756302,0.0002585196419877899
0.13361344537815123,0.008739495798319327,0.0002585196419877899
0.13361344537815123,0.009411764705882354,0.0002585196419877899
0.13361344537815123,0.010084033613445379,0.0002585196419877899
0.13361344537815123,0.010756302521008404,0.0002585196419877899
0.13361344537815123,0.011428571428571429,0.0002585196419877899
0.13361344537815123,0.012100840336134453,0.0002585196419877899
0.13361344537815123,0.01277310924369748,0.0002585196419877899
0.13361344537815123,0.013445378151260505,0.0002585196419877899
0.13361344537815123,0.01411764705882353,0.0002585196419877899
0.13361344537815123,0.014789915966386555,0.0002585196419877899
0.13361344537815123,0.01546218487394958,0.0002585196419877899
0.13361344537815123,0.016134453781512605,0.0002585196419877899
0.13361344537815123,0.01680672268907563,0.0002585196419877899
0.13361344537815123,0.017478991596638654,0.0002585196419877899
0.13361344537815123,0.018151260504201683,0.0002585196419877899
0.13361344537815123,0.018823529411764708,0.0002585196419877899
0.13361344537815123,0.019495798319327733,0.0002585196419877899
0.13361344537815123,0.020168067226890758,0.0002585196419877899
0.13361344537815123,0.020840336134453782,0.0002585196419877899
0.13361344537815123,0.021512605042016807,0.0002585196419877899
0.13361344537815123,0.022184873949579832,0.0002585196419877899
0.13361344537815123,0.022857142857142857,0.0002585196419877899
0.13361344537815123,0.023529411764705882,0.0002585196419877899
0.13361344537815123,0.024201680672268907,0.0002585196419877899
0.13361344537815123,0.024873949579831932,0.0002585196419877899
0.13361344537815123,0.02554621848739496,0.0002585196419877899
0.13361344537815123,0.026218487394957985,0.0002585196419877899
0.13361344537815123,0.02689075630252101,0.0002585196419877899
0.13361344537815123,0.027563025210084035,0.0002585196419877899
0.13361344537815123,0.02823529411764706,0.0002585196419877899
0.13361344537815123,0.028907563025210085,0.0002585196419877899
0.13361344537815123,0.02957983193277311,0.0002585196419877899
0.13361344537815123,0.030252100840336135,0.0002585196419877899
0.13361344537815123,0.03092436974789916,0.0002585196419877899
0.13361344537815123,0.03159663865546218,0.0002585196419877899
0.13361344537815123,0.03226890756302521,0.0002585196419877899
0.13361344537815123,0.03294117647058824,0.0002585196419877899
0.13361344537815123,0.033613445378151266,0.0002585196419877899
0.13361344537815123,0.03428571428571428,0.0002585196419877899
0.13361344537815123,0.03495798319327731,0.0002585196419877899
0.13361344537815123,0.03563025210084034,0.0002585196419877899
0.13361344537815123,0.036302521008403366,0.0002585196419877899
0.13361344537815123,0.036974789915966394,0.0002585196419877899
0.13361344537815123,0.03764705882352941,0.0002585196419877899
0.13361344537815123,0.03831932773109244,0.0002585196419877899
0.13361344537815123,0.038991596638655465,0.0002585196419877899
0.13361344537815123,0.039663865546218494,0.0002585196419877899
0.13361344537815123,0.04033613445378151,0.0002585196419877899
0.13361344537815123,0.041008403361344536,0.0002585196419877899
0.13361344537815123,0.041680672268907565,0.0002585196419877899
0.13361344537815123,0.04235294117647059,0.0002585196419877899
0.13361344537815123,0.043025210084033615,0.0002585196419877899
0.13361344537815123,0.043697478991596636,0.0002585196419877899
0.13361344537815123,0.044369747899159664,0.0002585196419877899
0.13361344537815123,0.04504201680672269,0.0002585196419877899
0.13361344537815123,0.04571428571428572,0.0002585196419877899
0.13361344537815123,0.046386554621848736,0.0002585196419877899
0.13361344537815123,0.047058823529411764,0.0002585196419877899
0.13361344537815123,0.04773109243697479,0.0002585196419877899
0.13361344537815123,0.04840336134453782,0.0002585196419877899
0.13361344537815123,0.049075630252100835,0.0002585196419877899
0.13361344537815123,0.049747899159663864,0.0002585196419877899
0.13361344537815123,0.05042016806722689,0.0002585196419877899
0.13361344537815123,0.05109243697478992,0.0002585196419877899
0.13361344537815123,0.05176470588235295,0.0002585196419877899
0.13361344537815123,0.05243697478991596,0.0002585196419877899
0.13361344537815123,0.05310924369747899,0.0002585196419877899
0.13361344537815123,0.05378151260504202,0.0002585196419877899
0.13361344537815123,0.05445378151260505,0.0002585196419877899
0.13361344537815123,0.05512605042016806,0.0002585196419877899
0.13361344537815123,0.05579831932773109,0.0002585196419877899
0.13361344537815123,0.05647058823529412,0.0002585196419877899
0.13361344537815123,0.05714285714285715,0.0002585196419877899
0.13361344537815123,0.05781512605042017,0.0002585196419877899
0.13361344537815123,0.05848739495798319,0.0002585196419877899
0.13361344537815123,0.05915966386554622,0.0002585196419877899
0.13361344537815123,0.05983193277310925,0.0002585196419877899
0.13361344537815123,0.060504201680672276,0.0002585196419877899
0.13361344537815123,0.06117647058823529,0.0002585196419877899
0.13361344537815123,0.06184873949579832,0.0002585196419877899
0.13361344537815123,0.06252100840336135,0.0002585196419877899
0.13361344537815123,0.06319327731092438,0.0002585196419877899
0.13361344537815123,0.06386554621848739,0.0002585196419877899
0.13361344537815123,0.06453781512605042,0.0002585196419877899
0.13361344537815123,0.06521008403361345,0.0002585196419877899
0.13361344537815123,0.06588235294117648,0.0002585196419877899
0.13361344537815123,0.0665546218487395,0.0002585196419877899
0.13361344537815123,0.06722689075630252,0.0002585196419877899
0.13361344537815123,0.06789915966386555,0.0002585196419877899
0.13361344537815123,0.06857142857142857,0.0002585196419877899
0.13361344537815123,0.0692436974789916,0.0002585196419877899
0.13361344537815123,0.06991596638655462,0.0002585196419877899
0.13361344537815123,0.07058823529411765,0.0002585196419877899
0.13361344537815123,0.07126050420168067,0.0002585196419877899
0.13361344537815123,0.0719327731092437,0.0002585196419877899
0.13361344537815123,0.07260504201680673,0.0002585196419877899
0.13361344537815123,0.07327731092436975,0.0002585196419877899
0.13361344537815123,0.07394957983193277,0.0002585196419877899
0.13361344537815123,0.0746218487394958,0.0002585196419877899
0.13361344537815123,0.07529411764705883,0.0002585196419877899
0.13361344537815123,0.07596638655462185,0.0002585196419877899
0.13361344537815123,0.07663865546218487,0.0002585196419877899
0.13361344537815123,0.0773109243697479,0.0002585196419877899
0.13361344537815123,0.07798319327731093,0.0002585196419877899
0.13361344537815123,0.07865546218487394,0.0002585196419877899
0.13361344537815123,0.07932773109243697,0.0002585196419877899
0.13361344537815123,0.07983193277310924,0.00025851964198779167
0.1361344537815126,0.0001680672268907563,0.0002585196419877899
0.1361344537815126,0.0006722689075630252,0.0002585196419877899
0.1361344537815126,0.0013445378151260505,0.0002585196419877899
0.1361344537815126,0.0020168067226890756,0.0002585196419877899
0.1361344537815126,0.002689075630252101,0.0002585196419877899
0.1361344537815126,0.0033613445378151263,0.0002585196419877899
0.1361344537815126,0.004033613445378151,0.0002585196419877899
0.1361344537815126,0.004705882352941176,0.0002585196419877899
0.1361344537815126,0.005378151260504202,0.0002585196419877899
0.1361344537815126,0.006050420168067228,0.0002585196419877899
0.1361344537815126,0.0067226890756302525,0.0002585196419877899
0.1361344537815126,0.007394957983193277,0.0002585196419877899
0.1361344537815126,0.008067226890756302,0.0002585196419877899
0.1361344537815126,0.008739495798319327,0.0002585196419877899
0.1361344537815126,0.009411764705882354,0.0002585196419877899
0.1361344537815126,0.010084033613445379,0.0002585196419877899
0.1361344537815126,0.010756302521008404,0.0002585196419877899
0.1361344537815126,0.011428571428571429,0.0002585196419877899
0.1361344537815126,0.012100840336134453,0.0002585196419877899
0.1361344537815126,0.01277310924369748,0.0002585196419877899
0.1361344537815126,0.013445378151260505,0.0002585196419877899
0.1361344537815126,0.01411764705882353,0.0002585196419877899
0.1361344537815126,0.014789915966386555,0.0002585196419877899
0.1361344537815126,0.01546218487394958,0.0002585196419877899
0.1361344537815126,0.016134453781512605,0.0002585196419877899
0.1361344537815126,0.01680672268907563,0.0002585196419877899
0.1361344537815126,0.017478991596638654,0.0002585196419877899
0.1361344537815126,0.018151260504201683,0.0002585196419877899
0.1361344537815126,0.018823529411764708,0.0002585196419877899
0.1361344537815126,0.019495798319327733,0.0002585196419877899
0.1361344537815126,0.020168067226890758,0.0002585196419877899
0.1361344537815126,0.020840336134453782,0.0002585196419877899
0.1361344537815126,0.021512605042016807,0.0002585196419877899
0.1361344537815126,0.022184873949579832,0.0002585196419877899
0.1361344537815126,0.022857142857142857,0.0002585196419877899
0.1361344537815126,0.023529411764705882,0.0002585196419877899
0.1361344537815126,0.024201680672268907,0.0002585196419877899
0.1361344537815126,0.024873949579831932,0.0002585196419877899
0.1361344537815126,0.02554621848739496,0.0002585196419877899
0.1361344537815126,0.026218487394957985,0.0002585196419877899
0.1361344537815126,0.02689075630252101,0.0002585196419877899
0.1361344537815126,0.027563025210084035,0.0002585196419877899
0.1361344537815126,0.02823529411764706,0.0002585196419877899
0.1361344537815126,0.028907563025210085,0.0002585196419877899
0.1361344537815126,0.02957983193277311,0.0002585196419877899
0.1361344537815126,0.030252100840336135,0.0002585196419877899
0.1361344537815126,0.03092436974789916,0.0002585196419877899
0.1361344537815126,0.03159663865546218,0.0002585196419877899
0.1361344537815126,0.03226890756302521,0.0002585196419877899
0.1361344537815126,0.03294117647058824,0.0002585196419877899
0.1361344537815126,0.033613445378151266,0.0002585196419877899
0.1361344537815126,0.03428571428571428,0.0002585196419877899
0.1361344537815126,0.03495798319327731,0.0002585196419877899
0.1361344537815126,0.03563025210084034,0.0002585196419877899
0.1361344537815126,0.036302521008403366,0.0002585196419877899
0.1361344537815126,0.036974789915966394,0.0002585196419877899
0.1361344537815126,0.03764705882352941,0.0002585196419877899
0.1361344537815126,0.03831932773109244,0.0002585196419877899
0.1361344537815126,0.038991596638655465,0.0002585196419877899
0.1361344537815126,0.039663865546218494,0.0002585196419877899
0.1361344537815126,0.04033613445378151,0.0002585196419877899
0.1361344537815126,0.041008403361344536,0.0002585196419877899
0.1361344537815126,0.041680672268907565,0.0002585196419877899
0.1361344537815126,0.04235294117647059,0.0002585196419877899
0.1361344537815126,0.043025210084033615,0.0002585196419877899
0.1361344537815126,0.043697478991596636,0.0002585196419877899
0.1361344537815126,0.044369747899159664,0.0002585196419877899
0.1361344537815126,0.04504201680672269,0.0002585196419877899
0.1361344537815126,0.04571428571428572,0.0002585196419877899
0.1361344537815126,0.046386554621848736,0.0002585196419877899
0.1361344537815126,0.047058823529411764,0.0002585196419877899
0.1361344537815126,0.04773109243697479,0.0002585196419877899
0.1361344537815126,0.04840336134453782,0.0002585196419877899
0.1361344537815126,0.049075630252100835,0.0002585196419877899
0.1361344537815126,0.049747899159663864,0.0002585196419877899
0.1361344537815126,0.05042016806722689,0.0002585196419877899
0.1361344537815126,0.05109243697478992,0.0002585196419877899
0.1361344537815126,0.05176470588235295,0.0002585196419877899
0.1361344537815126,0.05243697478991596,0.0002585196419877899
0.1361344537815126,0.05310924369747899,0.0002585196419877899
0.1361344537815126,0.05378151260504202,0.0002585196419877899
0.1361344537815126,0.05445378151260505,0.0002585196419877899
0.1361344537815126,0.05512605042016806,0.0002585196419877899
0.1361344537815126,0.05579831932773109,0.0002585196419877899
0.1361344537815126,0.05647058823529412,0.0002585196419877899
0.1361344537815126,0.05714285714285715,0.0002585196419877899
0.1361344537815126,0.05781512605042017,0.0002585196419877899
0.1361344537815126,0.05848739495798319,0.0002585196419877899
0.1361344537815126,0.05915966386554622,0.0002585196419877899
0.1361344537815126,0.05983193277310925,0.0002585196419877899
0.1361344537815126,0.060504201680672276,0.0002585196419877899
0.1361344537815126,0.06117647058823529,0.0002585196419877899
0.1361344537815126,0.06184873949579832,0.0002585196419877899
0.1361344537815126,0.06252100840336135,0.0002585196419877899
0.1361344537815126,0.06319327731092438,0.0002585196419877899
0.1361344537815126,0.06386554621848739,0.0002585196419877899
0.1361344537815126,0.06453781512605042,0.0002585196419877899
0.1361344537815126,0.06521008403361345,0.0002585196419877899
0.1361344537815126,0.06588235294117648,0.0002585196419877899
0.1361344537815126,0.0665546218487395,0.0002585196419877899
0.1361344537815126,0.06722689075630252,0.0002585196419877899
0.1361344537815126,0.06789915966386555,0.0002585196419877899
0.1361344537815126,0.06857142857142857,0.0002585196419877899
0.1361344537815126,0.0692436974789916,0.0002585196419877899
0.1361344537815126,0.06991596638655462,0.0002585196419877899
0.1361344537815126,0.07058823529411765,0.0002585196419877899
0.1361344537815126,0.07126050420168067,0.0002585196419877899
0.1361344537815126,0.0719327731092437,0.0002585196419877899
0.1361344537815126,0.07260504201680673,0.0002585196419877899
0.1361344537815126,0.07327731092436975,0.0002585196419877899
0.1361344537815126,0.07394957983193277,0.0002585196419877899
0.1361344537815126,0.0746218487394958,0.0002585196419877899
0.1361344537815126,0.07529411764705883,0.0002585196419877899
0.1361344537815126,0.07596638655462185,0.0002585196419877899
0.1361344537815126,0.07663865546218487,0.0002585196419877899
0.1361344537815126,0.0773109243697479,0.0002585196419877899
0.1361344537815126,0.07798319327731093,0.0002585196419877899
0.1361344537815126,0.07865546218487394,0.0002585196419877899
0.1361344537815126,0.07932773109243697,0.0002585196419877899
0.1361344537815126,0.07983193277310924,0.00025851964198779167
0.13865546218487396,0.0001680672268907563,0.0002585196419877899
0.13865546218487396,0.0006722689075630252,0.0002585196419877899
0.13865546218487396,0.0013445378151260505,0.0002585196419877899
0.13865546218487396,0.0020168067226890756,0.0002585196419877899
0.13865546218487396,0.002689075630252101,0.0002585196419877899
0.13865546218487396,0.0033613445378151263,0.0002585196419877899
0.13865546218487396,0.004033613445378151,0.0002585196419877899
0.13865546218487396,0.004705882352941176,0.0002585196419877899
0.13865546218487396,0.005378151260504202,0.0002585196419877899
0.13865546218487396,0.006050420168067228,0.0002585196419877899
0.13865546218487396,0.0067226890756302525,0.0002585196419877899
0.13865546218487396,0.007394957983193277,0.0002585196419877899
0.13865546218487396,0.008067226890756302,0.0002585196419877899
0.13865546218487396,0.008739495798319327,0.0002585196419877899
0.13865546218487396,0.009411764705882354,0.0002585196419877899
0.13865546218487396,0.010084033613445379,0.0002585196419877899
0.13865546218487396,0.010756302521008404,0.0002585196419877899
0.13865546218487396,0.011428571428571429,0.0002585196419877899
0.13865546218487396,0.012100840336134453,0.0002585196419877899
0.13865546218487396,0.01277310924369748,0.0002585196419877899
0.13865546218487396,0.013445378151260505,0.0002585196419877899
0.13865546218487396,0.01411764705882353,0.0002585196419877899
0.13865546218487396,0.014789915966386555,0.0002585196419877899
0.13865546218487396,0.01546218487394958,0.0002585196419877899
0.13865546218487396,0.016134453781512605,0.0002585196419877899
0.13865546218487396,0.01680672268907563,0.0002585196419877899
0.13865546218487396,0.017478991596638654,0.0002585196419877899
0.13865546218487396,0.018151260504201683,0.0002585196419877899
0.13865546218487396,0.018823529411764708,0.0002585196419877899
0.13865546218487396,0.019495798319327733,0.0002585196419877899
0.13865546218487396,0.020168067226890758,0.0002585196419877899
0.13865546218487396,0.020840336134453782,0.0002585196419877899
0.13865546218487396,0.021512605042016807,0.0002585196419877899
0.13865546218487396,0.022184873949579832,0.0002585196419877899
0.13865546218487396,0.022857142857142857,0.0002585196419877899
0.13865546218487396,0.023529411764705882,0.0002585196419877899
0.13865546218487396,0.024201680672268907,0.0002585196419877899
0.13865546218487396,0.024873949579831932,0.0002585196419877899
0.13865546218487396,0.02554621848739496,0.0002585196419877899
0.13865546218487396,0.026218487394957985,0.0002585196419877899
0.13865546218487396,0.02689075630252101,0.0002585196419877899
0.13865546218487396,0.027563025210084035,0.0002585196419877899
0.13865546218487396,0.02823529411764706,0.0002585196419877899
0.13865546218487396,0.028907563025210085,0.0002585196419877899
0.13865546218487396,0.02957983193277311,0.0002585196419877899
0.13865546218487396,0.030252100840336135,0.0002585196419877899
0.13865546218487396,0.03092436974789916,0.0002585196419877899
0.13865546218487396,0.03159663865546218,0.0002585196419877899
0.13865546218487396,0.03226890756302521,0.0002585196419877899
0.13865546218487396,0.03294117647058824,0.0002585196419877899
0.13865546218487396,0.033613445378151266,0.0002585196419877899
0.13865546218487396,0.03428571428571428,0.0002585196419877899
0.13865546218487396,0.03495798319327731,0.0002585196419877899
0.13865546218487396,0.03563025210084034,0.0002585196419877899
0.13865546218487396,0.036302521008403366,0.0002585196419877899
0.13865546218487396,0.036974789915966394,0.0002585196419877899
0.13865546218487396,0.03764705882352941,0.0002585196419877899
0.13865546218487396,0.03831932773109244,0.0002585196419877899
0.13865546218487396,0.038991596638655465,0.0002585196419877899
0.13865546218487396,0.039663865546218494,0.0002585196419877899
0.13865546218487396,0.04033613445378151,0.0002585196419877899
0.13865546218487396,0.041008403361344536,0.0002585196419877899
0.13865546218487396,0.041680672268907565,0.0002585196419877899
0.13865546218487396,0.04235294117647059,0.0002585196419877899
0.13865546218487396,0.043025210084033615,0.0002585196419877899
0.13865546218487396,0.043697478991596636,0.0002585196419877899
0.13865546218487396,0.044369747899159664,0.0002585196419877899
0.13865546218487396,0.04504201680672269,0.0002585196419877899
0.13865546218487396,0.04571428571428572,0.0002585196419877899
0.13865546218487396,0.046386554621848736,0.0002585196419877899
0.13865546218487396,0.047058823529411764,0.0002585196419877899
0.13865546218487396,0.04773109243697479,0.0002585196419877899
0.13865546218487396,0.04840336134453782,0.0002585196419877899
0.13865546218487396,0.049075630252100835,0.0002585196419877899
0.13865546218487396,0.049747899159663864,0.0002585196419877899
0.13865546218487396,0.05042016806722689,0.0002585196419877899
0.13865546218487396,0.05109243697478992,0.0002585196419877899
0.13865546218487396,0.05176470588235295,0.0002585196419877899
0.13865546218487396,0.05243697478991596,0.0002585196419877899
0.13865546218487396,0.05310924369747899,0.0002585196419877899
0.13865546218487396,0.05378151260504202,0.0002585196419877899
0.13865546218487396,0.05445378151260505,0.0002585196419877899
0.13865546218487396,0.05512605042016806,0.0002585196419877899
0.13865546218487396,0.05579831932773109,0.0002585196419877899
0.13865546218487396,0.05647058823529412,0.0002585196419877899
0.13865546218487396,0.05714285714285715,0.0002585196419877899
0.13865546218487396,0.05781512605042017,0.0002585196419877899
0.13865546218487396,0.05848739495798319,0.0002585196419877899
0.13865546218487396,0.05915966386554622,0.0002585196419877899
0.13865546218487396,0.05983193277310925,0.0002585196419877899
0.13865546218487396,0.060504201680672276,0.0002585196419877899
0.13865546218487396,0.06117647058823529,0.0002585196419877899
0.13865546218487396,0.06184873949579832,0.0002585196419877899
0.13865546218487396,0.06252100840336135,0.0002585196419877899
0.13865546218487396,0.06319327731092438,0.0002585196419877899
0.13865546218487396,0.06386554621848739,0.0002585196419877899
0.13865546218487396,0.06453781512605042,0.0002585196419877899
0.13865546218487396,0.06521008403361345,0.0002585196419877899
0.13865546218487396,0.06588235294117648,0.0002585196419877899
0.13865546218487396,0.0665546218487395,0.0002585196419877899
0.13865546218487396,0.06722689075630252,0.0002585196419877899
0.13865546218487396,0.06789915966386555,0.0002585196419877899
0.13865546218487396,0.06857142857142857,0.0002585196419877899
0.13865546218487396,0.0692436974789916,0.0002585196419877899
0.13865546218487396,0.06991596638655462,0.0002585196419877899
0.13865546218487396,0.07058823529411765,0.0002585196419877899
0.13865546218487396,0.07126050420168067,0.0002585196419877899
0.13865546218487396,0.0719327731092437,0.0002585196419877899
0.13865546218487396,0.07260504201680673,0.0002585196419877899
0.13865546218487396,0.07327731092436975,0.0002585196419877899
0.13865546218487396,0.07394957983193277,0.0002585196419877899
0.13865546218487396,0.0746218487394958,0.0002585196419877899
0.13865546218487396,0.07529411764705883,0.0002585196419877899
0.13865546218487396,0.07596638655462185,0.0002585196419877899
0.13865546218487396,0.07663865546218487,0.0002585196419877899
0.13865546218487396,0.0773109243697479,0.0002585196419877899
0.13865546218487396,0.07798319327731093,0.0002585196419877899
0.13865546218487396,0.07865546218487394,0.0002585196419877899
0.13865546218487396,0.07932773109243697,0.0002585196419877899
0.13865546218487396,0.07983193277310924,0.00025851964198779167
0.1411764705882353,0.0001680672268907563,0.0002585196419877899
0.1411764705882353,0.0006722689075630252,0.0002585196419877899
0.1411764705882353,0.0013445378151260505,0.0002585196419877899
0.1411764705882353,0.0020168067226890756,0.0002585196419877899
0.1411764705882353,0.002689075630252101,0.0002585196419877899
0.1411764705882353,0.0033613445378151263,0.0002585196419877899
0.1411764705882353,0.004033613445378151,0.0002585196419877899
0.1411764705882353,0.004705882352941176,0.0002585196419877899
0.1411764705882353,0.005378151260504202,0.0002585196419877899
0.1411764705882353,0.006050420168067228,0.0002585196419877899
0.1411764705882353,0.0067226890756302525,0.0002585196419877899
0.1411764705882353,0.007394957983193277,0.0002585196419877899
0.1411764705882353,0.008067226890756302,0.0002585196419877899
0.1411764705882353,0.008739495798319327,0.0002585196419877899
0.1411764705882353,0.009411764705882354,0.0002585196419877899
0.1411764705882353,0.010084033613445379,0.0002585196419877899
0.1411764705882353,0.010756302521008404,0.0002585196419877899
0.1411764705882353,0.011428571428571429,0.0002585196419877899
0.1411764705882353,0.012100840336134453,0.0002585196419877899
0.1411764705882353,0.01277310924369748,0.0002585196419877899
0.1411764705882353,0.013445378151260505,0.0002585196419877899
0.1411764705882353,0.01411764705882353,0.0002585196419877899
0.1411764705882353,0.014789915966386555,0.0002585196419877899
0.1411764705882353,0.01546218487394958,0.0002585196419877899
0.1411764705882353,0.016134453781512605,0.0002585196419877899
0.1411764705882353,0.01680672268907563,0.0002585196419877899
0.1411764705882353,0.017478991596638654,0.0002585196419877899
0.1411764705882353,0.018151260504201683,0.0002585196419877899
0.1411764705882353,0.018823529411764708,0.0002585196419877899
0.1411764705882353,0.019495798319327733,0.0002585196419877899
0.1411764705882353,0.020168067226890758,0.0002585196419877899
0.1411764705882353,0.020840336134453782,0.0002585196419877899
0.1411764705882353,0.021512605042016807,0.0002585196419877899
0.1411764705882353,0.022184873949579832,0.0002585196419877899
0.1411764705882353,0.022857142857142857,0.0002585196419877899
0.1411764705882353,0.023529411764705882,0.0002585196419877899
0.1411764705882353,0.024201680672268907,0.0002585196419877899
0.1411764705882353,0.024873949579831932,0.0002585196419877899
0.1411764705882353,0.02554621848739496,0.0002585196419877899
0.1411764705882353,0.026218487394957985,0.0002585196419877899
0.1411764705882353,0.02689075630252101,0.0002585196419877899
0.1411764705882353,0.027563025210084035,0.0002585196419877899
0.1411764705882353,0.02823529411764706,0.0002585196419877899
0.1411764705882353,0.028907563025210085,0.0002585196419877899
0.1411764705882353,0.02957983193277311,0.0002585196419877899
0.1411764705882353,0.030252100840336135,0.0002585196419877899
0.1411764705882353,0.03092436974789916,0.0002585196419877899
0.1411764705882353,0.03159663865546218,0.0002585196419877899
0.1411764705882353,0.03226890756302521,0.0002585196419877899
0.1411764705882353,0.03294117647058824,0.0002585196419877899
0.1411764705882353,0.033613445378151266,0.0002585196419877899
0.1411764705882353,0.03428571428571428,0.0002585196419877899
0.1411764705882353,0.03495798319327731,0.0002585196419877899
0.1411764705882353,0.03563025210084034,0.0002585196419877899
0.1411764705882353,0.036302521008403366,0.0002585196419877899
0.1411764705882353,0.036974789915966394,0.0002585196419877899
0.1411764705882353,0.03764705882352941,0.0002585196419877899
0.1411764705882353,0.03831932773109244,0.0002585196419877899
0.1411764705882353,0.038991596638655465,0.0002585196419877899
0.1411764705882353,0.039663865546218494,0.0002585196419877899
0.1411764705882353,0.04033613445378151,0.0002585196419877899
0.1411764705882353,0.041008403361344536,0.0002585196419877899
0.1411764705882353,0.041680672268907565,0.0002585196419877899
0.1411764705882353,0.04235294117647059,0.0002585196419877899
0.1411764705882353,0.043025210084033615,0.0002585196419877899
0.1411764705882353,0.043697478991596636,0.0002585196419877899
0.1411764705882353,0.044369747899159664,0.0002585196419877899
0.1411764705882353,0.04504201680672269,0.0002585196419877899
0.1411764705882353,0.04571428571428572,0.0002585196419877899
0.1411764705882353,0.046386554621848736,0.0002585196419877899
0.1411764705882353,0.047058823529411764,0.0002585196419877899
0.1411764705882353,0.04773109243697479,0.0002585196419877899
0.1411764705882353,0.04840336134453782,0.0002585196419877899
0.1411764705882353,0.049075630252100835,0.0002585196419877899
0.1411764705882353,0.049747899159663864,0.0002585196419877899
0.1411764705882353,0.05042016806722689,0.0002585196419877899
0.1411764705882353,0.05109243697478992,0.0002585196419877899
0.1411764705882353,0.05176470588235295,0.0002585196419877899
0.1411764705882353,0.05243697478991596,0.0002585196419877899
0.1411764705882353,0.05310924369747899,0.0002585196419877899
0.1411764705882353,0.05378151260504202,0.0002585196419877899
0.1411764705882353,0.05445378151260505,0.0002585196419877899
0.1411764705882353,0.05512605042016806,0.0002585196419877899
0.1411764705882353,0.05579831932773109,0.0002585196419877899
0.1411764705882353,0.05647058823529412,0.0002585196419877899
0.1411764705882353,0.05714285714285715,0.0002585196419877899
0.1411764705882353,0.05781512605042017,0.0002585196419877899
0.1411764705882353,0.05848739495798319,0.0002585196419877899
0.1411764705882353,0.05915966386554622,0.0002585196419877899
0.1411764705882353,0.05983193277310925,0.0002585196419877899
0.1411764705882353,0.060504201680672276,0.0002585196419877899
0.1411764705882353,0.06117647058823529,0.0002585196419877899
0.1411764705882353,0.06184873949579832,0.0002585196419877899
0.1411764705882353,0.06252100840336135,0.0002585196419877899
0.1411764705882353,0.06319327731092438,0.0002585196419877899
0.1411764705882353,0.06386554621848739,0.0002585196419877899
0.1411764705882353,0.06453781512605042,0.0002585196419877899
0.1411764705882353,0.06521008403361345,0.0002585196419877899
0.1411764705882353,0.06588235294117648,0.0002585196419877899
0.1411764705882353,0.0665546218487395,0.0002585196419877899
0.1411764705882353,0.06722689075630252,0.0002585196419877899
0.1411764705882353,0.06789915966386555,0.0002585196419877899
0.1411764705882353,0.06857142857142857,0.0002585196419877899
0.1411764705882353,0.0692436974789916,0.0002585196419877899
0.1411764705882353,0.06991596638655462,0.0002585196419877899
0.1411764705882353,0.07058823529411765,0.0002585196419877899
0.1411764705882353,0.07126050420168067,0.0002585196419877899
0.1411764705882353,0.0719327731092437,0.0002585196419877899
0.1411764705882353,0.07260504201680673,0.0002585196419877899
0.1411764705882353,0.07327731092436975,0.0002585196419877899
0.1411764705882353,0.07394957983193277,0.0002585196419877899
0.1411764705882353,0.0746218487394958,0.0002585196419877899
0.1411764705882353,0.07529411764705883,0.0002585196419877899
0.1411764705882353,0.07596638655462185,0.0002585196419877899
0.1411764705882353,0.07663865546218487,0.0002585196419877899
0.1411764705882353,0.0773109243697479,0.0002585196419877899
0.1411764705882353,0.07798319327731093,0.0002585196419877899
0.1411764705882353,0.07865546218487394,0.0002585196419877899
0.1411764705882353,0.07932773109243697,0.0002585196419877899
0.1411764705882353,0.07983193277310924,0.00025851964198779167
0.14369747899159663,0.0001680672268907563,0.0002585196419877899
0.14369747899159663,0.0006722689075630252,0.0002585196419877899
0.14369747899159663,0.0013445378151260505,0.0002585196419877899
0.14369747899159663,0.0020168067226890756,0.0002585196419877899
0.14369747899159663,0.002689075630252101,0.0002585196419877899
0.14369747899159663,0.0033613445378151263,0.0002585196419877899
0.14369747899159663,0.004033613445378151,0.0002585196419877899
0.14369747899159663,0.004705882352941176,0.0002585196419877899
0.14369747899159663,0.005378151260504202,0.0002585196419877899
0.14369747899159663,0.006050420168067228,0.0002585196419877899
0.14369747899159663,0.0067226890756302525,0.0002585196419877899
0.14369747899159663,0.007394957983193277,0.0002585196419877899
0.14369747899159663,0.008067226890756302,0.0002585196419877899
0.14369747899159663,0.008739495798319327,0.0002585196419877899
0.14369747899159663,0.009411764705882354,0.0002585196419877899
0.14369747899159663,0.010084033613445379,0.0002585196419877899
0.14369747899159663,0.010756302521008404,0.0002585196419877899
0.14369747899159663,0.011428571428571429,0.0002585196419877899
0.14369747899159663,0.012100840336134453,0.0002585196419877899
0.14369747899159663,0.01277310924369748,0.0002585196419877899
0.14369747899159663,0.013445378151260505,0.0002585196419877899
0.14369747899159663,0.01411764705882353,0.0002585196419877899
0.14369747899159663,0.014789915966386555,0.0002585196419877899
0.14369747899159663,0.01546218487394958,0.0002585196419877899
0.14369747899159663,0.016134453781512605,0.0002585196419877899
0.14369747899159663,0.01680672268907563,0.0002585196419877899
0.14369747899159663,0.017478991596638654,0.0002585196419877899
0.14369747899159663,0.018151260504201683,0.0002585196419877899
0.14369747899159663,0.018823529411764708,0.0002585196419877899
0.14369747899159663,0.019495798319327733,0.0002585196419877899
0.14369747899159663,0.020168067226890758,0.0002585196419877899
0.14369747899159663,0.020840336134453782,0.0002585196419877899
0.14369747899159663,0.021512605042016807,0.0002585196419877899
0.14369747899159663,0.022184873949579832,0.0002585196419877899
0.14369747899159663,0.022857142857142857,0.0002585196419877899
0.14369747899159663,0.023529411764705882,0.0002585196419877899
0.14369747899159663,0.024201680672268907,0.0002585196419877899
0.14369747899159663,0.024873949579831932,0.0002585196419877899
0.14369747899159663,0.02554621848739496,0.0002585196419877899
0.14369747899159663,0.026218487394957985,0.0002585196419877899
0.14369747899159663,0.02689075630252101,0.0002585196419877899
0.14369747899159663,0.027563025210084035,0.0002585196419877899
0.14369747899159663,0.02823529411764706,0.0002585196419877899
0.14369747899159663,0.028907563025210085,0.0002585196419877899
0.14369747899159663,0.02957983193277311,0.0002585196419877899
0.14369747899159663,0.030252100840336135,0.0002585196419877899
0.14369747899159663,0.03092436974789916,0.0002585196419877899
0.14369747899159663,0.03159663865546218,0.0002585196419877899
0.14369747899159663,0.03226890756302521,0.0002585196419877899
0.14369747899159663,0.03294117647058824,0.0002585196419877899
0.14369747899159663,0.033613445378151266,0.0002585196419877899
0.14369747899159663,0.03428571428571428,0.0002585196419877899
0.14369747899159663,0.03495798319327731,0.0002585196419877899
0.14369747899159663,0.03563025210084034,0.0002585196419877899
0.14369747899159663,0.036302521008403366,0.0002585196419877899
0.14369747899159663,0.036974789915966394,0.0002585196419877899
0.14369747899159663,0.03764705882352941,0.0002585196419877899
0.14369747899159663,0.03831932773109244,0.0002585196419877899
0.14369747899159663,0.038991596638655465,0.0002585196419877899
0.14369747899159663,0.039663865546218494,0.0002585196419877899
0.14369747899159663,0.04033613445378151,0.0002585196419877899
0.14369747899159663,0.041008403361344536,0.0002585196419877899
0.14369747899159663,0.041680672268907565,0.0002585196419877899
0.14369747899159663,0.04235294117647059,0.0002585196419877899
0.14369747899159663,0.043025210084033615,0.0002585196419877899
0.14369747899159663,0.043697478991596636,0.0002585196419877899
0.14369747899159663,0.044369747899159664,0.0002585196419877899
0.14369747899159663,0.04504201680672269,0.0002585196419877899
0.14369747899159663,0.04571428571428572,0.0002585196419877899
0.14369747899159663,0.046386554621848736,0.0002585196419877899
0.14369747899159663,0.047058823529411764,0.0002585196419877899
0.14369747899159663,0.04773109243697479,0.0002585196419877899
0.14369747899159663,0.04840336134453782,0.0002585196419877899
0.14369747899159663,0.049075630252100835,0.0002585196419877899
0.14369747899159663,0.049747899159663864,0.0002585196419877899
0.14369747899159663,0.05042016806722689,0.0002585196419877899
0.14369747899159663,0.05109243697478992,0.0002585196419877899
0.14369747899159663,0.05176470588235295,0.0002585196419877899
0.14369747899159663,0.05243697478991596,0.0002585196419877899
0.14369747899159663,0.05310924369747899,0.0002585196419877899
0.14369747899159663,0.05378151260504202,0.0002585196419877899
0.14369747899159663,0.05445378151260505,0.0002585196419877899
0.14369747899159663,0.05512605042016806,0.0002585196419877899
0.14369747899159663,0.05579831932773109,0.0002585196419877899
0.14369747899159663,0.05647058823529412,0.0002585196419877899
0.14369747899159663,0.05714285714285715,0.0002585196419877899
0.14369747899159663,0.05781512605042017,0.0002585196419877899
0.14369747899159663,0.05848739495798319,0.0002585196419877899
0.14369747899159663,0.05915966386554622,0.0002585196419877899
0.14369747899159663,0.05983193277310925,0.0002585196419877899
0.14369747899159663,0.060504201680672276,0.0002585196419877899
0.14369747899159663,0.06117647058823529,0.0002585196419877899
0.14369747899159663,0.06184873949579832,0.0002585196419877899
0.14369747899159663,0.06252100840336135,0.0002585196419877899
0.14369747899159663,0.06319327731092438,0.0002585196419877899
0.14369747899159663,0.06386554621848739,0.0002585196419877899
0.14369747899159663,0.06453781512605042,0.0002585196419877899
0.14369747899159663,0.06521008403361345,0.0002585196419877899
0.14369747899159663,0.06588235294117648,0.0002585196419877899
0.14369747899159663,0.0665546218487395,0.0002585196419877899
0.14369747899159663,0.06722689075630252,0.0002585196419877899
0.14369747899159663,0.06789915966386555,0.0002585196419877899
0.14369747899159663,0.06857142857142857,0.0002585196419877899
0.14369747899159663,0.0692436974789916,0.0002585196419877899
0.14369747899159663,0.06991596638655462,0.0002585196419877899
0.14369747899159663,0.07058823529411765,0.0002585196419877899
0.14369747899159663,0.07126050420168067,0.0002585196419877899
0.14369747899159663,0.0719327731092437,0.0002585196419877899
0.14369747899159663,0.07260504201680673,0.0002585196419877899
0.14369747899159663,0.07327731092436975,0.0002585196419877899
0.14369747899159663,0.07394957983193277,0.0002585196419877899
0.14369747899159663,0.0746218487394958,0.0002585196419877899
0.14369747899159663,0.07529411764705883,0.0002585196419877899
0.14369747899159663,0.07596638655462185,0.0002585196419877899
0.14369747899159663,0.07663865546218487,0.0002585196419877899
0.14369747899159663,0.0773109243697479,0.0002585196419877899
0.14369747899159663,0.07798319327731093,0.0002585196419877899
0.14369747899159663,0.07865546218487394,0.0002585196419877899
0.14369747899159663,0.07932773109243697,0.0002585196419877899
0.14369747899159663,0.07983193277310924,0.00025851964198779167
0.14621848739495796,0.0001680672268907563,0.0002585196419877899
0.14621848739495796,0.0006722689075630252,0.0002585196419877899
0.14621848739495796,0.0013445378151260505,0.0002585196419877899
0.14621848739495796,0.0020168067226890756,0.0002585196419877899
0.14621848739495796,0.002689075630252101,0.0002585196419877899
0.14621848739495796,0.0033613445378151263,0.0002585196419877899
0.14621848739495796,0.004033613445378151,0.0002585196419877899
0.14621848739495796,0.004705882352941176,0.0002585196419877899
0.14621848739495796,0.005378151260504202,0.0002585196419877899
0.14621848739495796,0.006050420168067228,0.0002585196419877899
0.14621848739495796,0.0067226890756302525,0.0002585196419877899
0.14621848739495796,0.007394957983193277,0.0002585196419877899
0.14621848739495796,0.008067226890756302,0.0002585196419877899
0.14621848739495796,0.008739495798319327,0.0002585196419877899
0.14621848739495796,0.009411764705882354,0.0002585196419877899
0.14621848739495796,0.010084033613445379,0.0002585196419877899
0.14621848739495796,0.010756302521008404,0.0002585196419877899
0.14621848739495796,0.011428571428571429,0.0002585196419877899
0.14621848739495796,0.012100840336134453,0.0002585196419877899
0.14621848739495796,0.01277310924369748,0.0002585196419877899
0.14621848739495796,0.013445378151260505,0.0002585196419877899
0.14621848739495796,0.01411764705882353,0.0002585196419877899
0.14621848739495796,0.014789915966386555,0.0002585196419877899
0.14621848739495796,0.01546218487394958,0.0002585196419877899
0.14621848739495796,0.016134453781512605,0.0002585196419877899
0.14621848739495796,0.01680672268907563,0.0002585196419877899
0.14621848739495796,0.017478991596638654,0.0002585196419877899
0.14621848739495796,0.018151260504201683,0.0002585196419877899
0.14621848739495796,0.018823529411764708,0.0002585196419877899
0.14621848739495796,0.019495798319327733,0.0002585196419877899
0.14621848739495796,0.020168067226890758,0.0002585196419877899
0.14621848739495796,0.020840336134453782,0.0002585196419877899
0.14621848739495796,0.021512605042016807,0.0002585196419877899
0.14621848739495796,0.022184873949579832,0.0002585196419877899
0.14621848739495796,0.022857142857142857,0.0002585196419877899
0.14621848739495796,0.023529411764705882,0.0002585196419877899
0.14621848739495796,0.024201680672268907,0.0002585196419877899
0.14621848739495796,0.024873949579831932,0.0002585196419877899
0.14621848739495796,0.02554621848739496,0.0002585196419877899
0.14621848739495796,0.026218487394957985,0.0002585196419877899
0.14621848739495796,0.02689075630252101,0.0002585196419877899
0.14621848739495796,0.027563025210084035,0.0002585196419877899
0.14621848739495796,0.02823529411764706,0.0002585196419877899
0.14621848739495796,0.028907563025210085,0.0002585196419877899
0.14621848739495796,0.02957983193277311,0.0002585196419877899
0.14621848739495796,0.030252100840336135,0.0002585196419877899
0.14621848739495796,0.03092436974789916,0.0002585196419877899
0.14621848739495796,0.03159663865546218,0.0002585196419877899
0.14621848739495796,0.03226890756302521,0.0002585196419877899
0.14621848739495796,0.03294117647058824,0.0002585196419877899
0.14621848739495796,0.033613445378151266,0.0002585196419877899
0.14621848739495796,0.03428571428571428,0.0002585196419877899
0.14621848739495796,0.03495798319327731,0.0002585196419877899
0.14621848739495796,0.03563025210084034,0.0002585196419877899
0.14621848739495796,0.036302521008403366,0.0002585196419877899
0.14621848739495796,0.036974789915966394,0.0002585196419877899
0.14621848739495796,0.03764705882352941,0.0002585196419877899
0.14621848739495796,0.03831932773109244,0.0002585196419877899
0.14621848739495796,0.038991596638655465,0.0002585196419877899
0.14621848739495796,0.039663865546218494,0.0002585196419877899
0.14621848739495796,0.04033613445378151,0.0002585196419877899
0.14621848739495796,0.041008403361344536,0.0002585196419877899
0.14621848739495796,0.041680672268907565,0.0002585196419877899
0.14621848739495796,0.04235294117647059,0.0002585196419877899
0.14621848739495796,0.043025210084033615,0.0002585196419877899
0.14621848739495796,0.043697478991596636,0.0002585196419877899
0.14621848739495796,0.044369747899159664,0.0002585196419877899
0.14621848739495796,0.04504201680672269,0.0002585196419877899
0.14621848739495796,0.04571428571428572,0.0002585196419877899
0.14621848739495796,0.046386554621848736,0.0002585196419877899
0.14621848739495796,0.047058823529411764,0.0002585196419877899
0.14621848739495796,0.04773109243697479,0.0002585196419877899
0.14621848739495796,0.04840336134453782,0.0002585196419877899
0.14621848739495796,0.049075630252100835,0.0002585196419877899
0.14621848739495796,0.049747899159663864,0.0002585196419877899
0.14621848739495796,0.05042016806722689,0.0002585196419877899
0.14621848739495796,0.05109243697478992,0.0002585196419877899
0.14621848739495796,0.05176470588235295,0.0002585196419877899
0.14621848739495796,0.05243697478991596,0.0002585196419877899
0.14621848739495796,0.05310924369747899,0.0002585196419877899
0.14621848739495796,0.05378151260504202,0.0002585196419877899
0.14621848739495796,0.05445378151260505,0.0002585196419877899
0.14621848739495796,0.05512605042016806,0.0002585196419877899
0.14621848739495796,0.05579831932773109,0.0002585196419877899
0.14621848739495796,0.05647058823529412,0.0002585196419877899
0.14621848739495796,0.05714285714285715,0.0002585196419877899
0.14621848739495796,0.05781512605042017,0.0002585196419877899
0.14621848739495796,0.05848739495798319,0.0002585196419877899
0.14621848739495796,0.05915966386554622,0.0002585196419877899
0.14621848739495796,0.05983193277310925,0.0002585196419877899
0.14621848739495796,0.060504201680672276,0.0002585196419877899
0.14621848739495796,0.06117647058823529,0.0002585196419877899
0.14621848739495796,0.06184873949579832,0.0002585196419877899
0.14621848739495796,0.06252100840336135,0.0002585196419877899
0.14621848739495796,0.06319327731092438,0.0002585196419877899
0.14621848739495796,0.06386554621848739,0.0002585196419877899
0.14621848739495796,0.06453781512605042,0.0002585196419877899
0.14621848739495796,0.06521008403361345,0.0002585196419877899
0.14621848739495796,0.06588235294117648,0.0002585196419877899
0.14621848739495796,0.0665546218487395,0.0002585196419877899
0.14621848739495796,0.06722689075630252,0.0002585196419877899
0.14621848739495796,0.06789915966386555,0.0002585196419877899
0.14621848739495796,0.06857142857142857,0.0002585196419877899
0.14621848739495796,0.0692436974789916,0.0002585196419877899
0.14621848739495796,0.06991596638655462,0.0002585196419877899
0.14621848739495796,0.07058823529411765,0.0002585196419877899
0.14621848739495796,0.07126050420168067,0.0002585196419877899
0.14621848739495796,0.0719327731092437,0.0002585196419877899
0.14621848739495796,0.07260504201680673,0.0002585196419877899
0.14621848739495796,0.07327731092436975,0.0002585196419877899
0.14621848739495796,0.07394957983193277,0.0002585196419877899
0.14621848739495796,0.0746218487394958,0.0002585196419877899
0.14621848739495796,0.07529411764705883,0.0002585196419877899
0.14621848739495796,0.07596638655462185,0.0002585196419877899
0.14621848739495796,0.07663865546218487,0.0002585196419877899
0.14621848739495796,0.0773109243697479,0.0002585196419877899
0.14621848739495796,0.07798319327731093,0.0002585196419877899
0.14621848739495796,0.07865546218487394,0.0002585196419877899
0.14621848739495796,0.07932773109243697,0.0002585196419877899
0.14621848739495796,0.07983193277310924,0.00025851964198779167
0.1487394957983193,0.0001680672268907563,0.0002585196419877899
0.1487394957983193,0.0006722689075630252,0.0002585196419877899
0.1487394957983193,0.0013445378151260505,0.0002585196419877899
0.1487394957983193,0.0020168067226890756,0.0002585196419877899
0.1487394957983193,0.002689075630252101,0.0002585196419877899
0.1487394957983193,0.0033613445378151263,0.0002585196419877899
0.1487394957983193,0.004033613445378151,0.0002585196419877899
0.1487394957983193,0.004705882352941176,0.0002585196419877899
0.1487394957983193,0.005378151260504202,0.0002585196419877899
0.1487394957983193,0.006050420168067228,0.0002585196419877899
0.1487394957983193,0.0067226890756302525,0.0002585196419877899
0.1487394957983193,0.007394957983193277,0.0002585196419877899
0.1487394957983193,0.008067226890756302,0.0002585196419877899
0.1487394957983193,0.008739495798319327,0.0002585196419877899
0.1487394957983193,0.009411764705882354,0.0002585196419877899
0.1487394957983193,0.010084033613445379,0.0002585196419877899
0.1487394957983193,0.010756302521008404,0.0002585196419877899
0.1487394957983193,0.011428571428571429,0.0002585196419877899
0.1487394957983193,0.012100840336134453,0.0002585196419877899
0.1487394957983193,0.01277310924369748,0.0002585196419877899
0.1487394957983193,0.013445378151260505,0.0002585196419877899
0.1487394957983193,0.01411764705882353,0.0002585196419877899
0.1487394957983193,0.014789915966386555,0.0002585196419877899
0.1487394957983193,0.01546218487394958,0.0002585196419877899
0.1487394957983193,0.016134453781512605,0.0002585196419877899
0.1487394957983193,0.01680672268907563,0.0002585196419877899
0.1487394957983193,0.017478991596638654,0.0002585196419877899
0.1487394957983193,0.018151260504201683,0.0002585196419877899
0.1487394957983193,0.018823529411764708,0.0002585196419877899
0.1487394957983193,0.019495798319327733,0.0002585196419877899
0.1487394957983193,0.020168067226890758,0.0002585196419877899
0.1487394957983193,0.020840336134453782,0.0002585196419877899
0.1487394957983193,0.021512605042016807,0.0002585196419877899
0.1487394957983193,0.022184873949579832,0.0002585196419877899
0.1487394957983193,0.022857142857142857,0.0002585196419877899
0.1487394957983193,0.023529411764705882,0.0002585196419877899
0.1487394957983193,0.024201680672268907,0.0002585196419877899
0.1487394957983193,0.024873949579831932,0.0002585196419877899
0.1487394957983193,0.02554621848739496,0.0002585196419877899
0.1487394957983193,0.026218487394957985,0.0002585196419877899
0.1487394957983193,0.02689075630252101,0.0002585196419877899
0.1487394957983193,0.027563025210084035,0.0002585196419877899
0.1487394957983193,0.02823529411764706,0.0002585196419877899
0.1487394957983193,0.028907563025210085,0.0002585196419877899
0.1487394957983193,0.02957983193277311,0.0002585196419877899
0.1487394957983193,0.030252100840336135,0.0002585196419877899
0.1487394957983193,0.03092436974789916,0.0002585196419877899
0.1487394957983193,0.03159663865546218,0.0002585196419877899
0.1487394957983193,0.03226890756302521,0.0002585196419877899
0.1487394957983193,0.03294117647058824,0.0002585196419877899
0.1487394957983193,0.033613445378151266,0.0002585196419877899
0.1487394957983193,0.03428571428571428,0.0002585196419877899
0.1487394957983193,0.03495798319327731,0.0002585196419877899
0.1487394957983193,0.03563025210084034,0.0002585196419877899
0.1487394957983193,0.036302521008403366,0.0002585196419877899
0.1487394957983193,0.036974789915966394,0.0002585196419877899
0.1487394957983193,0.03764705882352941,0.0002585196419877899
0.1487394957983193,0.03831932773109244,0.0002585196419877899
0.1487394957983193,0.038991596638655465,0.0002585196419877899
0.1487394957983193,0.039663865546218494,0.0002585196419877899
0.1487394957983193,0.04033613445378151,0.0002585196419877899
0.1487394957983193,0.041008403361344536,0.0002585196419877899
0.1487394957983193,0.041680672268907565,0.0002585196419877899
0.1487394957983193,0.04235294117647059,0.0002585196419877899
0.1487394957983193,0.043025210084033615,0.0002585196419877899
0.1487394957983193,0.043697478991596636,0.0002585196419877899
0.1487394957983193,0.044369747899159664,0.0002585196419877899
0.1487394957983193,0.04504201680672269,0.0002585196419877899
0.1487394957983193,0.04571428571428572,0.0002585196419877899
0.1487394957983193,0.046386554621848736,0.0002585196419877899
0.1487394957983193,0.047058823529411764,0.0002585196419877899
0.1487394957983193,0.04773109243697479,0.0002585196419877899
0.1487394957983193,0.04840336134453782,0.0002585196419877899
0.1487394957983193,0.049075630252100835,0.0002585196419877899
0.1487394957983193,0.049747899159663864,0.0002585196419877899
0.1487394957983193,0.05042016806722689,0.0002585196419877899
0.1487394957983193,0.05109243697478992,0.0002585196419877899
0.1487394957983193,0.05176470588235295,0.0002585196419877899
0.1487394957983193,0.05243697478991596,0.0002585196419877899
0.1487394957983193,0.05310924369747899,0.0002585196419877899
0.1487394957983193,0.05378151260504202,0.0002585196419877899
0.1487394957983193,0.05445378151260505,0.0002585196419877899
0.1487394957983193,0.05512605042016806,0.0002585196419877899
0.1487394957983193,0.05579831932773109,0.0002585196419877899
0.1487394957983193,0.05647058823529412,0.0002585196419877899
0.1487394957983193,0.05714285714285715,0.0002585196419877899
0.1487394957983193,0.05781512605042017,0.0002585196419877899
0.1487394957983193,0.05848739495798319,0.0002585196419877899
0.1487394957983193,0.05915966386554622,0.0002585196419877899
0.1487394957983193,0.05983193277310925,0.0002585196419877899
0.1487394957983193,0.060504201680672276,0.0002585196419877899
0.1487394957983193,0.06117647058823529,0.0002585196419877899
0.1487394957983193,0.06184873949579832,0.0002585196419877899
0.1487394957983193,0.06252100840336135,0.0002585196419877899
0.1487394957983193,0.06319327731092438,0.0002585196419877899
0.1487394957983193,0.06386554621848739,0.0002585196419877899
0.1487394957983193,0.06453781512605042,0.0002585196419877899
0.1487394957983193,0.06521008403361345,0.0002585196419877899
0.1487394957983193,0.06588235294117648,0.0002585196419877899
0.1487394957983193,0.0665546218487395,0.0002585196419877899
0.1487394957983193,0.06722689075630252,0.0002585196419877899
0.1487394957983193,0.06789915966386555,0.0002585196419877899
0.1487394957983193,0.06857142857142857,0.0002585196419877899
0.1487394957983193,0.0692436974789916,0.0002585196419877899
0.1487394957983193,0.06991596638655462,0.0002585196419877899
0.1487394957983193,0.07058823529411765,0.0002585196419877899
0.1487394957983193,0.07126050420168067,0.0002585196419877899
0.1487394957983193,0.0719327731092437,0.0002585196419877899
0.1487394957983193,0.07260504201680673,0.0002585196419877899
0.1487394957983193,0.07327731092436975,0.0002585196419877899
0.1487394957983193,0.07394957983193277,0.0002585196419877899
0.1487394957983193,0.0746218487394958,0.0002585196419877899
0.1487394957983193,0.07529411764705883,0.0002585196419877899
0.1487394957983193,0.07596638655462185,0.0002585196419877899
0.1487394957983193,0.07663865546218487,0.0002585196419877899
0.1487394957983193,0.0773109243697479,0.0002585196419877899
0.1487394957983193,0.07798319327731093,0.0002585196419877899
0.1487394957983193,0.07865546218487394,0.0002585196419877899
0.1487394957983193,0.07932773109243697,0.0002585196419877899
0.1487394957983193,0.07983193277310924,0.00025851964198779167
0.15126050420168063,0.0001680672268907563,0.0002585196419877899
0.15126050420168063,0.0006722689075630252,0.0002585196419877899
0.15126050420168063,0.0013445378151260505,0.0002585196419877899
0.15126050420168063,0.0020168067226890756,0.0002585196419877899
0.15126050420168063,0.002689075630252101,0.0002585196419877899
0.15126050420168063,0.0033613445378151263,0.0002585196419877899
0.15126050420168063,0.004033613445378151,0.0002585196419877899
0.15126050420168063,0.004705882352941176,0.0002585196419877899
0.15126050420168063,0.005378151260504202,0.0002585196419877899
0.15126050420168063,0.006050420168067228,0.0002585196419877899
0.15126050420168063,0.0067226890756302525,0.0002585196419877899
0.15126050420168063,0.007394957983193277,0.0002585196419877899
0.15126050420168063,0.008067226890756302,0.0002585196419877899
0.15126050420168063,0.008739495798319327,0.0002585196419877899
0.15126050420168063,0.009411764705882354,0.0002585196419877899
0.15126050420168063,0.010084033613445379,0.0002585196419877899
0.15126050420168063,0.010756302521008404,0.0002585196419877899
0.15126050420168063,0.011428571428571429,0.0002585196419877899
0.15126050420168063,0.012100840336134453,0.0002585196419877899
0.15126050420168063,0.01277310924369748,0.0002585196419877899
0.15126050420168063,0.013445378151260505,0.0002585196419877899
0.15126050420168063,0.01411764705882353,0.0002585196419877899
0.15126050420168063,0.014789915966386555,0.0002585196419877899
0.15126050420168063,0.01546218487394958,0.0002585196419877899
0.15126050420168063,0.016134453781512605,0.0002585196419877899
0.15126050420168063,0.01680672268907563,0.0002585196419877899
0.15126050420168063,0.017478991596638654,0.0002585196419877899
0.15126050420168063,0.018151260504201683,0.0002585196419877899
0.15126050420168063,0.018823529411764708,0.0002585196419877899
0.15126050420168063,0.019495798319327733,0.0002585196419877899
0.15126050420168063,0.020168067226890758,0.0002585196419877899
0.15126050420168063,0.020840336134453782,0.0002585196419877899
0.15126050420168063,0.021512605042016807,0.0002585196419877899
0.15126050420168063,0.022184873949579832,0.0002585196419877899
0.15126050420168063,0.022857142857142857,0.0002585196419877899
0.15126050420168063,0.023529411764705882,0.0002585196419877899
0.15126050420168063,0.024201680672268907,0.0002585196419877899
0.15126050420168063,0.024873949579831932,0.0002585196419877899
0.15126050420168063,0.02554621848739496,0.0002585196419877899
0.15126050420168063,0.026218487394957985,0.0002585196419877899
0.15126050420168063,0.02689075630252101,0.0002585196419877899
0.15126050420168063,0.027563025210084035,0.0002585196419877899
0.15126050420168063,0.02823529411764706,0.0002585196419877899
0.15126050420168063,0.028907563025210085,0.0002585196419877899
0.15126050420168063,0.02957983193277311,0.0002585196419877899
0.15126050420168063,0.030252100840336135,0.0002585196419877899
0.15126050420168063,0.03092436974789916,0.0002585196419877899
0.15126050420168063,0.03159663865546218,0.0002585196419877899
0.15126050420168063,0.03226890756302521,0.0002585196419877899
0.15126050420168063,0.03294117647058824,0.0002585196419877899
0.15126050420168063,0.033613445378151266,0.0002585196419877899
0.15126050420168063,0.03428571428571428,0.0002585196419877899
0.15126050420168063,0.03495798319327731,0.0002585196419877899
0.15126050420168063,0.03563025210084034,0.0002585196419877899
0.15126050420168063,0.036302521008403366,0.0002585196419877899
0.15126050420168063,0.036974789915966394,0.0002585196419877899
0.15126050420168063,0.03764705882352941,0.0002585196419877899
0.15126050420168063,0.03831932773109244,0.0002585196419877899
0.15126050420168063,0.038991596638655465,0.0002585196419877899
0.15126050420168063,0.039663865546218494,0.0002585196419877899
0.15126050420168063,0.04033613445378151,0.0002585196419877899
0.15126050420168063,0.041008403361344536,0.0002585196419877899
0.15126050420168063,0.041680672268907565,0.0002585196419877899
0.15126050420168063,0.04235294117647059,0.0002585196419877899
0.15126050420168063,0.043025210084033615,0.0002585196419877899
0.15126050420168063,0.043697478991596636,0.0002585196419877899
0.15126050420168063,0.044369747899159664,0.0002585196419877899
0.15126050420168063,0.04504201680672269,0.0002585196419877899
0.15126050420168063,0.04571428571428572,0.0002585196419877899
0.15126050420168063,0.046386554621848736,0.0002585196419877899
0.15126050420168063,0.047058823529411764,0.0002585196419877899
0.15126050420168063,0.04773109243697479,0.0002585196419877899
0.15126050420168063,0.04840336134453782,0.0002585196419877899
0.15126050420168063,0.049075630252100835,0.0002585196419877899
0.15126050420168063,0.049747899159663864,0.0002585196419877899
0.15126050420168063,0.05042016806722689,0.0002585196419877899
0.15126050420168063,0.05109243697478992,0.0002585196419877899
0.15126050420168063,0.05176470588235295,0.0002585196419877899
0.15126050420168063,0.05243697478991596,0.0002585196419877899
0.15126050420168063,0.05310924369747899,0.0002585196419877899
0.15126050420168063,0.05378151260504202,0.0002585196419877899
0.15126050420168063,0.05445378151260505,0.0002585196419877899
0.15126050420168063,0.05512605042016806,0.0002585196419877899
0.15126050420168063,0.05579831932773109,0.0002585196419877899
0.15126050420168063,0.05647058823529412,0.0002585196419877899
0.15126050420168063,0.05714285714285715,0.0002585196419877899
0.15126050420168063,0.05781512605042017,0.0002585196419877899
0.15126050420168063,0.05848739495798319,0.0002585196419877899
0.15126050420168063,0.05915966386554622,0.0002585196419877899
0.15126050420168063,0.05983193277310925,0.0002585196419877899
0.15126050420168063,0.060504201680672276,0.0002585196419877899
0.15126050420168063,0.06117647058823529,0.0002585196419877899
0.15126050420168063,0.06184873949579832,0.0002585196419877899
0.15126050420168063,0.06252100840336135,0.0002585196419877899
0.15126050420168063,0.06319327731092438,0.0002585196419877899
0.15126050420168063,0.06386554621848739,0.0002585196419877899
0.15126050420168063,0.06453781512605042,0.0002585196419877899
0.15126050420168063,0.06521008403361345,0.0002585196419877899
0.15126050420168063,0.06588235294117648,0.0002585196419877899
0.15126050420168063,0.0665546218487395,0.0002585196419877899
0.15126050420168063,0.06722689075630252,0.0002585196419877899
0.15126050420168063,0.06789915966386555,0.0002585196419877899
0.15126050420168063,0.06857142857142857,0.0002585196419877899
0.15126050420168063,0.0692436974789916,0.0002585196419877899
0.15126050420168063,0.06991596638655462,0.0002585196419877899
0.15126050420168063,0.07058823529411765,0.0002585196419877899
0.15126050420168063,0.07126050420168067,0.0002585196419877899
0.15126050420168063,0.0719327731092437,0.0002585196419877899
0.15126050420168063,0.07260504201680673,0.0002585196419877899
0.15126050420168063,0.07327731092436975,0.0002585196419877899
0.15126050420168063,0.07394957983193277,0.0002585196419877899
0.15126050420168063,0.0746218487394958,0.0002585196419877899
0.15126050420168063,0.07529411764705883,0.0002585196419877899
0.15126050420168063,0.07596638655462185,0.0002585196419877899
0.15126050420168063,0.07663865546218487,0.0002585196419877899
0.15126050420168063,0.0773109243697479,0.0002585196419877899
0.15126050420168063,0.07798319327731093,0.0002585196419877899
0.15126050420168063,0.07865546218487394,0.0002585196419877899
0.15126050420168063,0.07932773109243697,0.0002585196419877899
0.15126050420168063,0.07983193277310924,0.00025851964198779167
0.153781512605042,0.0001680672268907563,0.0002585196419877899
0.153781512605042,0.0006722689075630252,0.0002585196419877899
0.153781512605042,0.0013445378151260505,0.0002585196419877899
0.153781512605042,0.0020168067226890756,0.0002585196419877899
0.153781512605042,0.002689075630252101,0.0002585196419877899
0.153781512605042,0.0033613445378151263,0.0002585196419877899
0.153781512605042,0.004033613445378151,0.0002585196419877899
0.153781512605042,0.004705882352941176,0.0002585196419877899
0.153781512605042,0.005378151260504202,0.0002585196419877899
0.153781512605042,0.006050420168067228,0.0002585196419877899
0.153781512605042,0.0067226890756302525,0.0002585196419877899
0.153781512605042,0.007394957983193277,0.0002585196419877899
0.153781512605042,0.008067226890756302,0.0002585196419877899
0.153781512605042,0.008739495798319327,0.0002585196419877899
0.153781512605042,0.009411764705882354,0.0002585196419877899
0.153781512605042,0.010084033613445379,0.0002585196419877899
0.153781512605042,0.010756302521008404,0.0002585196419877899
0.153781512605042,0.011428571428571429,0.0002585196419877899
0.153781512605042,0.012100840336134453,0.0002585196419877899
0.153781512605042,0.01277310924369748,0.0002585196419877899
0.153781512605042,0.013445378151260505,0.0002585196419877899
0.153781512605042,0.01411764705882353,0.0002585196419877899
0.153781512605042,0.014789915966386555,0.0002585196419877899
0.153781512605042,0.01546218487394958,0.0002585196419877899
0.153781512605042,0.016134453781512605,0.0002585196419877899
0.153781512605042,0.01680672268907563,0.0002585196419877899
0.153781512605042,0.017478991596638654,0.0002585196419877899
0.153781512605042,0.018151260504201683,0.0002585196419877899
0.153781512605042,0.018823529411764708,0.0002585196419877899
0.153781512605042,0.019495798319327733,0.0002585196419877899
0.153781512605042,0.020168067226890758,0.0002585196419877899
0.153781512605042,0.020840336134453782,0.0002585196419877899
0.153781512605042,0.021512605042016807,0.0002585196419877899
0.153781512605042,0.022184873949579832,0.0002585196419877899
0.153781512605042,0.022857142857142857,0.0002585196419877899
0.153781512605042,0.023529411764705882,0.0002585196419877899
0.153781512605042,0.024201680672268907,0.0002585196419877899
0.153781512605042,0.024873949579831932,0.0002585196419877899
0.153781512605042,0.02554621848739496,0.0002585196419877899
0.153781512605042,0.026218487394957985,0.0002585196419877899
0.153781512605042,0.02689075630252101,0.0002585196419877899
0.153781512605042,0.027563025210084035,0.0002585196419877899
0.153781512605042,0.02823529411764706,0.0002585196419877899
0.153781512605042,0.028907563025210085,0.0002585196419877899
0.153781512605042,0.02957983193277311,0.0002585196419877899
0.153781512605042,0.030252100840336135,0.0002585196419877899
0.153781512605042,0.03092436974789916,0.0002585196419877899
0.153781512605042,0.03159663865546218,0.0002585196419877899
0.153781512605042,0.03226890756302521,0.0002585196419877899
0.153781512605042,0.03294117647058824,0.0002585196419877899
0.153781512605042,0.033613445378151266,0.0002585196419877899
0.153781512605042,0.03428571428571428,0.0002585196419877899
0.153781512605042,0.03495798319327731,0.0002585196419877899
0.153781512605042,0.03563025210084034,0.0002585196419877899
0.153781512605042,0.036302521008403366,0.0002585196419877899
0.153781512605042,0.036974789915966394,0.0002585196419877899
0.153781512605042,0.03764705882352941,0.0002585196419877899
0.153781512605042,0.03831932773109244,0.0002585196419877899
0.153781512605042,0.038991596638655465,0.0002585196419877899
0.153781512605042,0.039663865546218494,0.0002585196419877899
0.153781512605042,0.04033613445378151,0.0002585196419877899
0.153781512605042,0.041008403361344536,0.0002585196419877899
0.153781512605042,0.041680672268907565,0.0002585196419877899
0.153781512605042,0.04235294117647059,0.0002585196419877899
0.153781512605042,0.043025210084033615,0.0002585196419877899
0.153781512605042,0.043697478991596636,0.0002585196419877899
0.153781512605042,0.044369747899159664,0.0002585196419877899
0.153781512605042,0.04504201680672269,0.0002585196419877899
0.153781512605042,0.04571428571428572,0.0002585196419877899
0.153781512605042,0.046386554621848736,0.0002585196419877899
0.153781512605042,0.047058823529411764,0.0002585196419877899
0.153781512605042,0.04773109243697479,0.0002585196419877899
0.153781512605042,0.04840336134453782,0.0002585196419877899
0.153781512605042,0.049075630252100835,0.0002585196419877899
0.153781512605042,0.049747899159663864,0.0002585196419877899
0.153781512605042,0.05042016806722689,0.0002585196419877899
0.153781512605042,0.05109243697478992,0.0002585196419877899
0.153781512605042,0.05176470588235295,0.0002585196419877899
0.153781512605042,0.05243697478991596,0.0002585196419877899
0.153781512605042,0.05310924369747899,0.0002585196419877899
0.153781512605042,0.05378151260504202,0.0002585196419877899
0.153781512605042,0.05445378151260505,0.0002585196419877899
0.153781512605042,0.05512605042016806,0.0002585196419877899
0.153781512605042,0.05579831932773109,0.0002585196419877899
0.153781512605042,0.05647058823529412,0.0002585196419877899
0.153781512605042,0.05714285714285715,0.0002585196419877899
0.153781512605042,0.05781512605042017,0.0002585196419877899
0.153781512605042,0.05848739495798319,0.0002585196419877899
0.153781512605042,0.05915966386554622,0.0002585196419877899
0.153781512605042,0.05983193277310925,0.0002585196419877899
0.153781512605042,0.060504201680672276,0.0002585196419877899
0.153781512605042,0.06117647058823529,0.0002585196419877899
0.153781512605042,0.06184873949579832,0.0002585196419877899
0.153781512605042,0.06252100840336135,0.0002585196419877899
0.153781512605042,0.06319327731092438,0.0002585196419877899
0.153781512605042,0.06386554621848739,0.0002585196419877899
0.153781512605042,0.06453781512605042,0.0002585196419877899
0.153781512605042,0.06521008403361345,0.0002585196419877899
0.153781512605042,0.06588235294117648,0.0002585196419877899
0.153781512605042,0.0665546218487395,0.0002585196419877899
0.153781512605042,0.06722689075630252,0.0002585196419877899
0.153781512605042,0.06789915966386555,0.0002585196419877899
0.153781512605042,0.06857142857142857,0.0002585196419877899
0.153781512605042,0.0692436974789916,0.0002585196419877899
0.153781512605042,0.06991596638655462,0.0002585196419877899
0.153781512605042,0.07058823529411765,0.0002585196419877899
0.153781512605042,0.07126050420168067,0.0002585196419877899
0.153781512605042,0.0719327731092437,0.0002585196419877899
0.153781512605042,0.07260504201680673,0.0002585196419877899
0.153781512605042,0.07327731092436975,0.0002585196419877899
0.153781512605042,0.07394957983193277,0.0002585196419877899
0.153781512605042,0.0746218487394958,0.0002585196419877899
0.153781512605042,0.07529411764705883,0.0002585196419877899
0.153781512605042,0.07596638655462185,0.0002585196419877899
0.153781512605042,0.07663865546218487,0.0002585196419877899
0.153781512605042,0.0773109243697479,0.0002585196419877899
0.153781512605042,0.07798319327731093,0.0002585196419877899
0.153781512605042,0.07865546218487394,0.0002585196419877899
0.153781512605042,0.07932773109243697,0.0002585196419877899
0.153781512605042,0.07983193277310924,0.00025851964198779167
0.15630252100840336,0.0001680672268907563,0.0002585196419877899
0.15630252100840336,0.0006722689075630252,0.0002585196419877899
0.15630252100840336,0.0013445378151260505,0.0002585196419877899
0.15630252100840336,0.0020168067226890756,0.0002585196419877899
0.15630252100840336,0.002689075630252101,0.0002585196419877899
0.15630252100840336,0.0033613445378151263,0.0002585196419877899
0.15630252100840336,0.004033613445378151,0.0002585196419877899
0.15630252100840336,0.004705882352941176,0.0002585196419877899
0.15630252100840336,0.005378151260504202,0.0002585196419877899
0.15630252100840336,0.006050420168067228,0.0002585196419877899
0.15630252100840336,0.0067226890756302525,0.0002585196419877899
0.15630252100840336,0.007394957983193277,0.0002585196419877899
0.15630252100840336,0.008067226890756302,0.0002585196419877899
0.15630252100840336,0.008739495798319327,0.0002585196419877899
0.15630252100840336,0.009411764705882354,0.0002585196419877899
0.15630252100840336,0.010084033613445379,0.0002585196419877899
0.15630252100840336,0.010756302521008404,0.0002585196419877899
0.15630252100840336,0.011428571428571429,0.0002585196419877899
0.15630252100840336,0.012100840336134453,0.0002585196419877899
0.15630252100840336,0.01277310924369748,0.0002585196419877899
0.15630252100840336,0.013445378151260505,0.0002585196419877899
0.15630252100840336,0.01411764705882353,0.0002585196419877899
0.15630252100840336,0.014789915966386555,0.0002585196419877899
0.15630252100840336,0.01546218487394958,0.0002585196419877899
0.15630252100840336,0.016134453781512605,0.0002585196419877899
0.15630252100840336,0.01680672268907563,0.0002585196419877899
0.15630252100840336,0.017478991596638654,0.0002585196419877899
0.15630252100840336,0.018151260504201683,0.0002585196419877899
0.15630252100840336,0.018823529411764708,0.0002585196419877899
0.15630252100840336,0.019495798319327733,0.0002585196419877899
0.15630252100840336,0.020168067226890758,0.0002585196419877899
0.15630252100840336,0.020840336134453782,0.0002585196419877899
0.15630252100840336,0.021512605042016807,0.0002585196419877899
0.15630252100840336,0.022184873949579832,0.0002585196419877899
0.15630252100840336,0.022857142857142857,0.0002585196419877899
0.15630252100840336,0.023529411764705882,0.0002585196419877899
0.15630252100840336,0.024201680672268907,0.0002585196419877899
0.15630252100840336,0.024873949579831932,0.0002585196419877899
0.15630252100840336,0.02554621848739496,0.0002585196419877899
0.15630252100840336,0.026218487394957985,0.0002585196419877899
0.15630252100840336,0.02689075630252101,0.0002585196419877899
0.15630252100840336,0.027563025210084035,0.0002585196419877899
0.15630252100840336,0.02823529411764706,0.0002585196419877899
0.15630252100840336,0.028907563025210085,0.0002585196419877899
0.15630252100840336,0.02957983193277311,0.0002585196419877899
0.15630252100840336,0.030252100840336135,0.0002585196419877899
0.15630252100840336,0.03092436974789916,0.0002585196419877899
0.15630252100840336,0.03159663865546218,0.0002585196419877899
0.15630252100840336,0.03226890756302521,0.0002585196419877899
0.15630252100840336,0.03294117647058824,0.0002585196419877899
0.15630252100840336,0.033613445378151266,0.0002585196419877899
0.15630252100840336,0.03428571428571428,0.0002585196419877899
0.15630252100840336,0.03495798319327731,0.0002585196419877899
0.15630252100840336,0.03563025210084034,0.0002585196419877899
0.15630252100840336,0.036302521008403366,0.0002585196419877899
0.15630252100840336,0.036974789915966394,0.0002585196419877899
0.15630252100840336,0.03764705882352941,0.0002585196419877899
0.15630252100840336,0.03831932773109244,0.0002585196419877899
0.15630252100840336,0.038991596638655465,0.0002585196419877899
0.15630252100840336,0.039663865546218494,0.0002585196419877899
0.15630252100840336,0.04033613445378151,0.0002585196419877899
0.15630252100840336,0.041008403361344536,0.0002585196419877899
0.15630252100840336,0.041680672268907565,0.0002585196419877899
0.15630252100840336,0.04235294117647059,0.0002585196419877899
0.15630252100840336,0.043025210084033615,0.0002585196419877899
0.15630252100840336,0.043697478991596636,0.0002585196419877899
0.15630252100840336,0.044369747899159664,0.0002585196419877899
0.15630252100840336,0.04504201680672269,0.0002585196419877899
0.15630252100840336,0.04571428571428572,0.0002585196419877899
0.15630252100840336,0.046386554621848736,0.0002585196419877899
0.15630252100840336,0.047058823529411764,0.0002585196419877899
0.15630252100840336,0.04773109243697479,0.0002585196419877899
0.15630252100840336,0.04840336134453782,0.0002585196419877899
0.15630252100840336,0.049075630252100835,0.0002585196419877899
0.15630252100840336,0.049747899159663864,0.0002585196419877899
0.15630252100840336,0.05042016806722689,0.0002585196419877899
0.15630252100840336,0.05109243697478992,0.0002585196419877899
0.15630252100840336,0.05176470588235295,0.0002585196419877899
0.15630252100840336,0.05243697478991596,0.0002585196419877899
0.15630252100840336,0.05310924369747899,0.0002585196419877899
0.15630252100840336,0.05378151260504202,0.0002585196419877899
0.15630252100840336,0.05445378151260505,0.0002585196419877899
0.15630252100840336,0.05512605042016806,0.0002585196419877899
0.15630252100840336,0.05579831932773109,0.0002585196419877899
0.15630252100840336,0.05647058823529412,0.0002585196419877899
0.15630252100840336,0.05714285714285715,0.0002585196419877899
0.15630252100840336,0.05781512605042017,0.0002585196419877899
0.15630252100840336,0.05848739495798319,0.0002585196419877899
0.15630252100840336,0.05915966386554622,0.0002585196419877899
0.15630252100840336,0.05983193277310925,0.0002585196419877899
0.15630252100840336,0.060504201680672276,0.0002585196419877899
0.15630252100840336,0.06117647058823529,0.0002585196419877899
0.15630252100840336,0.06184873949579832,0.0002585196419877899
0.15630252100840336,0.06252100840336135,0.0002585196419877899
0.15630252100840336,0.06319327731092438,0.0002585196419877899
0.15630252100840336,0.06386554621848739,0.0002585196419877899
0.15630252100840336,0.06453781512605042,0.0002585196419877899
0.15630252100840336,0.06521008403361345,0.0002585196419877899
0.15630252100840336,0.06588235294117648,0.0002585196419877899
0.15630252100840336,0.0665546218487395,0.0002585196419877899
0.15630252100840336,0.06722689075630252,0.0002585196419877899
0.15630252100840336,0.06789915966386555,0.0002585196419877899
0.15630252100840336,0.06857142857142857,0.0002585196419877899
0.15630252100840336,0.0692436974789916,0.0002585196419877899
0.15630252100840336,0.06991596638655462,0.0002585196419877899
0.15630252100840336,0.07058823529411765,0.0002585196419877899
0.15630252100840336,0.07126050420168067,0.0002585196419877899
0.15630252100840336,0.0719327731092437,0.0002585196419877899
0.15630252100840336,0.07260504201680673,0.0002585196419877899
0.15630252100840336,0.07327731092436975,0.0002585196419877899
0.15630252100840336,0.07394957983193277,0.0002585196419877899
0.15630252100840336,0.0746218487394958,0.0002585196419877899
0.15630252100840336,0.07529411764705883,0.0002585196419877899
0.15630252100840336,0.07596638655462185,0.0002585196419877899
0.15630252100840336,0.07663865546218487,0.0002585196419877899
0.15630252100840336,0.0773109243697479,0.0002585196419877899
0.15630252100840336,0.07798319327731093,0.0002585196419877899
0.15630252100840336,0.07865546218487394,0.0002585196419877899
0.15630252100840336,0.07932773109243697,0.0002585196419877899
0.15630252100840336,0.07983193277310924,0.00025851964198779167
0.1588235294117647,0.0001680672268907563,0.0002585196419877899
0.1588235294117647,0.0006722689075630252,0.0002585196419877899
0.1588235294117647,0.0013445378151260505,0.0002585196419877899
0.1588235294117647,0.0020168067226890756,0.0002585196419877899
0.1588235294117647,0.002689075630252101,0.0002585196419877899
0.1588235294117647,0.0033613445378151263,0.0002585196419877899
0.1588235294117647,0.004033613445378151,0.0002585196419877899
0.1588235294117647,0.004705882352941176,0.0002585196419877899
0.1588235294117647,0.005378151260504202,0.0002585196419877899
0.1588235294117647,0.006050420168067228,0.0002585196419877899
0.1588235294117647,0.0067226890756302525,0.0002585196419877899
0.1588235294117647,0.007394957983193277,0.0002585196419877899
0.1588235294117647,0.008067226890756302,0.0002585196419877899
0.1588235294117647,0.008739495798319327,0.0002585196419877899
0.1588235294117647,0.009411764705882354,0.0002585196419877899
0.1588235294117647,0.010084033613445379,0.0002585196419877899
0.1588235294117647,0.010756302521008404,0.0002585196419877899
0.1588235294117647,0.011428571428571429,0.0002585196419877899
0.1588235294117647,0.012100840336134453,0.0002585196419877899
0.1588235294117647,0.01277310924369748,0.0002585196419877899
0.1588235294117647,0.013445378151260505,0.0002585196419877899
0.1588235294117647,0.01411764705882353,0.0002585196419877899
0.1588235294117647,0.014789915966386555,0.0002585196419877899
0.1588235294117647,0.01546218487394958,0.0002585196419877899
0.1588235294117647,0.016134453781512605,0.0002585196419877899
0.1588235294117647,0.01680672268907563,0.0002585196419877899
0.1588235294117647,0.017478991596638654,0.0002585196419877899
0.1588235294117647,0.018151260504201683,0.0002585196419877899
0.1588235294117647,0.018823529411764708,0.0002585196419877899
0.1588235294117647,0.019495798319327733,0.0002585196419877899
0.1588235294117647,0.020168067226890758,0.0002585196419877899
0.1588235294117647,0.020840336134453782,0.0002585196419877899
0.1588235294117647,0.021512605042016807,0.0002585196419877899
0.1588235294117647,0.022184873949579832,0.0002585196419877899
0.1588235294117647,0.022857142857142857,0.0002585196419877899
0.1588235294117647,0.023529411764705882,0.0002585196419877899
0.1588235294117647,0.024201680672268907,0.0002585196419877899
0.1588235294117647,0.024873949579831932,0.0002585196419877899
0.1588235294117647,0.02554621848739496,0.0002585196419877899
0.1588235294117647,0.026218487394957985,0.0002585196419877899
0.1588235294117647,0.02689075630252101,0.0002585196419877899
0.1588235294117647,0.027563025210084035,0.0002585196419877899
0.1588235294117647,0.02823529411764706,0.0002585196419877899
0.1588235294117647,0.028907563025210085,0.0002585196419877899
0.1588235294117647,0.02957983193277311,0.0002585196419877899
0.1588235294117647,0.030252100840336135,0.0002585196419877899
0.1588235294117647,0.03092436974789916,0.0002585196419877899
0.1588235294117647,0.03159663865546218,0.0002585196419877899
0.1588235294117647,0.03226890756302521,0.0002585196419877899
0.1588235294117647,0.03294117647058824,0.0002585196419877899
0.1588235294117647,0.033613445378151266,0.0002585196419877899
0.1588235294117647,0.03428571428571428,0.0002585196419877899
0.1588235294117647,0.03495798319327731,0.0002585196419877899
0.1588235294117647,0.03563025210084034,0.0002585196419877899
0.1588235294117647,0.036302521008403366,0.0002585196419877899
0.1588235294117647,0.036974789915966394,0.0002585196419877899
0.1588235294117647,0.03764705882352941,0.0002585196419877899
0.1588235294117647,0.03831932773109244,0.0002585196419877899
0.1588235294117647,0.038991596638655465,0.0002585196419877899
0.1588235294117647,0.039663865546218494,0.0002585196419877899
0.1588235294117647,0.04033613445378151,0.0002585196419877899
0.1588235294117647,0.041008403361344536,0.0002585196419877899
0.1588235294117647,0.041680672268907565,0.0002585196419877899
0.1588235294117647,0.04235294117647059,0.0002585196419877899
0.1588235294117647,0.043025210084033615,0.0002585196419877899
0.1588235294117647,0.043697478991596636,0.0002585196419877899
0.1588235294117647,0.044369747899159664,0.0002585196419877899
0.1588235294117647,0.04504201680672269,0.0002585196419877899
0.1588235294117647,0.04571428571428572,0.0002585196419877899
0.1588235294117647,0.046386554621848736,0.0002585196419877899
0.1588235294117647,0.047058823529411764,0.0002585196419877899
0.1588235294117647,0.04773109243697479,0.0002585196419877899
0.1588235294117647,0.04840336134453782,0.0002585196419877899
0.1588235294117647,0.049075630252100835,0.0002585196419877899
0.1588235294117647,0.049747899159663864,0.0002585196419877899
0.1588235294117647,0.05042016806722689,0.0002585196419877899
0.1588235294117647,0.05109243697478992,0.0002585196419877899
0.1588235294117647,0.05176470588235295,0.0002585196419877899
0.1588235294117647,0.05243697478991596,0.0002585196419877899
0.1588235294117647,0.05310924369747899,0.0002585196419877899
0.1588235294117647,0.05378151260504202,0.0002585196419877899
0.1588235294117647,0.05445378151260505,0.0002585196419877899
0.1588235294117647,0.05512605042016806,0.0002585196419877899
0.1588235294117647,0.05579831932773109,0.0002585196419877899
0.1588235294117647,0.05647058823529412,0.0002585196419877899
0.1588235294117647,0.05714285714285715,0.0002585196419877899
0.1588235294117647,0.05781512605042017,0.0002585196419877899
0.1588235294117647,0.05848739495798319,0.0002585196419877899
0.1588235294117647,0.05915966386554622,0.0002585196419877899
0.1588235294117647,0.05983193277310925,0.0002585196419877899
0.1588235294117647,0.060504201680672276,0.0002585196419877899
0.1588235294117647,0.06117647058823529,0.0002585196419877899
0.1588235294117647,0.06184873949579832,0.0002585196419877899
0.1588235294117647,0.06252100840336135,0.0002585196419877899
0.1588235294117647,0.06319327731092438,0.0002585196419877899
0.1588235294117647,0.06386554621848739,0.0002585196419877899
0.1588235294117647,0.06453781512605042,0.0002585196419877899
0.1588235294117647,0.06521008403361345,0.0002585196419877899
0.1588235294117647,0.06588235294117648,0.0002585196419877899
0.1588235294117647,0.0665546218487395,0.0002585196419877899
0.1588235294117647,0.06722689075630252,0.0002585196419877899
0.1588235294117647,0.06789915966386555,0.0002585196419877899
0.1588235294117647,0.06857142857142857,0.0002585196419877899
0.1588235294117647,0.0692436974789916,0.0002585196419877899
0.1588235294117647,0.06991596638655462,0.0002585196419877899
0.1588235294117647,0.07058823529411765,0.0002585196419877899
0.1588235294117647,0.07126050420168067,0.0002585196419877899
0.1588235294117647,0.0719327731092437,0.0002585196419877899
0.1588235294117647,0.07260504201680673,0.0002585196419877899
0.1588235294117647,0.07327731092436975,0.0002585196419877899
0.1588235294117647,0.07394957983193277,0.0002585196419877899
0.1588235294117647,0.0746218487394958,0.0002585196419877899
0.1588235294117647,0.07529411764705883,0.0002585196419877899
0.1588235294117647,0.07596638655462185,0.0002585196419877899
0.1588235294117647,0.07663865546218487,0.0002585196419877899
0.1588235294117647,0.0773109243697479,0.0002585196419877899
0.1588235294117647,0.07798319327731093,0.0002585196419877899
0.1588235294117647,0.07865546218487394,0.0002585196419877899
0.1588235294117647,0.07932773109243697,0.0002585196419877899
0.1588235294117647,0.07983193277310924,0.00025851964198779167
0.16134453781512603,0.0001680672268907563,0.0002585196419877899
0.16134453781512603,0.0006722689075630252,0.0002585196419877899
0.16134453781512603,0.0013445378151260505,0.0002585196419877899
0.16134453781512603,0.0020168067226890756,0.0002585196419877899
0.16134453781512603,0.002689075630252101,0.0002585196419877899
0.16134453781512603,0.0033613445378151263,0.0002585196419877899
0.16134453781512603,0.004033613445378151,0.0002585196419877899
0.16134453781512603,0.004705882352941176,0.0002585196419877899
0.16134453781512603,0.005378151260504202,0.0002585196419877899
0.16134453781512603,0.006050420168067228,0.0002585196419877899
0.16134453781512603,0.0067226890756302525,0.0002585196419877899
0.16134453781512603,0.007394957983193277,0.0002585196419877899
0.16134453781512603,0.008067226890756302,0.0002585196419877899
0.16134453781512603,0.008739495798319327,0.0002585196419877899
0.16134453781512603,0.009411764705882354,0.0002585196419877899
0.16134453781512603,0.010084033613445379,0.0002585196419877899
0.16134453781512603,0.010756302521008404,0.0002585196419877899
0.16134453781512603,0.011428571428571429,0.0002585196419877899
0.16134453781512603,0.012100840336134453,0.0002585196419877899
0.16134453781512603,0.01277310924369748,0.0002585196419877899
0.16134453781512603,0.013445378151260505,0.0002585196419877899
0.16134453781512603,0.01411764705882353,0.0002585196419877899
0.16134453781512603,0.014789915966386555,0.0002585196419877899
0.16134453781512603,0.01546218487394958,0.0002585196419877899
0.16134453781512603,0.016134453781512605,0.0002585196419877899
0.16134453781512603,0.01680672268907563,0.0002585196419877899
0.16134453781512603,0.017478991596638654,0.0002585196419877899
0.16134453781512603,0.018151260504201683,0.0002585196419877899
0.16134453781512603,0.018823529411764708,0.0002585196419877899
0.16134453781512603,0.019495798319327733,0.0002585196419877899
0.16134453781512603,0.020168067226890758,0.0002585196419877899
0.16134453781512603,0.020840336134453782,0.0002585196419877899
0.16134453781512603,0.021512605042016807,0.0002585196419877899
0.16134453781512603,0.022184873949579832,0.0002585196419877899
0.16134453781512603,0.022857142857142857,0.0002585196419877899
0.16134453781512603,0.023529411764705882,0.0002585196419877899
0.16134453781512603,0.024201680672268907,0.0002585196419877899
0.16134453781512603,0.024873949579831932,0.0002585196419877899
0.16134453781512603,0.02554621848739496,0.0002585196419877899
0.16134453781512603,0.026218487394957985,0.0002585196419877899
0.16134453781512603,0.02689075630252101,0.0002585196419877899
0.16134453781512603,0.027563025210084035,0.0002585196419877899
0.16134453781512603,0.02823529411764706,0.0002585196419877899
0.16134453781512603,0.028907563025210085,0.0002585196419877899
0.16134453781512603,0.02957983193277311,0.0002585196419877899
0.16134453781512603,0.030252100840336135,0.0002585196419877899
0.16134453781512603,0.03092436974789916,0.0002585196419877899
0.16134453781512603,0.03159663865546218,0.0002585196419877899
0.16134453781512603,0.03226890756302521,0.0002585196419877899
0.16134453781512603,0.03294117647058824,0.0002585196419877899
0.16134453781512603,0.033613445378151266,0.0002585196419877899
0.16134453781512603,0.03428571428571428,0.0002585196419877899
0.16134453781512603,0.03495798319327731,0.0002585196419877899
0.16134453781512603,0.03563025210084034,0.0002585196419877899
0.16134453781512603,0.036302521008403366,0.0002585196419877899
0.16134453781512603,0.036974789915966394,0.0002585196419877899
0.16134453781512603,0.03764705882352941,0.0002585196419877899
0.16134453781512603,0.03831932773109244,0.0002585196419877899
0.16134453781512603,0.038991596638655465,0.0002585196419877899
0.16134453781512603,0.039663865546218494,0.0002585196419877899
0.16134453781512603,0.04033613445378151,0.0002585196419877899
0.16134453781512603,0.041008403361344536,0.0002585196419877899
0.16134453781512603,0.041680672268907565,0.0002585196419877899
0.16134453781512603,0.04235294117647059,0.0002585196419877899
0.16134453781512603,0.043025210084033615,0.0002585196419877899
0.16134453781512603,0.043697478991596636,0.0002585196419877899
0.16134453781512603,0.044369747899159664,0.0002585196419877899
0.16134453781512603,0.04504201680672269,0.0002585196419877899
0.16134453781512603,0.04571428571428572,0.0002585196419877899
0.16134453781512603,0.046386554621848736,0.0002585196419877899
0.16134453781512603,0.047058823529411764,0.0002585196419877899
0.16134453781512603,0.04773109243697479,0.0002585196419877899
0.16134453781512603,0.04840336134453782,0.0002585196419877899
0.16134453781512603,0.049075630252100835,0.0002585196419877899
0.16134453781512603,0.049747899159663864,0.0002585196419877899
0.16134453781512603,0.05042016806722689,0.0002585196419877899
0.16134453781512603,0.05109243697478992,0.0002585196419877899
0.16134453781512603,0.05176470588235295,0.0002585196419877899
0.16134453781512603,0.05243697478991596,0.0002585196419877899
0.16134453781512603,0.05310924369747899,0.0002585196419877899
0.16134453781512603,0.05378151260504202,0.0002585196419877899
0.16134453781512603,0.05445378151260505,0.0002585196419877899
0.16134453781512603,0.05512605042016806,0.0002585196419877899
0.16134453781512603,0.05579831932773109,0.0002585196419877899
0.16134453781512603,0.05647058823529412,0.0002585196419877899
0.16134453781512603,0.05714285714285715,0.0002585196419877899
0.16134453781512603,0.05781512605042017,0.0002585196419877899
0.16134453781512603,0.05848739495798319,0.0002585196419877899
0.16134453781512603,0.05915966386554622,0.0002585196419877899
0.16134453781512603,0.05983193277310925,0.0002585196419877899
0.16134453781512603,0.060504201680672276,0.0002585196419877899
0.16134453781512603,0.06117647058823529,0.0002585196419877899
0.16134453781512603,0.06184873949579832,0.0002585196419877899
0.16134453781512603,0.06252100840336135,0.0002585196419877899
0.16134453781512603,0.06319327731092438,0.0002585196419877899
0.16134453781512603,0.06386554621848739,0.0002585196419877899
0.16134453781512603,0.06453781512605042,0.0002585196419877899
0.16134453781512603,0.06521008403361345,0.0002585196419877899
0.16134453781512603,0.06588235294117648,0.0002585196419877899
0.16134453781512603,0.0665546218487395,0.0002585196419877899
0.16134453781512603,0.06722689075630252,0.0002585196419877899
0.16134453781512603,0.06789915966386555,0.0002585196419877899
0.16134453781512603,0.06857142857142857,0.0002585196419877899
0.16134453781512603,0.0692436974789916,0.0002585196419877899
0.16134453781512603,0.06991596638655462,0.0002585196419877899
0.16134453781512603,0.07058823529411765,0.0002585196419877899
0.16134453781512603,0.07126050420168067,0.0002585196419877899
0.16134453781512603,0.0719327731092437,0.0002585196419877899
0.16134453781512603,0.07260504201680673,0.0002585196419877899
0.16134453781512603,0.07327731092436975,0.0002585196419877899
0.16134453781512603,0.07394957983193277,0.0002585196419877899
0.16134453781512603,0.0746218487394958,0.0002585196419877899
0.16134453781512603,0.07529411764705883,0.0002585196419877899
0.16134453781512603,0.07596638655462185,0.0002585196419877899
0.16134453781512603,0.07663865546218487,0.0002585196419877899
0.16134453781512603,0.0773109243697479,0.0002585196419877899
0.16134453781512603,0.07798319327731093,0.0002585196419877899
0.16134453781512603,0.07865546218487394,0.0002585196419877899
0.16134453781512603,0.07932773109243697,0.0002585196419877899
0.16134453781512603,0.07983193277310924,0.00025851964198779167
0.16386554621848737,0.0001680672268907563,0.0002585196419877899
0.16386554621848737,0.0006722689075630252,0.0002585196419877899
0.16386554621848737,0.0013445378151260505,0.0002585196419877899
0.16386554621848737,0.0020168067226890756,0.0002585196419877899
0.16386554621848737,0.002689075630252101,0.0002585196419877899
0.16386554621848737,0.0033613445378151263,0.0002585196419877899
0.16386554621848737,0.004033613445378151,0.0002585196419877899
0.16386554621848737,0.004705882352941176,0.0002585196419877899
0.16386554621848737,0.005378151260504202,0.0002585196419877899
0.16386554621848737,0.006050420168067228,0.0002585196419877899
0.16386554621848737,0.0067226890756302525,0.0002585196419877899
0.16386554621848737,0.007394957983193277,0.0002585196419877899
0.16386554621848737,0.008067226890756302,0.0002585196419877899
0.16386554621848737,0.008739495798319327,0.0002585196419877899
0.16386554621848737,0.009411764705882354,0.0002585196419877899
0.16386554621848737,0.010084033613445379,0.0002585196419877899
0.16386554621848737,0.010756302521008404,0.0002585196419877899
0.16386554621848737,0.011428571428571429,0.0002585196419877899
0.16386554621848737,0.012100840336134453,0.0002585196419877899
0.16386554621848737,0.01277310924369748,0.0002585196419877899
0.16386554621848737,0.013445378151260505,0.0002585196419877899
0.16386554621848737,0.01411764705882353,0.0002585196419877899
0.16386554621848737,0.014789915966386555,0.0002585196419877899
0.16386554621848737,0.01546218487394958,0.0002585196419877899
0.16386554621848737,0.016134453781512605,0.0002585196419877899
0.16386554621848737,0.01680672268907563,0.0002585196419877899
0.16386554621848737,0.017478991596638654,0.0002585196419877899
0.16386554621848737,0.018151260504201683,0.0002585196419877899
0.16386554621848737,0.018823529411764708,0.0002585196419877899
0.16386554621848737,0.019495798319327733,0.0002585196419877899
0.16386554621848737,0.020168067226890758,0.0002585196419877899
0.16386554621848737,0.020840336134453782,0.0002585196419877899
0.16386554621848737,0.021512605042016807,0.0002585196419877899
0.16386554621848737,0.022184873949579832,0.0002585196419877899
0.16386554621848737,0.022857142857142857,0.0002585196419877899
0.16386554621848737,0.023529411764705882,0.0002585196419877899
0.16386554621848737,0.024201680672268907,0.0002585196419877899
0.16386554621848737,0.024873949579831932,0.0002585196419877899
0.16386554621848737,0.02554621848739496,0.0002585196419877899
0.16386554621848737,0.026218487394957985,0.0002585196419877899
0.16386554621848737,0.02689075630252101,0.0002585196419877899
0.16386554621848737,0.027563025210084035,0.0002585196419877899
0.16386554621848737,0.02823529411764706,0.0002585196419877899
0.16386554621848737,0.028907563025210085,0.0002585196419877899
0.16386554621848737,0.02957983193277311,0.0002585196419877899
0.16386554621848737,0.030252100840336135,0.0002585196419877899
0.16386554621848737,0.03092436974789916,0.0002585196419877899
0.16386554621848737,0.03159663865546218,0.0002585196419877899
0.16386554621848737,0.03226890756302521,0.0002585196419877899
0.16386554621848737,0.03294117647058824,0.0002585196419877899
0.16386554621848737,0.033613445378151266,0.0002585196419877899
0.16386554621848737,0.03428571428571428,0.0002585196419877899
0.16386554621848737,0.03495798319327731,0.0002585196419877899
0.16386554621848737,0.03563025210084034,0.0002585196419877899
0.16386554621848737,0.036302521008403366,0.0002585196419877899
0.16386554621848737,0.036974789915966394,0.0002585196419877899
0.16386554621848737,0.03764705882352941,0.0002585196419877899
0.16386554621848737,0.03831932773109244,0.0002585196419877899
0.16386554621848737,0.038991596638655465,0.0002585196419877899
0.16386554621848737,0.039663865546218494,0.0002585196419877899
0.16386554621848737,0.04033613445378151,0.0002585196419877899
0.16386554621848737,0.041008403361344536,0.0002585196419877899
0.16386554621848737,0.041680672268907565,0.0002585196419877899
0.16386554621848737,0.04235294117647059,0.0002585196419877899
0.16386554621848737,0.043025210084033615,0.0002585196419877899
0.16386554621848737,0.043697478991596636,0.0002585196419877899
0.16386554621848737,0.044369747899159664,0.0002585196419877899
0.16386554621848737,0.04504201680672269,0.0002585196419877899
0.16386554621848737,0.04571428571428572,0.0002585196419877899
0.16386554621848737,0.046386554621848736,0.0002585196419877899
0.16386554621848737,0.047058823529411764,0.0002585196419877899
0.16386554621848737,0.04773109243697479,0.0002585196419877899
0.16386554621848737,0.04840336134453782,0.0002585196419877899
0.16386554621848737,0.049075630252100835,0.0002585196419877899
0.16386554621848737,0.049747899159663864,0.0002585196419877899
0.16386554621848737,0.05042016806722689,0.0002585196419877899
0.16386554621848737,0.05109243697478992,0.0002585196419877899
0.16386554621848737,0.05176470588235295,0.0002585196419877899
0.16386554621848737,0.05243697478991596,0.0002585196419877899
0.16386554621848737,0.05310924369747899,0.0002585196419877899
0.16386554621848737,0.05378151260504202,0.0002585196419877899
0.16386554621848737,0.05445378151260505,0.0002585196419877899
0.16386554621848737,0.05512605042016806,0.0002585196419877899
0.16386554621848737,0.05579831932773109,0.0002585196419877899
0.16386554621848737,0.05647058823529412,0.0002585196419877899
0.16386554621848737,0.05714285714285715,0.0002585196419877899
0.16386554621848737,0.05781512605042017,0.0002585196419877899
0.16386554621848737,0.05848739495798319,0.0002585196419877899
0.16386554621848737,0.05915966386554622,0.0002585196419877899
0.16386554621848737,0.05983193277310925,0.0002585196419877899
0.16386554621848737,0.060504201680672276,0.0002585196419877899
0.16386554621848737,0.06117647058823529,0.0002585196419877899
0.16386554621848737,0.06184873949579832,0.0002585196419877899
0.16386554621848737,0.06252100840336135,0.0002585196419877899
0.16386554621848737,0.06319327731092438,0.0002585196419877899
0.16386554621848737,0.06386554621848739,0.0002585196419877899
0.16386554621848737,0.06453781512605042,0.0002585196419877899
0.16386554621848737,0.06521008403361345,0.0002585196419877899
0.16386554621848737,0.06588235294117648,0.0002585196419877899
0.16386554621848737,0.0665546218487395,0.0002585196419877899
0.16386554621848737,0.06722689075630252,0.0002585196419877899
0.16386554621848737,0.06789915966386555,0.0002585196419877899
0.16386554621848737,0.06857142857142857,0.0002585196419877899
0.16386554621848737,0.0692436974789916,0.0002585196419877899
0.16386554621848737,0.06991596638655462,0.0002585196419877899
0.16386554621848737,0.07058823529411765,0.0002585196419877899
0.16386554621848737,0.07126050420168067,0.0002585196419877899
0.16386554621848737,0.0719327731092437,0.0002585196419877899
0.16386554621848737,0.07260504201680673,0.0002585196419877899
0.16386554621848737,0.07327731092436975,0.0002585196419877899
0.16386554621848737,0.07394957983193277,0.0002585196419877899
0.16386554621848737,0.0746218487394958,0.0002585196419877899
0.16386554621848737,0.07529411764705883,0.0002585196419877899
0.16386554621848737,0.07596638655462185,0.0002585196419877899
0.16386554621848737,0.07663865546218487,0.0002585196419877899
0.16386554621848737,0.0773109243697479,0.0002585196419877899
0.16386554621848737,0.07798319327731093,0.0002585196419877899
0.16386554621848737,0.07865546218487394,0.0002585196419877899
0.16386554621848737,0.07932773109243697,0.0002585196419877899
0.16386554621848737,0.07983193277310924,0.00025851964198779167
0.1663865546218487,0.0001680672268907563,0.0002585196419877899
0.1663865546218487,0.0006722689075630252,0.0002585196419877899
0.1663865546218487,0.0013445378151260505,0.0002585196419877899
0.1663865546218487,0.0020168067226890756,0.0002585196419877899
0.1663865546218487,0.002689075630252101,0.0002585196419877899
0.1663865546218487,0.0033613445378151263,0.0002585196419877899
0.1663865546218487,0.004033613445378151,0.0002585196419877899
0.1663865546218487,0.004705882352941176,0.0002585196419877899
0.1663865546218487,0.005378151260504202,0.0002585196419877899
0.1663865546218487,0.006050420168067228,0.0002585196419877899
0.1663865546218487,0.0067226890756302525,0.0002585196419877899
0.1663865546218487,0.007394957983193277,0.0002585196419877899
0.1663865546218487,0.008067226890756302,0.0002585196419877899
0.1663865546218487,0.008739495798319327,0.0002585196419877899
0.1663865546218487,0.009411764705882354,0.0002585196419877899
0.1663865546218487,0.010084033613445379,0.0002585196419877899
0.1663865546218487,0.010756302521008404,0.0002585196419877899
0.1663865546218487,0.011428571428571429,0.0002585196419877899
0.1663865546218487,0.012100840336134453,0.0002585196419877899
0.1663865546218487,0.01277310924369748,0.0002585196419877899
0.1663865546218487,0.013445378151260505,0.0002585196419877899
0.1663865546218487,0.01411764705882353,0.0002585196419877899
0.1663865546218487,0.014789915966386555,0.0002585196419877899
0.1663865546218487,0.01546218487394958,0.0002585196419877899
0.1663865546218487,0.016134453781512605,0.0002585196419877899
0.1663865546218487,0.01680672268907563,0.0002585196419877899
0.1663865546218487,0.017478991596638654,0.0002585196419877899
0.1663865546218487,0.018151260504201683,0.0002585196419877899
0.1663865546218487,0.018823529411764708,0.0002585196419877899
0.1663865546218487,0.019495798319327733,0.0002585196419877899
0.1663865546218487,0.020168067226890758,0.0002585196419877899
0.1663865546218487,0.020840336134453782,0.0002585196419877899
0.1663865546218487,0.021512605042016807,0.0002585196419877899
0.1663865546218487,0.022184873949579832,0.0002585196419877899
0.1663865546218487,0.022857142857142857,0.0002585196419877899
0.1663865546218487,0.023529411764705882,0.0002585196419877899
0.1663865546218487,0.024201680672268907,0.0002585196419877899
0.1663865546218487,0.024873949579831932,0.0002585196419877899
0.1663865546218487,0.02554621848739496,0.0002585196419877899
0.1663865546218487,0.026218487394957985,0.0002585196419877899
0.1663865546218487,0.02689075630252101,0.0002585196419877899
0.1663865546218487,0.027563025210084035,0.0002585196419877899
0.1663865546218487,0.02823529411764706,0.0002585196419877899
0.1663865546218487,0.028907563025210085,0.0002585196419877899
0.1663865546218487,0.02957983193277311,0.0002585196419877899
0.1663865546218487,0.030252100840336135,0.0002585196419877899
0.1663865546218487,0.03092436974789916,0.0002585196419877899
0.1663865546218487,0.03159663865546218,0.0002585196419877899
0.1663865546218487,0.03226890756302521,0.0002585196419877899
0.1663865546218487,0.03294117647058824,0.0002585196419877899
0.1663865546218487,0.033613445378151266,0.0002585196419877899
0.1663865546218487,0.03428571428571428,0.0002585196419877899
0.1663865546218487,0.03495798319327731,0.0002585196419877899
0.1663865546218487,0.03563025210084034,0.0002585196419877899
0.1663865546218487,0.036302521008403366,0.0002585196419877899
0.1663865546218487,0.036974789915966394,0.0002585196419877899
0.1663865546218487,0.03764705882352941,0.0002585196419877899
0.1663865546218487,0.03831932773109244,0.0002585196419877899
0.1663865546218487,0.038991596638655465,0.0002585196419877899
0.1663865546218487,0.039663865546218494,0.0002585196419877899
0.1663865546218487,0.04033613445378151,0.0002585196419877899
0.1663865546218487,0.041008403361344536,0.0002585196419877899
0.1663865546218487,0.041680672268907565,0.0002585196419877899
0.1663865546218487,0.04235294117647059,0.0002585196419877899
0.1663865546218487,0.043025210084033615,0.0002585196419877899
0.1663865546218487,0.043697478991596636,0.0002585196419877899
0.1663865546218487,0.044369747899159664,0.0002585196419877899
0.1663865546218487,0.04504201680672269,0.0002585196419877899
0.1663865546218487,0.04571428571428572,0.0002585196419877899
0.1663865546218487,0.046386554621848736,0.0002585196419877899
0.1663865546218487,0.047058823529411764,0.0002585196419877899
0.1663865546218487,0.04773109243697479,0.0002585196419877899
0.1663865546218487,0.04840336134453782,0.0002585196419877899
0.1663865546218487,0.049075630252100835,0.0002585196419877899
0.1663865546218487,0.049747899159663864,0.0002585196419877899
0.1663865546218487,0.05042016806722689,0.0002585196419877899
0.1663865546218487,0.05109243697478992,0.0002585196419877899
0.1663865546218487,0.05176470588235295,0.0002585196419877899
0.1663865546218487,0.05243697478991596,0.0002585196419877899
0.1663865546218487,0.05310924369747899,0.0002585196419877899
0.1663865546218487,0.05378151260504202,0.0002585196419877899
0.1663865546218487,0.05445378151260505,0.0002585196419877899
0.1663865546218487,0.05512605042016806,0.0002585196419877899
0.1663865546218487,0.05579831932773109,0.0002585196419877899
0.1663865546218487,0.05647058823529412,0.0002585196419877899
0.1663865546218487,0.05714285714285715,0.0002585196419877899
0.1663865546218487,0.05781512605042017,0.0002585196419877899
0.1663865546218487,0.05848739495798319,0.0002585196419877899
0.1663865546218487,0.05915966386554622,0.0002585196419877899
0.1663865546218487,0.05983193277310925,0.0002585196419877899
0.1663865546218487,0.060504201680672276,0.0002585196419877899
0.1663865546218487,0.06117647058823529,0.0002585196419877899
0.1663865546218487,0.06184873949579832,0.0002585196419877899
0.1663865546218487,0.06252100840336135,0.0002585196419877899
0.1663865546218487,0.06319327731092438,0.0002585196419877899
0.1663865546218487,0.06386554621848739,0.0002585196419877899
0.1663865546218487,0.06453781512605042,0.0002585196419877899
0.1663865546218487,0.06521008403361345,0.0002585196419877899
0.1663865546218487,0.06588235294117648,0.0002585196419877899
0.1663865546218487,0.0665546218487395,0.0002585196419877899
0.1663865546218487,0.06722689075630252,0.0002585196419877899
0.1663865546218487,0.06789915966386555,0.0002585196419877899
0.1663865546218487,0.06857142857142857,0.0002585196419877899
0.1663865546218487,0.0692436974789916,0.0002585196419877899
0.1663865546218487,0.06991596638655462,0.0002585196419877899
0.1663865546218487,0.07058823529411765,0.0002585196419877899
0.1663865546218487,0.07126050420168067,0.0002585196419877899
0.1663865546218487,0.0719327731092437,0.0002585196419877899
0.1663865546218487,0.07260504201680673,0.0002585196419877899
0.1663865546218487,0.07327731092436975,0.0002585196419877899
0.1663865546218487,0.07394957983193277,0.0002585196419877899
0.1663865546218487,0.0746218487394958,0.0002585196419877899
0.1663865546218487,0.07529411764705883,0.0002585196419877899
0.1663865546218487,0.07596638655462185,0.0002585196419877899
0.1663865546218487,0.07663865546218487,0.0002585196419877899
0.1663865546218487,0.0773109243697479,0.0002585196419877899
0.1663865546218487,0.07798319327731093,0.0002585196419877899
0.1663865546218487,0.07865546218487394,0.0002585196419877899
0.1663865546218487,0.07932773109243697,0.0002585196419877899
0.1663865546218487,0.07983193277310924,0.00025851964198779167
0.16890756302521007,0.0001680672268907563,0.0002585196419877899
0.16890756302521007,0.0006722689075630252,0.0002585196419877899
0.16890756302521007,0.0013445378151260505,0.0002585196419877899
0.16890756302521007,0.0020168067226890756,0.0002585196419877899
0.16890756302521007,0.002689075630252101,0.0002585196419877899
0.16890756302521007,0.0033613445378151263,0.0002585196419877899
0.16890756302521007,0.004033613445378151,0.0002585196419877899
0.16890756302521007,0.004705882352941176,0.0002585196419877899
0.16890756302521007,0.005378151260504202,0.0002585196419877899
0.16890756302521007,0.006050420168067228,0.0002585196419877899
0.16890756302521007,0.0067226890756302525,0.0002585196419877899
0.16890756302521007,0.007394957983193277,0.0002585196419877899
0.16890756302521007,0.008067226890756302,0.0002585196419877899
0.16890756302521007,0.008739495798319327,0.0002585196419877899
0.16890756302521007,0.009411764705882354,0.0002585196419877899
0.16890756302521007,0.010084033613445379,0.0002585196419877899
0.16890756302521007,0.010756302521008404,0.0002585196419877899
0.16890756302521007,0.011428571428571429,0.0002585196419877899
0.16890756302521007,0.012100840336134453,0.0002585196419877899
0.16890756302521007,0.01277310924369748,0.0002585196419877899
0.16890756302521007,0.013445378151260505,0.0002585196419877899
0.16890756302521007,0.01411764705882353,0.0002585196419877899
0.16890756302521007,0.014789915966386555,0.0002585196419877899
0.16890756302521007,0.01546218487394958,0.0002585196419877899
0.16890756302521007,0.016134453781512605,0.0002585196419877899
0.16890756302521007,0.01680672268907563,0.0002585196419877899
0.16890756302521007,0.017478991596638654,0.0002585196419877899
0.16890756302521007,0.018151260504201683,0.0002585196419877899
0.16890756302521007,0.018823529411764708,0.0002585196419877899
0.16890756302521007,0.019495798319327733,0.0002585196419877899
0.16890756302521007,0.020168067226890758,0.0002585196419877899
0.16890756302521007,0.020840336134453782,0.0002585196419877899
0.16890756302521007,0.021512605042016807,0.0002585196419877899
0.16890756302521007,0.022184873949579832,0.0002585196419877899
0.16890756302521007,0.022857142857142857,0.0002585196419877899
0.16890756302521007,0.023529411764705882,0.0002585196419877899
0.16890756302521007,0.024201680672268907,0.0002585196419877899
0.16890756302521007,0.024873949579831932,0.0002585196419877899
0.16890756302521007,0.02554621848739496,0.0002585196419877899
0.16890756302521007,0.026218487394957985,0.0002585196419877899
0.16890756302521007,0.02689075630252101,0.0002585196419877899
0.16890756302521007,0.027563025210084035,0.0002585196419877899
0.16890756302521007,0.02823529411764706,0.0002585196419877899
0.16890756302521007,0.028907563025210085,0.0002585196419877899
0.16890756302521007,0.02957983193277311,0.0002585196419877899
0.16890756302521007,0.030252100840336135,0.0002585196419877899
0.16890756302521007,0.03092436974789916,0.0002585196419877899
0.16890756302521007,0.03159663865546218,0.0002585196419877899
0.16890756302521007,0.03226890756302521,0.0002585196419877899
0.16890756302521007,0.03294117647058824,0.0002585196419877899
0.16890756302521007,0.033613445378151266,0.0002585196419877899
0.16890756302521007,0.03428571428571428,0.0002585196419877899
0.16890756302521007,0.03495798319327731,0.0002585196419877899
0.16890756302521007,0.03563025210084034,0.0002585196419877899
0.16890756302521007,0.036302521008403366,0.0002585196419877899
0.16890756302521007,0.036974789915966394,0.0002585196419877899
0.16890756302521007,0.03764705882352941,0.0002585196419877899
0.16890756302521007,0.03831932773109244,0.0002585196419877899
0.16890756302521007,0.038991596638655465,0.0002585196419877899
0.16890756302521007,0.039663865546218494,0.0002585196419877899
0.16890756302521007,0.04033613445378151,0.0002585196419877899
0.16890756302521007,0.041008403361344536,0.0002585196419877899
0.16890756302521007,0.041680672268907565,0.0002585196419877899
0.16890756302521007,0.04235294117647059,0.0002585196419877899
0.16890756302521007,0.043025210084033615,0.0002585196419877899
0.16890756302521007,0.043697478991596636,0.0002585196419877899
0.16890756302521007,0.044369747899159664,0.0002585196419877899
0.16890756302521007,0.04504201680672269,0.0002585196419877899
0.16890756302521007,0.04571428571428572,0.0002585196419877899
0.16890756302521007,0.046386554621848736,0.0002585196419877899
0.16890756302521007,0.047058823529411764,0.0002585196419877899
0.16890756302521007,0.04773109243697479,0.0002585196419877899
0.16890756302521007,0.04840336134453782,0.0002585196419877899
0.16890756302521007,0.049075630252100835,0.0002585196419877899
0.16890756302521007,0.049747899159663864,0.0002585196419877899
0.16890756302521007,0.05042016806722689,0.0002585196419877899
0.16890756302521007,0.05109243697478992,0.0002585196419877899
0.16890756302521007,0.05176470588235295,0.0002585196419877899
0.16890756302521007,0.05243697478991596,0.0002585196419877899
0.16890756302521007,0.05310924369747899,0.0002585196419877899
0.16890756302521007,0.05378151260504202,0.0002585196419877899
0.16890756302521007,0.05445378151260505,0.0002585196419877899
0.16890756302521007,0.05512605042016806,0.0002585196419877899
0.16890756302521007,0.05579831932773109,0.0002585196419877899
0.16890756302521007,0.05647058823529412,0.0002585196419877899
0.16890756302521007,0.05714285714285715,0.0002585196419877899
0.16890756302521007,0.05781512605042017,0.0002585196419877899
0.16890756302521007,0.05848739495798319,0.0002585196419877899
0.16890756302521007,0.05915966386554622,0.0002585196419877899
0.16890756302521007,0.05983193277310925,0.0002585196419877899
0.16890756302521007,0.060504201680672276,0.0002585196419877899
0.16890756302521007,0.06117647058823529,0.0002585196419877899
0.16890756302521007,0.06184873949579832,0.0002585196419877899
0.16890756302521007,0.06252100840336135,0.0002585196419877899
0.16890756302521007,0.06319327731092438,0.0002585196419877899
0.16890756302521007,0.06386554621848739,0.0002585196419877899
0.16890756302521007,0.06453781512605042,0.0002585196419877899
0.16890756302521007,0.06521008403361345,0.0002585196419877899
0.16890756302521007,0.06588235294117648,0.0002585196419877899
0.16890756302521007,0.0665546218487395,0.0002585196419877899
0.16890756302521007,0.06722689075630252,0.0002585196419877899
0.16890756302521007,0.06789915966386555,0.0002585196419877899
0.16890756302521007,0.06857142857142857,0.0002585196419877899
0.16890756302521007,0.0692436974789916,0.0002585196419877899
0.16890756302521007,0.06991596638655462,0.0002585196419877899
0.16890756302521007,0.07058823529411765,0.0002585196419877899
0.16890756302521007,0.07126050420168067,0.0002585196419877899
0.16890756302521007,0.0719327731092437,0.0002585196419877899
0.16890756302521007,0.07260504201680673,0.0002585196419877899
0.16890756302521007,0.07327731092436975,0.0002585196419877899
0.16890756302521007,0.07394957983193277,0.0002585196419877899
0.16890756302521007,0.0746218487394958,0.0002585196419877899
0.16890756302521007,0.07529411764705883,0.0002585196419877899
0.16890756302521007,0.07596638655462185,0.0002585196419877899
0.16890756302521007,0.07663865546218487,0.0002585196419877899
0.16890756302521007,0.0773109243697479,0.0002585196419877899
0.16890756302521007,0.07798319327731093,0.0002585196419877899
0.16890756302521007,0.07865546218487394,0.0002585196419877899
0.16890756302521007,0.07932773109243697,0.0002585196419877899
0.16890756302521007,0.07983193277310924,0.00025851964198779167
0.17142857142857143,0.0001680672268907563,0.0002585196419877899
0.17142857142857143,0.0006722689075630252,0.0002585196419877899
0.17142857142857143,0.0013445378151260505,0.0002585196419877899
0.17142857142857143,0.0020168067226890756,0.0002585196419877899
0.17142857142857143,0.002689075630252101,0.0002585196419877899
0.17142857142857143,0.0033613445378151263,0.0002585196419877899
0.17142857142857143,0.004033613445378151,0.0002585196419877899
0.17142857142857143,0.004705882352941176,0.0002585196419877899
0.17142857142857143,0.005378151260504202,0.0002585196419877899
0.17142857142857143,0.006050420168067228,0.0002585196419877899
0.17142857142857143,0.0067226890756302525,0.0002585196419877899
0.17142857142857143,0.007394957983193277,0.0002585196419877899
0.17142857142857143,0.008067226890756302,0.0002585196419877899
0.17142857142857143,0.008739495798319327,0.0002585196419877899
0.17142857142857143,0.009411764705882354,0.0002585196419877899
0.17142857142857143,0.010084033613445379,0.0002585196419877899
0.17142857142857143,0.010756302521008404,0.0002585196419877899
0.17142857142857143,0.011428571428571429,0.0002585196419877899
0.17142857142857143,0.012100840336134453,0.0002585196419877899
0.17142857142857143,0.01277310924369748,0.0002585196419877899
0.17142857142857143,0.013445378151260505,0.0002585196419877899
0.17142857142857143,0.01411764705882353,0.0002585196419877899
0.17142857142857143,0.014789915966386555,0.0002585196419877899
0.17142857142857143,0.01546218487394958,0.0002585196419877899
0.17142857142857143,0.016134453781512605,0.0002585196419877899
0.17142857142857143,0.01680672268907563,0.0002585196419877899
0.17142857142857143,0.017478991596638654,0.0002585196419877899
0.17142857142857143,0.018151260504201683,0.0002585196419877899
0.17142857142857143,0.018823529411764708,0.0002585196419877899
0.17142857142857143,0.019495798319327733,0.0002585196419877899
0.17142857142857143,0.020168067226890758,0.0002585196419877899
0.17142857142857143,0.020840336134453782,0.0002585196419877899
0.17142857142857143,0.021512605042016807,0.0002585196419877899
0.17142857142857143,0.022184873949579832,0.0002585196419877899
0.17142857142857143,0.022857142857142857,0.0002585196419877899
0.17142857142857143,0.023529411764705882,0.0002585196419877899
0.17142857142857143,0.024201680672268907,0.0002585196419877899
0.17142857142857143,0.024873949579831932,0.0002585196419877899
0.17142857142857143,0.02554621848739496,0.0002585196419877899
0.17142857142857143,0.026218487394957985,0.0002585196419877899
0.17142857142857143,0.02689075630252101,0.0002585196419877899
0.17142857142857143,0.027563025210084035,0.0002585196419877899
0.17142857142857143,0.02823529411764706,0.0002585196419877899
0.17142857142857143,0.028907563025210085,0.0002585196419877899
0.17142857142857143,0.02957983193277311,0.0002585196419877899
0.17142857142857143,0.030252100840336135,0.0002585196419877899
0.17142857142857143,0.03092436974789916,0.0002585196419877899
0.17142857142857143,0.03159663865546218,0.0002585196419877899
0.17142857142857143,0.03226890756302521,0.0002585196419877899
0.17142857142857143,0.03294117647058824,0.0002585196419877899
0.17142857142857143,0.033613445378151266,0.0002585196419877899
0.17142857142857143,0.03428571428571428,0.0002585196419877899
0.17142857142857143,0.03495798319327731,0.0002585196419877899
0.17142857142857143,0.03563025210084034,0.0002585196419877899
0.17142857142857143,0.036302521008403366,0.0002585196419877899
0.17142857142857143,0.036974789915966394,0.0002585196419877899
0.17142857142857143,0.03764705882352941,0.0002585196419877899
0.17142857142857143,0.03831932773109244,0.0002585196419877899
0.17142857142857143,0.038991596638655465,0.0002585196419877899
0.17142857142857143,0.039663865546218494,0.0002585196419877899
0.17142857142857143,0.04033613445378151,0.0002585196419877899
0.17142857142857143,0.041008403361344536,0.0002585196419877899
0.17142857142857143,0.041680672268907565,0.0002585196419877899
0.17142857142857143,0.04235294117647059,0.0002585196419877899
0.17142857142857143,0.043025210084033615,0.0002585196419877899
0.17142857142857143,0.043697478991596636,0.0002585196419877899
0.17142857142857143,0.044369747899159664,0.0002585196419877899
0.17142857142857143,0.04504201680672269,0.0002585196419877899
0.17142857142857143,0.04571428571428572,0.0002585196419877899
0.17142857142857143,0.046386554621848736,0.0002585196419877899
0.17142857142857143,0.047058823529411764,0.0002585196419877899
0.17142857142857143,0.04773109243697479,0.0002585196419877899
0.17142857142857143,0.04840336134453782,0.0002585196419877899
0.17142857142857143,0.049075630252100835,0.0002585196419877899
0.17142857142857143,0.049747899159663864,0.0002585196419877899
0.17142857142857143,0.05042016806722689,0.0002585196419877899
0.17142857142857143,0.05109243697478992,0.0002585196419877899
0.17142857142857143,0.05176470588235295,0.0002585196419877899
0.17142857142857143,0.05243697478991596,0.0002585196419877899
0.17142857142857143,0.05310924369747899,0.0002585196419877899
0.17142857142857143,0.05378151260504202,0.0002585196419877899
0.17142857142857143,0.05445378151260505,0.0002585196419877899
0.17142857142857143,0.05512605042016806,0.0002585196419877899
0.17142857142857143,0.05579831932773109,0.0002585196419877899
0.17142857142857143,0.05647058823529412,0.0002585196419877899
0.17142857142857143,0.05714285714285715,0.0002585196419877899
0.17142857142857143,0.05781512605042017,0.0002585196419877899
0.17142857142857143,0.05848739495798319,0.0002585196419877899
0.17142857142857143,0.05915966386554622,0.0002585196419877899
0.17142857142857143,0.05983193277310925,0.0002585196419877899
0.17142857142857143,0.060504201680672276,0.0002585196419877899
0.17142857142857143,0.06117647058823529,0.0002585196419877899
0.17142857142857143,0.06184873949579832,0.0002585196419877899
0.17142857142857143,0.06252100840336135,0.0002585196419877899
0.17142857142857143,0.06319327731092438,0.0002585196419877899
0.17142857142857143,0.06386554621848739,0.0002585196419877899
0.17142857142857143,0.06453781512605042,0.0002585196419877899
0.17142857142857143,0.06521008403361345,0.0002585196419877899
0.17142857142857143,0.06588235294117648,0.0002585196419877899
0.17142857142857143,0.0665546218487395,0.0002585196419877899
0.17142857142857143,0.06722689075630252,0.0002585196419877899
0.17142857142857143,0.06789915966386555,0.0002585196419877899
0.17142857142857143,0.06857142857142857,0.0002585196419877899
0.17142857142857143,0.0692436974789916,0.0002585196419877899
0.17142857142857143,0.06991596638655462,0.0002585196419877899
0.17142857142857143,0.07058823529411765,0.0002585196419877899
0.17142857142857143,0.07126050420168067,0.0002585196419877899
0.17142857142857143,0.0719327731092437,0.0002585196419877899
0.17142857142857143,0.07260504201680673,0.0002585196419877899
0.17142857142857143,0.07327731092436975,0.0002585196419877899
0.17142857142857143,0.07394957983193277,0.0002585196419877899
0.17142857142857143,0.0746218487394958,0.0002585196419877899
0.17142857142857143,0.07529411764705883,0.0002585196419877899
0.17142857142857143,0.07596638655462185,0.0002585196419877899
0.17142857142857143,0.07663865546218487,0.0002585196419877899
0.17142857142857143,0.0773109243697479,0.0002585196419877899
0.17142857142857143,0.07798319327731093,0.0002585196419877899
0.17142857142857143,0.07865546218487394,0.0002585196419877899
0.17142857142857143,0.07932773109243697,0.0002585196419877899
0.17142857142857143,0.07983193277310924,0.00025851964198779167
0.17394957983193277,0.0001680672268907563,0.0002585196419877899
0.17394957983193277,0.0006722689075630252,0.0002585196419877899
0.17394957983193277,0.0013445378151260505,0.0002585196419877899
0.17394957983193277,0.0020168067226890756,0.0002585196419877899
0.17394957983193277,0.002689075630252101,0.0002585196419877899
0.17394957983193277,0.0033613445378151263,0.0002585196419877899
0.17394957983193277,0.004033613445378151,0.0002585196419877899
0.17394957983193277,0.004705882352941176,0.0002585196419877899
0.17394957983193277,0.005378151260504202,0.0002585196419877899
0.17394957983193277,0.006050420168067228,0.0002585196419877899
0.17394957983193277,0.0067226890756302525,0.0002585196419877899
0.17394957983193277,0.007394957983193277,0.0002585196419877899
0.17394957983193277,0.008067226890756302,0.0002585196419877899
0.17394957983193277,0.008739495798319327,0.0002585196419877899
0.17394957983193277,0.009411764705882354,0.0002585196419877899
0.17394957983193277,0.010084033613445379,0.0002585196419877899
0.17394957983193277,0.010756302521008404,0.0002585196419877899
0.17394957983193277,0.011428571428571429,0.0002585196419877899
0.17394957983193277,0.012100840336134453,0.0002585196419877899
0.17394957983193277,0.01277310924369748,0.0002585196419877899
0.17394957983193277,0.013445378151260505,0.0002585196419877899
0.17394957983193277,0.01411764705882353,0.0002585196419877899
0.17394957983193277,0.014789915966386555,0.0002585196419877899
0.17394957983193277,0.01546218487394958,0.0002585196419877899
0.17394957983193277,0.016134453781512605,0.0002585196419877899
0.17394957983193277,0.01680672268907563,0.0002585196419877899
0.17394957983193277,0.017478991596638654,0.0002585196419877899
0.17394957983193277,0.018151260504201683,0.0002585196419877899
0.17394957983193277,0.018823529411764708,0.0002585196419877899
0.17394957983193277,0.019495798319327733,0.0002585196419877899
0.17394957983193277,0.020168067226890758,0.0002585196419877899
0.17394957983193277,0.020840336134453782,0.0002585196419877899
0.17394957983193277,0.021512605042016807,0.0002585196419877899
0.17394957983193277,0.022184873949579832,0.0002585196419877899
0.17394957983193277,0.022857142857142857,0.0002585196419877899
0.17394957983193277,0.023529411764705882,0.0002585196419877899
0.17394957983193277,0.024201680672268907,0.0002585196419877899
0.17394957983193277,0.024873949579831932,0.0002585196419877899
0.17394957983193277,0.02554621848739496,0.0002585196419877899
0.17394957983193277,0.026218487394957985,0.0002585196419877899
0.17394957983193277,0.02689075630252101,0.0002585196419877899
0.17394957983193277,0.027563025210084035,0.0002585196419877899
0.17394957983193277,0.02823529411764706,0.0002585196419877899
0.17394957983193277,0.028907563025210085,0.0002585196419877899
0.17394957983193277,0.02957983193277311,0.0002585196419877899
0.17394957983193277,0.030252100840336135,0.0002585196419877899
0.17394957983193277,0.03092436974789916,0.0002585196419877899
0.17394957983193277,0.03159663865546218,0.0002585196419877899
0.17394957983193277,0.03226890756302521,0.0002585196419877899
0.17394957983193277,0.03294117647058824,0.0002585196419877899
0.17394957983193277,0.033613445378151266,0.0002585196419877899
0.17394957983193277,0.03428571428571428,0.0002585196419877899
0.17394957983193277,0.03495798319327731,0.0002585196419877899
0.17394957983193277,0.03563025210084034,0.0002585196419877899
0.17394957983193277,0.036302521008403366,0.0002585196419877899
0.17394957983193277,0.036974789915966394,0.0002585196419877899
0.17394957983193277,0.03764705882352941,0.0002585196419877899
0.17394957983193277,0.03831932773109244,0.0002585196419877899
0.17394957983193277,0.038991596638655465,0.0002585196419877899
0.17394957983193277,0.039663865546218494,0.0002585196419877899
0.17394957983193277,0.04033613445378151,0.0002585196419877899
0.17394957983193277,0.041008403361344536,0.0002585196419877899
0.17394957983193277,0.041680672268907565,0.0002585196419877899
0.17394957983193277,0.04235294117647059,0.0002585196419877899
0.17394957983193277,0.043025210084033615,0.0002585196419877899
0.17394957983193277,0.043697478991596636,0.0002585196419877899
0.17394957983193277,0.044369747899159664,0.0002585196419877899
0.17394957983193277,0.04504201680672269,0.0002585196419877899
0.17394957983193277,0.04571428571428572,0.0002585196419877899
0.17394957983193277,0.046386554621848736,0.0002585196419877899
0.17394957983193277,0.047058823529411764,0.0002585196419877899
0.17394957983193277,0.04773109243697479,0.0002585196419877899
0.17394957983193277,0.04840336134453782,0.0002585196419877899
0.17394957983193277,0.049075630252100835,0.0002585196419877899
0.17394957983193277,0.049747899159663864,0.0002585196419877899
0.17394957983193277,0.05042016806722689,0.0002585196419877899
0.17394957983193277,0.05109243697478992,0.0002585196419877899
0.17394957983193277,0.05176470588235295,0.0002585196419877899
0.17394957983193277,0.05243697478991596,0.0002585196419877899
0.17394957983193277,0.05310924369747899,0.0002585196419877899
0.17394957983193277,0.05378151260504202,0.0002585196419877899
0.17394957983193277,0.05445378151260505,0.0002585196419877899
0.17394957983193277,0.05512605042016806,0.0002585196419877899
0.17394957983193277,0.05579831932773109,0.0002585196419877899
0.17394957983193277,0.05647058823529412,0.0002585196419877899
0.17394957983193277,0.05714285714285715,0.0002585196419877899
0.17394957983193277,0.05781512605042017,0.0002585196419877899
0.17394957983193277,0.05848739495798319,0.0002585196419877899
0.17394957983193277,0.05915966386554622,0.0002585196419877899
0.17394957983193277,0.05983193277310925,0.0002585196419877899
0.17394957983193277,0.060504201680672276,0.0002585196419877899
0.17394957983193277,0.06117647058823529,0.0002585196419877899
0.17394957983193277,0.06184873949579832,0.0002585196419877899
0.17394957983193277,0.06252100840336135,0.0002585196419877899
0.17394957983193277,0.06319327731092438,0.0002585196419877899
0.17394957983193277,0.06386554621848739,0.0002585196419877899
0.17394957983193277,0.06453781512605042,0.0002585196419877899
0.17394957983193277,0.06521008403361345,0.0002585196419877899
0.17394957983193277,0.06588235294117648,0.0002585196419877899
0.17394957983193277,0.0665546218487395,0.0002585196419877899
0.17394957983193277,0.06722689075630252,0.0002585196419877899
0.17394957983193277,0.06789915966386555,0.0002585196419877899
0.17394957983193277,0.06857142857142857,0.0002585196419877899
0.17394957983193277,0.0692436974789916,0.0002585196419877899
0.17394957983193277,0.06991596638655462,0.0002585196419877899
0.17394957983193277,0.07058823529411765,0.0002585196419877899
0.17394957983193277,0.07126050420168067,0.0002585196419877899
0.17394957983193277,0.0719327731092437,0.0002585196419877899
0.17394957983193277,0.07260504201680673,0.0002585196419877899
0.17394957983193277,0.07327731092436975,0.0002585196419877899
0.17394957983193277,0.07394957983193277,0.0002585196419877899
0.17394957983193277,0.0746218487394958,0.0002585196419877899
0.17394957983193277,0.07529411764705883,0.0002585196419877899
0.17394957983193277,0.07596638655462185,0.0002585196419877899
0.17394957983193277,0.07663865546218487,0.0002585196419877899
0.17394957983193277,0.0773109243697479,0.0002585196419877899
0.17394957983193277,0.07798319327731093,0.0002585196419877899
0.17394957983193277,0.07865546218487394,0.0002585196419877899
0.17394957983193277,0.07932773109243697,0.0002585196419877899
0.17394957983193277,0.07983193277310924,0.00025851964198779167
0.1764705882352941,0.0001680672268907563,0.0002585196419877899
0.1764705882352941,0.0006722689075630252,0.0002585196419877899
0.1764705882352941,0.0013445378151260505,0.0002585196419877899
0.1764705882352941,0.0020168067226890756,0.0002585196419877899
0.1764705882352941,0.002689075630252101,0.0002585196419877899
0.1764705882352941,0.0033613445378151263,0.0002585196419877899
0.1764705882352941,0.004033613445378151,0.0002585196419877899
0.1764705882352941,0.004705882352941176,0.0002585196419877899
0.1764705882352941,0.005378151260504202,0.0002585196419877899
0.1764705882352941,0.006050420168067228,0.0002585196419877899
0.1764705882352941,0.0067226890756302525,0.0002585196419877899
0.1764705882352941,0.007394957983193277,0.0002585196419877899
0.1764705882352941,0.008067226890756302,0.0002585196419877899
0.1764705882352941,0.008739495798319327,0.0002585196419877899
0.1764705882352941,0.009411764705882354,0.0002585196419877899
0.1764705882352941,0.010084033613445379,0.0002585196419877899
0.1764705882352941,0.010756302521008404,0.0002585196419877899
0.1764705882352941,0.011428571428571429,0.0002585196419877899
0.1764705882352941,0.012100840336134453,0.0002585196419877899
0.1764705882352941,0.01277310924369748,0.0002585196419877899
0.1764705882352941,0.013445378151260505,0.0002585196419877899
0.1764705882352941,0.01411764705882353,0.0002585196419877899
0.1764705882352941,0.014789915966386555,0.0002585196419877899
0.1764705882352941,0.01546218487394958,0.0002585196419877899
0.1764705882352941,0.016134453781512605,0.0002585196419877899
0.1764705882352941,0.01680672268907563,0.0002585196419877899
0.1764705882352941,0.017478991596638654,0.0002585196419877899
0.1764705882352941,0.018151260504201683,0.0002585196419877899
0.1764705882352941,0.018823529411764708,0.0002585196419877899
0.1764705882352941,0.019495798319327733,0.0002585196419877899
0.1764705882352941,0.020168067226890758,0.0002585196419877899
0.1764705882352941,0.020840336134453782,0.0002585196419877899
0.1764705882352941,0.021512605042016807,0.0002585196419877899
0.1764705882352941,0.022184873949579832,0.0002585196419877899
0.1764705882352941,0.022857142857142857,0.0002585196419877899
0.1764705882352941,0.023529411764705882,0.0002585196419877899
0.1764705882352941,0.024201680672268907,0.0002585196419877899
0.1764705882352941,0.024873949579831932,0.0002585196419877899
0.1764705882352941,0.02554621848739496,0.0002585196419877899
0.1764705882352941,0.026218487394957985,0.0002585196419877899
0.1764705882352941,0.02689075630252101,0.0002585196419877899
0.1764705882352941,0.027563025210084035,0.0002585196419877899
0.1764705882352941,0.02823529411764706,0.0002585196419877899
0.1764705882352941,0.028907563025210085,0.0002585196419877899
0.1764705882352941,0.02957983193277311,0.0002585196419877899
0.1764705882352941,0.030252100840336135,0.0002585196419877899
0.1764705882352941,0.03092436974789916,0.0002585196419877899
0.1764705882352941,0.03159663865546218,0.0002585196419877899
0.1764705882352941,0.03226890756302521,0.0002585196419877899
0.1764705882352941,0.03294117647058824,0.0002585196419877899
0.1764705882352941,0.033613445378151266,0.0002585196419877899
0.1764705882352941,0.03428571428571428,0.0002585196419877899
0.1764705882352941,0.03495798319327731,0.0002585196419877899
0.1764705882352941,0.03563025210084034,0.0002585196419877899
0.1764705882352941,0.036302521008403366,0.0002585196419877899
0.1764705882352941,0.036974789915966394,0.0002585196419877899
0.1764705882352941,0.03764705882352941,0.0002585196419877899
0.1764705882352941,0.03831932773109244,0.0002585196419877899
0.1764705882352941,0.038991596638655465,0.0002585196419877899
0.1764705882352941,0.039663865546218494,0.0002585196419877899
0.1764705882352941,0.04033613445378151,0.0002585196419877899
0.1764705882352941,0.041008403361344536,0.0002585196419877899
0.1764705882352941,0.041680672268907565,0.0002585196419877899
0.1764705882352941,0.04235294117647059,0.0002585196419877899
0.1764705882352941,0.043025210084033615,0.0002585196419877899
0.1764705882352941,0.043697478991596636,0.0002585196419877899
0.1764705882352941,0.044369747899159664,0.0002585196419877899
0.1764705882352941,0.04504201680672269,0.0002585196419877899
0.1764705882352941,0.04571428571428572,0.0002585196419877899
0.1764705882352941,0.046386554621848736,0.0002585196419877899
0.1764705882352941,0.047058823529411764,0.0002585196419877899
0.1764705882352941,0.04773109243697479,0.0002585196419877899
0.1764705882352941,0.04840336134453782,0.0002585196419877899
0.1764705882352941,0.049075630252100835,0.0002585196419877899
0.1764705882352941,0.049747899159663864,0.0002585196419877899
0.1764705882352941,0.05042016806722689,0.0002585196419877899
0.1764705882352941,0.05109243697478992,0.0002585196419877899
0.1764705882352941,0.05176470588235295,0.0002585196419877899
0.1764705882352941,0.05243697478991596,0.0002585196419877899
0.1764705882352941,0.05310924369747899,0.0002585196419877899
0.1764705882352941,0.05378151260504202,0.0002585196419877899
0.1764705882352941,0.05445378151260505,0.0002585196419877899
0.1764705882352941,0.05512605042016806,0.0002585196419877899
0.1764705882352941,0.05579831932773109,0.0002585196419877899
0.1764705882352941,0.05647058823529412,0.0002585196419877899
0.1764705882352941,0.05714285714285715,0.0002585196419877899
0.1764705882352941,0.05781512605042017,0.0002585196419877899
0.1764705882352941,0.05848739495798319,0.0002585196419877899
0.1764705882352941,0.05915966386554622,0.0002585196419877899
0.1764705882352941,0.05983193277310925,0.0002585196419877899
0.1764705882352941,0.060504201680672276,0.0002585196419877899
0.1764705882352941,0.06117647058823529,0.0002585196419877899
0.1764705882352941,0.06184873949579832,0.0002585196419877899
0.1764705882352941,0.06252100840336135,0.0002585196419877899
0.1764705882352941,0.06319327731092438,0.0002585196419877899
0.1764705882352941,0.06386554621848739,0.0002585196419877899
0.1764705882352941,0.06453781512605042,0.0002585196419877899
0.1764705882352941,0.06521008403361345,0.0002585196419877899
0.1764705882352941,0.06588235294117648,0.0002585196419877899
0.1764705882352941,0.0665546218487395,0.0002585196419877899
0.1764705882352941,0.06722689075630252,0.0002585196419877899
0.1764705882352941,0.06789915966386555,0.0002585196419877899
0.1764705882352941,0.06857142857142857,0.0002585196419877899
0.1764705882352941,0.0692436974789916,0.0002585196419877899
0.1764705882352941,0.06991596638655462,0.0002585196419877899
0.1764705882352941,0.07058823529411765,0.0002585196419877899
0.1764705882352941,0.07126050420168067,0.0002585196419877899
0.1764705882352941,0.0719327731092437,0.0002585196419877899
0.1764705882352941,0.07260504201680673,0.0002585196419877899
0.1764705882352941,0.07327731092436975,0.0002585196419877899
0.1764705882352941,0.07394957983193277,0.0002585196419877899
0.1764705882352941,0.0746218487394958,0.0002585196419877899
0.1764705882352941,0.07529411764705883,0.0002585196419877899
0.1764705882352941,0.07596638655462185,0.0002585196419877899
0.1764705882352941,0.07663865546218487,0.0002585196419877899
0.1764705882352941,0.0773109243697479,0.0002585196419877899
0.1764705882352941,0.07798319327731093,0.0002585196419877899
0.1764705882352941,0.07865546218487394,0.0002585196419877899
0.1764705882352941,0.07932773109243697,0.0002585196419877899
0.1764705882352941,0.07983193277310924,0.00025851964198779167
0.17899159663865544,0.0001680672268907563,0.0002585196419877899
0.17899159663865544,0.0006722689075630252,0.0002585196419877899
0.17899159663865544,0.0013445378151260505,0.0002585196419877899
0.17899159663865544,0.0020168067226890756,0.0002585196419877899
0.17899159663865544,0.002689075630252101,0.0002585196419877899
0.17899159663865544,0.0033613445378151263,0.0002585196419877899
0.17899159663865544,0.004033613445378151,0.0002585196419877899
0.17899159663865544,0.004705882352941176,0.0002585196419877899
0.17899159663865544,0.005378151260504202,0.0002585196419877899
0.17899159663865544,0.006050420168067228,0.0002585196419877899
0.17899159663865544,0.0067226890756302525,0.0002585196419877899
0.17899159663865544,0.007394957983193277,0.0002585196419877899
0.17899159663865544,0.008067226890756302,0.0002585196419877899
0.17899159663865544,0.008739495798319327,0.0002585196419877899
0.17899159663865544,0.009411764705882354,0.0002585196419877899
0.17899159663865544,0.010084033613445379,0.0002585196419877899
0.17899159663865544,0.010756302521008404,0.0002585196419877899
0.17899159663865544,0.011428571428571429,0.0002585196419877899
0.17899159663865544,0.012100840336134453,0.0002585196419877899
0.17899159663865544,0.01277310924369748,0.0002585196419877899
0.17899159663865544,0.013445378151260505,0.0002585196419877899
0.17899159663865544,0.01411764705882353,0.0002585196419877899
0.17899159663865544,0.014789915966386555,0.0002585196419877899
0.17899159663865544,0.01546218487394958,0.0002585196419877899
0.17899159663865544,0.016134453781512605,0.0002585196419877899
0.17899159663865544,0.01680672268907563,0.0002585196419877899
0.17899159663865544,0.017478991596638654,0.0002585196419877899
0.17899159663865544,0.018151260504201683,0.0002585196419877899
0.17899159663865544,0.018823529411764708,0.0002585196419877899
0.17899159663865544,0.019495798319327733,0.0002585196419877899
0.17899159663865544,0.020168067226890758,0.0002585196419877899
0.17899159663865544,0.020840336134453782,0.0002585196419877899
0.17899159663865544,0.021512605042016807,0.0002585196419877899
0.17899159663865544,0.022184873949579832,0.0002585196419877899
0.17899159663865544,0.022857142857142857,0.0002585196419877899
0.17899159663865544,0.023529411764705882,0.0002585196419877899
0.17899159663865544,0.024201680672268907,0.0002585196419877899
0.17899159663865544,0.024873949579831932,0.0002585196419877899
0.17899159663865544,0.02554621848739496,0.0002585196419877899
0.17899159663865544,0.026218487394957985,0.0002585196419877899
0.17899159663865544,0.02689075630252101,0.0002585196419877899
0.17899159663865544,0.027563025210084035,0.0002585196419877899
0.17899159663865544,0.02823529411764706,0.0002585196419877899
0.17899159663865544,0.028907563025210085,0.0002585196419877899
0.17899159663865544,0.02957983193277311,0.0002585196419877899
0.17899159663865544,0.030252100840336135,0.0002585196419877899
0.17899159663865544,0.03092436974789916,0.0002585196419877899
0.17899159663865544,0.03159663865546218,0.0002585196419877899
0.17899159663865544,0.03226890756302521,0.0002585196419877899
0.17899159663865544,0.03294117647058824,0.0002585196419877899
0.17899159663865544,0.033613445378151266,0.0002585196419877899
0.17899159663865544,0.03428571428571428,0.0002585196419877899
0.17899159663865544,0.03495798319327731,0.0002585196419877899
0.17899159663865544,0.03563025210084034,0.0002585196419877899
0.17899159663865544,0.036302521008403366,0.0002585196419877899
0.17899159663865544,0.036974789915966394,0.0002585196419877899
0.17899159663865544,0.03764705882352941,0.0002585196419877899
0.17899159663865544,0.03831932773109244,0.0002585196419877899
0.17899159663865544,0.038991596638655465,0.0002585196419877899
0.17899159663865544,0.039663865546218494,0.0002585196419877899
0.17899159663865544,0.04033613445378151,0.0002585196419877899
0.17899159663865544,0.041008403361344536,0.0002585196419877899
0.17899159663865544,0.041680672268907565,0.0002585196419877899
0.17899159663865544,0.04235294117647059,0.0002585196419877899
0.17899159663865544,0.043025210084033615,0.0002585196419877899
0.17899159663865544,0.043697478991596636,0.0002585196419877899
0.17899159663865544,0.044369747899159664,0.0002585196419877899
0.17899159663865544,0.04504201680672269,0.0002585196419877899
0.17899159663865544,0.04571428571428572,0.0002585196419877899
0.17899159663865544,0.046386554621848736,0.0002585196419877899
0.17899159663865544,0.047058823529411764,0.0002585196419877899
0.17899159663865544,0.04773109243697479,0.0002585196419877899
0.17899159663865544,0.04840336134453782,0.0002585196419877899
0.17899159663865544,0.049075630252100835,0.0002585196419877899
0.17899159663865544,0.049747899159663864,0.0002585196419877899
0.17899159663865544,0.05042016806722689,0.0002585196419877899
0.17899159663865544,0.05109243697478992,0.0002585196419877899
0.17899159663865544,0.05176470588235295,0.0002585196419877899
0.17899159663865544,0.05243697478991596,0.0002585196419877899
0.17899159663865544,0.05310924369747899,0.0002585196419877899
0.17899159663865544,0.05378151260504202,0.0002585196419877899
0.17899159663865544,0.05445378151260505,0.0002585196419877899
0.17899159663865544,0.05512605042016806,0.0002585196419877899
0.17899159663865544,0.05579831932773109,0.0002585196419877899
0.17899159663865544,0.05647058823529412,0.0002585196419877899
0.17899159663865544,0.05714285714285715,0.0002585196419877899
0.17899159663865544,0.05781512605042017,0.0002585196419877899
0.17899159663865544,0.05848739495798319,0.0002585196419877899
0.17899159663865544,0.05915966386554622,0.0002585196419877899
0.17899159663865544,0.05983193277310925,0.0002585196419877899
0.17899159663865544,0.060504201680672276,0.0002585196419877899
0.17899159663865544,0.06117647058823529,0.0002585196419877899
0.17899159663865544,0.06184873949579832,0.0002585196419877899
0.17899159663865544,0.06252100840336135,0.0002585196419877899
0.17899159663865544,0.06319327731092438,0.0002585196419877899
0.17899159663865544,0.06386554621848739,0.0002585196419877899
0.17899159663865544,0.06453781512605042,0.0002585196419877899
0.17899159663865544,0.06521008403361345,0.0002585196419877899
0.17899159663865544,0.06588235294117648,0.0002585196419877899
0.17899159663865544,0.0665546218487395,0.0002585196419877899
0.17899159663865544,0.06722689075630252,0.0002585196419877899
0.17899159663865544,0.06789915966386555,0.0002585196419877899
0.17899159663865544,0.06857142857142857,0.0002585196419877899
0.17899159663865544,0.0692436974789916,0.0002585196419877899
0.17899159663865544,0.06991596638655462,0.0002585196419877899
0.17899159663865544,0.07058823529411765,0.0002585196419877899
0.17899159663865544,0.07126050420168067,0.0002585196419877899
0.17899159663865544,0.0719327731092437,0.0002585196419877899
0.17899159663865544,0.07260504201680673,0.0002585196419877899
0.17899159663865544,0.07327731092436975,0.0002585196419877899
0.17899159663865544,0.07394957983193277,0.0002585196419877899
0.17899159663865544,0.0746218487394958,0.0002585196419877899
0.17899159663865544,0.07529411764705883,0.0002585196419877899
0.17899159663865544,0.07596638655462185,0.0002585196419877899
0.17899159663865544,0.07663865546218487,0.0002585196419877899
0.17899159663865544,0.0773109243697479,0.0002585196419877899
0.17899159663865544,0.07798319327731093,0.0002585196419877899
0.17899159663865544,0.07865546218487394,0.0002585196419877899
0.17899159663865544,0.07932773109243697,0.0002585196419877899
0.17899159663865544,0.07983193277310924,0.00025851964198779167
0.18151260504201677,0.0001680672268907563,0.0002585196419877899
0.18151260504201677,0.0006722689075630252,0.0002585196419877899
0.18151260504201677,0.0013445378151260505,0.0002585196419877899
0.18151260504201677,0.0020168067226890756,0.0002585196419877899
0.18151260504201677,0.002689075630252101,0.0002585196419877899
0.18151260504201677,0.0033613445378151263,0.0002585196419877899
0.18151260504201677,0.004033613445378151,0.0002585196419877899
0.18151260504201677,0.004705882352941176,0.0002585196419877899
0.18151260504201677,0.005378151260504202,0.0002585196419877899
0.18151260504201677,0.006050420168067228,0.0002585196419877899
0.18151260504201677,0.0067226890756302525,0.0002585196419877899
0.18151260504201677,0.007394957983193277,0.0002585196419877899
0.18151260504201677,0.008067226890756302,0.0002585196419877899
0.18151260504201677,0.008739495798319327,0.0002585196419877899
0.18151260504201677,0.009411764705882354,0.0002585196419877899
0.18151260504201677,0.010084033613445379,0.0002585196419877899
0.18151260504201677,0.010756302521008404,0.0002585196419877899
0.18151260504201677,0.011428571428571429,0.0002585196419877899
0.18151260504201677,0.012100840336134453,0.0002585196419877899
0.18151260504201677,0.01277310924369748,0.0002585196419877899
0.18151260504201677,0.013445378151260505,0.0002585196419877899
0.18151260504201677,0.01411764705882353,0.0002585196419877899
0.18151260504201677,0.014789915966386555,0.0002585196419877899
0.18151260504201677,0.01546218487394958,0.0002585196419877899
0.18151260504201677,0.016134453781512605,0.0002585196419877899
0.18151260504201677,0.01680672268907563,0.0002585196419877899
0.18151260504201677,0.017478991596638654,0.0002585196419877899
0.18151260504201677,0.018151260504201683,0.0002585196419877899
0.18151260504201677,0.018823529411764708,0.0002585196419877899
0.18151260504201677,0.019495798319327733,0.0002585196419877899
0.18151260504201677,0.020168067226890758,0.0002585196419877899
0.18151260504201677,0.020840336134453782,0.0002585196419877899
0.18151260504201677,0.021512605042016807,0.0002585196419877899
0.18151260504201677,0.022184873949579832,0.0002585196419877899
0.18151260504201677,0.022857142857142857,0.0002585196419877899
0.18151260504201677,0.023529411764705882,0.0002585196419877899
0.18151260504201677,0.024201680672268907,0.0002585196419877899
0.18151260504201677,0.024873949579831932,0.0002585196419877899
0.18151260504201677,0.02554621848739496,0.0002585196419877899
0.18151260504201677,0.026218487394957985,0.0002585196419877899
0.18151260504201677,0.02689075630252101,0.0002585196419877899
0.18151260504201677,0.027563025210084035,0.0002585196419877899
0.18151260504201677,0.02823529411764706,0.0002585196419877899
0.18151260504201677,0.028907563025210085,0.0002585196419877899
0.18151260504201677,0.02957983193277311,0.0002585196419877899
0.18151260504201677,0.030252100840336135,0.0002585196419877899
0.18151260504201677,0.03092436974789916,0.0002585196419877899
0.18151260504201677,0.03159663865546218,0.0002585196419877899
0.18151260504201677,0.03226890756302521,0.0002585196419877899
0.18151260504201677,0.03294117647058824,0.0002585196419877899
0.18151260504201677,0.033613445378151266,0.0002585196419877899
0.18151260504201677,0.03428571428571428,0.0002585196419877899
0.18151260504201677,0.03495798319327731,0.0002585196419877899
0.18151260504201677,0.03563025210084034,0.0002585196419877899
0.18151260504201677,0.036302521008403366,0.0002585196419877899
0.18151260504201677,0.036974789915966394,0.0002585196419877899
0.18151260504201677,0.03764705882352941,0.0002585196419877899
0.18151260504201677,0.03831932773109244,0.0002585196419877899
0.18151260504201677,0.038991596638655465,0.0002585196419877899
0.18151260504201677,0.039663865546218494,0.0002585196419877899
0.18151260504201677,0.04033613445378151,0.0002585196419877899
0.18151260504201677,0.041008403361344536,0.0002585196419877899
0.18151260504201677,0.041680672268907565,0.0002585196419877899
0.18151260504201677,0.04235294117647059,0.0002585196419877899
0.18151260504201677,0.043025210084033615,0.0002585196419877899
0.18151260504201677,0.043697478991596636,0.0002585196419877899
0.18151260504201677,0.044369747899159664,0.0002585196419877899
0.18151260504201677,0.04504201680672269,0.0002585196419877899
0.18151260504201677,0.04571428571428572,0.0002585196419877899
0.18151260504201677,0.046386554621848736,0.0002585196419877899
0.18151260504201677,0.047058823529411764,0.0002585196419877899
0.18151260504201677,0.04773109243697479,0.0002585196419877899
0.18151260504201677,0.04840336134453782,0.0002585196419877899
0.18151260504201677,0.049075630252100835,0.0002585196419877899
0.18151260504201677,0.049747899159663864,0.0002585196419877899
0.18151260504201677,0.05042016806722689,0.0002585196419877899
0.18151260504201677,0.05109243697478992,0.0002585196419877899
0.18151260504201677,0.05176470588235295,0.0002585196419877899
0.18151260504201677,0.05243697478991596,0.0002585196419877899
0.18151260504201677,0.05310924369747899,0.0002585196419877899
0.18151260504201677,0.05378151260504202,0.0002585196419877899
0.18151260504201677,0.05445378151260505,0.0002585196419877899
0.18151260504201677,0.05512605042016806,0.0002585196419877899
0.18151260504201677,0.05579831932773109,0.0002585196419877899
0.18151260504201677,0.05647058823529412,0.0002585196419877899
0.18151260504201677,0.05714285714285715,0.0002585196419877899
0.18151260504201677,0.05781512605042017,0.0002585196419877899
0.18151260504201677,0.05848739495798319,0.0002585196419877899
0.18151260504201677,0.05915966386554622,0.0002585196419877899
0.18151260504201677,0.05983193277310925,0.0002585196419877899
0.18151260504201677,0.060504201680672276,0.0002585196419877899
0.18151260504201677,0.06117647058823529,0.0002585196419877899
0.18151260504201677,0.06184873949579832,0.0002585196419877899
0.18151260504201677,0.06252100840336135,0.0002585196419877899
0.18151260504201677,0.06319327731092438,0.0002585196419877899
0.18151260504201677,0.06386554621848739,0.0002585196419877899
0.18151260504201677,0.06453781512605042,0.0002585196419877899
0.18151260504201677,0.06521008403361345,0.0002585196419877899
0.18151260504201677,0.06588235294117648,0.0002585196419877899
0.18151260504201677,0.0665546218487395,0.0002585196419877899
0.18151260504201677,0.06722689075630252,0.0002585196419877899
0.18151260504201677,0.06789915966386555,0.0002585196419877899
0.18151260504201677,0.06857142857142857,0.0002585196419877899
0.18151260504201677,0.0692436974789916,0.0002585196419877899
0.18151260504201677,0.06991596638655462,0.0002585196419877899
0.18151260504201677,0.07058823529411765,0.0002585196419877899
0.18151260504201677,0.07126050420168067,0.0002585196419877899
0.18151260504201677,0.0719327731092437,0.0002585196419877899
0.18151260504201677,0.07260504201680673,0.0002585196419877899
0.18151260504201677,0.07327731092436975,0.0002585196419877899
0.18151260504201677,0.07394957983193277,0.0002585196419877899
0.18151260504201677,0.0746218487394958,0.0002585196419877899
0.18151260504201677,0.07529411764705883,0.0002585196419877899
0.18151260504201677,0.07596638655462185,0.0002585196419877899
0.18151260504201677,0.07663865546218487,0.0002585196419877899
0.18151260504201677,0.0773109243697479,0.0002585196419877899
0.18151260504201677,0.07798319327731093,0.0002585196419877899
0.18151260504201677,0.07865546218487394,0.0002585196419877899
0.18151260504201677,0.07932773109243697,0.0002585196419877899
0.18151260504201677,0.07983193277310924,0.00025851964198779167
0.1840336134453781,0.0001680672268907563,0.0002585196419877899
0.1840336134453781,0.0006722689075630252,0.0002585196419877899
0.1840336134453781,0.0013445378151260505,0.0002585196419877899
0.1840336134453781,0.0020168067226890756,0.0002585196419877899
0.1840336134453781,0.002689075630252101,0.0002585196419877899
0.1840336134453781,0.0033613445378151263,0.0002585196419877899
0.1840336134453781,0.004033613445378151,0.0002585196419877899
0.1840336134453781,0.004705882352941176,0.0002585196419877899
0.1840336134453781,0.005378151260504202,0.0002585196419877899
0.1840336134453781,0.006050420168067228,0.0002585196419877899
0.1840336134453781,0.0067226890756302525,0.0002585196419877899
0.1840336134453781,0.007394957983193277,0.0002585196419877899
0.1840336134453781,0.008067226890756302,0.0002585196419877899
0.1840336134453781,0.008739495798319327,0.0002585196419877899
0.1840336134453781,0.009411764705882354,0.0002585196419877899
0.1840336134453781,0.010084033613445379,0.0002585196419877899
0.1840336134453781,0.010756302521008404,0.0002585196419877899
0.1840336134453781,0.011428571428571429,0.0002585196419877899
0.1840336134453781,0.012100840336134453,0.0002585196419877899
0.1840336134453781,0.01277310924369748,0.0002585196419877899
0.1840336134453781,0.013445378151260505,0.0002585196419877899
0.1840336134453781,0.01411764705882353,0.0002585196419877899
0.1840336134453781,0.014789915966386555,0.0002585196419877899
0.1840336134453781,0.01546218487394958,0.0002585196419877899
0.1840336134453781,0.016134453781512605,0.0002585196419877899
0.1840336134453781,0.01680672268907563,0.0002585196419877899
0.1840336134453781,0.017478991596638654,0.0002585196419877899
0.1840336134453781,0.018151260504201683,0.0002585196419877899
0.1840336134453781,0.018823529411764708,0.0002585196419877899
0.1840336134453781,0.019495798319327733,0.0002585196419877899
0.1840336134453781,0.020168067226890758,0.0002585196419877899
0.1840336134453781,0.020840336134453782,0.0002585196419877899
0.1840336134453781,0.021512605042016807,0.0002585196419877899
0.1840336134453781,0.022184873949579832,0.0002585196419877899
0.1840336134453781,0.022857142857142857,0.0002585196419877899
0.1840336134453781,0.023529411764705882,0.0002585196419877899
0.1840336134453781,0.024201680672268907,0.0002585196419877899
0.1840336134453781,0.024873949579831932,0.0002585196419877899
0.1840336134453781,0.02554621848739496,0.0002585196419877899
0.1840336134453781,0.026218487394957985,0.0002585196419877899
0.1840336134453781,0.02689075630252101,0.0002585196419877899
0.1840336134453781,0.027563025210084035,0.0002585196419877899
0.1840336134453781,0.02823529411764706,0.0002585196419877899
0.1840336134453781,0.028907563025210085,0.0002585196419877899
0.1840336134453781,0.02957983193277311,0.0002585196419877899
0.1840336134453781,0.030252100840336135,0.0002585196419877899
0.1840336134453781,0.03092436974789916,0.0002585196419877899
0.1840336134453781,0.03159663865546218,0.0002585196419877899
0.1840336134453781,0.03226890756302521,0.0002585196419877899
0.1840336134453781,0.03294117647058824,0.0002585196419877899
0.1840336134453781,0.033613445378151266,0.0002585196419877899
0.1840336134453781,0.03428571428571428,0.0002585196419877899
0.1840336134453781,0.03495798319327731,0.0002585196419877899
0.1840336134453781,0.03563025210084034,0.0002585196419877899
0.1840336134453781,0.036302521008403366,0.0002585196419877899
0.1840336134453781,0.036974789915966394,0.0002585196419877899
0.1840336134453781,0.03764705882352941,0.0002585196419877899
0.1840336134453781,0.03831932773109244,0.0002585196419877899
0.1840336134453781,0.038991596638655465,0.0002585196419877899
0.1840336134453781,0.039663865546218494,0.0002585196419877899
0.1840336134453781,0.04033613445378151,0.0002585196419877899
0.1840336134453781,0.041008403361344536,0.0002585196419877899
0.1840336134453781,0.041680672268907565,0.0002585196419877899
0.1840336134453781,0.04235294117647059,0.0002585196419877899
0.1840336134453781,0.043025210084033615,0.0002585196419877899
0.1840336134453781,0.043697478991596636,0.0002585196419877899
0.1840336134453781,0.044369747899159664,0.0002585196419877899
0.1840336134453781,0.04504201680672269,0.0002585196419877899
0.1840336134453781,0.04571428571428572,0.0002585196419877899
0.1840336134453781,0.046386554621848736,0.0002585196419877899
0.1840336134453781,0.047058823529411764,0.0002585196419877899
0.1840336134453781,0.04773109243697479,0.0002585196419877899
0.1840336134453781,0.04840336134453782,0.0002585196419877899
0.1840336134453781,0.049075630252100835,0.0002585196419877899
0.1840336134453781,0.049747899159663864,0.0002585196419877899
0.1840336134453781,0.05042016806722689,0.0002585196419877899
0.1840336134453781,0.05109243697478992,0.0002585196419877899
0.1840336134453781,0.05176470588235295,0.0002585196419877899
0.1840336134453781,0.05243697478991596,0.0002585196419877899
0.1840336134453781,0.05310924369747899,0.0002585196419877899
0.1840336134453781,0.05378151260504202,0.0002585196419877899
0.1840336134453781,0.05445378151260505,0.0002585196419877899
0.1840336134453781,0.05512605042016806,0.0002585196419877899
0.1840336134453781,0.05579831932773109,0.0002585196419877899
0.1840336134453781,0.05647058823529412,0.0002585196419877899
0.1840336134453781,0.05714285714285715,0.0002585196419877899
0.1840336134453781,0.05781512605042017,0.0002585196419877899
0.1840336134453781,0.05848739495798319,0.0002585196419877899
0.1840336134453781,0.05915966386554622,0.0002585196419877899
0.1840336134453781,0.05983193277310925,0.0002585196419877899
0.1840336134453781,0.060504201680672276,0.0002585196419877899
0.1840336134453781,0.06117647058823529,0.0002585196419877899
0.1840336134453781,0.06184873949579832,0.0002585196419877899
0.1840336134453781,0.06252100840336135,0.0002585196419877899
0.1840336134453781,0.06319327731092438,0.0002585196419877899
0.1840336134453781,0.06386554621848739,0.0002585196419877899
0.1840336134453781,0.06453781512605042,0.0002585196419877899
0.1840336134453781,0.06521008403361345,0.0002585196419877899
0.1840336134453781,0.06588235294117648,0.0002585196419877899
0.1840336134453781,0.0665546218487395,0.0002585196419877899
0.1840336134453781,0.06722689075630252,0.0002585196419877899
0.1840336134453781,0.06789915966386555,0.0002585196419877899
0.1840336134453781,0.06857142857142857,0.0002585196419877899
0.1840336134453781,0.0692436974789916,0.0002585196419877899
0.1840336134453781,0.06991596638655462,0.0002585196419877899
0.1840336134453781,0.07058823529411765,0.0002585196419877899
0.1840336134453781,0.07126050420168067,0.0002585196419877899
0.1840336134453781,0.0719327731092437,0.0002585196419877899
0.1840336134453781,0.07260504201680673,0.0002585196419877899
0.1840336134453781,0.07327731092436975,0.0002585196419877899
0.1840336134453781,0.07394957983193277,0.0002585196419877899
0.1840336134453781,0.0746218487394958,0.0002585196419877899
0.1840336134453781,0.07529411764705883,0.0002585196419877899
0.1840336134453781,0.07596638655462185,0.0002585196419877899
0.1840336134453781,0.07663865546218487,0.0002585196419877899
0.1840336134453781,0.0773109243697479,0.0002585196419877899
0.1840336134453781,0.07798319327731093,0.0002585196419877899
0.1840336134453781,0.07865546218487394,0.0002585196419877899
0.1840336134453781,0.07932773109243697,0.0002585196419877899
0.1840336134453781,0.07983193277310924,0.00025851964198779167
0.18655462184873947,0.0001680672268907563,0.0002585196419877899
0.18655462184873947,0.0006722689075630252,0.0002585196419877899
0.18655462184873947,0.0013445378151260505,0.0002585196419877899
0.18655462184873947,0.0020168067226890756,0.0002585196419877899
0.18655462184873947,0.002689075630252101,0.0002585196419877899
0.18655462184873947,0.0033613445378151263,0.0002585196419877899
0.18655462184873947,0.004033613445378151,0.0002585196419877899
0.18655462184873947,0.004705882352941176,0.0002585196419877899
0.18655462184873947,0.005378151260504202,0.0002585196419877899
0.18655462184873947,0.006050420168067228,0.0002585196419877899
0.18655462184873947,0.0067226890756302525,0.0002585196419877899
0.18655462184873947,0.007394957983193277,0.0002585196419877899
0.18655462184873947,0.008067226890756302,0.0002585196419877899
0.18655462184873947,0.008739495798319327,0.0002585196419877899
0.18655462184873947,0.009411764705882354,0.0002585196419877899
0.18655462184873947,0.010084033613445379,0.0002585196419877899
0.18655462184873947,0.010756302521008404,0.0002585196419877899
0.18655462184873947,0.011428571428571429,0.0002585196419877899
0.18655462184873947,0.012100840336134453,0.0002585196419877899
0.18655462184873947,0.01277310924369748,0.0002585196419877899
0.18655462184873947,0.013445378151260505,0.0002585196419877899
0.18655462184873947,0.01411764705882353,0.0002585196419877899
0.18655462184873947,0.014789915966386555,0.0002585196419877899
0.18655462184873947,0.01546218487394958,0.0002585196419877899
0.18655462184873947,0.016134453781512605,0.0002585196419877899
0.18655462184873947,0.01680672268907563,0.0002585196419877899
0.18655462184873947,0.017478991596638654,0.0002585196419877899
0.18655462184873947,0.018151260504201683,0.0002585196419877899
0.18655462184873947,0.018823529411764708,0.0002585196419877899
0.18655462184873947,0.019495798319327733,0.0002585196419877899
0.18655462184873947,0.020168067226890758,0.0002585196419877899
0.18655462184873947,0.020840336134453782,0.0002585196419877899
0.18655462184873947,0.021512605042016807,0.0002585196419877899
0.18655462184873947,0.022184873949579832,0.0002585196419877899
0.18655462184873947,0.022857142857142857,0.0002585196419877899
0.18655462184873947,0.023529411764705882,0.0002585196419877899
0.18655462184873947,0.024201680672268907,0.0002585196419877899
0.18655462184873947,0.024873949579831932,0.0002585196419877899
0.18655462184873947,0.02554621848739496,0.0002585196419877899
0.18655462184873947,0.026218487394957985,0.0002585196419877899
0.18655462184873947,0.02689075630252101,0.0002585196419877899
0.18655462184873947,0.027563025210084035,0.0002585196419877899
0.18655462184873947,0.02823529411764706,0.0002585196419877899
0.18655462184873947,0.028907563025210085,0.0002585196419877899
0.18655462184873947,0.02957983193277311,0.0002585196419877899
0.18655462184873947,0.030252100840336135,0.0002585196419877899
0.18655462184873947,0.03092436974789916,0.0002585196419877899
0.18655462184873947,0.03159663865546218,0.0002585196419877899
0.18655462184873947,0.03226890756302521,0.0002585196419877899
0.18655462184873947,0.03294117647058824,0.0002585196419877899
0.18655462184873947,0.033613445378151266,0.0002585196419877899
0.18655462184873947,0.03428571428571428,0.0002585196419877899
0.18655462184873947,0.03495798319327731,0.0002585196419877899
0.18655462184873947,0.03563025210084034,0.0002585196419877899
0.18655462184873947,0.036302521008403366,0.0002585196419877899
0.18655462184873947,0.036974789915966394,0.0002585196419877899
0.18655462184873947,0.03764705882352941,0.0002585196419877899
0.18655462184873947,0.03831932773109244,0.0002585196419877899
0.18655462184873947,0.038991596638655465,0.0002585196419877899
0.18655462184873947,0.039663865546218494,0.0002585196419877899
0.18655462184873947,0.04033613445378151,0.0002585196419877899
0.18655462184873947,0.041008403361344536,0.0002585196419877899
0.18655462184873947,0.041680672268907565,0.0002585196419877899
0.18655462184873947,0.04235294117647059,0.0002585196419877899
0.18655462184873947,0.043025210084033615,0.0002585196419877899
0.18655462184873947,0.043697478991596636,0.0002585196419877899
0.18655462184873947,0.044369747899159664,0.0002585196419877899
0.18655462184873947,0.04504201680672269,0.0002585196419877899
0.18655462184873947,0.04571428571428572,0.0002585196419877899
0.18655462184873947,0.046386554621848736,0.0002585196419877899
0.18655462184873947,0.047058823529411764,0.0002585196419877899
0.18655462184873947,0.04773109243697479,0.0002585196419877899
0.18655462184873947,0.04840336134453782,0.0002585196419877899
0.18655462184873947,0.049075630252100835,0.0002585196419877899
0.18655462184873947,0.049747899159663864,0.0002585196419877899
0.18655462184873947,0.05042016806722689,0.0002585196419877899
0.18655462184873947,0.05109243697478992,0.0002585196419877899
0.18655462184873947,0.05176470588235295,0.0002585196419877899
0.18655462184873947,0.05243697478991596,0.0002585196419877899
0.18655462184873947,0.05310924369747899,0.0002585196419877899
0.18655462184873947,0.05378151260504202,0.0002585196419877899
0.18655462184873947,0.05445378151260505,0.0002585196419877899
0.18655462184873947,0.05512605042016806,0.0002585196419877899
0.18655462184873947,0.05579831932773109,0.0002585196419877899
0.18655462184873947,0.05647058823529412,0.0002585196419877899
0.18655462184873947,0.05714285714285715,0.0002585196419877899
0.18655462184873947,0.05781512605042017,0.0002585196419877899
0.18655462184873947,0.05848739495798319,0.0002585196419877899
0.18655462184873947,0.05915966386554622,0.0002585196419877899
0.18655462184873947,0.05983193277310925,0.0002585196419877899
0.18655462184873947,0.060504201680672276,0.0002585196419877899
0.18655462184873947,0.06117647058823529,0.0002585196419877899
0.18655462184873947,0.06184873949579832,0.0002585196419877899
0.18655462184873947,0.06252100840336135,0.0002585196419877899
0.18655462184873947,0.06319327731092438,0.0002585196419877899
0.18655462184873947,0.06386554621848739,0.0002585196419877899
0.18655462184873947,0.06453781512605042,0.0002585196419877899
0.18655462184873947,0.06521008403361345,0.0002585196419877899
0.18655462184873947,0.06588235294117648,0.0002585196419877899
0.18655462184873947,0.0665546218487395,0.0002585196419877899
0.18655462184873947,0.06722689075630252,0.0002585196419877899
0.18655462184873947,0.06789915966386555,0.0002585196419877899
0.18655462184873947,0.06857142857142857,0.0002585196419877899
0.18655462184873947,0.0692436974789916,0.0002585196419877899
0.18655462184873947,0.06991596638655462,0.0002585196419877899
0.18655462184873947,0.07058823529411765,0.0002585196419877899
0.18655462184873947,0.07126050420168067,0.0002585196419877899
0.18655462184873947,0.0719327731092437,0.0002585196419877899
0.18655462184873947,0.07260504201680673,0.0002585196419877899
0.18655462184873947,0.07327731092436975,0.0002585196419877899
0.18655462184873947,0.07394957983193277,0.0002585196419877899
0.18655462184873947,0.0746218487394958,0.0002585196419877899
0.18655462184873947,0.07529411764705883,0.0002585196419877899
0.18655462184873947,0.07596638655462185,0.0002585196419877899
0.18655462184873947,0.07663865546218487,0.0002585196419877899
0.18655462184873947,0.0773109243697479,0.0002585196419877899
0.18655462184873947,0.07798319327731093,0.0002585196419877899
0.18655462184873947,0.07865546218487394,0.0002585196419877899
0.18655462184873947,0.07932773109243697,0.0002585196419877899
0.18655462184873947,0.07983193277310924,0.00025851964198779167
0.18907563025210083,0.0001680672268907563,0.0002585196419877899
0.18907563025210083,0.0006722689075630252,0.0002585196419877899
0.18907563025210083,0.0013445378151260505,0.0002585196419877899
0.18907563025210083,0.0020168067226890756,0.0002585196419877899
0.18907563025210083,0.002689075630252101,0.0002585196419877899
0.18907563025210083,0.0033613445378151263,0.0002585196419877899
0.18907563025210083,0.004033613445378151,0.0002585196419877899
0.18907563025210083,0.004705882352941176,0.0002585196419877899
0.18907563025210083,0.005378151260504202,0.0002585196419877899
0.18907563025210083,0.006050420168067228,0.0002585196419877899
0.18907563025210083,0.0067226890756302525,0.0002585196419877899
0.18907563025210083,0.007394957983193277,0.0002585196419877899
0.18907563025210083,0.008067226890756302,0.0002585196419877899
0.18907563025210083,0.008739495798319327,0.0002585196419877899
0.18907563025210083,0.009411764705882354,0.0002585196419877899
0.18907563025210083,0.010084033613445379,0.0002585196419877899
0.18907563025210083,0.010756302521008404,0.0002585196419877899
0.18907563025210083,0.011428571428571429,0.0002585196419877899
0.18907563025210083,0.012100840336134453,0.0002585196419877899
0.18907563025210083,0.01277310924369748,0.0002585196419877899
0.18907563025210083,0.013445378151260505,0.0002585196419877899
0.18907563025210083,0.01411764705882353,0.0002585196419877899
0.18907563025210083,0.014789915966386555,0.0002585196419877899
0.18907563025210083,0.01546218487394958,0.0002585196419877899
0.18907563025210083,0.016134453781512605,0.0002585196419877899
0.18907563025210083,0.01680672268907563,0.0002585196419877899
0.18907563025210083,0.017478991596638654,0.0002585196419877899
0.18907563025210083,0.018151260504201683,0.0002585196419877899
0.18907563025210083,0.018823529411764708,0.0002585196419877899
0.18907563025210083,0.019495798319327733,0.0002585196419877899
0.18907563025210083,0.020168067226890758,0.0002585196419877899
0.18907563025210083,0.020840336134453782,0.0002585196419877899
0.18907563025210083,0.021512605042016807,0.0002585196419877899
0.18907563025210083,0.022184873949579832,0.0002585196419877899
0.18907563025210083,0.022857142857142857,0.0002585196419877899
0.18907563025210083,0.023529411764705882,0.0002585196419877899
0.18907563025210083,0.024201680672268907,0.0002585196419877899
0.18907563025210083,0.024873949579831932,0.0002585196419877899
0.18907563025210083,0.02554621848739496,0.0002585196419877899
0.18907563025210083,0.026218487394957985,0.0002585196419877899
0.18907563025210083,0.02689075630252101,0.0002585196419877899
0.18907563025210083,0.027563025210084035,0.0002585196419877899
0.18907563025210083,0.02823529411764706,0.0002585196419877899
0.18907563025210083,0.028907563025210085,0.0002585196419877899
0.18907563025210083,0.02957983193277311,0.0002585196419877899
0.18907563025210083,0.030252100840336135,0.0002585196419877899
0.18907563025210083,0.03092436974789916,0.0002585196419877899
0.18907563025210083,0.03159663865546218,0.0002585196419877899
0.18907563025210083,0.03226890756302521,0.0002585196419877899
0.18907563025210083,0.03294117647058824,0.0002585196419877899
0.18907563025210083,0.033613445378151266,0.0002585196419877899
0.18907563025210083,0.03428571428571428,0.0002585196419877899
0.18907563025210083,0.03495798319327731,0.0002585196419877899
0.18907563025210083,0.03563025210084034,0.0002585196419877899
0.18907563025210083,0.036302521008403366,0.0002585196419877899
0.18907563025210083,0.036974789915966394,0.0002585196419877899
0.18907563025210083,0.03764705882352941,0.0002585196419877899
0.18907563025210083,0.03831932773109244,0.0002585196419877899
0.18907563025210083,0.038991596638655465,0.0002585196419877899
0.18907563025210083,0.039663865546218494,0.0002585196419877899
0.18907563025210083,0.04033613445378151,0.0002585196419877899
0.18907563025210083,0.041008403361344536,0.0002585196419877899
0.18907563025210083,0.041680672268907565,0.0002585196419877899
0.18907563025210083,0.04235294117647059,0.0002585196419877899
0.18907563025210083,0.043025210084033615,0.0002585196419877899
0.18907563025210083,0.043697478991596636,0.0002585196419877899
0.18907563025210083,0.044369747899159664,0.0002585196419877899
0.18907563025210083,0.04504201680672269,0.0002585196419877899
0.18907563025210083,0.04571428571428572,0.0002585196419877899
0.18907563025210083,0.046386554621848736,0.0002585196419877899
0.18907563025210083,0.047058823529411764,0.0002585196419877899
0.18907563025210083,0.04773109243697479,0.0002585196419877899
0.18907563025210083,0.04840336134453782,0.0002585196419877899
0.18907563025210083,0.049075630252100835,0.0002585196419877899
0.18907563025210083,0.049747899159663864,0.0002585196419877899
0.18907563025210083,0.05042016806722689,0.0002585196419877899
0.18907563025210083,0.05109243697478992,0.0002585196419877899
0.18907563025210083,0.05176470588235295,0.0002585196419877899
0.18907563025210083,0.05243697478991596,0.0002585196419877899
0.18907563025210083,0.05310924369747899,0.0002585196419877899
0.18907563025210083,0.05378151260504202,0.0002585196419877899
0.18907563025210083,0.05445378151260505,0.0002585196419877899
0.18907563025210083,0.05512605042016806,0.0002585196419877899
0.18907563025210083,0.05579831932773109,0.0002585196419877899
0.18907563025210083,0.05647058823529412,0.0002585196419877899
0.18907563025210083,0.05714285714285715,0.0002585196419877899
0.18907563025210083,0.05781512605042017,0.0002585196419877899
0.18907563025210083,0.05848739495798319,0.0002585196419877899
0.18907563025210083,0.05915966386554622,0.0002585196419877899
0.18907563025210083,0.05983193277310925,0.0002585196419877899
0.18907563025210083,0.060504201680672276,0.0002585196419877899
0.18907563025210083,0.06117647058823529,0.0002585196419877899
0.18907563025210083,0.06184873949579832,0.0002585196419877899
0.18907563025210083,0.06252100840336135,0.0002585196419877899
0.18907563025210083,0.06319327731092438,0.0002585196419877899
0.18907563025210083,0.06386554621848739,0.0002585196419877899
0.18907563025210083,0.06453781512605042,0.0002585196419877899
0.18907563025210083,0.06521008403361345,0.0002585196419877899
0.18907563025210083,0.06588235294117648,0.0002585196419877899
0.18907563025210083,0.0665546218487395,0.0002585196419877899
0.18907563025210083,0.06722689075630252,0.0002585196419877899
0.18907563025210083,0.06789915966386555,0.0002585196419877899
0.18907563025210083,0.06857142857142857,0.0002585196419877899
0.18907563025210083,0.0692436974789916,0.0002585196419877899
0.18907563025210083,0.06991596638655462,0.0002585196419877899
0.18907563025210083,0.07058823529411765,0.0002585196419877899
0.18907563025210083,0.07126050420168067,0.0002585196419877899
0.18907563025210083,0.0719327731092437,0.0002585196419877899
0.18907563025210083,0.07260504201680673,0.0002585196419877899
0.18907563025210083,0.07327731092436975,0.0002585196419877899
0.18907563025210083,0.07394957983193277,0.0002585196419877899
0.18907563025210083,0.0746218487394958,0.0002585196419877899
0.18907563025210083,0.07529411764705883,0.0002585196419877899
0.18907563025210083,0.07596638655462185,0.0002585196419877899
0.18907563025210083,0.07663865546218487,0.0002585196419877899
0.18907563025210083,0.0773109243697479,0.0002585196419877899
0.18907563025210083,0.07798319327731093,0.0002585196419877899
0.18907563025210083,0.07865546218487394,0.0002585196419877899
0.18907563025210083,0.07932773109243697,0.0002585196419877899
0.18907563025210083,0.07983193277310924,0.00025851964198779167
0.19159663865546217,0.0001680672268907563,0.0002585196419877899
0.19159663865546217,0.0006722689075630252,0.0002585196419877899
0.19159663865546217,0.0013445378151260505,0.0002585196419877899
0.19159663865546217,0.0020168067226890756,0.0002585196419877899
0.19159663865546217,0.002689075630252101,0.0002585196419877899
0.19159663865546217,0.0033613445378151263,0.0002585196419877899
0.19159663865546217,0.004033613445378151,0.0002585196419877899
0.19159663865546217,0.004705882352941176,0.0002585196419877899
0.19159663865546217,0.005378151260504202,0.0002585196419877899
0.19159663865546217,0.006050420168067228,0.0002585196419877899
0.19159663865546217,0.0067226890756302525,0.0002585196419877899
0.19159663865546217,0.007394957983193277,0.0002585196419877899
0.19159663865546217,0.008067226890756302,0.0002585196419877899
0.19159663865546217,0.008739495798319327,0.0002585196419877899
0.19159663865546217,0.009411764705882354,0.0002585196419877899
0.19159663865546217,0.010084033613445379,0.0002585196419877899
0.19159663865546217,0.010756302521008404,0.0002585196419877899
0.19159663865546217,0.011428571428571429,0.0002585196419877899
0.19159663865546217,0.012100840336134453,0.0002585196419877899
0.19159663865546217,0.01277310924369748,0.0002585196419877899
0.19159663865546217,0.013445378151260505,0.0002585196419877899
0.19159663865546217,0.01411764705882353,0.0002585196419877899
0.19159663865546217,0.014789915966386555,0.0002585196419877899
0.19159663865546217,0.01546218487394958,0.0002585196419877899
0.19159663865546217,0.016134453781512605,0.0002585196419877899
0.19159663865546217,0.01680672268907563,0.0002585196419877899
0.19159663865546217,0.017478991596638654,0.0002585196419877899
0.19159663865546217,0.018151260504201683,0.0002585196419877899
0.19159663865546217,0.018823529411764708,0.0002585196419877899
0.19159663865546217,0.019495798319327733,0.0002585196419877899
0.19159663865546217,0.020168067226890758,0.0002585196419877899
0.19159663865546217,0.020840336134453782,0.0002585196419877899
0.19159663865546217,0.021512605042016807,0.0002585196419877899
0.19159663865546217,0.022184873949579832,0.0002585196419877899
0.19159663865546217,0.022857142857142857,0.0002585196419877899
0.19159663865546217,0.023529411764705882,0.0002585196419877899
0.19159663865546217,0.024201680672268907,0.0002585196419877899
0.19159663865546217,0.024873949579831932,0.0002585196419877899
0.19159663865546217,0.02554621848739496,0.0002585196419877899
0.19159663865546217,0.026218487394957985,0.0002585196419877899
0.19159663865546217,0.02689075630252101,0.0002585196419877899
0.19159663865546217,0.027563025210084035,0.0002585196419877899
0.19159663865546217,0.02823529411764706,0.0002585196419877899
0.19159663865546217,0.028907563025210085,0.0002585196419877899
0.19159663865546217,0.02957983193277311,0.0002585196419877899
0.19159663865546217,0.030252100840336135,0.0002585196419877899
0.19159663865546217,0.03092436974789916,0.0002585196419877899
0.19159663865546217,0.03159663865546218,0.0002585196419877899
0.19159663865546217,0.03226890756302521,0.0002585196419877899
0.19159663865546217,0.03294117647058824,0.0002585196419877899
0.19159663865546217,0.033613445378151266,0.0002585196419877899
0.19159663865546217,0.03428571428571428,0.0002585196419877899
0.19159663865546217,0.03495798319327731,0.0002585196419877899
0.19159663865546217,0.03563025210084034,0.0002585196419877899
0.19159663865546217,0.036302521008403366,0.0002585196419877899
0.19159663865546217,0.036974789915966394,0.0002585196419877899
0.19159663865546217,0.03764705882352941,0.0002585196419877899
0.19159663865546217,0.03831932773109244,0.0002585196419877899
0.19159663865546217,0.038991596638655465,0.0002585196419877899
0.19159663865546217,0.039663865546218494,0.0002585196419877899
0.19159663865546217,0.04033613445378151,0.0002585196419877899
0.19159663865546217,0.041008403361344536,0.0002585196419877899
0.19159663865546217,0.041680672268907565,0.0002585196419877899
0.19159663865546217,0.04235294117647059,0.0002585196419877899
0.19159663865546217,0.043025210084033615,0.0002585196419877899
0.19159663865546217,0.043697478991596636,0.0002585196419877899
0.19159663865546217,0.044369747899159664,0.0002585196419877899
0.19159663865546217,0.04504201680672269,0.0002585196419877899
0.19159663865546217,0.04571428571428572,0.0002585196419877899
0.19159663865546217,0.046386554621848736,0.0002585196419877899
0.19159663865546217,0.047058823529411764,0.0002585196419877899
0.19159663865546217,0.04773109243697479,0.0002585196419877899
0.19159663865546217,0.04840336134453782,0.0002585196419877899
0.19159663865546217,0.049075630252100835,0.0002585196419877899
0.19159663865546217,0.049747899159663864,0.0002585196419877899
0.19159663865546217,0.05042016806722689,0.0002585196419877899
0.19159663865546217,0.05109243697478992,0.0002585196419877899
0.19159663865546217,0.05176470588235295,0.0002585196419877899
0.19159663865546217,0.05243697478991596,0.0002585196419877899
0.19159663865546217,0.05310924369747899,0.0002585196419877899
0.19159663865546217,0.05378151260504202,0.0002585196419877899
0.19159663865546217,0.05445378151260505,0.0002585196419877899
0.19159663865546217,0.05512605042016806,0.0002585196419877899
0.19159663865546217,0.05579831932773109,0.0002585196419877899
0.19159663865546217,0.05647058823529412,0.0002585196419877899
0.19159663865546217,0.05714285714285715,0.0002585196419877899
0.19159663865546217,0.05781512605042017,0.0002585196419877899
0.19159663865546217,0.05848739495798319,0.0002585196419877899
0.19159663865546217,0.05915966386554622,0.0002585196419877899
0.19159663865546217,0.05983193277310925,0.0002585196419877899
0.19159663865546217,0.060504201680672276,0.0002585196419877899
0.19159663865546217,0.06117647058823529,0.0002585196419877899
0.19159663865546217,0.06184873949579832,0.0002585196419877899
0.19159663865546217,0.06252100840336135,0.0002585196419877899
0.19159663865546217,0.06319327731092438,0.0002585196419877899
0.19159663865546217,0.06386554621848739,0.0002585196419877899
0.19159663865546217,0.06453781512605042,0.0002585196419877899
0.19159663865546217,0.06521008403361345,0.0002585196419877899
0.19159663865546217,0.06588235294117648,0.0002585196419877899
0.19159663865546217,0.0665546218487395,0.0002585196419877899
0.19159663865546217,0.06722689075630252,0.0002585196419877899
0.19159663865546217,0.06789915966386555,0.0002585196419877899
0.19159663865546217,0.06857142857142857,0.0002585196419877899
0.19159663865546217,0.0692436974789916,0.0002585196419877899
0.19159663865546217,0.06991596638655462,0.0002585196419877899
0.19159663865546217,0.07058823529411765,0.0002585196419877899
0.19159663865546217,0.07126050420168067,0.0002585196419877899
0.19159663865546217,0.0719327731092437,0.0002585196419877899
0.19159663865546217,0.07260504201680673,0.0002585196419877899
0.19159663865546217,0.07327731092436975,0.0002585196419877899
0.19159663865546217,0.07394957983193277,0.0002585196419877899
0.19159663865546217,0.0746218487394958,0.0002585196419877899
0.19159663865546217,0.07529411764705883,0.0002585196419877899
0.19159663865546217,0.07596638655462185,0.0002585196419877899
0.19159663865546217,0.07663865546218487,0.0002585196419877899
0.19159663865546217,0.0773109243697479,0.0002585196419877899
0.19159663865546217,0.07798319327731093,0.0002585196419877899
0.19159663865546217,0.07865546218487394,0.0002585196419877899
0.19159663865546217,0.07932773109243697,0.0002585196419877899
0.19159663865546217,0.07983193277310924,0.00025851964198779167
0.1941176470588235,0.0001680672268907563,0.0002585196419877899
0.1941176470588235,0.0006722689075630252,0.0002585196419877899
0.1941176470588235,0.0013445378151260505,0.0002585196419877899
0.1941176470588235,0.0020168067226890756,0.0002585196419877899
0.1941176470588235,0.002689075630252101,0.0002585196419877899
0.1941176470588235,0.0033613445378151263,0.0002585196419877899
0.1941176470588235,0.004033613445378151,0.0002585196419877899
0.1941176470588235,0.004705882352941176,0.0002585196419877899
0.1941176470588235,0.005378151260504202,0.0002585196419877899
0.1941176470588235,0.006050420168067228,0.0002585196419877899
0.1941176470588235,0.0067226890756302525,0.0002585196419877899
0.1941176470588235,0.007394957983193277,0.0002585196419877899
0.1941176470588235,0.008067226890756302,0.0002585196419877899
0.1941176470588235,0.008739495798319327,0.0002585196419877899
0.1941176470588235,0.009411764705882354,0.0002585196419877899
0.1941176470588235,0.010084033613445379,0.0002585196419877899
0.1941176470588235,0.010756302521008404,0.0002585196419877899
0.1941176470588235,0.011428571428571429,0.0002585196419877899
0.1941176470588235,0.012100840336134453,0.0002585196419877899
0.1941176470588235,0.01277310924369748,0.0002585196419877899
0.1941176470588235,0.013445378151260505,0.0002585196419877899
0.1941176470588235,0.01411764705882353,0.0002585196419877899
0.1941176470588235,0.014789915966386555,0.0002585196419877899
0.1941176470588235,0.01546218487394958,0.0002585196419877899
0.1941176470588235,0.016134453781512605,0.0002585196419877899
0.1941176470588235,0.01680672268907563,0.0002585196419877899
0.1941176470588235,0.017478991596638654,0.0002585196419877899
0.1941176470588235,0.018151260504201683,0.0002585196419877899
0.1941176470588235,0.018823529411764708,0.0002585196419877899
0.1941176470588235,0.019495798319327733,0.0002585196419877899
0.1941176470588235,0.020168067226890758,0.0002585196419877899
0.1941176470588235,0.020840336134453782,0.0002585196419877899
0.1941176470588235,0.021512605042016807,0.0002585196419877899
0.1941176470588235,0.022184873949579832,0.0002585196419877899
0.1941176470588235,0.022857142857142857,0.0002585196419877899
0.1941176470588235,0.023529411764705882,0.0002585196419877899
0.1941176470588235,0.024201680672268907,0.0002585196419877899
0.1941176470588235,0.024873949579831932,0.0002585196419877899
0.1941176470588235,0.02554621848739496,0.0002585196419877899
0.1941176470588235,0.026218487394957985,0.0002585196419877899
0.1941176470588235,0.02689075630252101,0.0002585196419877899
0.1941176470588235,0.027563025210084035,0.0002585196419877899
0.1941176470588235,0.02823529411764706,0.0002585196419877899
0.1941176470588235,0.028907563025210085,0.0002585196419877899
0.1941176470588235,0.02957983193277311,0.0002585196419877899
0.1941176470588235,0.030252100840336135,0.0002585196419877899
0.1941176470588235,0.03092436974789916,0.0002585196419877899
0.1941176470588235,0.03159663865546218,0.0002585196419877899
0.1941176470588235,0.03226890756302521,0.0002585196419877899
0.1941176470588235,0.03294117647058824,0.0002585196419877899
0.1941176470588235,0.033613445378151266,0.0002585196419877899
0.1941176470588235,0.03428571428571428,0.0002585196419877899
0.1941176470588235,0.03495798319327731,0.0002585196419877899
0.1941176470588235,0.03563025210084034,0.0002585196419877899
0.1941176470588235,0.036302521008403366,0.0002585196419877899
0.1941176470588235,0.036974789915966394,0.0002585196419877899
0.1941176470588235,0.03764705882352941,0.0002585196419877899
0.1941176470588235,0.03831932773109244,0.0002585196419877899
0.1941176470588235,0.038991596638655465,0.0002585196419877899
0.1941176470588235,0.039663865546218494,0.0002585196419877899
0.1941176470588235,0.04033613445378151,0.0002585196419877899
0.1941176470588235,0.041008403361344536,0.0002585196419877899
0.1941176470588235,0.041680672268907565,0.0002585196419877899
0.1941176470588235,0.04235294117647059,0.0002585196419877899
0.1941176470588235,0.043025210084033615,0.0002585196419877899
0.1941176470588235,0.043697478991596636,0.0002585196419877899
0.1941176470588235,0.044369747899159664,0.0002585196419877899
0.1941176470588235,0.04504201680672269,0.0002585196419877899
0.1941176470588235,0.04571428571428572,0.0002585196419877899
0.1941176470588235,0.046386554621848736,0.0002585196419877899
0.1941176470588235,0.047058823529411764,0.0002585196419877899
0.1941176470588235,0.04773109243697479,0.0002585196419877899
0.1941176470588235,0.04840336134453782,0.0002585196419877899
0.1941176470588235,0.049075630252100835,0.0002585196419877899
0.1941176470588235,0.049747899159663864,0.0002585196419877899
0.1941176470588235,0.05042016806722689,0.0002585196419877899
0.1941176470588235,0.05109243697478992,0.0002585196419877899
0.1941176470588235,0.05176470588235295,0.0002585196419877899
0.1941176470588235,0.05243697478991596,0.0002585196419877899
0.1941176470588235,0.05310924369747899,0.0002585196419877899
0.1941176470588235,0.05378151260504202,0.0002585196419877899
0.1941176470588235,0.05445378151260505,0.0002585196419877899
0.1941176470588235,0.05512605042016806,0.0002585196419877899
0.1941176470588235,0.05579831932773109,0.0002585196419877899
0.1941176470588235,0.05647058823529412,0.0002585196419877899
0.1941176470588235,0.05714285714285715,0.0002585196419877899
0.1941176470588235,0.05781512605042017,0.0002585196419877899
0.1941176470588235,0.05848739495798319,0.0002585196419877899
0.1941176470588235,0.05915966386554622,0.0002585196419877899
0.1941176470588235,0.05983193277310925,0.0002585196419877899
0.1941176470588235,0.060504201680672276,0.0002585196419877899
0.1941176470588235,0.06117647058823529,0.0002585196419877899
0.1941176470588235,0.06184873949579832,0.0002585196419877899
0.1941176470588235,0.06252100840336135,0.0002585196419877899
0.1941176470588235,0.06319327731092438,0.0002585196419877899
0.1941176470588235,0.06386554621848739,0.0002585196419877899
0.1941176470588235,0.06453781512605042,0.0002585196419877899
0.1941176470588235,0.06521008403361345,0.0002585196419877899
0.1941176470588235,0.06588235294117648,0.0002585196419877899
0.1941176470588235,0.0665546218487395,0.0002585196419877899
0.1941176470588235,0.06722689075630252,0.0002585196419877899
0.1941176470588235,0.06789915966386555,0.0002585196419877899
0.1941176470588235,0.06857142857142857,0.0002585196419877899
0.1941176470588235,0.0692436974789916,0.0002585196419877899
0.1941176470588235,0.06991596638655462,0.0002585196419877899
0.1941176470588235,0.07058823529411765,0.0002585196419877899
0.1941176470588235,0.07126050420168067,0.0002585196419877899
0.1941176470588235,0.0719327731092437,0.0002585196419877899
0.1941176470588235,0.07260504201680673,0.0002585196419877899
0.1941176470588235,0.07327731092436975,0.0002585196419877899
0.1941176470588235,0.07394957983193277,0.0002585196419877899
0.1941176470588235,0.0746218487394958,0.0002585196419877899
0.1941176470588235,0.07529411764705883,0.0002585196419877899
0.1941176470588235,0.07596638655462185,0.0002585196419877899
0.1941176470588235,0.07663865546218487,0.0002585196419877899
0.1941176470588235,0.0773109243697479,0.0002585196419877899
0.1941176470588235,0.07798319327731093,0.0002585196419877899
0.1941176470588235,0.07865546218487394,0.0002585196419877899
0.1941176470588235,0.07932773109243697,0.0002585196419877899
0.1941176470588235,0.07983193277310924,0.00025851964198779167
0.19663865546218484,0.0001680672268907563,0.0002585196419877899
0.19663865546218484,0.0006722689075630252,0.0002585196419877899
0.19663865546218484,0.0013445378151260505,0.0002585196419877899
0.19663865546218484,0.0020168067226890756,0.0002585196419877899
0.19663865546218484,0.002689075630252101,0.0002585196419877899
0.19663865546218484,0.0033613445378151263,0.0002585196419877899
0.19663865546218484,0.004033613445378151,0.0002585196419877899
0.19663865546218484,0.004705882352941176,0.0002585196419877899
0.19663865546218484,0.005378151260504202,0.0002585196419877899
0.19663865546218484,0.006050420168067228,0.0002585196419877899
0.19663865546218484,0.0067226890756302525,0.0002585196419877899
0.19663865546218484,0.007394957983193277,0.0002585196419877899
0.19663865546218484,0.008067226890756302,0.0002585196419877899
0.19663865546218484,0.008739495798319327,0.0002585196419877899
0.19663865546218484,0.009411764705882354,0.0002585196419877899
0.19663865546218484,0.010084033613445379,0.0002585196419877899
0.19663865546218484,0.010756302521008404,0.0002585196419877899
0.19663865546218484,0.011428571428571429,0.0002585196419877899
0.19663865546218484,0.012100840336134453,0.0002585196419877899
0.19663865546218484,0.01277310924369748,0.0002585196419877899
0.19663865546218484,0.013445378151260505,0.0002585196419877899
0.19663865546218484,0.01411764705882353,0.0002585196419877899
0.19663865546218484,0.014789915966386555,0.0002585196419877899
0.19663865546218484,0.01546218487394958,0.0002585196419877899
0.19663865546218484,0.016134453781512605,0.0002585196419877899
0.19663865546218484,0.01680672268907563,0.0002585196419877899
0.19663865546218484,0.017478991596638654,0.0002585196419877899
0.19663865546218484,0.018151260504201683,0.0002585196419877899
0.19663865546218484,0.018823529411764708,0.0002585196419877899
0.19663865546218484,0.019495798319327733,0.0002585196419877899
0.19663865546218484,0.020168067226890758,0.0002585196419877899
0.19663865546218484,0.020840336134453782,0.0002585196419877899
0.19663865546218484,0.021512605042016807,0.0002585196419877899
0.19663865546218484,0.022184873949579832,0.0002585196419877899
0.19663865546218484,0.022857142857142857,0.0002585196419877899
0.19663865546218484,0.023529411764705882,0.0002585196419877899
0.19663865546218484,0.024201680672268907,0.0002585196419877899
0.19663865546218484,0.024873949579831932,0.0002585196419877899
0.19663865546218484,0.02554621848739496,0.0002585196419877899
0.19663865546218484,0.026218487394957985,0.0002585196419877899
0.19663865546218484,0.02689075630252101,0.0002585196419877899
0.19663865546218484,0.027563025210084035,0.0002585196419877899
0.19663865546218484,0.02823529411764706,0.0002585196419877899
0.19663865546218484,0.028907563025210085,0.0002585196419877899
0.19663865546218484,0.02957983193277311,0.0002585196419877899
0.19663865546218484,0.030252100840336135,0.0002585196419877899
0.19663865546218484,0.03092436974789916,0.0002585196419877899
0.19663865546218484,0.03159663865546218,0.0002585196419877899
0.19663865546218484,0.03226890756302521,0.0002585196419877899
0.19663865546218484,0.03294117647058824,0.0002585196419877899
0.19663865546218484,0.033613445378151266,0.0002585196419877899
0.19663865546218484,0.03428571428571428,0.0002585196419877899
0.19663865546218484,0.03495798319327731,0.0002585196419877899
0.19663865546218484,0.03563025210084034,0.0002585196419877899
0.19663865546218484,0.036302521008403366,0.0002585196419877899
0.19663865546218484,0.036974789915966394,0.0002585196419877899
0.19663865546218484,0.03764705882352941,0.0002585196419877899
0.19663865546218484,0.03831932773109244,0.0002585196419877899
0.19663865546218484,0.038991596638655465,0.0002585196419877899
0.19663865546218484,0.039663865546218494,0.0002585196419877899
0.19663865546218484,0.04033613445378151,0.0002585196419877899
0.19663865546218484,0.041008403361344536,0.0002585196419877899
0.19663865546218484,0.041680672268907565,0.0002585196419877899
0.19663865546218484,0.04235294117647059,0.0002585196419877899
0.19663865546218484,0.043025210084033615,0.0002585196419877899
0.19663865546218484,0.043697478991596636,0.0002585196419877899
0.19663865546218484,0.044369747899159664,0.0002585196419877899
0.19663865546218484,0.04504201680672269,0.0002585196419877899
0.19663865546218484,0.04571428571428572,0.0002585196419877899
0.19663865546218484,0.046386554621848736,0.0002585196419877899
0.19663865546218484,0.047058823529411764,0.0002585196419877899
0.19663865546218484,0.04773109243697479,0.0002585196419877899
0.19663865546218484,0.04840336134453782,0.0002585196419877899
0.19663865546218484,0.049075630252100835,0.0002585196419877899
0.19663865546218484,0.049747899159663864,0.0002585196419877899
0.19663865546218484,0.05042016806722689,0.0002585196419877899
0.19663865546218484,0.05109243697478992,0.0002585196419877899
0.19663865546218484,0.05176470588235295,0.0002585196419877899
0.19663865546218484,0.05243697478991596,0.0002585196419877899
0.19663865546218484,0.05310924369747899,0.0002585196419877899
0.19663865546218484,0.05378151260504202,0.0002585196419877899
0.19663865546218484,0.05445378151260505,0.0002585196419877899
0.19663865546218484,0.05512605042016806,0.0002585196419877899
0.19663865546218484,0.05579831932773109,0.0002585196419877899
0.19663865546218484,0.05647058823529412,0.0002585196419877899
0.19663865546218484,0.05714285714285715,0.0002585196419877899
0.19663865546218484,0.05781512605042017,0.0002585196419877899
0.19663865546218484,0.05848739495798319,0.0002585196419877899
0.19663865546218484,0.05915966386554622,0.0002585196419877899
0.19663865546218484,0.05983193277310925,0.0002585196419877899
0.19663865546218484,0.060504201680672276,0.0002585196419877899
0.19663865546218484,0.06117647058823529,0.0002585196419877899
0.19663865546218484,0.06184873949579832,0.0002585196419877899
0.19663865546218484,0.06252100840336135,0.0002585196419877899
0.19663865546218484,0.06319327731092438,0.0002585196419877899
0.19663865546218484,0.06386554621848739,0.0002585196419877899
0.19663865546218484,0.06453781512605042,0.0002585196419877899
0.19663865546218484,0.06521008403361345,0.0002585196419877899
0.19663865546218484,0.06588235294117648,0.0002585196419877899
0.19663865546218484,0.0665546218487395,0.0002585196419877899
0.19663865546218484,0.06722689075630252,0.0002585196419877899
0.19663865546218484,0.06789915966386555,0.0002585196419877899
0.19663865546218484,0.06857142857142857,0.0002585196419877899
0.19663865546218484,0.0692436974789916,0.0002585196419877899
0.19663865546218484,0.06991596638655462,0.0002585196419877899
0.19663865546218484,0.07058823529411765,0.0002585196419877899
0.19663865546218484,0.07126050420168067,0.0002585196419877899
0.19663865546218484,0.0719327731092437,0.0002585196419877899
0.19663865546218484,0.07260504201680673,0.0002585196419877899
0.19663865546218484,0.07327731092436975,0.0002585196419877899
0.19663865546218484,0.07394957983193277,0.0002585196419877899
0.19663865546218484,0.0746218487394958,0.0002585196419877899
0.19663865546218484,0.07529411764705883,0.0002585196419877899
0.19663865546218484,0.07596638655462185,0.0002585196419877899
0.19663865546218484,0.07663865546218487,0.0002585196419877899
0.19663865546218484,0.0773109243697479,0.0002585196419877899
0.19663865546218484,0.07798319327731093,0.0002585196419877899
0.19663865546218484,0.07865546218487394,0.0002585196419877899
0.19663865546218484,0.07932773109243697,0.0002585196419877899
0.19663865546218484,0.07983193277310924,0.00025851964198779167
0.19915966386554618,0.0001680672268907563,0.0002585196419877899
0.19915966386554618,0.0006722689075630252,0.0002585196419877899
0.19915966386554618,0.0013445378151260505,0.0002585196419877899
0.19915966386554618,0.0020168067226890756,0.0002585196419877899
0.19915966386554618,0.002689075630252101,0.0002585196419877899
0.19915966386554618,0.0033613445378151263,0.0002585196419877899
0.19915966386554618,0.004033613445378151,0.0002585196419877899
0.19915966386554618,0.004705882352941176,0.0002585196419877899
0.19915966386554618,0.005378151260504202,0.0002585196419877899
0.19915966386554618,0.006050420168067228,0.0002585196419877899
0.19915966386554618,0.0067226890756302525,0.0002585196419877899
0.19915966386554618,0.007394957983193277,0.0002585196419877899
0.19915966386554618,0.008067226890756302,0.0002585196419877899
0.19915966386554618,0.008739495798319327,0.0002585196419877899
0.19915966386554618,0.009411764705882354,0.0002585196419877899
0.19915966386554618,0.010084033613445379,0.0002585196419877899
0.19915966386554618,0.010756302521008404,0.0002585196419877899
0.19915966386554618,0.011428571428571429,0.0002585196419877899
0.19915966386554618,0.012100840336134453,0.0002585196419877899
0.19915966386554618,0.01277310924369748,0.0002585196419877899
0.19915966386554618,0.013445378151260505,0.0002585196419877899
0.19915966386554618,0.01411764705882353,0.0002585196419877899
0.19915966386554618,0.014789915966386555,0.0002585196419877899
0.19915966386554618,0.01546218487394958,0.0002585196419877899
0.19915966386554618,0.016134453781512605,0.0002585196419877899
0.19915966386554618,0.01680672268907563,0.0002585196419877899
0.19915966386554618,0.017478991596638654,0.0002585196419877899
0.19915966386554618,0.018151260504201683,0.0002585196419877899
0.19915966386554618,0.018823529411764708,0.0002585196419877899
0.19915966386554618,0.019495798319327733,0.0002585196419877899
0.19915966386554618,0.020168067226890758,0.0002585196419877899
0.19915966386554618,0.020840336134453782,0.0002585196419877899
0.19915966386554618,0.021512605042016807,0.0002585196419877899
0.19915966386554618,0.022184873949579832,0.0002585196419877899
0.19915966386554618,0.022857142857142857,0.0002585196419877899
0.19915966386554618,0.023529411764705882,0.0002585196419877899
0.19915966386554618,0.024201680672268907,0.0002585196419877899
0.19915966386554618,0.024873949579831932,0.0002585196419877899
0.19915966386554618,0.02554621848739496,0.0002585196419877899
0.19915966386554618,0.026218487394957985,0.0002585196419877899
0.19915966386554618,0.02689075630252101,0.0002585196419877899
0.19915966386554618,0.027563025210084035,0.0002585196419877899
0.19915966386554618,0.02823529411764706,0.0002585196419877899
0.19915966386554618,0.028907563025210085,0.0002585196419877899
0.19915966386554618,0.02957983193277311,0.0002585196419877899
0.19915966386554618,0.030252100840336135,0.0002585196419877899
0.19915966386554618,0.03092436974789916,0.0002585196419877899
0.19915966386554618,0.03159663865546218,0.0002585196419877899
0.19915966386554618,0.03226890756302521,0.0002585196419877899
0.19915966386554618,0.03294117647058824,0.0002585196419877899
0.19915966386554618,0.033613445378151266,0.0002585196419877899
0.19915966386554618,0.03428571428571428,0.0002585196419877899
0.19915966386554618,0.03495798319327731,0.0002585196419877899
0.19915966386554618,0.03563025210084034,0.0002585196419877899
0.19915966386554618,0.036302521008403366,0.0002585196419877899
0.19915966386554618,0.036974789915966394,0.0002585196419877899
0.19915966386554618,0.03764705882352941,0.0002585196419877899
0.19915966386554618,0.03831932773109244,0.0002585196419877899
0.19915966386554618,0.038991596638655465,0.0002585196419877899
0.19915966386554618,0.039663865546218494,0.0002585196419877899
0.19915966386554618,0.04033613445378151,0.0002585196419877899
0.19915966386554618,0.041008403361344536,0.0002585196419877899
0.19915966386554618,0.041680672268907565,0.0002585196419877899
0.19915966386554618,0.04235294117647059,0.0002585196419877899
0.19915966386554618,0.043025210084033615,0.0002585196419877899
0.19915966386554618,0.043697478991596636,0.0002585196419877899
0.19915966386554618,0.044369747899159664,0.0002585196419877899
0.19915966386554618,0.04504201680672269,0.0002585196419877899
0.19915966386554618,0.04571428571428572,0.0002585196419877899
0.19915966386554618,0.046386554621848736,0.0002585196419877899
0.19915966386554618,0.047058823529411764,0.0002585196419877899
0.19915966386554618,0.04773109243697479,0.0002585196419877899
0.19915966386554618,0.04840336134453782,0.0002585196419877899
0.19915966386554618,0.049075630252100835,0.0002585196419877899
0.19915966386554618,0.049747899159663864,0.0002585196419877899
0.19915966386554618,0.05042016806722689,0.0002585196419877899
0.19915966386554618,0.05109243697478992,0.0002585196419877899
0.19915966386554618,0.05176470588235295,0.0002585196419877899
0.19915966386554618,0.05243697478991596,0.0002585196419877899
0.19915966386554618,0.05310924369747899,0.0002585196419877899
0.19915966386554618,0.05378151260504202,0.0002585196419877899
0.19915966386554618,0.05445378151260505,0.0002585196419877899
0.19915966386554618,0.05512605042016806,0.0002585196419877899
0.19915966386554618,0.05579831932773109,0.0002585196419877899
0.19915966386554618,0.05647058823529412,0.0002585196419877899
0.19915966386554618,0.05714285714285715,0.0002585196419877899
0.19915966386554618,0.05781512605042017,0.0002585196419877899
0.19915966386554618,0.05848739495798319,0.0002585196419877899
0.19915966386554618,0.05915966386554622,0.0002585196419877899
0.19915966386554618,0.05983193277310925,0.0002585196419877899
0.19915966386554618,0.060504201680672276,0.0002585196419877899
0.19915966386554618,0.06117647058823529,0.0002585196419877899
0.19915966386554618,0.06184873949579832,0.0002585196419877899
0.19915966386554618,0.06252100840336135,0.0002585196419877899
0.19915966386554618,0.06319327731092438,0.0002585196419877899
0.19915966386554618,0.06386554621848739,0.0002585196419877899
0.19915966386554618,0.06453781512605042,0.0002585196419877899
0.19915966386554618,0.06521008403361345,0.0002585196419877899
0.19915966386554618,0.06588235294117648,0.0002585196419877899
0.19915966386554618,0.0665546218487395,0.0002585196419877899
0.19915966386554618,0.06722689075630252,0.0002585196419877899
0.19915966386554618,0.06789915966386555,0.0002585196419877899
0.19915966386554618,0.06857142857142857,0.0002585196419877899
0.19915966386554618,0.0692436974789916,0.0002585196419877899
0.19915966386554618,0.06991596638655462,0.0002585196419877899
0.19915966386554618,0.07058823529411765,0.0002585196419877899
0.19915966386554618,0.07126050420168067,0.0002585196419877899
0.19915966386554618,0.0719327731092437,0.0002585196419877899
0.19915966386554618,0.07260504201680673,0.0002585196419877899
0.19915966386554618,0.07327731092436975,0.0002585196419877899
0.19915966386554618,0.07394957983193277,0.0002585196419877899
0.19915966386554618,0.0746218487394958,0.0002585196419877899
0.19915966386554618,0.07529411764705883,0.0002585196419877899
0.19915966386554618,0.07596638655462185,0.0002585196419877899
0.19915966386554618,0.07663865546218487,0.0002585196419877899
0.19915966386554618,0.0773109243697479,0.0002585196419877899
0.19915966386554618,0.07798319327731093,0.0002585196419877899
0.19915966386554618,0.07865546218487394,0.0002585196419877899
0.19915966386554618,0.07932773109243697,0.0002585196419877899
0.19915966386554618,0.07983193277310924,0.00025851964198779167
0.20168067226890754,0.0001680672268907563,0.0002585196419877899
0.20168067226890754,0.0006722689075630252,0.0002585196419877899
0.20168067226890754,0.0013445378151260505,0.0002585196419877899
0.20168067226890754,0.0020168067226890756,0.0002585196419877899
0.20168067226890754,0.002689075630252101,0.0002585196419877899
0.20168067226890754,0.0033613445378151263,0.0002585196419877899
0.20168067226890754,0.004033613445378151,0.0002585196419877899
0.20168067226890754,0.004705882352941176,0.0002585196419877899
0.20168067226890754,0.005378151260504202,0.0002585196419877899
0.20168067226890754,0.006050420168067228,0.0002585196419877899
0.20168067226890754,0.0067226890756302525,0.0002585196419877899
0.20168067226890754,0.007394957983193277,0.0002585196419877899
0.20168067226890754,0.008067226890756302,0.0002585196419877899
0.20168067226890754,0.008739495798319327,0.0002585196419877899
0.20168067226890754,0.009411764705882354,0.0002585196419877899
0.20168067226890754,0.010084033613445379,0.0002585196419877899
0.20168067226890754,0.010756302521008404,0.0002585196419877899
0.20168067226890754,0.011428571428571429,0.0002585196419877899
0.20168067226890754,0.012100840336134453,0.0002585196419877899
0.20168067226890754,0.01277310924369748,0.0002585196419877899
0.20168067226890754,0.013445378151260505,0.0002585196419877899
0.20168067226890754,0.01411764705882353,0.0002585196419877899
0.20168067226890754,0.014789915966386555,0.0002585196419877899
0.20168067226890754,0.01546218487394958,0.0002585196419877899
0.20168067226890754,0.016134453781512605,0.0002585196419877899
0.20168067226890754,0.01680672268907563,0.0002585196419877899
0.20168067226890754,0.017478991596638654,0.0002585196419877899
0.20168067226890754,0.018151260504201683,0.0002585196419877899
0.20168067226890754,0.018823529411764708,0.0002585196419877899
0.20168067226890754,0.019495798319327733,0.0002585196419877899
0.20168067226890754,0.020168067226890758,0.0002585196419877899
0.20168067226890754,0.020840336134453782,0.0002585196419877899
0.20168067226890754,0.021512605042016807,0.0002585196419877899
0.20168067226890754,0.022184873949579832,0.0002585196419877899
0.20168067226890754,0.022857142857142857,0.0002585196419877899
0.20168067226890754,0.023529411764705882,0.0002585196419877899
0.20168067226890754,0.024201680672268907,0.0002585196419877899
0.20168067226890754,0.024873949579831932,0.0002585196419877899
0.20168067226890754,0.02554621848739496,0.0002585196419877899
0.20168067226890754,0.026218487394957985,0.0002585196419877899
0.20168067226890754,0.02689075630252101,0.0002585196419877899
0.20168067226890754,0.027563025210084035,0.0002585196419877899
0.20168067226890754,0.02823529411764706,0.0002585196419877899
0.20168067226890754,0.028907563025210085,0.0002585196419877899
0.20168067226890754,0.02957983193277311,0.0002585196419877899
0.20168067226890754,0.030252100840336135,0.0002585196419877899
0.20168067226890754,0.03092436974789916,0.0002585196419877899
0.20168067226890754,0.03159663865546218,0.0002585196419877899
0.20168067226890754,0.03226890756302521,0.0002585196419877899
0.20168067226890754,0.03294117647058824,0.0002585196419877899
0.20168067226890754,0.033613445378151266,0.0002585196419877899
0.20168067226890754,0.03428571428571428,0.0002585196419877899
0.20168067226890754,0.03495798319327731,0.0002585196419877899
0.20168067226890754,0.03563025210084034,0.0002585196419877899
0.20168067226890754,0.036302521008403366,0.0002585196419877899
0.20168067226890754,0.036974789915966394,0.0002585196419877899
0.20168067226890754,0.03764705882352941,0.0002585196419877899
0.20168067226890754,0.03831932773109244,0.0002585196419877899
0.20168067226890754,0.038991596638655465,0.0002585196419877899
0.20168067226890754,0.039663865546218494,0.0002585196419877899
0.20168067226890754,0.04033613445378151,0.0002585196419877899
0.20168067226890754,0.041008403361344536,0.0002585196419877899
0.20168067226890754,0.041680672268907565,0.0002585196419877899
0.20168067226890754,0.04235294117647059,0.0002585196419877899
0.20168067226890754,0.043025210084033615,0.0002585196419877899
0.20168067226890754,0.043697478991596636,0.0002585196419877899
0.20168067226890754,0.044369747899159664,0.0002585196419877899
0.20168067226890754,0.04504201680672269,0.0002585196419877899
0.20168067226890754,0.04571428571428572,0.0002585196419877899
0.20168067226890754,0.046386554621848736,0.0002585196419877899
0.20168067226890754,0.047058823529411764,0.0002585196419877899
0.20168067226890754,0.04773109243697479,0.0002585196419877899
0.20168067226890754,0.04840336134453782,0.0002585196419877899
0.20168067226890754,0.049075630252100835,0.0002585196419877899
0.20168067226890754,0.049747899159663864,0.0002585196419877899
0.20168067226890754,0.05042016806722689,0.0002585196419877899
0.20168067226890754,0.05109243697478992,0.0002585196419877899
0.20168067226890754,0.05176470588235295,0.0002585196419877899
0.20168067226890754,0.05243697478991596,0.0002585196419877899
0.20168067226890754,0.05310924369747899,0.0002585196419877899
0.20168067226890754,0.05378151260504202,0.0002585196419877899
0.20168067226890754,0.05445378151260505,0.0002585196419877899
0.20168067226890754,0.05512605042016806,0.0002585196419877899
0.20168067226890754,0.05579831932773109,0.0002585196419877899
0.20168067226890754,0.05647058823529412,0.0002585196419877899
0.20168067226890754,0.05714285714285715,0.0002585196419877899
0.20168067226890754,0.05781512605042017,0.0002585196419877899
0.20168067226890754,0.05848739495798319,0.0002585196419877899
0.20168067226890754,0.05915966386554622,0.0002585196419877899
0.20168067226890754,0.05983193277310925,0.0002585196419877899
0.20168067226890754,0.060504201680672276,0.0002585196419877899
0.20168067226890754,0.06117647058823529,0.0002585196419877899
0.20168067226890754,0.06184873949579832,0.0002585196419877899
0.20168067226890754,0.06252100840336135,0.0002585196419877899
0.20168067226890754,0.06319327731092438,0.0002585196419877899
0.20168067226890754,0.06386554621848739,0.0002585196419877899
0.20168067226890754,0.06453781512605042,0.0002585196419877899
0.20168067226890754,0.06521008403361345,0.0002585196419877899
0.20168067226890754,0.06588235294117648,0.0002585196419877899
0.20168067226890754,0.0665546218487395,0.0002585196419877899
0.20168067226890754,0.06722689075630252,0.0002585196419877899
0.20168067226890754,0.06789915966386555,0.0002585196419877899
0.20168067226890754,0.06857142857142857,0.0002585196419877899
0.20168067226890754,0.0692436974789916,0.0002585196419877899
0.20168067226890754,0.06991596638655462,0.0002585196419877899
0.20168067226890754,0.07058823529411765,0.0002585196419877899
0.20168067226890754,0.07126050420168067,0.0002585196419877899
0.20168067226890754,0.0719327731092437,0.0002585196419877899
0.20168067226890754,0.07260504201680673,0.0002585196419877899
0.20168067226890754,0.07327731092436975,0.0002585196419877899
0.20168067226890754,0.07394957983193277,0.0002585196419877899
0.20168067226890754,0.0746218487394958,0.0002585196419877899
0.20168067226890754,0.07529411764705883,0.0002585196419877899
0.20168067226890754,0.07596638655462185,0.0002585196419877899
0.20168067226890754,0.07663865546218487,0.0002585196419877899
0.20168067226890754,0.0773109243697479,0.0002585196419877899
0.20168067226890754,0.07798319327731093,0.0002585196419877899
0.20168067226890754,0.07865546218487394,0.0002585196419877899
0.20168067226890754,0.07932773109243697,0.0002585196419877899
0.20168067226890754,0.07983193277310924,0.00025851964198779167
0.2042016806722689,0.0001680672268907563,0.0002585196419877899
0.2042016806722689,0.0006722689075630252,0.0002585196419877899
0.2042016806722689,0.0013445378151260505,0.0002585196419877899
0.2042016806722689,0.0020168067226890756,0.0002585196419877899
0.2042016806722689,0.002689075630252101,0.0002585196419877899
0.2042016806722689,0.0033613445378151263,0.0002585196419877899
0.2042016806722689,0.004033613445378151,0.0002585196419877899
0.2042016806722689,0.004705882352941176,0.0002585196419877899
0.2042016806722689,0.005378151260504202,0.0002585196419877899
0.2042016806722689,0.006050420168067228,0.0002585196419877899
0.2042016806722689,0.0067226890756302525,0.0002585196419877899
0.2042016806722689,0.007394957983193277,0.0002585196419877899
0.2042016806722689,0.008067226890756302,0.0002585196419877899
0.2042016806722689,0.008739495798319327,0.0002585196419877899
0.2042016806722689,0.009411764705882354,0.0002585196419877899
0.2042016806722689,0.010084033613445379,0.0002585196419877899
0.2042016806722689,0.010756302521008404,0.0002585196419877899
0.2042016806722689,0.011428571428571429,0.0002585196419877899
0.2042016806722689,0.012100840336134453,0.0002585196419877899
0.2042016806722689,0.01277310924369748,0.0002585196419877899
0.2042016806722689,0.013445378151260505,0.0002585196419877899
0.2042016806722689,0.01411764705882353,0.0002585196419877899
0.2042016806722689,0.014789915966386555,0.0002585196419877899
0.2042016806722689,0.01546218487394958,0.0002585196419877899
0.2042016806722689,0.016134453781512605,0.0002585196419877899
0.2042016806722689,0.01680672268907563,0.0002585196419877899
0.2042016806722689,0.017478991596638654,0.0002585196419877899
0.2042016806722689,0.018151260504201683,0.0002585196419877899
0.2042016806722689,0.018823529411764708,0.0002585196419877899
0.2042016806722689,0.019495798319327733,0.0002585196419877899
0.2042016806722689,0.020168067226890758,0.0002585196419877899
0.2042016806722689,0.020840336134453782,0.0002585196419877899
0.2042016806722689,0.021512605042016807,0.0002585196419877899
0.2042016806722689,0.022184873949579832,0.0002585196419877899
0.2042016806722689,0.022857142857142857,0.0002585196419877899
0.2042016806722689,0.023529411764705882,0.0002585196419877899
0.2042016806722689,0.024201680672268907,0.0002585196419877899
0.2042016806722689,0.024873949579831932,0.0002585196419877899
0.2042016806722689,0.02554621848739496,0.0002585196419877899
0.2042016806722689,0.026218487394957985,0.0002585196419877899
0.2042016806722689,0.02689075630252101,0.0002585196419877899
0.2042016806722689,0.027563025210084035,0.0002585196419877899
0.2042016806722689,0.02823529411764706,0.0002585196419877899
0.2042016806722689,0.028907563025210085,0.0002585196419877899
0.2042016806722689,0.02957983193277311,0.0002585196419877899
0.2042016806722689,0.030252100840336135,0.0002585196419877899
0.2042016806722689,0.03092436974789916,0.0002585196419877899
0.2042016806722689,0.03159663865546218,0.0002585196419877899
0.2042016806722689,0.03226890756302521,0.0002585196419877899
0.2042016806722689,0.03294117647058824,0.0002585196419877899
0.2042016806722689,0.033613445378151266,0.0002585196419877899
0.2042016806722689,0.03428571428571428,0.0002585196419877899
0.2042016806722689,0.03495798319327731,0.0002585196419877899
0.2042016806722689,0.03563025210084034,0.0002585196419877899
0.2042016806722689,0.036302521008403366,0.0002585196419877899
0.2042016806722689,0.036974789915966394,0.0002585196419877899
0.2042016806722689,0.03764705882352941,0.0002585196419877899
0.2042016806722689,0.03831932773109244,0.0002585196419877899
0.2042016806722689,0.038991596638655465,0.0002585196419877899
0.2042016806722689,0.039663865546218494,0.0002585196419877899
0.2042016806722689,0.04033613445378151,0.0002585196419877899
0.2042016806722689,0.041008403361344536,0.0002585196419877899
0.2042016806722689,0.041680672268907565,0.0002585196419877899
0.2042016806722689,0.04235294117647059,0.0002585196419877899
0.2042016806722689,0.043025210084033615,0.0002585196419877899
0.2042016806722689,0.043697478991596636,0.0002585196419877899
0.2042016806722689,0.044369747899159664,0.0002585196419877899
0.2042016806722689,0.04504201680672269,0.0002585196419877899
0.2042016806722689,0.04571428571428572,0.0002585196419877899
0.2042016806722689,0.046386554621848736,0.0002585196419877899
0.2042016806722689,0.047058823529411764,0.0002585196419877899
0.2042016806722689,0.04773109243697479,0.0002585196419877899
0.2042016806722689,0.04840336134453782,0.0002585196419877899
0.2042016806722689,0.049075630252100835,0.0002585196419877899
0.2042016806722689,0.049747899159663864,0.0002585196419877899
0.2042016806722689,0.05042016806722689,0.0002585196419877899
0.2042016806722689,0.05109243697478992,0.0002585196419877899
0.2042016806722689,0.05176470588235295,0.0002585196419877899
0.2042016806722689,0.05243697478991596,0.0002585196419877899
0.2042016806722689,0.05310924369747899,0.0002585196419877899
0.2042016806722689,0.05378151260504202,0.0002585196419877899
0.2042016806722689,0.05445378151260505,0.0002585196419877899
0.2042016806722689,0.05512605042016806,0.0002585196419877899
0.2042016806722689,0.05579831932773109,0.0002585196419877899
0.2042016806722689,0.05647058823529412,0.0002585196419877899
0.2042016806722689,0.05714285714285715,0.0002585196419877899
0.2042016806722689,0.05781512605042017,0.0002585196419877899
0.2042016806722689,0.05848739495798319,0.0002585196419877899
0.2042016806722689,0.05915966386554622,0.0002585196419877899
0.2042016806722689,0.05983193277310925,0.0002585196419877899
0.2042016806722689,0.060504201680672276,0.0002585196419877899
0.2042016806722689,0.06117647058823529,0.0002585196419877899
0.2042016806722689,0.06184873949579832,0.0002585196419877899
0.2042016806722689,0.06252100840336135,0.0002585196419877899
0.2042016806722689,0.06319327731092438,0.0002585196419877899
0.2042016806722689,0.06386554621848739,0.0002585196419877899
0.2042016806722689,0.06453781512605042,0.0002585196419877899
0.2042016806722689,0.06521008403361345,0.0002585196419877899
0.2042016806722689,0.06588235294117648,0.0002585196419877899
0.2042016806722689,0.0665546218487395,0.0002585196419877899
0.2042016806722689,0.06722689075630252,0.0002585196419877899
0.2042016806722689,0.06789915966386555,0.0002585196419877899
0.2042016806722689,0.06857142857142857,0.0002585196419877899
0.2042016806722689,0.0692436974789916,0.0002585196419877899
0.2042016806722689,0.06991596638655462,0.0002585196419877899
0.2042016806722689,0.07058823529411765,0.0002585196419877899
0.2042016806722689,0.07126050420168067,0.0002585196419877899
0.2042016806722689,0.0719327731092437,0.0002585196419877899
0.2042016806722689,0.07260504201680673,0.0002585196419877899
0.2042016806722689,0.07327731092436975,0.0002585196419877899
0.2042016806722689,0.07394957983193277,0.0002585196419877899
0.2042016806722689,0.0746218487394958,0.0002585196419877899
0.2042016806722689,0.07529411764705883,0.0002585196419877899
0.2042016806722689,0.07596638655462185,0.0002585196419877899
0.2042016806722689,0.07663865546218487,0.0002585196419877899
0.2042016806722689,0.0773109243697479,0.0002585196419877899
0.2042016806722689,0.07798319327731093,0.0002585196419877899
0.2042016806722689,0.07865546218487394,0.0002585196419877899
0.2042016806722689,0.07932773109243697,0.0002585196419877899
0.2042016806722689,0.07983193277310924,0.00025851964198779167
0.20672268907563024,0.0001680672268907563,0.0002585196419877899
0.20672268907563024,0.0006722689075630252,0.0002585196419877899
0.20672268907563024,0.0013445378151260505,0.0002585196419877899
0.20672268907563024,0.0020168067226890756,0.0002585196419877899
0.20672268907563024,0.002689075630252101,0.0002585196419877899
0.20672268907563024,0.0033613445378151263,0.0002585196419877899
0.20672268907563024,0.004033613445378151,0.0002585196419877899
0.20672268907563024,0.004705882352941176,0.0002585196419877899
0.20672268907563024,0.005378151260504202,0.0002585196419877899
0.20672268907563024,0.006050420168067228,0.0002585196419877899
0.20672268907563024,0.0067226890756302525,0.0002585196419877899
0.20672268907563024,0.007394957983193277,0.0002585196419877899
0.20672268907563024,0.008067226890756302,0.0002585196419877899
0.20672268907563024,0.008739495798319327,0.0002585196419877899
0.20672268907563024,0.009411764705882354,0.0002585196419877899
0.20672268907563024,0.010084033613445379,0.0002585196419877899
0.20672268907563024,0.010756302521008404,0.0002585196419877899
0.20672268907563024,0.011428571428571429,0.0002585196419877899
0.20672268907563024,0.012100840336134453,0.0002585196419877899
0.20672268907563024,0.01277310924369748,0.0002585196419877899
0.20672268907563024,0.013445378151260505,0.0002585196419877899
0.20672268907563024,0.01411764705882353,0.0002585196419877899
0.20672268907563024,0.014789915966386555,0.0002585196419877899
0.20672268907563024,0.01546218487394958,0.0002585196419877899
0.20672268907563024,0.016134453781512605,0.0002585196419877899
0.20672268907563024,0.01680672268907563,0.0002585196419877899
0.20672268907563024,0.017478991596638654,0.0002585196419877899
0.20672268907563024,0.018151260504201683,0.0002585196419877899
0.20672268907563024,0.018823529411764708,0.0002585196419877899
0.20672268907563024,0.019495798319327733,0.0002585196419877899
0.20672268907563024,0.020168067226890758,0.0002585196419877899
0.20672268907563024,0.020840336134453782,0.0002585196419877899
0.20672268907563024,0.021512605042016807,0.0002585196419877899
0.20672268907563024,0.022184873949579832,0.0002585196419877899
0.20672268907563024,0.022857142857142857,0.0002585196419877899
0.20672268907563024,0.023529411764705882,0.0002585196419877899
0.20672268907563024,0.024201680672268907,0.0002585196419877899
0.20672268907563024,0.024873949579831932,0.0002585196419877899
0.20672268907563024,0.02554621848739496,0.0002585196419877899
0.20672268907563024,0.026218487394957985,0.0002585196419877899
0.20672268907563024,0.02689075630252101,0.0002585196419877899
0.20672268907563024,0.027563025210084035,0.0002585196419877899
0.20672268907563024,0.02823529411764706,0.0002585196419877899
0.20672268907563024,0.028907563025210085,0.0002585196419877899
0.20672268907563024,0.02957983193277311,0.0002585196419877899
0.20672268907563024,0.030252100840336135,0.0002585196419877899
0.20672268907563024,0.03092436974789916,0.0002585196419877899
0.20672268907563024,0.03159663865546218,0.0002585196419877899
0.20672268907563024,0.03226890756302521,0.0002585196419877899
0.20672268907563024,0.03294117647058824,0.0002585196419877899
0.20672268907563024,0.033613445378151266,0.0002585196419877899
0.20672268907563024,0.03428571428571428,0.0002585196419877899
0.20672268907563024,0.03495798319327731,0.0002585196419877899
0.20672268907563024,0.03563025210084034,0.0002585196419877899
0.20672268907563024,0.036302521008403366,0.0002585196419877899
0.20672268907563024,0.036974789915966394,0.0002585196419877899
0.20672268907563024,0.03764705882352941,0.0002585196419877899
0.20672268907563024,0.03831932773109244,0.0002585196419877899
0.20672268907563024,0.038991596638655465,0.0002585196419877899
0.20672268907563024,0.039663865546218494,0.0002585196419877899
0.20672268907563024,0.04033613445378151,0.0002585196419877899
0.20672268907563024,0.041008403361344536,0.0002585196419877899
0.20672268907563024,0.041680672268907565,0.0002585196419877899
0.20672268907563024,0.04235294117647059,0.0002585196419877899
0.20672268907563024,0.043025210084033615,0.0002585196419877899
0.20672268907563024,0.043697478991596636,0.0002585196419877899
0.20672268907563024,0.044369747899159664,0.0002585196419877899
0.20672268907563024,0.04504201680672269,0.0002585196419877899
0.20672268907563024,0.04571428571428572,0.0002585196419877899
0.20672268907563024,0.046386554621848736,0.0002585196419877899
0.20672268907563024,0.047058823529411764,0.0002585196419877899
0.20672268907563024,0.04773109243697479,0.0002585196419877899
0.20672268907563024,0.04840336134453782,0.0002585196419877899
0.20672268907563024,0.049075630252100835,0.0002585196419877899
0.20672268907563024,0.049747899159663864,0.0002585196419877899
0.20672268907563024,0.05042016806722689,0.0002585196419877899
0.20672268907563024,0.05109243697478992,0.0002585196419877899
0.20672268907563024,0.05176470588235295,0.0002585196419877899
0.20672268907563024,0.05243697478991596,0.0002585196419877899
0.20672268907563024,0.05310924369747899,0.0002585196419877899
0.20672268907563024,0.05378151260504202,0.0002585196419877899
0.20672268907563024,0.05445378151260505,0.0002585196419877899
0.20672268907563024,0.05512605042016806,0.0002585196419877899
0.20672268907563024,0.05579831932773109,0.0002585196419877899
0.20672268907563024,0.05647058823529412,0.0002585196419877899
0.20672268907563024,0.05714285714285715,0.0002585196419877899
0.20672268907563024,0.05781512605042017,0.0002585196419877899
0.20672268907563024,0.05848739495798319,0.0002585196419877899
0.20672268907563024,0.05915966386554622,0.0002585196419877899
0.20672268907563024,0.05983193277310925,0.0002585196419877899
0.20672268907563024,0.060504201680672276,0.0002585196419877899
0.20672268907563024,0.06117647058823529,0.0002585196419877899
0.20672268907563024,0.06184873949579832,0.0002585196419877899
0.20672268907563024,0.06252100840336135,0.0002585196419877899
0.20672268907563024,0.06319327731092438,0.0002585196419877899
0.20672268907563024,0.06386554621848739,0.0002585196419877899
0.20672268907563024,0.06453781512605042,0.0002585196419877899
0.20672268907563024,0.06521008403361345,0.0002585196419877899
0.20672268907563024,0.06588235294117648,0.0002585196419877899
0.20672268907563024,0.0665546218487395,0.0002585196419877899
0.20672268907563024,0.06722689075630252,0.0002585196419877899
0.20672268907563024,0.06789915966386555,0.0002585196419877899
0.20672268907563024,0.06857142857142857,0.0002585196419877899
0.20672268907563024,0.0692436974789916,0.0002585196419877899
0.20672268907563024,0.06991596638655462,0.0002585196419877899
0.20672268907563024,0.07058823529411765,0.0002585196419877899
0.20672268907563024,0.07126050420168067,0.0002585196419877899
0.20672268907563024,0.0719327731092437,0.0002585196419877899
0.20672268907563024,0.07260504201680673,0.0002585196419877899
0.20672268907563024,0.07327731092436975,0.0002585196419877899
0.20672268907563024,0.07394957983193277,0.0002585196419877899
0.20672268907563024,0.0746218487394958,0.0002585196419877899
0.20672268907563024,0.07529411764705883,0.0002585196419877899
0.20672268907563024,0.07596638655462185,0.0002585196419877899
0.20672268907563024,0.07663865546218487,0.0002585196419877899
0.20672268907563024,0.0773109243697479,0.0002585196419877899
0.20672268907563024,0.07798319327731093,0.0002585196419877899
0.20672268907563024,0.07865546218487394,0.0002585196419877899
0.20672268907563024,0.07932773109243697,0.0002585196419877899
0.20672268907563024,0.07983193277310924,0.00025851964198779167
0.20924369747899157,0.0001680672268907563,0.0002585196419877899
0.20924369747899157,0.0006722689075630252,0.0002585196419877899
0.20924369747899157,0.0013445378151260505,0.0002585196419877899
0.20924369747899157,0.0020168067226890756,0.0002585196419877899
0.20924369747899157,0.002689075630252101,0.0002585196419877899
0.20924369747899157,0.0033613445378151263,0.0002585196419877899
0.20924369747899157,0.004033613445378151,0.0002585196419877899
0.20924369747899157,0.004705882352941176,0.0002585196419877899
0.20924369747899157,0.005378151260504202,0.0002585196419877899
0.20924369747899157,0.006050420168067228,0.0002585196419877899
0.20924369747899157,0.0067226890756302525,0.0002585196419877899
0.20924369747899157,0.007394957983193277,0.0002585196419877899
0.20924369747899157,0.008067226890756302,0.0002585196419877899
0.20924369747899157,0.008739495798319327,0.0002585196419877899
0.20924369747899157,0.009411764705882354,0.0002585196419877899
0.20924369747899157,0.010084033613445379,0.0002585196419877899
0.20924369747899157,0.010756302521008404,0.0002585196419877899
0.20924369747899157,0.011428571428571429,0.0002585196419877899
0.20924369747899157,0.012100840336134453,0.0002585196419877899
0.20924369747899157,0.01277310924369748,0.0002585196419877899
0.20924369747899157,0.013445378151260505,0.0002585196419877899
0.20924369747899157,0.01411764705882353,0.0002585196419877899
0.20924369747899157,0.014789915966386555,0.0002585196419877899
0.20924369747899157,0.01546218487394958,0.0002585196419877899
0.20924369747899157,0.016134453781512605,0.0002585196419877899
0.20924369747899157,0.01680672268907563,0.0002585196419877899
0.20924369747899157,0.017478991596638654,0.0002585196419877899
0.20924369747899157,0.018151260504201683,0.0002585196419877899
0.20924369747899157,0.018823529411764708,0.0002585196419877899
0.20924369747899157,0.019495798319327733,0.0002585196419877899
0.20924369747899157,0.020168067226890758,0.0002585196419877899
0.20924369747899157,0.020840336134453782,0.0002585196419877899
0.20924369747899157,0.021512605042016807,0.0002585196419877899
0.20924369747899157,0.022184873949579832,0.0002585196419877899
0.20924369747899157,0.022857142857142857,0.0002585196419877899
0.20924369747899157,0.023529411764705882,0.0002585196419877899
0.20924369747899157,0.024201680672268907,0.0002585196419877899
0.20924369747899157,0.024873949579831932,0.0002585196419877899
0.20924369747899157,0.02554621848739496,0.0002585196419877899
0.20924369747899157,0.026218487394957985,0.0002585196419877899
0.20924369747899157,0.02689075630252101,0.0002585196419877899
0.20924369747899157,0.027563025210084035,0.0002585196419877899
0.20924369747899157,0.02823529411764706,0.0002585196419877899
0.20924369747899157,0.028907563025210085,0.0002585196419877899
0.20924369747899157,0.02957983193277311,0.0002585196419877899
0.20924369747899157,0.030252100840336135,0.0002585196419877899
0.20924369747899157,0.03092436974789916,0.0002585196419877899
0.20924369747899157,0.03159663865546218,0.0002585196419877899
0.20924369747899157,0.03226890756302521,0.0002585196419877899
0.20924369747899157,0.03294117647058824,0.0002585196419877899
0.20924369747899157,0.033613445378151266,0.0002585196419877899
0.20924369747899157,0.03428571428571428,0.0002585196419877899
0.20924369747899157,0.03495798319327731,0.0002585196419877899
0.20924369747899157,0.03563025210084034,0.0002585196419877899
0.20924369747899157,0.036302521008403366,0.0002585196419877899
0.20924369747899157,0.036974789915966394,0.0002585196419877899
0.20924369747899157,0.03764705882352941,0.0002585196419877899
0.20924369747899157,0.03831932773109244,0.0002585196419877899
0.20924369747899157,0.038991596638655465,0.0002585196419877899
0.20924369747899157,0.039663865546218494,0.0002585196419877899
0.20924369747899157,0.04033613445378151,0.0002585196419877899
0.20924369747899157,0.041008403361344536,0.0002585196419877899
0.20924369747899157,0.041680672268907565,0.0002585196419877899
0.20924369747899157,0.04235294117647059,0.0002585196419877899
0.20924369747899157,0.043025210084033615,0.0002585196419877899
0.20924369747899157,0.043697478991596636,0.0002585196419877899
0.20924369747899157,0.044369747899159664,0.0002585196419877899
0.20924369747899157,0.04504201680672269,0.0002585196419877899
0.20924369747899157,0.04571428571428572,0.0002585196419877899
0.20924369747899157,0.046386554621848736,0.0002585196419877899
0.20924369747899157,0.047058823529411764,0.0002585196419877899
0.20924369747899157,0.04773109243697479,0.0002585196419877899
0.20924369747899157,0.04840336134453782,0.0002585196419877899
0.20924369747899157,0.049075630252100835,0.0002585196419877899
0.20924369747899157,0.049747899159663864,0.0002585196419877899
0.20924369747899157,0.05042016806722689,0.0002585196419877899
0.20924369747899157,0.05109243697478992,0.0002585196419877899
0.20924369747899157,0.05176470588235295,0.0002585196419877899
0.20924369747899157,0.05243697478991596,0.0002585196419877899
0.20924369747899157,0.05310924369747899,0.0002585196419877899
0.20924369747899157,0.05378151260504202,0.0002585196419877899
0.20924369747899157,0.05445378151260505,0.0002585196419877899
0.20924369747899157,0.05512605042016806,0.0002585196419877899
0.20924369747899157,0.05579831932773109,0.0002585196419877899
0.20924369747899157,0.05647058823529412,0.0002585196419877899
0.20924369747899157,0.05714285714285715,0.0002585196419877899
0.20924369747899157,0.05781512605042017,0.0002585196419877899
0.20924369747899157,0.05848739495798319,0.0002585196419877899
0.20924369747899157,0.05915966386554622,0.0002585196419877899
0.20924369747899157,0.05983193277310925,0.0002585196419877899
0.20924369747899157,0.060504201680672276,0.0002585196419877899
0.20924369747899157,0.06117647058823529,0.0002585196419877899
0.20924369747899157,0.06184873949579832,0.0002585196419877899
0.20924369747899157,0.06252100840336135,0.0002585196419877899
0.20924369747899157,0.06319327731092438,0.0002585196419877899
0.20924369747899157,0.06386554621848739,0.0002585196419877899
0.20924369747899157,0.06453781512605042,0.0002585196419877899
0.20924369747899157,0.06521008403361345,0.0002585196419877899
0.20924369747899157,0.06588235294117648,0.0002585196419877899
0.20924369747899157,0.0665546218487395,0.0002585196419877899
0.20924369747899157,0.06722689075630252,0.0002585196419877899
0.20924369747899157,0.06789915966386555,0.0002585196419877899
0.20924369747899157,0.06857142857142857,0.0002585196419877899
0.20924369747899157,0.0692436974789916,0.0002585196419877899
0.20924369747899157,0.06991596638655462,0.0002585196419877899
0.20924369747899157,0.07058823529411765,0.0002585196419877899
0.20924369747899157,0.07126050420168067,0.0002585196419877899
0.20924369747899157,0.0719327731092437,0.0002585196419877899
0.20924369747899157,0.07260504201680673,0.0002585196419877899
0.20924369747899157,0.07327731092436975,0.0002585196419877899
0.20924369747899157,0.07394957983193277,0.0002585196419877899
0.20924369747899157,0.0746218487394958,0.0002585196419877899
0.20924369747899157,0.07529411764705883,0.0002585196419877899
0.20924369747899157,0.07596638655462185,0.0002585196419877899
0.20924369747899157,0.07663865546218487,0.0002585196419877899
0.20924369747899157,0.0773109243697479,0.0002585196419877899
0.20924369747899157,0.07798319327731093,0.0002585196419877899
0.20924369747899157,0.07865546218487394,0.0002585196419877899
0.20924369747899157,0.07932773109243697,0.0002585196419877899
0.20924369747899157,0.07983193277310924,0.00025851964198779167
0.2117647058823529,0.0001680672268907563,0.0002585196419877899
0.2117647058823529,0.0006722689075630252,0.0002585196419877899
0.2117647058823529,0.0013445378151260505,0.0002585196419877899
0.2117647058823529,0.0020168067226890756,0.0002585196419877899
0.2117647058823529,0.002689075630252101,0.0002585196419877899
0.2117647058823529,0.0033613445378151263,0.0002585196419877899
0.2117647058823529,0.004033613445378151,0.0002585196419877899
0.2117647058823529,0.004705882352941176,0.0002585196419877899
0.2117647058823529,0.005378151260504202,0.0002585196419877899
0.2117647058823529,0.006050420168067228,0.0002585196419877899
0.2117647058823529,0.0067226890756302525,0.0002585196419877899
0.2117647058823529,0.007394957983193277,0.0002585196419877899
0.2117647058823529,0.008067226890756302,0.0002585196419877899
0.2117647058823529,0.008739495798319327,0.0002585196419877899
0.2117647058823529,0.009411764705882354,0.0002585196419877899
0.2117647058823529,0.010084033613445379,0.0002585196419877899
0.2117647058823529,0.010756302521008404,0.0002585196419877899
0.2117647058823529,0.011428571428571429,0.0002585196419877899
0.2117647058823529,0.012100840336134453,0.0002585196419877899
0.2117647058823529,0.01277310924369748,0.0002585196419877899
0.2117647058823529,0.013445378151260505,0.0002585196419877899
0.2117647058823529,0.01411764705882353,0.0002585196419877899
0.2117647058823529,0.014789915966386555,0.0002585196419877899
0.2117647058823529,0.01546218487394958,0.0002585196419877899
0.2117647058823529,0.016134453781512605,0.0002585196419877899
0.2117647058823529,0.01680672268907563,0.0002585196419877899
0.2117647058823529,0.017478991596638654,0.0002585196419877899
0.2117647058823529,0.018151260504201683,0.0002585196419877899
0.2117647058823529,0.018823529411764708,0.0002585196419877899
0.2117647058823529,0.019495798319327733,0.0002585196419877899
0.2117647058823529,0.020168067226890758,0.0002585196419877899
0.2117647058823529,0.020840336134453782,0.0002585196419877899
0.2117647058823529,0.021512605042016807,0.0002585196419877899
0.2117647058823529,0.022184873949579832,0.0002585196419877899
0.2117647058823529,0.022857142857142857,0.0002585196419877899
0.2117647058823529,0.023529411764705882,0.0002585196419877899
0.2117647058823529,0.024201680672268907,0.0002585196419877899
0.2117647058823529,0.024873949579831932,0.0002585196419877899
0.2117647058823529,0.02554621848739496,0.0002585196419877899
0.2117647058823529,0.026218487394957985,0.0002585196419877899
0.2117647058823529,0.02689075630252101,0.0002585196419877899
0.2117647058823529,0.027563025210084035,0.0002585196419877899
0.2117647058823529,0.02823529411764706,0.0002585196419877899
0.2117647058823529,0.028907563025210085,0.0002585196419877899
0.2117647058823529,0.02957983193277311,0.0002585196419877899
0.2117647058823529,0.030252100840336135,0.0002585196419877899
0.2117647058823529,0.03092436974789916,0.0002585196419877899
0.2117647058823529,0.03159663865546218,0.0002585196419877899
0.2117647058823529,0.03226890756302521,0.0002585196419877899
0.2117647058823529,0.03294117647058824,0.0002585196419877899
0.2117647058823529,0.033613445378151266,0.0002585196419877899
0.2117647058823529,0.03428571428571428,0.0002585196419877899
0.2117647058823529,0.03495798319327731,0.0002585196419877899
0.2117647058823529,0.03563025210084034,0.0002585196419877899
0.2117647058823529,0.036302521008403366,0.0002585196419877899
0.2117647058823529,0.036974789915966394,0.0002585196419877899
0.2117647058823529,0.03764705882352941,0.0002585196419877899
0.2117647058823529,0.03831932773109244,0.0002585196419877899
0.2117647058823529,0.038991596638655465,0.0002585196419877899
0.2117647058823529,0.039663865546218494,0.0002585196419877899
0.2117647058823529,0.04033613445378151,0.0002585196419877899
0.2117647058823529,0.041008403361344536,0.0002585196419877899
0.2117647058823529,0.041680672268907565,0.0002585196419877899
0.2117647058823529,0.04235294117647059,0.0002585196419877899
0.2117647058823529,0.043025210084033615,0.0002585196419877899
0.2117647058823529,0.043697478991596636,0.0002585196419877899
0.2117647058823529,0.044369747899159664,0.0002585196419877899
0.2117647058823529,0.04504201680672269,0.0002585196419877899
0.2117647058823529,0.04571428571428572,0.0002585196419877899
0.2117647058823529,0.046386554621848736,0.0002585196419877899
0.2117647058823529,0.047058823529411764,0.0002585196419877899
0.2117647058823529,0.04773109243697479,0.0002585196419877899
0.2117647058823529,0.04840336134453782,0.0002585196419877899
0.2117647058823529,0.049075630252100835,0.0002585196419877899
0.2117647058823529,0.049747899159663864,0.0002585196419877899
0.2117647058823529,0.05042016806722689,0.0002585196419877899
0.2117647058823529,0.05109243697478992,0.0002585196419877899
0.2117647058823529,0.05176470588235295,0.0002585196419877899
0.2117647058823529,0.05243697478991596,0.0002585196419877899
0.2117647058823529,0.05310924369747899,0.0002585196419877899
0.2117647058823529,0.05378151260504202,0.0002585196419877899
0.2117647058823529,0.05445378151260505,0.0002585196419877899
0.2117647058823529,0.05512605042016806,0.0002585196419877899
0.2117647058823529,0.05579831932773109,0.0002585196419877899
0.2117647058823529,0.05647058823529412,0.0002585196419877899
0.2117647058823529,0.05714285714285715,0.0002585196419877899
0.2117647058823529,0.05781512605042017,0.0002585196419877899
0.2117647058823529,0.05848739495798319,0.0002585196419877899
0.2117647058823529,0.05915966386554622,0.0002585196419877899
0.2117647058823529,0.05983193277310925,0.0002585196419877899
0.2117647058823529,0.060504201680672276,0.0002585196419877899
0.2117647058823529,0.06117647058823529,0.0002585196419877899
0.2117647058823529,0.06184873949579832,0.0002585196419877899
0.2117647058823529,0.06252100840336135,0.0002585196419877899
0.2117647058823529,0.06319327731092438,0.0002585196419877899
0.2117647058823529,0.06386554621848739,0.0002585196419877899
0.2117647058823529,0.06453781512605042,0.0002585196419877899
0.2117647058823529,0.06521008403361345,0.0002585196419877899
0.2117647058823529,0.06588235294117648,0.0002585196419877899
0.2117647058823529,0.0665546218487395,0.0002585196419877899
0.2117647058823529,0.06722689075630252,0.0002585196419877899
0.2117647058823529,0.06789915966386555,0.0002585196419877899
0.2117647058823529,0.06857142857142857,0.0002585196419877899
0.2117647058823529,0.0692436974789916,0.0002585196419877899
0.2117647058823529,0.06991596638655462,0.0002585196419877899
0.2117647058823529,0.07058823529411765,0.0002585196419877899
0.2117647058823529,0.07126050420168067,0.0002585196419877899
0.2117647058823529,0.0719327731092437,0.0002585196419877899
0.2117647058823529,0.07260504201680673,0.0002585196419877899
0.2117647058823529,0.07327731092436975,0.0002585196419877899
0.2117647058823529,0.07394957983193277,0.0002585196419877899
0.2117647058823529,0.0746218487394958,0.0002585196419877899
0.2117647058823529,0.07529411764705883,0.0002585196419877899
0.2117647058823529,0.07596638655462185,0.0002585196419877899
0.2117647058823529,0.07663865546218487,0.0002585196419877899
0.2117647058823529,0.0773109243697479,0.0002585196419877899
0.2117647058823529,0.07798319327731093,0.0002585196419877899
0.2117647058823529,0.07865546218487394,0.0002585196419877899
0.2117647058823529,0.07932773109243697,0.0002585196419877899
0.2117647058823529,0.07983193277310924,0.00025851964198779167
0.21428571428571425,0.0001680672268907563,0.0002585196419877899
0.21428571428571425,0.0006722689075630252,0.0002585196419877899
0.21428571428571425,0.0013445378151260505,0.0002585196419877899
0.21428571428571425,0.0020168067226890756,0.0002585196419877899
0.21428571428571425,0.002689075630252101,0.0002585196419877899
0.21428571428571425,0.0033613445378151263,0.0002585196419877899
0.21428571428571425,0.004033613445378151,0.0002585196419877899
0.21428571428571425,0.004705882352941176,0.0002585196419877899
0.21428571428571425,0.005378151260504202,0.0002585196419877899
0.21428571428571425,0.006050420168067228,0.0002585196419877899
0.21428571428571425,0.0067226890756302525,0.0002585196419877899
0.21428571428571425,0.007394957983193277,0.0002585196419877899
0.21428571428571425,0.008067226890756302,0.0002585196419877899
0.21428571428571425,0.008739495798319327,0.0002585196419877899
0.21428571428571425,0.009411764705882354,0.0002585196419877899
0.21428571428571425,0.010084033613445379,0.0002585196419877899
0.21428571428571425,0.010756302521008404,0.0002585196419877899
0.21428571428571425,0.011428571428571429,0.0002585196419877899
0.21428571428571425,0.012100840336134453,0.0002585196419877899
0.21428571428571425,0.01277310924369748,0.0002585196419877899
0.21428571428571425,0.013445378151260505,0.0002585196419877899
0.21428571428571425,0.01411764705882353,0.0002585196419877899
0.21428571428571425,0.014789915966386555,0.0002585196419877899
0.21428571428571425,0.01546218487394958,0.0002585196419877899
0.21428571428571425,0.016134453781512605,0.0002585196419877899
0.21428571428571425,0.01680672268907563,0.0002585196419877899
0.21428571428571425,0.017478991596638654,0.0002585196419877899
0.21428571428571425,0.018151260504201683,0.0002585196419877899
0.21428571428571425,0.018823529411764708,0.0002585196419877899
0.21428571428571425,0.019495798319327733,0.0002585196419877899
0.21428571428571425,0.020168067226890758,0.0002585196419877899
0.21428571428571425,0.020840336134453782,0.0002585196419877899
0.21428571428571425,0.021512605042016807,0.0002585196419877899
0.21428571428571425,0.022184873949579832,0.0002585196419877899
0.21428571428571425,0.022857142857142857,0.0002585196419877899
0.21428571428571425,0.023529411764705882,0.0002585196419877899
0.21428571428571425,0.024201680672268907,0.0002585196419877899
0.21428571428571425,0.024873949579831932,0.0002585196419877899
0.21428571428571425,0.02554621848739496,0.0002585196419877899
0.21428571428571425,0.026218487394957985,0.0002585196419877899
0.21428571428571425,0.02689075630252101,0.0002585196419877899
0.21428571428571425,0.027563025210084035,0.0002585196419877899
0.21428571428571425,0.02823529411764706,0.0002585196419877899
0.21428571428571425,0.028907563025210085,0.0002585196419877899
0.21428571428571425,0.02957983193277311,0.0002585196419877899
0.21428571428571425,0.030252100840336135,0.0002585196419877899
0.21428571428571425,0.03092436974789916,0.0002585196419877899
0.21428571428571425,0.03159663865546218,0.0002585196419877899
0.21428571428571425,0.03226890756302521,0.0002585196419877899
0.21428571428571425,0.03294117647058824,0.0002585196419877899
0.21428571428571425,0.033613445378151266,0.0002585196419877899
0.21428571428571425,0.03428571428571428,0.0002585196419877899
0.21428571428571425,0.03495798319327731,0.0002585196419877899
0.21428571428571425,0.03563025210084034,0.0002585196419877899
0.21428571428571425,0.036302521008403366,0.0002585196419877899
0.21428571428571425,0.036974789915966394,0.0002585196419877899
0.21428571428571425,0.03764705882352941,0.0002585196419877899
0.21428571428571425,0.03831932773109244,0.0002585196419877899
0.21428571428571425,0.038991596638655465,0.0002585196419877899
0.21428571428571425,0.039663865546218494,0.0002585196419877899
0.21428571428571425,0.04033613445378151,0.0002585196419877899
0.21428571428571425,0.041008403361344536,0.0002585196419877899
0.21428571428571425,0.041680672268907565,0.0002585196419877899
0.21428571428571425,0.04235294117647059,0.0002585196419877899
0.21428571428571425,0.043025210084033615,0.0002585196419877899
0.21428571428571425,0.043697478991596636,0.0002585196419877899
0.21428571428571425,0.044369747899159664,0.0002585196419877899
0.21428571428571425,0.04504201680672269,0.0002585196419877899
0.21428571428571425,0.04571428571428572,0.0002585196419877899
0.21428571428571425,0.046386554621848736,0.0002585196419877899
0.21428571428571425,0.047058823529411764,0.0002585196419877899
0.21428571428571425,0.04773109243697479,0.0002585196419877899
0.21428571428571425,0.04840336134453782,0.0002585196419877899
0.21428571428571425,0.049075630252100835,0.0002585196419877899
0.21428571428571425,0.049747899159663864,0.0002585196419877899
0.21428571428571425,0.05042016806722689,0.0002585196419877899
0.21428571428571425,0.05109243697478992,0.0002585196419877899
0.21428571428571425,0.05176470588235295,0.0002585196419877899
0.21428571428571425,0.05243697478991596,0.0002585196419877899
0.21428571428571425,0.05310924369747899,0.0002585196419877899
0.21428571428571425,0.05378151260504202,0.0002585196419877899
0.21428571428571425,0.05445378151260505,0.0002585196419877899
0.21428571428571425,0.05512605042016806,0.0002585196419877899
0.21428571428571425,0.05579831932773109,0.0002585196419877899
0.21428571428571425,0.05647058823529412,0.0002585196419877899
0.21428571428571425,0.05714285714285715,0.0002585196419877899
0.21428571428571425,0.05781512605042017,0.0002585196419877899
0.21428571428571425,0.05848739495798319,0.0002585196419877899
0.21428571428571425,0.05915966386554622,0.0002585196419877899
0.21428571428571425,0.05983193277310925,0.0002585196419877899
0.21428571428571425,0.060504201680672276,0.0002585196419877899
0.21428571428571425,0.06117647058823529,0.0002585196419877899
0.21428571428571425,0.06184873949579832,0.0002585196419877899
0.21428571428571425,0.06252100840336135,0.0002585196419877899
0.21428571428571425,0.06319327731092438,0.0002585196419877899
0.21428571428571425,0.06386554621848739,0.0002585196419877899
0.21428571428571425,0.06453781512605042,0.0002585196419877899
0.21428571428571425,0.06521008403361345,0.0002585196419877899
0.21428571428571425,0.06588235294117648,0.0002585196419877899
0.21428571428571425,0.0665546218487395,0.0002585196419877899
0.21428571428571425,0.06722689075630252,0.0002585196419877899
0.21428571428571425,0.06789915966386555,0.0002585196419877899
0.21428571428571425,0.06857142857142857,0.0002585196419877899
0.21428571428571425,0.0692436974789916,0.0002585196419877899
0.21428571428571425,0.06991596638655462,0.0002585196419877899
0.21428571428571425,0.07058823529411765,0.0002585196419877899
0.21428571428571425,0.07126050420168067,0.0002585196419877899
0.21428571428571425,0.0719327731092437,0.0002585196419877899
0.21428571428571425,0.07260504201680673,0.0002585196419877899
0.21428571428571425,0.07327731092436975,0.0002585196419877899
0.21428571428571425,0.07394957983193277,0.0002585196419877899
0.21428571428571425,0.0746218487394958,0.0002585196419877899
0.21428571428571425,0.07529411764705883,0.0002585196419877899
0.21428571428571425,0.07596638655462185,0.0002585196419877899
0.21428571428571425,0.07663865546218487,0.0002585196419877899
0.21428571428571425,0.0773109243697479,0.0002585196419877899
0.21428571428571425,0.07798319327731093,0.0002585196419877899
0.21428571428571425,0.07865546218487394,0.0002585196419877899
0.21428571428571425,0.07932773109243697,0.0002585196419877899
0.21428571428571425,0.07983193277310924,0.00025851964198779167
0.2168067226890756,0.0001680672268907563,0.0002585196419877899
0.2168067226890756,0.0006722689075630252,0.0002585196419877899
0.2168067226890756,0.0013445378151260505,0.0002585196419877899
0.2168067226890756,0.0020168067226890756,0.0002585196419877899
0.2168067226890756,0.002689075630252101,0.0002585196419877899
0.2168067226890756,0.0033613445378151263,0.0002585196419877899
0.2168067226890756,0.004033613445378151,0.0002585196419877899
0.2168067226890756,0.004705882352941176,0.0002585196419877899
0.2168067226890756,0.005378151260504202,0.0002585196419877899
0.2168067226890756,0.006050420168067228,0.0002585196419877899
0.2168067226890756,0.0067226890756302525,0.0002585196419877899
0.2168067226890756,0.007394957983193277,0.0002585196419877899
0.2168067226890756,0.008067226890756302,0.0002585196419877899
0.2168067226890756,0.008739495798319327,0.0002585196419877899
0.2168067226890756,0.009411764705882354,0.0002585196419877899
0.2168067226890756,0.010084033613445379,0.0002585196419877899
0.2168067226890756,0.010756302521008404,0.0002585196419877899
0.2168067226890756,0.011428571428571429,0.0002585196419877899
0.2168067226890756,0.012100840336134453,0.0002585196419877899
0.2168067226890756,0.01277310924369748,0.0002585196419877899
0.2168067226890756,0.013445378151260505,0.0002585196419877899
0.2168067226890756,0.01411764705882353,0.0002585196419877899
0.2168067226890756,0.014789915966386555,0.0002585196419877899
0.2168067226890756,0.01546218487394958,0.0002585196419877899
0.2168067226890756,0.016134453781512605,0.0002585196419877899
0.2168067226890756,0.01680672268907563,0.0002585196419877899
0.2168067226890756,0.017478991596638654,0.0002585196419877899
0.2168067226890756,0.018151260504201683,0.0002585196419877899
0.2168067226890756,0.018823529411764708,0.0002585196419877899
0.2168067226890756,0.019495798319327733,0.0002585196419877899
0.2168067226890756,0.020168067226890758,0.0002585196419877899
0.2168067226890756,0.020840336134453782,0.0002585196419877899
0.2168067226890756,0.021512605042016807,0.0002585196419877899
0.2168067226890756,0.022184873949579832,0.0002585196419877899
0.2168067226890756,0.022857142857142857,0.0002585196419877899
0.2168067226890756,0.023529411764705882,0.0002585196419877899
0.2168067226890756,0.024201680672268907,0.0002585196419877899
0.2168067226890756,0.024873949579831932,0.0002585196419877899
0.2168067226890756,0.02554621848739496,0.0002585196419877899
0.2168067226890756,0.026218487394957985,0.0002585196419877899
0.2168067226890756,0.02689075630252101,0.0002585196419877899
0.2168067226890756,0.027563025210084035,0.0002585196419877899
0.2168067226890756,0.02823529411764706,0.0002585196419877899
0.2168067226890756,0.028907563025210085,0.0002585196419877899
0.2168067226890756,0.02957983193277311,0.0002585196419877899
0.2168067226890756,0.030252100840336135,0.0002585196419877899
0.2168067226890756,0.03092436974789916,0.0002585196419877899
0.2168067226890756,0.03159663865546218,0.0002585196419877899
0.2168067226890756,0.03226890756302521,0.0002585196419877899
0.2168067226890756,0.03294117647058824,0.0002585196419877899
0.2168067226890756,0.033613445378151266,0.0002585196419877899
0.2168067226890756,0.03428571428571428,0.0002585196419877899
0.2168067226890756,0.03495798319327731,0.0002585196419877899
0.2168067226890756,0.03563025210084034,0.0002585196419877899
0.2168067226890756,0.036302521008403366,0.0002585196419877899
0.2168067226890756,0.036974789915966394,0.0002585196419877899
0.2168067226890756,0.03764705882352941,0.0002585196419877899
0.2168067226890756,0.03831932773109244,0.0002585196419877899
0.2168067226890756,0.038991596638655465,0.0002585196419877899
0.2168067226890756,0.039663865546218494,0.0002585196419877899
0.2168067226890756,0.04033613445378151,0.0002585196419877899
0.2168067226890756,0.041008403361344536,0.0002585196419877899
0.2168067226890756,0.041680672268907565,0.0002585196419877899
0.2168067226890756,0.04235294117647059,0.0002585196419877899
0.2168067226890756,0.043025210084033615,0.0002585196419877899
0.2168067226890756,0.043697478991596636,0.0002585196419877899
0.2168067226890756,0.044369747899159664,0.0002585196419877899
0.2168067226890756,0.04504201680672269,0.0002585196419877899
0.2168067226890756,0.04571428571428572,0.0002585196419877899
0.2168067226890756,0.046386554621848736,0.0002585196419877899
0.2168067226890756,0.047058823529411764,0.0002585196419877899
0.2168067226890756,0.04773109243697479,0.0002585196419877899
0.2168067226890756,0.04840336134453782,0.0002585196419877899
0.2168067226890756,0.049075630252100835,0.0002585196419877899
0.2168067226890756,0.049747899159663864,0.0002585196419877899
0.2168067226890756,0.05042016806722689,0.0002585196419877899
0.2168067226890756,0.05109243697478992,0.0002585196419877899
0.2168067226890756,0.05176470588235295,0.0002585196419877899
0.2168067226890756,0.05243697478991596,0.0002585196419877899
0.2168067226890756,0.05310924369747899,0.0002585196419877899
0.2168067226890756,0.05378151260504202,0.0002585196419877899
0.2168067226890756,0.05445378151260505,0.0002585196419877899
0.2168067226890756,0.05512605042016806,0.0002585196419877899
0.2168067226890756,0.05579831932773109,0.0002585196419877899
0.2168067226890756,0.05647058823529412,0.0002585196419877899
0.2168067226890756,0.05714285714285715,0.0002585196419877899
0.2168067226890756,0.05781512605042017,0.0002585196419877899
0.2168067226890756,0.05848739495798319,0.0002585196419877899
0.2168067226890756,0.05915966386554622,0.0002585196419877899
0.2168067226890756,0.05983193277310925,0.0002585196419877899
0.2168067226890756,0.060504201680672276,0.0002585196419877899
0.2168067226890756,0.06117647058823529,0.0002585196419877899
0.2168067226890756,0.06184873949579832,0.0002585196419877899
0.2168067226890756,0.06252100840336135,0.0002585196419877899
0.2168067226890756,0.06319327731092438,0.0002585196419877899
0.2168067226890756,0.06386554621848739,0.0002585196419877899
0.2168067226890756,0.06453781512605042,0.0002585196419877899
0.2168067226890756,0.06521008403361345,0.0002585196419877899
0.2168067226890756,0.06588235294117648,0.0002585196419877899
0.2168067226890756,0.0665546218487395,0.0002585196419877899
0.2168067226890756,0.06722689075630252,0.0002585196419877899
0.2168067226890756,0.06789915966386555,0.0002585196419877899
0.2168067226890756,0.06857142857142857,0.0002585196419877899
0.2168067226890756,0.0692436974789916,0.0002585196419877899
0.2168067226890756,0.06991596638655462,0.0002585196419877899
0.2168067226890756,0.07058823529411765,0.0002585196419877899
0.2168067226890756,0.07126050420168067,0.0002585196419877899
0.2168067226890756,0.0719327731092437,0.0002585196419877899
0.2168067226890756,0.07260504201680673,0.0002585196419877899
0.2168067226890756,0.07327731092436975,0.0002585196419877899
0.2168067226890756,0.07394957983193277,0.0002585196419877899
0.2168067226890756,0.0746218487394958,0.0002585196419877899
0.2168067226890756,0.07529411764705883,0.0002585196419877899
0.2168067226890756,0.07596638655462185,0.0002585196419877899
0.2168067226890756,0.07663865546218487,0.0002585196419877899
0.2168067226890756,0.0773109243697479,0.0002585196419877899
0.2168067226890756,0.07798319327731093,0.0002585196419877899
0.2168067226890756,0.07865546218487394,0.0002585196419877899
0.2168067226890756,0.07932773109243697,0.0002585196419877899
0.2168067226890756,0.07983193277310924,0.00025851964198779167
0.21932773109243697,0.0001680672268907563,0.0002585196419877899
0.21932773109243697,0.0006722689075630252,0.0002585196419877899
0.21932773109243697,0.0013445378151260505,0.0002585196419877899
0.21932773109243697,0.0020168067226890756,0.0002585196419877899
0.21932773109243697,0.002689075630252101,0.0002585196419877899
0.21932773109243697,0.0033613445378151263,0.0002585196419877899
0.21932773109243697,0.004033613445378151,0.0002585196419877899
0.21932773109243697,0.004705882352941176,0.0002585196419877899
0.21932773109243697,0.005378151260504202,0.0002585196419877899
0.21932773109243697,0.006050420168067228,0.0002585196419877899
0.21932773109243697,0.0067226890756302525,0.0002585196419877899
0.21932773109243697,0.007394957983193277,0.0002585196419877899
0.21932773109243697,0.008067226890756302,0.0002585196419877899
0.21932773109243697,0.008739495798319327,0.0002585196419877899
0.21932773109243697,0.009411764705882354,0.0002585196419877899
0.21932773109243697,0.010084033613445379,0.0002585196419877899
0.21932773109243697,0.010756302521008404,0.0002585196419877899
0.21932773109243697,0.011428571428571429,0.0002585196419877899
0.21932773109243697,0.012100840336134453,0.0002585196419877899
0.21932773109243697,0.01277310924369748,0.0002585196419877899
0.21932773109243697,0.013445378151260505,0.0002585196419877899
0.21932773109243697,0.01411764705882353,0.0002585196419877899
0.21932773109243697,0.014789915966386555,0.0002585196419877899
0.21932773109243697,0.01546218487394958,0.0002585196419877899
0.21932773109243697,0.016134453781512605,0.0002585196419877899
0.21932773109243697,0.01680672268907563,0.0002585196419877899
0.21932773109243697,0.017478991596638654,0.0002585196419877899
0.21932773109243697,0.018151260504201683,0.0002585196419877899
0.21932773109243697,0.018823529411764708,0.0002585196419877899
0.21932773109243697,0.019495798319327733,0.0002585196419877899
0.21932773109243697,0.020168067226890758,0.0002585196419877899
0.21932773109243697,0.020840336134453782,0.0002585196419877899
0.21932773109243697,0.021512605042016807,0.0002585196419877899
0.21932773109243697,0.022184873949579832,0.0002585196419877899
0.21932773109243697,0.022857142857142857,0.0002585196419877899
0.21932773109243697,0.023529411764705882,0.0002585196419877899
0.21932773109243697,0.024201680672268907,0.0002585196419877899
0.21932773109243697,0.024873949579831932,0.0002585196419877899
0.21932773109243697,0.02554621848739496,0.0002585196419877899
0.21932773109243697,0.026218487394957985,0.0002585196419877899
0.21932773109243697,0.02689075630252101,0.0002585196419877899
0.21932773109243697,0.027563025210084035,0.0002585196419877899
0.21932773109243697,0.02823529411764706,0.0002585196419877899
0.21932773109243697,0.028907563025210085,0.0002585196419877899
0.21932773109243697,0.02957983193277311,0.0002585196419877899
0.21932773109243697,0.030252100840336135,0.0002585196419877899
0.21932773109243697,0.03092436974789916,0.0002585196419877899
0.21932773109243697,0.03159663865546218,0.0002585196419877899
0.21932773109243697,0.03226890756302521,0.0002585196419877899
0.21932773109243697,0.03294117647058824,0.0002585196419877899
0.21932773109243697,0.033613445378151266,0.0002585196419877899
0.21932773109243697,0.03428571428571428,0.0002585196419877899
0.21932773109243697,0.03495798319327731,0.0002585196419877899
0.21932773109243697,0.03563025210084034,0.0002585196419877899
0.21932773109243697,0.036302521008403366,0.0002585196419877899
0.21932773109243697,0.036974789915966394,0.0002585196419877899
0.21932773109243697,0.03764705882352941,0.0002585196419877899
0.21932773109243697,0.03831932773109244,0.0002585196419877899
0.21932773109243697,0.038991596638655465,0.0002585196419877899
0.21932773109243697,0.039663865546218494,0.0002585196419877899
0.21932773109243697,0.04033613445378151,0.0002585196419877899
0.21932773109243697,0.041008403361344536,0.0002585196419877899
0.21932773109243697,0.041680672268907565,0.0002585196419877899
0.21932773109243697,0.04235294117647059,0.0002585196419877899
0.21932773109243697,0.043025210084033615,0.0002585196419877899
0.21932773109243697,0.043697478991596636,0.0002585196419877899
0.21932773109243697,0.044369747899159664,0.0002585196419877899
0.21932773109243697,0.04504201680672269,0.0002585196419877899
0.21932773109243697,0.04571428571428572,0.0002585196419877899
0.21932773109243697,0.046386554621848736,0.0002585196419877899
0.21932773109243697,0.047058823529411764,0.0002585196419877899
0.21932773109243697,0.04773109243697479,0.0002585196419877899
0.21932773109243697,0.04840336134453782,0.0002585196419877899
0.21932773109243697,0.049075630252100835,0.0002585196419877899
0.21932773109243697,0.049747899159663864,0.0002585196419877899
0.21932773109243697,0.05042016806722689,0.0002585196419877899
0.21932773109243697,0.05109243697478992,0.0002585196419877899
0.21932773109243697,0.05176470588235295,0.0002585196419877899
0.21932773109243697,0.05243697478991596,0.0002585196419877899
0.21932773109243697,0.05310924369747899,0.0002585196419877899
0.21932773109243697,0.05378151260504202,0.0002585196419877899
0.21932773109243697,0.05445378151260505,0.0002585196419877899
0.21932773109243697,0.05512605042016806,0.0002585196419877899
0.21932773109243697,0.05579831932773109,0.0002585196419877899
0.21932773109243697,0.05647058823529412,0.0002585196419877899
0.21932773109243697,0.05714285714285715,0.0002585196419877899
0.21932773109243697,0.05781512605042017,0.0002585196419877899
0.21932773109243697,0.05848739495798319,0.0002585196419877899
0.21932773109243697,0.05915966386554622,0.0002585196419877899
0.21932773109243697,0.05983193277310925,0.0002585196419877899
0.21932773109243697,0.060504201680672276,0.0002585196419877899
0.21932773109243697,0.06117647058823529,0.0002585196419877899
0.21932773109243697,0.06184873949579832,0.0002585196419877899
0.21932773109243697,0.06252100840336135,0.0002585196419877899
0.21932773109243697,0.06319327731092438,0.0002585196419877899
0.21932773109243697,0.06386554621848739,0.0002585196419877899
0.21932773109243697,0.06453781512605042,0.0002585196419877899
0.21932773109243697,0.06521008403361345,0.0002585196419877899
0.21932773109243697,0.06588235294117648,0.0002585196419877899
0.21932773109243697,0.0665546218487395,0.0002585196419877899
0.21932773109243697,0.06722689075630252,0.0002585196419877899
0.21932773109243697,0.06789915966386555,0.0002585196419877899
0.21932773109243697,0.06857142857142857,0.0002585196419877899
0.21932773109243697,0.0692436974789916,0.0002585196419877899
0.21932773109243697,0.06991596638655462,0.0002585196419877899
0.21932773109243697,0.07058823529411765,0.0002585196419877899
0.21932773109243697,0.07126050420168067,0.0002585196419877899
0.21932773109243697,0.0719327731092437,0.0002585196419877899
0.21932773109243697,0.07260504201680673,0.0002585196419877899
0.21932773109243697,0.07327731092436975,0.0002585196419877899
0.21932773109243697,0.07394957983193277,0.0002585196419877899
0.21932773109243697,0.0746218487394958,0.0002585196419877899
0.21932773109243697,0.07529411764705883,0.0002585196419877899
0.21932773109243697,0.07596638655462185,0.0002585196419877899
0.21932773109243697,0.07663865546218487,0.0002585196419877899
0.21932773109243697,0.0773109243697479,0.0002585196419877899
0.21932773109243697,0.07798319327731093,0.0002585196419877899
0.21932773109243697,0.07865546218487394,0.0002585196419877899
0.21932773109243697,0.07932773109243697,0.0002585196419877899
0.21932773109243697,0.07983193277310924,0.00025851964198779167
0.2218487394957983,0.0001680672268907563,0.0002585196419877899
0.2218487394957983,0.0006722689075630252,0.0002585196419877899
0.2218487394957983,0.0013445378151260505,0.0002585196419877899
0.2218487394957983,0.0020168067226890756,0.0002585196419877899
0.2218487394957983,0.002689075630252101,0.0002585196419877899
0.2218487394957983,0.0033613445378151263,0.0002585196419877899
0.2218487394957983,0.004033613445378151,0.0002585196419877899
0.2218487394957983,0.004705882352941176,0.0002585196419877899
0.2218487394957983,0.005378151260504202,0.0002585196419877899
0.2218487394957983,0.006050420168067228,0.0002585196419877899
0.2218487394957983,0.0067226890756302525,0.0002585196419877899
0.2218487394957983,0.007394957983193277,0.0002585196419877899
0.2218487394957983,0.008067226890756302,0.0002585196419877899
0.2218487394957983,0.008739495798319327,0.0002585196419877899
0.2218487394957983,0.009411764705882354,0.0002585196419877899
0.2218487394957983,0.010084033613445379,0.0002585196419877899
0.2218487394957983,0.010756302521008404,0.0002585196419877899
0.2218487394957983,0.011428571428571429,0.0002585196419877899
0.2218487394957983,0.012100840336134453,0.0002585196419877899
0.2218487394957983,0.01277310924369748,0.0002585196419877899
0.2218487394957983,0.013445378151260505,0.0002585196419877899
0.2218487394957983,0.01411764705882353,0.0002585196419877899
0.2218487394957983,0.014789915966386555,0.0002585196419877899
0.2218487394957983,0.01546218487394958,0.0002585196419877899
0.2218487394957983,0.016134453781512605,0.0002585196419877899
0.2218487394957983,0.01680672268907563,0.0002585196419877899
0.2218487394957983,0.017478991596638654,0.0002585196419877899
0.2218487394957983,0.018151260504201683,0.0002585196419877899
0.2218487394957983,0.018823529411764708,0.0002585196419877899
0.2218487394957983,0.019495798319327733,0.0002585196419877899
0.2218487394957983,0.020168067226890758,0.0002585196419877899
0.2218487394957983,0.020840336134453782,0.0002585196419877899
0.2218487394957983,0.021512605042016807,0.0002585196419877899
0.2218487394957983,0.022184873949579832,0.0002585196419877899
0.2218487394957983,0.022857142857142857,0.0002585196419877899
0.2218487394957983,0.023529411764705882,0.0002585196419877899
0.2218487394957983,0.024201680672268907,0.0002585196419877899
0.2218487394957983,0.024873949579831932,0.0002585196419877899
0.2218487394957983,0.02554621848739496,0.0002585196419877899
0.2218487394957983,0.026218487394957985,0.0002585196419877899
0.2218487394957983,0.02689075630252101,0.0002585196419877899
0.2218487394957983,0.027563025210084035,0.0002585196419877899
0.2218487394957983,0.02823529411764706,0.0002585196419877899
0.2218487394957983,0.028907563025210085,0.0002585196419877899
0.2218487394957983,0.02957983193277311,0.0002585196419877899
0.2218487394957983,0.030252100840336135,0.0002585196419877899
0.2218487394957983,0.03092436974789916,0.0002585196419877899
0.2218487394957983,0.03159663865546218,0.0002585196419877899
0.2218487394957983,0.03226890756302521,0.0002585196419877899
0.2218487394957983,0.03294117647058824,0.0002585196419877899
0.2218487394957983,0.033613445378151266,0.0002585196419877899
0.2218487394957983,0.03428571428571428,0.0002585196419877899
0.2218487394957983,0.03495798319327731,0.0002585196419877899
0.2218487394957983,0.03563025210084034,0.0002585196419877899
0.2218487394957983,0.036302521008403366,0.0002585196419877899
0.2218487394957983,0.036974789915966394,0.0002585196419877899
0.2218487394957983,0.03764705882352941,0.0002585196419877899
0.2218487394957983,0.03831932773109244,0.0002585196419877899
0.2218487394957983,0.038991596638655465,0.0002585196419877899
0.2218487394957983,0.039663865546218494,0.0002585196419877899
0.2218487394957983,0.04033613445378151,0.0002585196419877899
0.2218487394957983,0.041008403361344536,0.0002585196419877899
0.2218487394957983,0.041680672268907565,0.0002585196419877899
0.2218487394957983,0.04235294117647059,0.0002585196419877899
0.2218487394957983,0.043025210084033615,0.0002585196419877899
0.2218487394957983,0.043697478991596636,0.0002585196419877899
0.2218487394957983,0.044369747899159664,0.0002585196419877899
0.2218487394957983,0.04504201680672269,0.0002585196419877899
0.2218487394957983,0.04571428571428572,0.0002585196419877899
0.2218487394957983,0.046386554621848736,0.0002585196419877899
0.2218487394957983,0.047058823529411764,0.0002585196419877899
0.2218487394957983,0.04773109243697479,0.0002585196419877899
0.2218487394957983,0.04840336134453782,0.0002585196419877899
0.2218487394957983,0.049075630252100835,0.0002585196419877899
0.2218487394957983,0.049747899159663864,0.0002585196419877899
0.2218487394957983,0.05042016806722689,0.0002585196419877899
0.2218487394957983,0.05109243697478992,0.0002585196419877899
0.2218487394957983,0.05176470588235295,0.0002585196419877899
0.2218487394957983,0.05243697478991596,0.0002585196419877899
0.2218487394957983,0.05310924369747899,0.0002585196419877899
0.2218487394957983,0.05378151260504202,0.0002585196419877899
0.2218487394957983,0.05445378151260505,0.0002585196419877899
0.2218487394957983,0.05512605042016806,0.0002585196419877899
0.2218487394957983,0.05579831932773109,0.0002585196419877899
0.2218487394957983,0.05647058823529412,0.0002585196419877899
0.2218487394957983,0.05714285714285715,0.0002585196419877899
0.2218487394957983,0.05781512605042017,0.0002585196419877899
0.2218487394957983,0.05848739495798319,0.0002585196419877899
0.2218487394957983,0.05915966386554622,0.0002585196419877899
0.2218487394957983,0.05983193277310925,0.0002585196419877899
0.2218487394957983,0.060504201680672276,0.0002585196419877899
0.2218487394957983,0.06117647058823529,0.0002585196419877899
0.2218487394957983,0.06184873949579832,0.0002585196419877899
0.2218487394957983,0.06252100840336135,0.0002585196419877899
0.2218487394957983,0.06319327731092438,0.0002585196419877899
0.2218487394957983,0.06386554621848739,0.0002585196419877899
0.2218487394957983,0.06453781512605042,0.0002585196419877899
0.2218487394957983,0.06521008403361345,0.0002585196419877899
0.2218487394957983,0.06588235294117648,0.0002585196419877899
0.2218487394957983,0.0665546218487395,0.0002585196419877899
0.2218487394957983,0.06722689075630252,0.0002585196419877899
0.2218487394957983,0.06789915966386555,0.0002585196419877899
0.2218487394957983,0.06857142857142857,0.0002585196419877899
0.2218487394957983,0.0692436974789916,0.0002585196419877899
0.2218487394957983,0.06991596638655462,0.0002585196419877899
0.2218487394957983,0.07058823529411765,0.0002585196419877899
0.2218487394957983,0.07126050420168067,0.0002585196419877899
0.2218487394957983,0.0719327731092437,0.0002585196419877899
0.2218487394957983,0.07260504201680673,0.0002585196419877899
0.2218487394957983,0.07327731092436975,0.0002585196419877899
0.2218487394957983,0.07394957983193277,0.0002585196419877899
0.2218487394957983,0.0746218487394958,0.0002585196419877899
0.2218487394957983,0.07529411764705883,0.0002585196419877899
0.2218487394957983,0.07596638655462185,0.0002585196419877899
0.2218487394957983,0.07663865546218487,0.0002585196419877899
0.2218487394957983,0.0773109243697479,0.0002585196419877899
0.2218487394957983,0.07798319327731093,0.0002585196419877899
0.2218487394957983,0.07865546218487394,0.0002585196419877899
0.2218487394957983,0.07932773109243697,0.0002585196419877899
0.2218487394957983,0.07983193277310924,0.00025851964198779167
0.22436974789915964,0.0001680672268907563,0.0002585196419877899
0.22436974789915964,0.0006722689075630252,0.0002585196419877899
0.22436974789915964,0.0013445378151260505,0.0002585196419877899
0.22436974789915964,0.0020168067226890756,0.0002585196419877899
0.22436974789915964,0.002689075630252101,0.0002585196419877899
0.22436974789915964,0.0033613445378151263,0.0002585196419877899
0.22436974789915964,0.004033613445378151,0.0002585196419877899
0.22436974789915964,0.004705882352941176,0.0002585196419877899
0.22436974789915964,0.005378151260504202,0.0002585196419877899
0.22436974789915964,0.006050420168067228,0.0002585196419877899
0.22436974789915964,0.0067226890756302525,0.0002585196419877899
0.22436974789915964,0.007394957983193277,0.0002585196419877899
0.22436974789915964,0.008067226890756302,0.0002585196419877899
0.22436974789915964,0.008739495798319327,0.0002585196419877899
0.22436974789915964,0.009411764705882354,0.0002585196419877899
0.22436974789915964,0.010084033613445379,0.0002585196419877899
0.22436974789915964,0.010756302521008404,0.0002585196419877899
0.22436974789915964,0.011428571428571429,0.0002585196419877899
0.22436974789915964,0.012100840336134453,0.0002585196419877899
0.22436974789915964,0.01277310924369748,0.0002585196419877899
0.22436974789915964,0.013445378151260505,0.0002585196419877899
0.22436974789915964,0.01411764705882353,0.0002585196419877899
0.22436974789915964,0.014789915966386555,0.0002585196419877899
0.22436974789915964,0.01546218487394958,0.0002585196419877899
0.22436974789915964,0.016134453781512605,0.0002585196419877899
0.22436974789915964,0.01680672268907563,0.0002585196419877899
0.22436974789915964,0.017478991596638654,0.0002585196419877899
0.22436974789915964,0.018151260504201683,0.0002585196419877899
0.22436974789915964,0.018823529411764708,0.0002585196419877899
0.22436974789915964,0.019495798319327733,0.0002585196419877899
0.22436974789915964,0.020168067226890758,0.0002585196419877899
0.22436974789915964,0.020840336134453782,0.0002585196419877899
0.22436974789915964,0.021512605042016807,0.0002585196419877899
0.22436974789915964,0.022184873949579832,0.0002585196419877899
0.22436974789915964,0.022857142857142857,0.0002585196419877899
0.22436974789915964,0.023529411764705882,0.0002585196419877899
0.22436974789915964,0.024201680672268907,0.0002585196419877899
0.22436974789915964,0.024873949579831932,0.0002585196419877899
0.22436974789915964,0.02554621848739496,0.0002585196419877899
0.22436974789915964,0.026218487394957985,0.0002585196419877899
0.22436974789915964,0.02689075630252101,0.0002585196419877899
0.22436974789915964,0.027563025210084035,0.0002585196419877899
0.22436974789915964,0.02823529411764706,0.0002585196419877899
0.22436974789915964,0.028907563025210085,0.0002585196419877899
0.22436974789915964,0.02957983193277311,0.0002585196419877899
0.22436974789915964,0.030252100840336135,0.0002585196419877899
0.22436974789915964,0.03092436974789916,0.0002585196419877899
0.22436974789915964,0.03159663865546218,0.0002585196419877899
0.22436974789915964,0.03226890756302521,0.0002585196419877899
0.22436974789915964,0.03294117647058824,0.0002585196419877899
0.22436974789915964,0.033613445378151266,0.0002585196419877899
0.22436974789915964,0.03428571428571428,0.0002585196419877899
0.22436974789915964,0.03495798319327731,0.0002585196419877899
0.22436974789915964,0.03563025210084034,0.0002585196419877899
0.22436974789915964,0.036302521008403366,0.0002585196419877899
0.22436974789915964,0.036974789915966394,0.0002585196419877899
0.22436974789915964,0.03764705882352941,0.0002585196419877899
0.22436974789915964,0.03831932773109244,0.0002585196419877899
0.22436974789915964,0.038991596638655465,0.0002585196419877899
0.22436974789915964,0.039663865546218494,0.0002585196419877899
0.22436974789915964,0.04033613445378151,0.0002585196419877899
0.22436974789915964,0.041008403361344536,0.0002585196419877899
0.22436974789915964,0.041680672268907565,0.0002585196419877899
0.22436974789915964,0.04235294117647059,0.0002585196419877899
0.22436974789915964,0.043025210084033615,0.0002585196419877899
0.22436974789915964,0.043697478991596636,0.0002585196419877899
0.22436974789915964,0.044369747899159664,0.0002585196419877899
0.22436974789915964,0.04504201680672269,0.0002585196419877899
0.22436974789915964,0.04571428571428572,0.0002585196419877899
0.22436974789915964,0.046386554621848736,0.0002585196419877899
0.22436974789915964,0.047058823529411764,0.0002585196419877899
0.22436974789915964,0.04773109243697479,0.0002585196419877899
0.22436974789915964,0.04840336134453782,0.0002585196419877899
0.22436974789915964,0.049075630252100835,0.0002585196419877899
0.22436974789915964,0.049747899159663864,0.0002585196419877899
0.22436974789915964,0.05042016806722689,0.0002585196419877899
0.22436974789915964,0.05109243697478992,0.0002585196419877899
0.22436974789915964,0.05176470588235295,0.0002585196419877899
0.22436974789915964,0.05243697478991596,0.0002585196419877899
0.22436974789915964,0.05310924369747899,0.0002585196419877899
0.22436974789915964,0.05378151260504202,0.0002585196419877899
0.22436974789915964,0.05445378151260505,0.0002585196419877899
0.22436974789915964,0.05512605042016806,0.0002585196419877899
0.22436974789915964,0.05579831932773109,0.0002585196419877899
0.22436974789915964,0.05647058823529412,0.0002585196419877899
0.22436974789915964,0.05714285714285715,0.0002585196419877899
0.22436974789915964,0.05781512605042017,0.0002585196419877899
0.22436974789915964,0.05848739495798319,0.0002585196419877899
0.22436974789915964,0.05915966386554622,0.0002585196419877899
0.22436974789915964,0.05983193277310925,0.0002585196419877899
0.22436974789915964,0.060504201680672276,0.0002585196419877899
0.22436974789915964,0.06117647058823529,0.0002585196419877899
0.22436974789915964,0.06184873949579832,0.0002585196419877899
0.22436974789915964,0.06252100840336135,0.0002585196419877899
0.22436974789915964,0.06319327731092438,0.0002585196419877899
0.22436974789915964,0.06386554621848739,0.0002585196419877899
0.22436974789915964,0.06453781512605042,0.0002585196419877899
0.22436974789915964,0.06521008403361345,0.0002585196419877899
0.22436974789915964,0.06588235294117648,0.0002585196419877899
0.22436974789915964,0.0665546218487395,0.0002585196419877899
0.22436974789915964,0.06722689075630252,0.0002585196419877899
0.22436974789915964,0.06789915966386555,0.0002585196419877899
0.22436974789915964,0.06857142857142857,0.0002585196419877899
0.22436974789915964,0.0692436974789916,0.0002585196419877899
0.22436974789915964,0.06991596638655462,0.0002585196419877899
0.22436974789915964,0.07058823529411765,0.0002585196419877899
0.22436974789915964,0.07126050420168067,0.0002585196419877899
0.22436974789915964,0.0719327731092437,0.0002585196419877899
0.22436974789915964,0.07260504201680673,0.0002585196419877899
0.22436974789915964,0.07327731092436975,0.0002585196419877899
0.22436974789915964,0.07394957983193277,0.0002585196419877899
0.22436974789915964,0.0746218487394958,0.0002585196419877899
0.22436974789915964,0.07529411764705883,0.0002585196419877899
0.22436974789915964,0.07596638655462185,0.0002585196419877899
0.22436974789915964,0.07663865546218487,0.0002585196419877899
0.22436974789915964,0.0773109243697479,0.0002585196419877899
0.22436974789915964,0.07798319327731093,0.0002585196419877899
0.22436974789915964,0.07865546218487394,0.0002585196419877899
0.22436974789915964,0.07932773109243697,0.0002585196419877899
0.22436974789915964,0.07983193277310924,0.00025851964198779167
0.22689075630252098,0.0001680672268907563,0.0002585196419877899
0.22689075630252098,0.0006722689075630252,0.0002585196419877899
0.22689075630252098,0.0013445378151260505,0.0002585196419877899
0.22689075630252098,0.0020168067226890756,0.0002585196419877899
0.22689075630252098,0.002689075630252101,0.0002585196419877899
0.22689075630252098,0.0033613445378151263,0.0002585196419877899
0.22689075630252098,0.004033613445378151,0.0002585196419877899
0.22689075630252098,0.004705882352941176,0.0002585196419877899
0.22689075630252098,0.005378151260504202,0.0002585196419877899
0.22689075630252098,0.006050420168067228,0.0002585196419877899
0.22689075630252098,0.0067226890756302525,0.0002585196419877899
0.22689075630252098,0.007394957983193277,0.0002585196419877899
0.22689075630252098,0.008067226890756302,0.0002585196419877899
0.22689075630252098,0.008739495798319327,0.0002585196419877899
0.22689075630252098,0.009411764705882354,0.0002585196419877899
0.22689075630252098,0.010084033613445379,0.0002585196419877899
0.22689075630252098,0.010756302521008404,0.0002585196419877899
0.22689075630252098,0.011428571428571429,0.0002585196419877899
0.22689075630252098,0.012100840336134453,0.0002585196419877899
0.22689075630252098,0.01277310924369748,0.0002585196419877899
0.22689075630252098,0.013445378151260505,0.0002585196419877899
0.22689075630252098,0.01411764705882353,0.0002585196419877899
0.22689075630252098,0.014789915966386555,0.0002585196419877899
0.22689075630252098,0.01546218487394958,0.0002585196419877899
0.22689075630252098,0.016134453781512605,0.0002585196419877899
0.22689075630252098,0.01680672268907563,0.0002585196419877899
0.22689075630252098,0.017478991596638654,0.0002585196419877899
0.22689075630252098,0.018151260504201683,0.0002585196419877899
0.22689075630252098,0.018823529411764708,0.0002585196419877899
0.22689075630252098,0.019495798319327733,0.0002585196419877899
0.22689075630252098,0.020168067226890758,0.0002585196419877899
0.22689075630252098,0.020840336134453782,0.0002585196419877899
0.22689075630252098,0.021512605042016807,0.0002585196419877899
0.22689075630252098,0.022184873949579832,0.0002585196419877899
0.22689075630252098,0.022857142857142857,0.0002585196419877899
0.22689075630252098,0.023529411764705882,0.0002585196419877899
0.22689075630252098,0.024201680672268907,0.0002585196419877899
0.22689075630252098,0.024873949579831932,0.0002585196419877899
0.22689075630252098,0.02554621848739496,0.0002585196419877899
0.22689075630252098,0.026218487394957985,0.0002585196419877899
0.22689075630252098,0.02689075630252101,0.0002585196419877899
0.22689075630252098,0.027563025210084035,0.0002585196419877899
0.22689075630252098,0.02823529411764706,0.0002585196419877899
0.22689075630252098,0.028907563025210085,0.0002585196419877899
0.22689075630252098,0.02957983193277311,0.0002585196419877899
0.22689075630252098,0.030252100840336135,0.0002585196419877899
0.22689075630252098,0.03092436974789916,0.0002585196419877899
0.22689075630252098,0.03159663865546218,0.0002585196419877899
0.22689075630252098,0.03226890756302521,0.0002585196419877899
0.22689075630252098,0.03294117647058824,0.0002585196419877899
0.22689075630252098,0.033613445378151266,0.0002585196419877899
0.22689075630252098,0.03428571428571428,0.0002585196419877899
0.22689075630252098,0.03495798319327731,0.0002585196419877899
0.22689075630252098,0.03563025210084034,0.0002585196419877899
0.22689075630252098,0.036302521008403366,0.0002585196419877899
0.22689075630252098,0.036974789915966394,0.0002585196419877899
0.22689075630252098,0.03764705882352941,0.0002585196419877899
0.22689075630252098,0.03831932773109244,0.0002585196419877899
0.22689075630252098,0.038991596638655465,0.0002585196419877899
0.22689075630252098,0.039663865546218494,0.0002585196419877899
0.22689075630252098,0.04033613445378151,0.0002585196419877899
0.22689075630252098,0.041008403361344536,0.0002585196419877899
0.22689075630252098,0.041680672268907565,0.0002585196419877899
0.22689075630252098,0.04235294117647059,0.0002585196419877899
0.22689075630252098,0.043025210084033615,0.0002585196419877899
0.22689075630252098,0.043697478991596636,0.0002585196419877899
0.22689075630252098,0.044369747899159664,0.0002585196419877899
0.22689075630252098,0.04504201680672269,0.0002585196419877899
0.22689075630252098,0.04571428571428572,0.0002585196419877899
0.22689075630252098,0.046386554621848736,0.0002585196419877899
0.22689075630252098,0.047058823529411764,0.0002585196419877899
0.22689075630252098,0.04773109243697479,0.0002585196419877899
0.22689075630252098,0.04840336134453782,0.0002585196419877899
0.22689075630252098,0.049075630252100835,0.0002585196419877899
0.22689075630252098,0.049747899159663864,0.0002585196419877899
0.22689075630252098,0.05042016806722689,0.0002585196419877899
0.22689075630252098,0.05109243697478992,0.0002585196419877899
0.22689075630252098,0.05176470588235295,0.0002585196419877899
0.22689075630252098,0.05243697478991596,0.0002585196419877899
0.22689075630252098,0.05310924369747899,0.0002585196419877899
0.22689075630252098,0.05378151260504202,0.0002585196419877899
0.22689075630252098,0.05445378151260505,0.0002585196419877899
0.22689075630252098,0.05512605042016806,0.0002585196419877899
0.22689075630252098,0.05579831932773109,0.0002585196419877899
0.22689075630252098,0.05647058823529412,0.0002585196419877899
0.22689075630252098,0.05714285714285715,0.0002585196419877899
0.22689075630252098,0.05781512605042017,0.0002585196419877899
0.22689075630252098,0.05848739495798319,0.0002585196419877899
0.22689075630252098,0.05915966386554622,0.0002585196419877899
0.22689075630252098,0.05983193277310925,0.0002585196419877899
0.22689075630252098,0.060504201680672276,0.0002585196419877899
0.22689075630252098,0.06117647058823529,0.0002585196419877899
0.22689075630252098,0.06184873949579832,0.0002585196419877899
0.22689075630252098,0.06252100840336135,0.0002585196419877899
0.22689075630252098,0.06319327731092438,0.0002585196419877899
0.22689075630252098,0.06386554621848739,0.0002585196419877899
0.22689075630252098,0.06453781512605042,0.0002585196419877899
0.22689075630252098,0.06521008403361345,0.0002585196419877899
0.22689075630252098,0.06588235294117648,0.0002585196419877899
0.22689075630252098,0.0665546218487395,0.0002585196419877899
0.22689075630252098,0.06722689075630252,0.0002585196419877899
0.22689075630252098,0.06789915966386555,0.0002585196419877899
0.22689075630252098,0.06857142857142857,0.0002585196419877899
0.22689075630252098,0.0692436974789916,0.0002585196419877899
0.22689075630252098,0.06991596638655462,0.0002585196419877899
0.22689075630252098,0.07058823529411765,0.0002585196419877899
0.22689075630252098,0.07126050420168067,0.0002585196419877899
0.22689075630252098,0.0719327731092437,0.0002585196419877899
0.22689075630252098,0.07260504201680673,0.0002585196419877899
0.22689075630252098,0.07327731092436975,0.0002585196419877899
0.22689075630252098,0.07394957983193277,0.0002585196419877899
0.22689075630252098,0.0746218487394958,0.0002585196419877899
0.22689075630252098,0.07529411764705883,0.0002585196419877899
0.22689075630252098,0.07596638655462185,0.0002585196419877899
0.22689075630252098,0.07663865546218487,0.0002585196419877899
0.22689075630252098,0.0773109243697479,0.0002585196419877899
0.22689075630252098,0.07798319327731093,0.0002585196419877899
0.22689075630252098,0.07865546218487394,0.0002585196419877899
0.22689075630252098,0.07932773109243697,0.0002585196419877899
0.22689075630252098,0.07983193277310924,0.00025851964198779167
0.22941176470588232,0.0001680672268907563,0.0002585196419877899
0.22941176470588232,0.0006722689075630252,0.0002585196419877899
0.22941176470588232,0.0013445378151260505,0.0002585196419877899
0.22941176470588232,0.0020168067226890756,0.0002585196419877899
0.22941176470588232,0.002689075630252101,0.0002585196419877899
0.22941176470588232,0.0033613445378151263,0.0002585196419877899
0.22941176470588232,0.004033613445378151,0.0002585196419877899
0.22941176470588232,0.004705882352941176,0.0002585196419877899
0.22941176470588232,0.005378151260504202,0.0002585196419877899
0.22941176470588232,0.006050420168067228,0.0002585196419877899
0.22941176470588232,0.0067226890756302525,0.0002585196419877899
0.22941176470588232,0.007394957983193277,0.0002585196419877899
0.22941176470588232,0.008067226890756302,0.0002585196419877899
0.22941176470588232,0.008739495798319327,0.0002585196419877899
0.22941176470588232,0.009411764705882354,0.0002585196419877899
0.22941176470588232,0.010084033613445379,0.0002585196419877899
0.22941176470588232,0.010756302521008404,0.0002585196419877899
0.22941176470588232,0.011428571428571429,0.0002585196419877899
0.22941176470588232,0.012100840336134453,0.0002585196419877899
0.22941176470588232,0.01277310924369748,0.0002585196419877899
0.22941176470588232,0.013445378151260505,0.0002585196419877899
0.22941176470588232,0.01411764705882353,0.0002585196419877899
0.22941176470588232,0.014789915966386555,0.0002585196419877899
0.22941176470588232,0.01546218487394958,0.0002585196419877899
0.22941176470588232,0.016134453781512605,0.0002585196419877899
0.22941176470588232,0.01680672268907563,0.0002585196419877899
0.22941176470588232,0.017478991596638654,0.0002585196419877899
0.22941176470588232,0.018151260504201683,0.0002585196419877899
0.22941176470588232,0.018823529411764708,0.0002585196419877899
0.22941176470588232,0.019495798319327733,0.0002585196419877899
0.22941176470588232,0.020168067226890758,0.0002585196419877899
0.22941176470588232,0.020840336134453782,0.0002585196419877899
0.22941176470588232,0.021512605042016807,0.0002585196419877899
0.22941176470588232,0.022184873949579832,0.0002585196419877899
0.22941176470588232,0.022857142857142857,0.0002585196419877899
0.22941176470588232,0.023529411764705882,0.0002585196419877899
0.22941176470588232,0.024201680672268907,0.0002585196419877899
0.22941176470588232,0.024873949579831932,0.0002585196419877899
0.22941176470588232,0.02554621848739496,0.0002585196419877899
0.22941176470588232,0.026218487394957985,0.0002585196419877899
0.22941176470588232,0.02689075630252101,0.0002585196419877899
0.22941176470588232,0.027563025210084035,0.0002585196419877899
0.22941176470588232,0.02823529411764706,0.0002585196419877899
0.22941176470588232,0.028907563025210085,0.0002585196419877899
0.22941176470588232,0.02957983193277311,0.0002585196419877899
0.22941176470588232,0.030252100840336135,0.0002585196419877899
0.22941176470588232,0.03092436974789916,0.0002585196419877899
0.22941176470588232,0.03159663865546218,0.0002585196419877899
0.22941176470588232,0.03226890756302521,0.0002585196419877899
0.22941176470588232,0.03294117647058824,0.0002585196419877899
0.22941176470588232,0.033613445378151266,0.0002585196419877899
0.22941176470588232,0.03428571428571428,0.0002585196419877899
0.22941176470588232,0.03495798319327731,0.0002585196419877899
0.22941176470588232,0.03563025210084034,0.0002585196419877899
0.22941176470588232,0.036302521008403366,0.0002585196419877899
0.22941176470588232,0.036974789915966394,0.0002585196419877899
0.22941176470588232,0.03764705882352941,0.0002585196419877899
0.22941176470588232,0.03831932773109244,0.0002585196419877899
0.22941176470588232,0.038991596638655465,0.0002585196419877899
0.22941176470588232,0.039663865546218494,0.0002585196419877899
0.22941176470588232,0.04033613445378151,0.0002585196419877899
0.22941176470588232,0.041008403361344536,0.0002585196419877899
0.22941176470588232,0.041680672268907565,0.0002585196419877899
0.22941176470588232,0.04235294117647059,0.0002585196419877899
0.22941176470588232,0.043025210084033615,0.0002585196419877899
0.22941176470588232,0.043697478991596636,0.0002585196419877899
0.22941176470588232,0.044369747899159664,0.0002585196419877899
0.22941176470588232,0.04504201680672269,0.0002585196419877899
0.22941176470588232,0.04571428571428572,0.0002585196419877899
0.22941176470588232,0.046386554621848736,0.0002585196419877899
0.22941176470588232,0.047058823529411764,0.0002585196419877899
0.22941176470588232,0.04773109243697479,0.0002585196419877899
0.22941176470588232,0.04840336134453782,0.0002585196419877899
0.22941176470588232,0.049075630252100835,0.0002585196419877899
0.22941176470588232,0.049747899159663864,0.0002585196419877899
0.22941176470588232,0.05042016806722689,0.0002585196419877899
0.22941176470588232,0.05109243697478992,0.0002585196419877899
0.22941176470588232,0.05176470588235295,0.0002585196419877899
0.22941176470588232,0.05243697478991596,0.0002585196419877899
0.22941176470588232,0.05310924369747899,0.0002585196419877899
0.22941176470588232,0.05378151260504202,0.0002585196419877899
0.22941176470588232,0.05445378151260505,0.0002585196419877899
0.22941176470588232,0.05512605042016806,0.0002585196419877899
0.22941176470588232,0.05579831932773109,0.0002585196419877899
0.22941176470588232,0.05647058823529412,0.0002585196419877899
0.22941176470588232,0.05714285714285715,0.0002585196419877899
0.22941176470588232,0.05781512605042017,0.0002585196419877899
0.22941176470588232,0.05848739495798319,0.0002585196419877899
0.22941176470588232,0.05915966386554622,0.0002585196419877899
0.22941176470588232,0.05983193277310925,0.0002585196419877899
0.22941176470588232,0.060504201680672276,0.0002585196419877899
0.22941176470588232,0.06117647058823529,0.0002585196419877899
0.22941176470588232,0.06184873949579832,0.0002585196419877899
0.22941176470588232,0.06252100840336135,0.0002585196419877899
0.22941176470588232,0.06319327731092438,0.0002585196419877899
0.22941176470588232,0.06386554621848739,0.0002585196419877899
0.22941176470588232,0.06453781512605042,0.0002585196419877899
0.22941176470588232,0.06521008403361345,0.0002585196419877899
0.22941176470588232,0.06588235294117648,0.0002585196419877899
0.22941176470588232,0.0665546218487395,0.0002585196419877899
0.22941176470588232,0.06722689075630252,0.0002585196419877899
0.22941176470588232,0.06789915966386555,0.0002585196419877899
0.22941176470588232,0.06857142857142857,0.0002585196419877899
0.22941176470588232,0.0692436974789916,0.0002585196419877899
0.22941176470588232,0.06991596638655462,0.0002585196419877899
0.22941176470588232,0.07058823529411765,0.0002585196419877899
0.22941176470588232,0.07126050420168067,0.0002585196419877899
0.22941176470588232,0.0719327731092437,0.0002585196419877899
0.22941176470588232,0.07260504201680673,0.0002585196419877899
0.22941176470588232,0.07327731092436975,0.0002585196419877899
0.22941176470588232,0.07394957983193277,0.0002585196419877899
0.22941176470588232,0.0746218487394958,0.0002585196419877899
0.22941176470588232,0.07529411764705883,0.0002585196419877899
0.22941176470588232,0.07596638655462185,0.0002585196419877899
0.22941176470588232,0.07663865546218487,0.0002585196419877899
0.22941176470588232,0.0773109243697479,0.0002585196419877899
0.22941176470588232,0.07798319327731093,0.0002585196419877899
0.22941176470588232,0.07865546218487394,0.0002585196419877899
0.22941176470588232,0.07932773109243697,0.0002585196419877899
0.22941176470588232,0.07983193277310924,0.00025851964198779167
0.23193277310924365,0.0001680672268907563,0.0002585196419877899
0.23193277310924365,0.0006722689075630252,0.0002585196419877899
0.23193277310924365,0.0013445378151260505,0.0002585196419877899
0.23193277310924365,0.0020168067226890756,0.0002585196419877899
0.23193277310924365,0.002689075630252101,0.0002585196419877899
0.23193277310924365,0.0033613445378151263,0.0002585196419877899
0.23193277310924365,0.004033613445378151,0.0002585196419877899
0.23193277310924365,0.004705882352941176,0.0002585196419877899
0.23193277310924365,0.005378151260504202,0.0002585196419877899
0.23193277310924365,0.006050420168067228,0.0002585196419877899
0.23193277310924365,0.0067226890756302525,0.0002585196419877899
0.23193277310924365,0.007394957983193277,0.0002585196419877899
0.23193277310924365,0.008067226890756302,0.0002585196419877899
0.23193277310924365,0.008739495798319327,0.0002585196419877899
0.23193277310924365,0.009411764705882354,0.0002585196419877899
0.23193277310924365,0.010084033613445379,0.0002585196419877899
0.23193277310924365,0.010756302521008404,0.0002585196419877899
0.23193277310924365,0.011428571428571429,0.0002585196419877899
0.23193277310924365,0.012100840336134453,0.0002585196419877899
0.23193277310924365,0.01277310924369748,0.0002585196419877899
0.23193277310924365,0.013445378151260505,0.0002585196419877899
0.23193277310924365,0.01411764705882353,0.0002585196419877899
0.23193277310924365,0.014789915966386555,0.0002585196419877899
0.23193277310924365,0.01546218487394958,0.0002585196419877899
0.23193277310924365,0.016134453781512605,0.0002585196419877899
0.23193277310924365,0.01680672268907563,0.0002585196419877899
0.23193277310924365,0.017478991596638654,0.0002585196419877899
0.23193277310924365,0.018151260504201683,0.0002585196419877899
0.23193277310924365,0.018823529411764708,0.0002585196419877899
0.23193277310924365,0.019495798319327733,0.0002585196419877899
0.23193277310924365,0.020168067226890758,0.0002585196419877899
0.23193277310924365,0.020840336134453782,0.0002585196419877899
0.23193277310924365,0.021512605042016807,0.0002585196419877899
0.23193277310924365,0.022184873949579832,0.0002585196419877899
0.23193277310924365,0.022857142857142857,0.0002585196419877899
0.23193277310924365,0.023529411764705882,0.0002585196419877899
0.23193277310924365,0.024201680672268907,0.0002585196419877899
0.23193277310924365,0.024873949579831932,0.0002585196419877899
0.23193277310924365,0.02554621848739496,0.0002585196419877899
0.23193277310924365,0.026218487394957985,0.0002585196419877899
0.23193277310924365,0.02689075630252101,0.0002585196419877899
0.23193277310924365,0.027563025210084035,0.0002585196419877899
0.23193277310924365,0.02823529411764706,0.0002585196419877899
0.23193277310924365,0.028907563025210085,0.0002585196419877899
0.23193277310924365,0.02957983193277311,0.0002585196419877899
0.23193277310924365,0.030252100840336135,0.0002585196419877899
0.23193277310924365,0.03092436974789916,0.0002585196419877899
0.23193277310924365,0.03159663865546218,0.0002585196419877899
0.23193277310924365,0.03226890756302521,0.0002585196419877899
0.23193277310924365,0.03294117647058824,0.0002585196419877899
0.23193277310924365,0.033613445378151266,0.0002585196419877899
0.23193277310924365,0.03428571428571428,0.0002585196419877899
0.23193277310924365,0.03495798319327731,0.0002585196419877899
0.23193277310924365,0.03563025210084034,0.0002585196419877899
0.23193277310924365,0.036302521008403366,0.0002585196419877899
0.23193277310924365,0.036974789915966394,0.0002585196419877899
0.23193277310924365,0.03764705882352941,0.0002585196419877899
0.23193277310924365,0.03831932773109244,0.0002585196419877899
0.23193277310924365,0.038991596638655465,0.0002585196419877899
0.23193277310924365,0.039663865546218494,0.0002585196419877899
0.23193277310924365,0.04033613445378151,0.0002585196419877899
0.23193277310924365,0.041008403361344536,0.0002585196419877899
0.23193277310924365,0.041680672268907565,0.0002585196419877899
0.23193277310924365,0.04235294117647059,0.0002585196419877899
0.23193277310924365,0.043025210084033615,0.0002585196419877899
0.23193277310924365,0.043697478991596636,0.0002585196419877899
0.23193277310924365,0.044369747899159664,0.0002585196419877899
0.23193277310924365,0.04504201680672269,0.0002585196419877899
0.23193277310924365,0.04571428571428572,0.0002585196419877899
0.23193277310924365,0.046386554621848736,0.0002585196419877899
0.23193277310924365,0.047058823529411764,0.0002585196419877899
0.23193277310924365,0.04773109243697479,0.0002585196419877899
0.23193277310924365,0.04840336134453782,0.0002585196419877899
0.23193277310924365,0.049075630252100835,0.0002585196419877899
0.23193277310924365,0.049747899159663864,0.0002585196419877899
0.23193277310924365,0.05042016806722689,0.0002585196419877899
0.23193277310924365,0.05109243697478992,0.0002585196419877899
0.23193277310924365,0.05176470588235295,0.0002585196419877899
0.23193277310924365,0.05243697478991596,0.0002585196419877899
0.23193277310924365,0.05310924369747899,0.0002585196419877899
0.23193277310924365,0.05378151260504202,0.0002585196419877899
0.23193277310924365,0.05445378151260505,0.0002585196419877899
0.23193277310924365,0.05512605042016806,0.0002585196419877899
0.23193277310924365,0.05579831932773109,0.0002585196419877899
0.23193277310924365,0.05647058823529412,0.0002585196419877899
0.23193277310924365,0.05714285714285715,0.0002585196419877899
0.23193277310924365,0.05781512605042017,0.0002585196419877899
0.23193277310924365,0.05848739495798319,0.0002585196419877899
0.23193277310924365,0.05915966386554622,0.0002585196419877899
0.23193277310924365,0.05983193277310925,0.0002585196419877899
0.23193277310924365,0.060504201680672276,0.0002585196419877899
0.23193277310924365,0.06117647058823529,0.0002585196419877899
0.23193277310924365,0.06184873949579832,0.0002585196419877899
0.23193277310924365,0.06252100840336135,0.0002585196419877899
0.23193277310924365,0.06319327731092438,0.0002585196419877899
0.23193277310924365,0.06386554621848739,0.0002585196419877899
0.23193277310924365,0.06453781512605042,0.0002585196419877899
0.23193277310924365,0.06521008403361345,0.0002585196419877899
0.23193277310924365,0.06588235294117648,0.0002585196419877899
0.23193277310924365,0.0665546218487395,0.0002585196419877899
0.23193277310924365,0.06722689075630252,0.0002585196419877899
0.23193277310924365,0.06789915966386555,0.0002585196419877899
0.23193277310924365,0.06857142857142857,0.0002585196419877899
0.23193277310924365,0.0692436974789916,0.0002585196419877899
0.23193277310924365,0.06991596638655462,0.0002585196419877899
0.23193277310924365,0.07058823529411765,0.0002585196419877899
0.23193277310924365,0.07126050420168067,0.0002585196419877899
0.23193277310924365,0.0719327731092437,0.0002585196419877899
0.23193277310924365,0.07260504201680673,0.0002585196419877899
0.23193277310924365,0.07327731092436975,0.0002585196419877899
0.23193277310924365,0.07394957983193277,0.0002585196419877899
0.23193277310924365,0.0746218487394958,0.0002585196419877899
0.23193277310924365,0.07529411764705883,0.0002585196419877899
0.23193277310924365,0.07596638655462185,0.0002585196419877899
0.23193277310924365,0.07663865546218487,0.0002585196419877899
0.23193277310924365,0.0773109243697479,0.0002585196419877899
0.23193277310924365,0.07798319327731093,0.0002585196419877899
0.23193277310924365,0.07865546218487394,0.0002585196419877899
0.23193277310924365,0.07932773109243697,0.0002585196419877899
0.23193277310924365,0.07983193277310924,0.00025851964198779167
0.23445378151260501,0.0001680672268907563,0.0002585196419877899
0.23445378151260501,0.0006722689075630252,0.0002585196419877899
0.23445378151260501,0.0013445378151260505,0.0002585196419877899
0.23445378151260501,0.0020168067226890756,0.0002585196419877899
0.23445378151260501,0.002689075630252101,0.0002585196419877899
0.23445378151260501,0.0033613445378151263,0.0002585196419877899
0.23445378151260501,0.004033613445378151,0.0002585196419877899
0.23445378151260501,0.004705882352941176,0.0002585196419877899
0.23445378151260501,0.005378151260504202,0.0002585196419877899
0.23445378151260501,0.006050420168067228,0.0002585196419877899
0.23445378151260501,0.0067226890756302525,0.0002585196419877899
0.23445378151260501,0.007394957983193277,0.0002585196419877899
0.23445378151260501,0.008067226890756302,0.0002585196419877899
0.23445378151260501,0.008739495798319327,0.0002585196419877899
0.23445378151260501,0.009411764705882354,0.0002585196419877899
0.23445378151260501,0.010084033613445379,0.0002585196419877899
0.23445378151260501,0.010756302521008404,0.0002585196419877899
0.23445378151260501,0.011428571428571429,0.0002585196419877899
0.23445378151260501,0.012100840336134453,0.0002585196419877899
0.23445378151260501,0.01277310924369748,0.0002585196419877899
0.23445378151260501,0.013445378151260505,0.0002585196419877899
0.23445378151260501,0.01411764705882353,0.0002585196419877899
0.23445378151260501,0.014789915966386555,0.0002585196419877899
0.23445378151260501,0.01546218487394958,0.0002585196419877899
0.23445378151260501,0.016134453781512605,0.0002585196419877899
0.23445378151260501,0.01680672268907563,0.0002585196419877899
0.23445378151260501,0.017478991596638654,0.0002585196419877899
0.23445378151260501,0.018151260504201683,0.0002585196419877899
0.23445378151260501,0.018823529411764708,0.0002585196419877899
0.23445378151260501,0.019495798319327733,0.0002585196419877899
0.23445378151260501,0.020168067226890758,0.0002585196419877899
0.23445378151260501,0.020840336134453782,0.0002585196419877899
0.23445378151260501,0.021512605042016807,0.0002585196419877899
0.23445378151260501,0.022184873949579832,0.0002585196419877899
0.23445378151260501,0.022857142857142857,0.0002585196419877899
0.23445378151260501,0.023529411764705882,0.0002585196419877899
0.23445378151260501,0.024201680672268907,0.0002585196419877899
0.23445378151260501,0.024873949579831932,0.0002585196419877899
0.23445378151260501,0.02554621848739496,0.0002585196419877899
0.23445378151260501,0.026218487394957985,0.0002585196419877899
0.23445378151260501,0.02689075630252101,0.0002585196419877899
0.23445378151260501,0.027563025210084035,0.0002585196419877899
0.23445378151260501,0.02823529411764706,0.0002585196419877899
0.23445378151260501,0.028907563025210085,0.0002585196419877899
0.23445378151260501,0.02957983193277311,0.0002585196419877899
0.23445378151260501,0.030252100840336135,0.0002585196419877899
0.23445378151260501,0.03092436974789916,0.0002585196419877899
0.23445378151260501,0.03159663865546218,0.0002585196419877899
0.23445378151260501,0.03226890756302521,0.0002585196419877899
0.23445378151260501,0.03294117647058824,0.0002585196419877899
0.23445378151260501,0.033613445378151266,0.0002585196419877899
0.23445378151260501,0.03428571428571428,0.0002585196419877899
0.23445378151260501,0.03495798319327731,0.0002585196419877899
0.23445378151260501,0.03563025210084034,0.0002585196419877899
0.23445378151260501,0.036302521008403366,0.0002585196419877899
0.23445378151260501,0.036974789915966394,0.0002585196419877899
0.23445378151260501,0.03764705882352941,0.0002585196419877899
0.23445378151260501,0.03831932773109244,0.0002585196419877899
0.23445378151260501,0.038991596638655465,0.0002585196419877899
0.23445378151260501,0.039663865546218494,0.0002585196419877899
0.23445378151260501,0.04033613445378151,0.0002585196419877899
0.23445378151260501,0.041008403361344536,0.0002585196419877899
0.23445378151260501,0.041680672268907565,0.0002585196419877899
0.23445378151260501,0.04235294117647059,0.0002585196419877899
0.23445378151260501,0.043025210084033615,0.0002585196419877899
0.23445378151260501,0.043697478991596636,0.0002585196419877899
0.23445378151260501,0.044369747899159664,0.0002585196419877899
0.23445378151260501,0.04504201680672269,0.0002585196419877899
0.23445378151260501,0.04571428571428572,0.0002585196419877899
0.23445378151260501,0.046386554621848736,0.0002585196419877899
0.23445378151260501,0.047058823529411764,0.0002585196419877899
0.23445378151260501,0.04773109243697479,0.0002585196419877899
0.23445378151260501,0.04840336134453782,0.0002585196419877899
0.23445378151260501,0.049075630252100835,0.0002585196419877899
0.23445378151260501,0.049747899159663864,0.0002585196419877899
0.23445378151260501,0.05042016806722689,0.0002585196419877899
0.23445378151260501,0.05109243697478992,0.0002585196419877899
0.23445378151260501,0.05176470588235295,0.0002585196419877899
0.23445378151260501,0.05243697478991596,0.0002585196419877899
0.23445378151260501,0.05310924369747899,0.0002585196419877899
0.23445378151260501,0.05378151260504202,0.0002585196419877899
0.23445378151260501,0.05445378151260505,0.0002585196419877899
0.23445378151260501,0.05512605042016806,0.0002585196419877899
0.23445378151260501,0.05579831932773109,0.0002585196419877899
0.23445378151260501,0.05647058823529412,0.0002585196419877899
0.23445378151260501,0.05714285714285715,0.0002585196419877899
0.23445378151260501,0.05781512605042017,0.0002585196419877899
0.23445378151260501,0.05848739495798319,0.0002585196419877899
0.23445378151260501,0.05915966386554622,0.0002585196419877899
0.23445378151260501,0.05983193277310925,0.0002585196419877899
0.23445378151260501,0.060504201680672276,0.0002585196419877899
0.23445378151260501,0.06117647058823529,0.0002585196419877899
0.23445378151260501,0.06184873949579832,0.0002585196419877899
0.23445378151260501,0.06252100840336135,0.0002585196419877899
0.23445378151260501,0.06319327731092438,0.0002585196419877899
0.23445378151260501,0.06386554621848739,0.0002585196419877899
0.23445378151260501,0.06453781512605042,0.0002585196419877899
0.23445378151260501,0.06521008403361345,0.0002585196419877899
0.23445378151260501,0.06588235294117648,0.0002585196419877899
0.23445378151260501,0.0665546218487395,0.0002585196419877899
0.23445378151260501,0.06722689075630252,0.0002585196419877899
0.23445378151260501,0.06789915966386555,0.0002585196419877899
0.23445378151260501,0.06857142857142857,0.0002585196419877899
0.23445378151260501,0.0692436974789916,0.0002585196419877899
0.23445378151260501,0.06991596638655462,0.0002585196419877899
0.23445378151260501,0.07058823529411765,0.0002585196419877899
0.23445378151260501,0.07126050420168067,0.0002585196419877899
0.23445378151260501,0.0719327731092437,0.0002585196419877899
0.23445378151260501,0.07260504201680673,0.0002585196419877899
0.23445378151260501,0.07327731092436975,0.0002585196419877899
0.23445378151260501,0.07394957983193277,0.0002585196419877899
0.23445378151260501,0.0746218487394958,0.0002585196419877899
0.23445378151260501,0.07529411764705883,0.0002585196419877899
0.23445378151260501,0.07596638655462185,0.0002585196419877899
0.23445378151260501,0.07663865546218487,0.0002585196419877899
0.23445378151260501,0.0773109243697479,0.0002585196419877899
0.23445378151260501,0.07798319327731093,0.0002585196419877899
0.23445378151260501,0.07865546218487394,0.0002585196419877899
0.23445378151260501,0.07932773109243697,0.0002585196419877899
0.23445378151260501,0.07983193277310924,0.00025851964198779167
0.23697478991596638,0.0001680672268907563,0.0002585196419877899
0.23697478991596638,0.0006722689075630252,0.0002585196419877899
0.23697478991596638,0.0013445378151260505,0.0002585196419877899
0.23697478991596638,0.0020168067226890756,0.0002585196419877899
0.23697478991596638,0.002689075630252101,0.0002585196419877899
0.23697478991596638,0.0033613445378151263,0.0002585196419877899
0.23697478991596638,0.004033613445378151,0.0002585196419877899
0.23697478991596638,0.004705882352941176,0.0002585196419877899
0.23697478991596638,0.005378151260504202,0.0002585196419877899
0.23697478991596638,0.006050420168067228,0.0002585196419877899
0.23697478991596638,0.0067226890756302525,0.0002585196419877899
0.23697478991596638,0.007394957983193277,0.0002585196419877899
0.23697478991596638,0.008067226890756302,0.0002585196419877899
0.23697478991596638,0.008739495798319327,0.0002585196419877899
0.23697478991596638,0.009411764705882354,0.0002585196419877899
0.23697478991596638,0.010084033613445379,0.0002585196419877899
0.23697478991596638,0.010756302521008404,0.0002585196419877899
0.23697478991596638,0.011428571428571429,0.0002585196419877899
0.23697478991596638,0.012100840336134453,0.0002585196419877899
0.23697478991596638,0.01277310924369748,0.0002585196419877899
0.23697478991596638,0.013445378151260505,0.0002585196419877899
0.23697478991596638,0.01411764705882353,0.0002585196419877899
0.23697478991596638,0.014789915966386555,0.0002585196419877899
0.23697478991596638,0.01546218487394958,0.0002585196419877899
0.23697478991596638,0.016134453781512605,0.0002585196419877899
0.23697478991596638,0.01680672268907563,0.0002585196419877899
0.23697478991596638,0.017478991596638654,0.0002585196419877899
0.23697478991596638,0.018151260504201683,0.0002585196419877899
0.23697478991596638,0.018823529411764708,0.0002585196419877899
0.23697478991596638,0.019495798319327733,0.0002585196419877899
0.23697478991596638,0.020168067226890758,0.0002585196419877899
0.23697478991596638,0.020840336134453782,0.0002585196419877899
0.23697478991596638,0.021512605042016807,0.0002585196419877899
0.23697478991596638,0.022184873949579832,0.0002585196419877899
0.23697478991596638,0.022857142857142857,0.0002585196419877899
0.23697478991596638,0.023529411764705882,0.0002585196419877899
0.23697478991596638,0.024201680672268907,0.0002585196419877899
0.23697478991596638,0.024873949579831932,0.0002585196419877899
0.23697478991596638,0.02554621848739496,0.0002585196419877899
0.23697478991596638,0.026218487394957985,0.0002585196419877899
0.23697478991596638,0.02689075630252101,0.0002585196419877899
0.23697478991596638,0.027563025210084035,0.0002585196419877899
0.23697478991596638,0.02823529411764706,0.0002585196419877899
0.23697478991596638,0.028907563025210085,0.0002585196419877899
0.23697478991596638,0.02957983193277311,0.0002585196419877899
0.23697478991596638,0.030252100840336135,0.0002585196419877899
0.23697478991596638,0.03092436974789916,0.0002585196419877899
0.23697478991596638,0.03159663865546218,0.0002585196419877899
0.23697478991596638,0.03226890756302521,0.0002585196419877899
0.23697478991596638,0.03294117647058824,0.0002585196419877899
0.23697478991596638,0.033613445378151266,0.0002585196419877899
0.23697478991596638,0.03428571428571428,0.0002585196419877899
0.23697478991596638,0.03495798319327731,0.0002585196419877899
0.23697478991596638,0.03563025210084034,0.0002585196419877899
0.23697478991596638,0.036302521008403366,0.0002585196419877899
0.23697478991596638,0.036974789915966394,0.0002585196419877899
0.23697478991596638,0.03764705882352941,0.0002585196419877899
0.23697478991596638,0.03831932773109244,0.0002585196419877899
0.23697478991596638,0.038991596638655465,0.0002585196419877899
0.23697478991596638,0.039663865546218494,0.0002585196419877899
0.23697478991596638,0.04033613445378151,0.0002585196419877899
0.23697478991596638,0.041008403361344536,0.0002585196419877899
0.23697478991596638,0.041680672268907565,0.0002585196419877899
0.23697478991596638,0.04235294117647059,0.0002585196419877899
0.23697478991596638,0.043025210084033615,0.0002585196419877899
0.23697478991596638,0.043697478991596636,0.0002585196419877899
0.23697478991596638,0.044369747899159664,0.0002585196419877899
0.23697478991596638,0.04504201680672269,0.0002585196419877899
0.23697478991596638,0.04571428571428572,0.0002585196419877899
0.23697478991596638,0.046386554621848736,0.0002585196419877899
0.23697478991596638,0.047058823529411764,0.0002585196419877899
0.23697478991596638,0.04773109243697479,0.0002585196419877899
0.23697478991596638,0.04840336134453782,0.0002585196419877899
0.23697478991596638,0.049075630252100835,0.0002585196419877899
0.23697478991596638,0.049747899159663864,0.0002585196419877899
0.23697478991596638,0.05042016806722689,0.0002585196419877899
0.23697478991596638,0.05109243697478992,0.0002585196419877899
0.23697478991596638,0.05176470588235295,0.0002585196419877899
0.23697478991596638,0.05243697478991596,0.0002585196419877899
0.23697478991596638,0.05310924369747899,0.0002585196419877899
0.23697478991596638,0.05378151260504202,0.0002585196419877899
0.23697478991596638,0.05445378151260505,0.0002585196419877899
0.23697478991596638,0.05512605042016806,0.0002585196419877899
0.23697478991596638,0.05579831932773109,0.0002585196419877899
0.23697478991596638,0.05647058823529412,0.0002585196419877899
0.23697478991596638,0.05714285714285715,0.0002585196419877899
0.23697478991596638,0.05781512605042017,0.0002585196419877899
0.23697478991596638,0.05848739495798319,0.0002585196419877899
0.23697478991596638,0.05915966386554622,0.0002585196419877899
0.23697478991596638,0.05983193277310925,0.0002585196419877899
0.23697478991596638,0.060504201680672276,0.0002585196419877899
0.23697478991596638,0.06117647058823529,0.0002585196419877899
0.23697478991596638,0.06184873949579832,0.0002585196419877899
0.23697478991596638,0.06252100840336135,0.0002585196419877899
0.23697478991596638,0.06319327731092438,0.0002585196419877899
0.23697478991596638,0.06386554621848739,0.0002585196419877899
0.23697478991596638,0.06453781512605042,0.0002585196419877899
0.23697478991596638,0.06521008403361345,0.0002585196419877899
0.23697478991596638,0.06588235294117648,0.0002585196419877899
0.23697478991596638,0.0665546218487395,0.0002585196419877899
0.23697478991596638,0.06722689075630252,0.0002585196419877899
0.23697478991596638,0.06789915966386555,0.0002585196419877899
0.23697478991596638,0.06857142857142857,0.0002585196419877899
0.23697478991596638,0.0692436974789916,0.0002585196419877899
0.23697478991596638,0.06991596638655462,0.0002585196419877899
0.23697478991596638,0.07058823529411765,0.0002585196419877899
0.23697478991596638,0.07126050420168067,0.0002585196419877899
0.23697478991596638,0.0719327731092437,0.0002585196419877899
0.23697478991596638,0.07260504201680673,0.0002585196419877899
0.23697478991596638,0.07327731092436975,0.0002585196419877899
0.23697478991596638,0.07394957983193277,0.0002585196419877899
0.23697478991596638,0.0746218487394958,0.0002585196419877899
0.23697478991596638,0.07529411764705883,0.0002585196419877899
0.23697478991596638,0.07596638655462185,0.0002585196419877899
0.23697478991596638,0.07663865546218487,0.0002585196419877899
0.23697478991596638,0.0773109243697479,0.0002585196419877899
0.23697478991596638,0.07798319327731093,0.0002585196419877899
0.23697478991596638,0.07865546218487394,0.0002585196419877899
0.23697478991596638,0.07932773109243697,0.0002585196419877899
0.23697478991596638,0.07983193277310924,0.00025851964198779167
0.2394957983193277,0.0001680672268907563,0.0002585196419877899
0.2394957983193277,0.0006722689075630252,0.0002585196419877899
0.2394957983193277,0.0013445378151260505,0.0002585196419877899
0.2394957983193277,0.0020168067226890756,0.0002585196419877899
0.2394957983193277,0.002689075630252101,0.0002585196419877899
0.2394957983193277,0.0033613445378151263,0.0002585196419877899
0.2394957983193277,0.004033613445378151,0.0002585196419877899
0.2394957983193277,0.004705882352941176,0.0002585196419877899
0.2394957983193277,0.005378151260504202,0.0002585196419877899
0.2394957983193277,0.006050420168067228,0.0002585196419877899
0.2394957983193277,0.0067226890756302525,0.0002585196419877899
0.2394957983193277,0.007394957983193277,0.0002585196419877899
0.2394957983193277,0.008067226890756302,0.0002585196419877899
0.2394957983193277,0.008739495798319327,0.0002585196419877899
0.2394957983193277,0.009411764705882354,0.0002585196419877899
0.2394957983193277,0.010084033613445379,0.0002585196419877899
0.2394957983193277,0.010756302521008404,0.0002585196419877899
0.2394957983193277,0.011428571428571429,0.0002585196419877899
0.2394957983193277,0.012100840336134453,0.0002585196419877899
0.2394957983193277,0.01277310924369748,0.0002585196419877899
0.2394957983193277,0.013445378151260505,0.0002585196419877899
0.2394957983193277,0.01411764705882353,0.0002585196419877899
0.2394957983193277,0.014789915966386555,0.0002585196419877899
0.2394957983193277,0.01546218487394958,0.0002585196419877899
0.2394957983193277,0.016134453781512605,0.0002585196419877899
0.2394957983193277,0.01680672268907563,0.0002585196419877899
0.2394957983193277,0.017478991596638654,0.0002585196419877899
0.2394957983193277,0.018151260504201683,0.0002585196419877899
0.2394957983193277,0.018823529411764708,0.0002585196419877899
0.2394957983193277,0.019495798319327733,0.0002585196419877899
0.2394957983193277,0.020168067226890758,0.0002585196419877899
0.2394957983193277,0.020840336134453782,0.0002585196419877899
0.2394957983193277,0.021512605042016807,0.0002585196419877899
0.2394957983193277,0.022184873949579832,0.0002585196419877899
0.2394957983193277,0.022857142857142857,0.0002585196419877899
0.2394957983193277,0.023529411764705882,0.0002585196419877899
0.2394957983193277,0.024201680672268907,0.0002585196419877899
0.2394957983193277,0.024873949579831932,0.0002585196419877899
0.2394957983193277,0.02554621848739496,0.0002585196419877899
0.2394957983193277,0.026218487394957985,0.0002585196419877899
0.2394957983193277,0.02689075630252101,0.0002585196419877899
0.2394957983193277,0.027563025210084035,0.0002585196419877899
0.2394957983193277,0.02823529411764706,0.0002585196419877899
0.2394957983193277,0.028907563025210085,0.0002585196419877899
0.2394957983193277,0.02957983193277311,0.0002585196419877899
0.2394957983193277,0.030252100840336135,0.0002585196419877899
0.2394957983193277,0.03092436974789916,0.0002585196419877899
0.2394957983193277,0.03159663865546218,0.0002585196419877899
0.2394957983193277,0.03226890756302521,0.0002585196419877899
0.2394957983193277,0.03294117647058824,0.0002585196419877899
0.2394957983193277,0.033613445378151266,0.0002585196419877899
0.2394957983193277,0.03428571428571428,0.0002585196419877899
0.2394957983193277,0.03495798319327731,0.0002585196419877899
0.2394957983193277,0.03563025210084034,0.0002585196419877899
0.2394957983193277,0.036302521008403366,0.0002585196419877899
0.2394957983193277,0.036974789915966394,0.0002585196419877899
0.2394957983193277,0.03764705882352941,0.0002585196419877899
0.2394957983193277,0.03831932773109244,0.0002585196419877899
0.2394957983193277,0.038991596638655465,0.0002585196419877899
0.2394957983193277,0.039663865546218494,0.0002585196419877899
0.2394957983193277,0.04033613445378151,0.0002585196419877899
0.2394957983193277,0.041008403361344536,0.0002585196419877899
0.2394957983193277,0.041680672268907565,0.0002585196419877899
0.2394957983193277,0.04235294117647059,0.0002585196419877899
0.2394957983193277,0.043025210084033615,0.0002585196419877899
0.2394957983193277,0.043697478991596636,0.0002585196419877899
0.2394957983193277,0.044369747899159664,0.0002585196419877899
0.2394957983193277,0.04504201680672269,0.0002585196419877899
0.2394957983193277,0.04571428571428572,0.0002585196419877899
0.2394957983193277,0.046386554621848736,0.0002585196419877899
0.2394957983193277,0.047058823529411764,0.0002585196419877899
0.2394957983193277,0.04773109243697479,0.0002585196419877899
0.2394957983193277,0.04840336134453782,0.0002585196419877899
0.2394957983193277,0.049075630252100835,0.0002585196419877899
0.2394957983193277,0.049747899159663864,0.0002585196419877899
0.2394957983193277,0.05042016806722689,0.0002585196419877899
0.2394957983193277,0.05109243697478992,0.0002585196419877899
0.2394957983193277,0.05176470588235295,0.0002585196419877899
0.2394957983193277,0.05243697478991596,0.0002585196419877899
0.2394957983193277,0.05310924369747899,0.0002585196419877899
0.2394957983193277,0.05378151260504202,0.0002585196419877899
0.2394957983193277,0.05445378151260505,0.0002585196419877899
0.2394957983193277,0.05512605042016806,0.0002585196419877899
0.2394957983193277,0.05579831932773109,0.0002585196419877899
0.2394957983193277,0.05647058823529412,0.0002585196419877899
0.2394957983193277,0.05714285714285715,0.0002585196419877899
0.2394957983193277,0.05781512605042017,0.0002585196419877899
0.2394957983193277,0.05848739495798319,0.0002585196419877899
0.2394957983193277,0.05915966386554622,0.0002585196419877899
0.2394957983193277,0.05983193277310925,0.0002585196419877899
0.2394957983193277,0.060504201680672276,0.0002585196419877899
0.2394957983193277,0.06117647058823529,0.0002585196419877899
0.2394957983193277,0.06184873949579832,0.0002585196419877899
0.2394957983193277,0.06252100840336135,0.0002585196419877899
0.2394957983193277,0.06319327731092438,0.0002585196419877899
0.2394957983193277,0.06386554621848739,0.0002585196419877899
0.2394957983193277,0.06453781512605042,0.0002585196419877899
0.2394957983193277,0.06521008403361345,0.0002585196419877899
0.2394957983193277,0.06588235294117648,0.0002585196419877899
0.2394957983193277,0.0665546218487395,0.0002585196419877899
0.2394957983193277,0.06722689075630252,0.0002585196419877899
0.2394957983193277,0.06789915966386555,0.0002585196419877899
0.2394957983193277,0.06857142857142857,0.0002585196419877899
0.2394957983193277,0.0692436974789916,0.0002585196419877899
0.2394957983193277,0.06991596638655462,0.0002585196419877899
0.2394957983193277,0.07058823529411765,0.0002585196419877899
0.2394957983193277,0.07126050420168067,0.0002585196419877899
0.2394957983193277,0.0719327731092437,0.0002585196419877899
0.2394957983193277,0.07260504201680673,0.0002585196419877899
0.2394957983193277,0.07327731092436975,0.0002585196419877899
0.2394957983193277,0.07394957983193277,0.0002585196419877899
0.2394957983193277,0.0746218487394958,0.0002585196419877899
0.2394957983193277,0.07529411764705883,0.0002585196419877899
0.2394957983193277,0.07596638655462185,0.0002585196419877899
0.2394957983193277,0.07663865546218487,0.0002585196419877899
0.2394957983193277,0.0773109243697479,0.0002585196419877899
0.2394957983193277,0.07798319327731093,0.0002585196419877899
0.2394957983193277,0.07865546218487394,0.0002585196419877899
0.2394957983193277,0.07932773109243697,0.0002585196419877899
0.2394957983193277,0.07983193277310924,0.00025851964198779167
0.24201680672268905,0.0001680672268907563,0.0002585196419877899
0.24201680672268905,0.0006722689075630252,0.0002585196419877899
0.24201680672268905,0.0013445378151260505,0.0002585196419877899
0.24201680672268905,0.0020168067226890756,0.0002585196419877899
0.24201680672268905,0.002689075630252101,0.0002585196419877899
0.24201680672268905,0.0033613445378151263,0.0002585196419877899
0.24201680672268905,0.004033613445378151,0.0002585196419877899
0.24201680672268905,0.004705882352941176,0.0002585196419877899
0.24201680672268905,0.005378151260504202,0.0002585196419877899
0.24201680672268905,0.006050420168067228,0.0002585196419877899
0.24201680672268905,0.0067226890756302525,0.0002585196419877899
0.24201680672268905,0.007394957983193277,0.0002585196419877899
0.24201680672268905,0.008067226890756302,0.0002585196419877899
0.24201680672268905,0.008739495798319327,0.0002585196419877899
0.24201680672268905,0.009411764705882354,0.0002585196419877899
0.24201680672268905,0.010084033613445379,0.0002585196419877899
0.24201680672268905,0.010756302521008404,0.0002585196419877899
0.24201680672268905,0.011428571428571429,0.0002585196419877899
0.24201680672268905,0.012100840336134453,0.0002585196419877899
0.24201680672268905,0.01277310924369748,0.0002585196419877899
0.24201680672268905,0.013445378151260505,0.0002585196419877899
0.24201680672268905,0.01411764705882353,0.0002585196419877899
0.24201680672268905,0.014789915966386555,0.0002585196419877899
0.24201680672268905,0.01546218487394958,0.0002585196419877899
0.24201680672268905,0.016134453781512605,0.0002585196419877899
0.24201680672268905,0.01680672268907563,0.0002585196419877899
0.24201680672268905,0.017478991596638654,0.0002585196419877899
0.24201680672268905,0.018151260504201683,0.0002585196419877899
0.24201680672268905,0.018823529411764708,0.0002585196419877899
0.24201680672268905,0.019495798319327733,0.0002585196419877899
0.24201680672268905,0.020168067226890758,0.0002585196419877899
0.24201680672268905,0.020840336134453782,0.0002585196419877899
0.24201680672268905,0.021512605042016807,0.0002585196419877899
0.24201680672268905,0.022184873949579832,0.0002585196419877899
0.24201680672268905,0.022857142857142857,0.0002585196419877899
0.24201680672268905,0.023529411764705882,0.0002585196419877899
0.24201680672268905,0.024201680672268907,0.0002585196419877899
0.24201680672268905,0.024873949579831932,0.0002585196419877899
0.24201680672268905,0.02554621848739496,0.0002585196419877899
0.24201680672268905,0.026218487394957985,0.0002585196419877899
0.24201680672268905,0.02689075630252101,0.0002585196419877899
0.24201680672268905,0.027563025210084035,0.0002585196419877899
0.24201680672268905,0.02823529411764706,0.0002585196419877899
0.24201680672268905,0.028907563025210085,0.0002585196419877899
0.24201680672268905,0.02957983193277311,0.0002585196419877899
0.24201680672268905,0.030252100840336135,0.0002585196419877899
0.24201680672268905,0.03092436974789916,0.0002585196419877899
0.24201680672268905,0.03159663865546218,0.0002585196419877899
0.24201680672268905,0.03226890756302521,0.0002585196419877899
0.24201680672268905,0.03294117647058824,0.0002585196419877899
0.24201680672268905,0.033613445378151266,0.0002585196419877899
0.24201680672268905,0.03428571428571428,0.0002585196419877899
0.24201680672268905,0.03495798319327731,0.0002585196419877899
0.24201680672268905,0.03563025210084034,0.0002585196419877899
0.24201680672268905,0.036302521008403366,0.0002585196419877899
0.24201680672268905,0.036974789915966394,0.0002585196419877899
0.24201680672268905,0.03764705882352941,0.0002585196419877899
0.24201680672268905,0.03831932773109244,0.0002585196419877899
0.24201680672268905,0.038991596638655465,0.0002585196419877899
0.24201680672268905,0.039663865546218494,0.0002585196419877899
0.24201680672268905,0.04033613445378151,0.0002585196419877899
0.24201680672268905,0.041008403361344536,0.0002585196419877899
0.24201680672268905,0.041680672268907565,0.0002585196419877899
0.24201680672268905,0.04235294117647059,0.0002585196419877899
0.24201680672268905,0.043025210084033615,0.0002585196419877899
0.24201680672268905,0.043697478991596636,0.0002585196419877899
0.24201680672268905,0.044369747899159664,0.0002585196419877899
0.24201680672268905,0.04504201680672269,0.0002585196419877899
0.24201680672268905,0.04571428571428572,0.0002585196419877899
0.24201680672268905,0.046386554621848736,0.0002585196419877899
0.24201680672268905,0.047058823529411764,0.0002585196419877899
0.24201680672268905,0.04773109243697479,0.0002585196419877899
0.24201680672268905,0.04840336134453782,0.0002585196419877899
0.24201680672268905,0.049075630252100835,0.0002585196419877899
0.24201680672268905,0.049747899159663864,0.0002585196419877899
0.24201680672268905,0.05042016806722689,0.0002585196419877899
0.24201680672268905,0.05109243697478992,0.0002585196419877899
0.24201680672268905,0.05176470588235295,0.0002585196419877899
0.24201680672268905,0.05243697478991596,0.0002585196419877899
0.24201680672268905,0.05310924369747899,0.0002585196419877899
0.24201680672268905,0.05378151260504202,0.0002585196419877899
0.24201680672268905,0.05445378151260505,0.0002585196419877899
0.24201680672268905,0.05512605042016806,0.0002585196419877899
0.24201680672268905,0.05579831932773109,0.0002585196419877899
0.24201680672268905,0.05647058823529412,0.0002585196419877899
0.24201680672268905,0.05714285714285715,0.0002585196419877899
0.24201680672268905,0.05781512605042017,0.0002585196419877899
0.24201680672268905,0.05848739495798319,0.0002585196419877899
0.24201680672268905,0.05915966386554622,0.0002585196419877899
0.24201680672268905,0.05983193277310925,0.0002585196419877899
0.24201680672268905,0.060504201680672276,0.0002585196419877899
0.24201680672268905,0.06117647058823529,0.0002585196419877899
0.24201680672268905,0.06184873949579832,0.0002585196419877899
0.24201680672268905,0.06252100840336135,0.0002585196419877899
0.24201680672268905,0.06319327731092438,0.0002585196419877899
0.24201680672268905,0.06386554621848739,0.0002585196419877899
0.24201680672268905,0.06453781512605042,0.0002585196419877899
0.24201680672268905,0.06521008403361345,0.0002585196419877899
0.24201680672268905,0.06588235294117648,0.0002585196419877899
0.24201680672268905,0.0665546218487395,0.0002585196419877899
0.24201680672268905,0.06722689075630252,0.0002585196419877899
0.24201680672268905,0.06789915966386555,0.0002585196419877899
0.24201680672268905,0.06857142857142857,0.0002585196419877899
0.24201680672268905,0.0692436974789916,0.0002585196419877899
0.24201680672268905,0.06991596638655462,0.0002585196419877899
0.24201680672268905,0.07058823529411765,0.0002585196419877899
0.24201680672268905,0.07126050420168067,0.0002585196419877899
0.24201680672268905,0.0719327731092437,0.0002585196419877899
0.24201680672268905,0.07260504201680673,0.0002585196419877899
0.24201680672268905,0.07327731092436975,0.0002585196419877899
0.24201680672268905,0.07394957983193277,0.0002585196419877899
0.24201680672268905,0.0746218487394958,0.0002585196419877899
0.24201680672268905,0.07529411764705883,0.0002585196419877899
0.24201680672268905,0.07596638655462185,0.0002585196419877899
0.24201680672268905,0.07663865546218487,0.0002585196419877899
0.24201680672268905,0.0773109243697479,0.0002585196419877899
0.24201680672268905,0.07798319327731093,0.0002585196419877899
0.24201680672268905,0.07865546218487394,0.0002585196419877899
0.24201680672268905,0.07932773109243697,0.0002585196419877899
0.24201680672268905,0.07983193277310924,0.00025851964198779167
0.24453781512605038,0.0001680672268907563,0.0002585196419877899
0.24453781512605038,0.0006722689075630252,0.0002585196419877899
0.24453781512605038,0.0013445378151260505,0.0002585196419877899
0.24453781512605038,0.0020168067226890756,0.0002585196419877899
0.24453781512605038,0.002689075630252101,0.0002585196419877899
0.24453781512605038,0.0033613445378151263,0.0002585196419877899
0.24453781512605038,0.004033613445378151,0.0002585196419877899
0.24453781512605038,0.004705882352941176,0.0002585196419877899
0.24453781512605038,0.005378151260504202,0.0002585196419877899
0.24453781512605038,0.006050420168067228,0.0002585196419877899
0.24453781512605038,0.0067226890756302525,0.0002585196419877899
0.24453781512605038,0.007394957983193277,0.0002585196419877899
0.24453781512605038,0.008067226890756302,0.0002585196419877899
0.24453781512605038,0.008739495798319327,0.0002585196419877899
0.24453781512605038,0.009411764705882354,0.0002585196419877899
0.24453781512605038,0.010084033613445379,0.0002585196419877899
0.24453781512605038,0.010756302521008404,0.0002585196419877899
0.24453781512605038,0.011428571428571429,0.0002585196419877899
0.24453781512605038,0.012100840336134453,0.0002585196419877899
0.24453781512605038,0.01277310924369748,0.0002585196419877899
0.24453781512605038,0.013445378151260505,0.0002585196419877899
0.24453781512605038,0.01411764705882353,0.0002585196419877899
0.24453781512605038,0.014789915966386555,0.0002585196419877899
0.24453781512605038,0.01546218487394958,0.0002585196419877899
0.24453781512605038,0.016134453781512605,0.0002585196419877899
0.24453781512605038,0.01680672268907563,0.0002585196419877899
0.24453781512605038,0.017478991596638654,0.0002585196419877899
0.24453781512605038,0.018151260504201683,0.0002585196419877899
0.24453781512605038,0.018823529411764708,0.0002585196419877899
0.24453781512605038,0.019495798319327733,0.0002585196419877899
0.24453781512605038,0.020168067226890758,0.0002585196419877899
0.24453781512605038,0.020840336134453782,0.0002585196419877899
0.24453781512605038,0.021512605042016807,0.0002585196419877899
0.24453781512605038,0.022184873949579832,0.0002585196419877899
0.24453781512605038,0.022857142857142857,0.0002585196419877899
0.24453781512605038,0.023529411764705882,0.0002585196419877899
0.24453781512605038,0.024201680672268907,0.0002585196419877899
0.24453781512605038,0.024873949579831932,0.0002585196419877899
0.24453781512605038,0.02554621848739496,0.0002585196419877899
0.24453781512605038,0.026218487394957985,0.0002585196419877899
0.24453781512605038,0.02689075630252101,0.0002585196419877899
0.24453781512605038,0.027563025210084035,0.0002585196419877899
0.24453781512605038,0.02823529411764706,0.0002585196419877899
0.24453781512605038,0.028907563025210085,0.0002585196419877899
0.24453781512605038,0.02957983193277311,0.0002585196419877899
0.24453781512605038,0.030252100840336135,0.0002585196419877899
0.24453781512605038,0.03092436974789916,0.0002585196419877899
0.24453781512605038,0.03159663865546218,0.0002585196419877899
0.24453781512605038,0.03226890756302521,0.0002585196419877899
0.24453781512605038,0.03294117647058824,0.0002585196419877899
0.24453781512605038,0.033613445378151266,0.0002585196419877899
0.24453781512605038,0.03428571428571428,0.0002585196419877899
0.24453781512605038,0.03495798319327731,0.0002585196419877899
0.24453781512605038,0.03563025210084034,0.0002585196419877899
0.24453781512605038,0.036302521008403366,0.0002585196419877899
0.24453781512605038,0.036974789915966394,0.0002585196419877899
0.24453781512605038,0.03764705882352941,0.0002585196419877899
0.24453781512605038,0.03831932773109244,0.0002585196419877899
0.24453781512605038,0.038991596638655465,0.0002585196419877899
0.24453781512605038,0.039663865546218494,0.0002585196419877899
0.24453781512605038,0.04033613445378151,0.0002585196419877899
0.24453781512605038,0.041008403361344536,0.0002585196419877899
0.24453781512605038,0.041680672268907565,0.0002585196419877899
0.24453781512605038,0.04235294117647059,0.0002585196419877899
0.24453781512605038,0.043025210084033615,0.0002585196419877899
0.24453781512605038,0.043697478991596636,0.0002585196419877899
0.24453781512605038,0.044369747899159664,0.0002585196419877899
0.24453781512605038,0.04504201680672269,0.0002585196419877899
0.24453781512605038,0.04571428571428572,0.0002585196419877899
0.24453781512605038,0.046386554621848736,0.0002585196419877899
0.24453781512605038,0.047058823529411764,0.0002585196419877899
0.24453781512605038,0.04773109243697479,0.0002585196419877899
0.24453781512605038,0.04840336134453782,0.0002585196419877899
0.24453781512605038,0.049075630252100835,0.0002585196419877899
0.24453781512605038,0.049747899159663864,0.0002585196419877899
0.24453781512605038,0.05042016806722689,0.0002585196419877899
0.24453781512605038,0.05109243697478992,0.0002585196419877899
0.24453781512605038,0.05176470588235295,0.0002585196419877899
0.24453781512605038,0.05243697478991596,0.0002585196419877899
0.24453781512605038,0.05310924369747899,0.0002585196419877899
0.24453781512605038,0.05378151260504202,0.0002585196419877899
0.24453781512605038,0.05445378151260505,0.0002585196419877899
0.24453781512605038,0.05512605042016806,0.0002585196419877899
0.24453781512605038,0.05579831932773109,0.0002585196419877899
0.24453781512605038,0.05647058823529412,0.0002585196419877899
0.24453781512605038,0.05714285714285715,0.0002585196419877899
0.24453781512605038,0.05781512605042017,0.0002585196419877899
0.24453781512605038,0.05848739495798319,0.0002585196419877899
0.24453781512605038,0.05915966386554622,0.0002585196419877899
0.24453781512605038,0.05983193277310925,0.0002585196419877899
0.24453781512605038,0.060504201680672276,0.0002585196419877899
0.24453781512605038,0.06117647058823529,0.0002585196419877899
0.24453781512605038,0.06184873949579832,0.0002585196419877899
0.24453781512605038,0.06252100840336135,0.0002585196419877899
0.24453781512605038,0.06319327731092438,0.0002585196419877899
0.24453781512605038,0.06386554621848739,0.0002585196419877899
0.24453781512605038,0.06453781512605042,0.0002585196419877899
0.24453781512605038,0.06521008403361345,0.0002585196419877899
0.24453781512605038,0.06588235294117648,0.0002585196419877899
0.24453781512605038,0.0665546218487395,0.0002585196419877899
0.24453781512605038,0.06722689075630252,0.0002585196419877899
0.24453781512605038,0.06789915966386555,0.0002585196419877899
0.24453781512605038,0.06857142857142857,0.0002585196419877899
0.24453781512605038,0.0692436974789916,0.0002585196419877899
0.24453781512605038,0.06991596638655462,0.0002585196419877899
0.24453781512605038,0.07058823529411765,0.0002585196419877899
0.24453781512605038,0.07126050420168067,0.0002585196419877899
0.24453781512605038,0.0719327731092437,0.0002585196419877899
0.24453781512605038,0.07260504201680673,0.0002585196419877899
0.24453781512605038,0.07327731092436975,0.0002585196419877899
0.24453781512605038,0.07394957983193277,0.0002585196419877899
0.24453781512605038,0.0746218487394958,0.0002585196419877899
0.24453781512605038,0.07529411764705883,0.0002585196419877899
0.24453781512605038,0.07596638655462185,0.0002585196419877899
0.24453781512605038,0.07663865546218487,0.0002585196419877899
0.24453781512605038,0.0773109243697479,0.0002585196419877899
0.24453781512605038,0.07798319327731093,0.0002585196419877899
0.24453781512605038,0.07865546218487394,0.0002585196419877899
0.24453781512605038,0.07932773109243697,0.0002585196419877899
0.24453781512605038,0.07983193277310924,0.00025851964198779167
0.24705882352941172,0.0001680672268907563,0.0002585196419877899
0.24705882352941172,0.0006722689075630252,0.0002585196419877899
0.24705882352941172,0.0013445378151260505,0.0002585196419877899
0.24705882352941172,0.0020168067226890756,0.0002585196419877899
0.24705882352941172,0.002689075630252101,0.0002585196419877899
0.24705882352941172,0.0033613445378151263,0.0002585196419877899
0.24705882352941172,0.004033613445378151,0.0002585196419877899
0.24705882352941172,0.004705882352941176,0.0002585196419877899
0.24705882352941172,0.005378151260504202,0.0002585196419877899
0.24705882352941172,0.006050420168067228,0.0002585196419877899
0.24705882352941172,0.0067226890756302525,0.0002585196419877899
0.24705882352941172,0.007394957983193277,0.0002585196419877899
0.24705882352941172,0.008067226890756302,0.0002585196419877899
0.24705882352941172,0.008739495798319327,0.0002585196419877899
0.24705882352941172,0.009411764705882354,0.0002585196419877899
0.24705882352941172,0.010084033613445379,0.0002585196419877899
0.24705882352941172,0.010756302521008404,0.0002585196419877899
0.24705882352941172,0.011428571428571429,0.0002585196419877899
0.24705882352941172,0.012100840336134453,0.0002585196419877899
0.24705882352941172,0.01277310924369748,0.0002585196419877899
0.24705882352941172,0.013445378151260505,0.0002585196419877899
0.24705882352941172,0.01411764705882353,0.0002585196419877899
0.24705882352941172,0.014789915966386555,0.0002585196419877899
0.24705882352941172,0.01546218487394958,0.0002585196419877899
0.24705882352941172,0.016134453781512605,0.0002585196419877899
0.24705882352941172,0.01680672268907563,0.0002585196419877899
0.24705882352941172,0.017478991596638654,0.0002585196419877899
0.24705882352941172,0.018151260504201683,0.0002585196419877899
0.24705882352941172,0.018823529411764708,0.0002585196419877899
0.24705882352941172,0.019495798319327733,0.0002585196419877899
0.24705882352941172,0.020168067226890758,0.0002585196419877899
0.24705882352941172,0.020840336134453782,0.0002585196419877899
0.24705882352941172,0.021512605042016807,0.0002585196419877899
0.24705882352941172,0.022184873949579832,0.0002585196419877899
0.24705882352941172,0.022857142857142857,0.0002585196419877899
0.24705882352941172,0.023529411764705882,0.0002585196419877899
0.24705882352941172,0.024201680672268907,0.0002585196419877899
0.24705882352941172,0.024873949579831932,0.0002585196419877899
0.24705882352941172,0.02554621848739496,0.0002585196419877899
0.24705882352941172,0.026218487394957985,0.0002585196419877899
0.24705882352941172,0.02689075630252101,0.0002585196419877899
0.24705882352941172,0.027563025210084035,0.0002585196419877899
0.24705882352941172,0.02823529411764706,0.0002585196419877899
0.24705882352941172,0.028907563025210085,0.0002585196419877899
0.24705882352941172,0.02957983193277311,0.0002585196419877899
0.24705882352941172,0.030252100840336135,0.0002585196419877899
0.24705882352941172,0.03092436974789916,0.0002585196419877899
0.24705882352941172,0.03159663865546218,0.0002585196419877899
0.24705882352941172,0.03226890756302521,0.0002585196419877899
0.24705882352941172,0.03294117647058824,0.0002585196419877899
0.24705882352941172,0.033613445378151266,0.0002585196419877899
0.24705882352941172,0.03428571428571428,0.0002585196419877899
0.24705882352941172,0.03495798319327731,0.0002585196419877899
0.24705882352941172,0.03563025210084034,0.0002585196419877899
0.24705882352941172,0.036302521008403366,0.0002585196419877899
0.24705882352941172,0.036974789915966394,0.0002585196419877899
0.24705882352941172,0.03764705882352941,0.0002585196419877899
0.24705882352941172,0.03831932773109244,0.0002585196419877899
0.24705882352941172,0.038991596638655465,0.0002585196419877899
0.24705882352941172,0.039663865546218494,0.0002585196419877899
0.24705882352941172,0.04033613445378151,0.0002585196419877899
0.24705882352941172,0.041008403361344536,0.0002585196419877899
0.24705882352941172,0.041680672268907565,0.0002585196419877899
0.24705882352941172,0.04235294117647059,0.0002585196419877899
0.24705882352941172,0.043025210084033615,0.0002585196419877899
0.24705882352941172,0.043697478991596636,0.0002585196419877899
0.24705882352941172,0.044369747899159664,0.0002585196419877899
0.24705882352941172,0.04504201680672269,0.0002585196419877899
0.24705882352941172,0.04571428571428572,0.0002585196419877899
0.24705882352941172,0.046386554621848736,0.0002585196419877899
0.24705882352941172,0.047058823529411764,0.0002585196419877899
0.24705882352941172,0.04773109243697479,0.0002585196419877899
0.24705882352941172,0.04840336134453782,0.0002585196419877899
0.24705882352941172,0.049075630252100835,0.0002585196419877899
0.24705882352941172,0.049747899159663864,0.0002585196419877899
0.24705882352941172,0.05042016806722689,0.0002585196419877899
0.24705882352941172,0.05109243697478992,0.0002585196419877899
0.24705882352941172,0.05176470588235295,0.0002585196419877899
0.24705882352941172,0.05243697478991596,0.0002585196419877899
0.24705882352941172,0.05310924369747899,0.0002585196419877899
0.24705882352941172,0.05378151260504202,0.0002585196419877899
0.24705882352941172,0.05445378151260505,0.0002585196419877899
0.24705882352941172,0.05512605042016806,0.0002585196419877899
0.24705882352941172,0.05579831932773109,0.0002585196419877899
0.24705882352941172,0.05647058823529412,0.0002585196419877899
0.24705882352941172,0.05714285714285715,0.0002585196419877899
0.24705882352941172,0.05781512605042017,0.0002585196419877899
0.24705882352941172,0.05848739495798319,0.0002585196419877899
0.24705882352941172,0.05915966386554622,0.0002585196419877899
0.24705882352941172,0.05983193277310925,0.0002585196419877899
0.24705882352941172,0.060504201680672276,0.0002585196419877899
0.24705882352941172,0.06117647058823529,0.0002585196419877899
0.24705882352941172,0.06184873949579832,0.0002585196419877899
0.24705882352941172,0.06252100840336135,0.0002585196419877899
0.24705882352941172,0.06319327731092438,0.0002585196419877899
0.24705882352941172,0.06386554621848739,0.0002585196419877899
0.24705882352941172,0.06453781512605042,0.0002585196419877899
0.24705882352941172,0.06521008403361345,0.0002585196419877899
0.24705882352941172,0.06588235294117648,0.0002585196419877899
0.24705882352941172,0.0665546218487395,0.0002585196419877899
0.24705882352941172,0.06722689075630252,0.0002585196419877899
0.24705882352941172,0.06789915966386555,0.0002585196419877899
0.24705882352941172,0.06857142857142857,0.0002585196419877899
0.24705882352941172,0.0692436974789916,0.0002585196419877899
0.24705882352941172,0.06991596638655462,0.0002585196419877899
0.24705882352941172,0.07058823529411765,0.0002585196419877899
0.24705882352941172,0.07126050420168067,0.0002585196419877899
0.24705882352941172,0.0719327731092437,0.0002585196419877899
0.24705882352941172,0.07260504201680673,0.0002585196419877899
0.24705882352941172,0.07327731092436975,0.0002585196419877899
0.24705882352941172,0.07394957983193277,0.0002585196419877899
0.24705882352941172,0.0746218487394958,0.0002585196419877899
0.24705882352941172,0.07529411764705883,0.0002585196419877899
0.24705882352941172,0.07596638655462185,0.0002585196419877899
0.24705882352941172,0.07663865546218487,0.0002585196419877899
0.24705882352941172,0.0773109243697479,0.0002585196419877899
0.24705882352941172,0.07798319327731093,0.0002585196419877899
0.24705882352941172,0.07865546218487394,0.0002585196419877899
0.24705882352941172,0.07932773109243697,0.0002585196419877899
0.24705882352941172,0.07983193277310924,0.00025851964198779167
0.2495798319327731,0.0001680672268907563,0.0002585196419877899
0.2495798319327731,0.0006722689075630252,0.0002585196419877899
0.2495798319327731,0.0013445378151260505,0.0002585196419877899
0.2495798319327731,0.0020168067226890756,0.0002585196419877899
0.2495798319327731,0.002689075630252101,0.0002585196419877899
0.2495798319327731,0.0033613445378151263,0.0002585196419877899
0.2495798319327731,0.004033613445378151,0.0002585196419877899
0.2495798319327731,0.004705882352941176,0.0002585196419877899
0.2495798319327731,0.005378151260504202,0.0002585196419877899
0.2495798319327731,0.006050420168067228,0.0002585196419877899
0.2495798319327731,0.0067226890756302525,0.0002585196419877899
0.2495798319327731,0.007394957983193277,0.0002585196419877899
0.2495798319327731,0.008067226890756302,0.0002585196419877899
0.2495798319327731,0.008739495798319327,0.0002585196419877899
0.2495798319327731,0.009411764705882354,0.0002585196419877899
0.2495798319327731,0.010084033613445379,0.0002585196419877899
0.2495798319327731,0.010756302521008404,0.0002585196419877899
0.2495798319327731,0.011428571428571429,0.0002585196419877899
0.2495798319327731,0.012100840336134453,0.0002585196419877899
0.2495798319327731,0.01277310924369748,0.0002585196419877899
0.2495798319327731,0.013445378151260505,0.0002585196419877899
0.2495798319327731,0.01411764705882353,0.0002585196419877899
0.2495798319327731,0.014789915966386555,0.0002585196419877899
0.2495798319327731,0.01546218487394958,0.0002585196419877899
0.2495798319327731,0.016134453781512605,0.0002585196419877899
0.2495798319327731,0.01680672268907563,0.0002585196419877899
0.2495798319327731,0.017478991596638654,0.0002585196419877899
0.2495798319327731,0.018151260504201683,0.0002585196419877899
0.2495798319327731,0.018823529411764708,0.0002585196419877899
0.2495798319327731,0.019495798319327733,0.0002585196419877899
0.2495798319327731,0.020168067226890758,0.0002585196419877899
0.2495798319327731,0.020840336134453782,0.0002585196419877899
0.2495798319327731,0.021512605042016807,0.0002585196419877899
0.2495798319327731,0.022184873949579832,0.0002585196419877899
0.2495798319327731,0.022857142857142857,0.0002585196419877899
0.2495798319327731,0.023529411764705882,0.0002585196419877899
0.2495798319327731,0.024201680672268907,0.0002585196419877899
0.2495798319327731,0.024873949579831932,0.0002585196419877899
0.2495798319327731,0.02554621848739496,0.0002585196419877899
0.2495798319327731,0.026218487394957985,0.0002585196419877899
0.2495798319327731,0.02689075630252101,0.0002585196419877899
0.2495798319327731,0.027563025210084035,0.0002585196419877899
0.2495798319327731,0.02823529411764706,0.0002585196419877899
0.2495798319327731,0.028907563025210085,0.0002585196419877899
0.2495798319327731,0.02957983193277311,0.0002585196419877899
0.2495798319327731,0.030252100840336135,0.0002585196419877899
0.2495798319327731,0.03092436974789916,0.0002585196419877899
0.2495798319327731,0.03159663865546218,0.0002585196419877899
0.2495798319327731,0.03226890756302521,0.0002585196419877899
0.2495798319327731,0.03294117647058824,0.0002585196419877899
0.2495798319327731,0.033613445378151266,0.0002585196419877899
0.2495798319327731,0.03428571428571428,0.0002585196419877899
0.2495798319327731,0.03495798319327731,0.0002585196419877899
0.2495798319327731,0.03563025210084034,0.0002585196419877899
0.2495798319327731,0.036302521008403366,0.0002585196419877899
0.2495798319327731,0.036974789915966394,0.0002585196419877899
0.2495798319327731,0.03764705882352941,0.0002585196419877899
0.2495798319327731,0.03831932773109244,0.0002585196419877899
0.2495798319327731,0.038991596638655465,0.0002585196419877899
0.2495798319327731,0.039663865546218494,0.0002585196419877899
0.2495798319327731,0.04033613445378151,0.0002585196419877899
0.2495798319327731,0.041008403361344536,0.0002585196419877899
0.2495798319327731,0.041680672268907565,0.0002585196419877899
0.2495798319327731,0.04235294117647059,0.0002585196419877899
0.2495798319327731,0.043025210084033615,0.0002585196419877899
0.2495798319327731,0.043697478991596636,0.0002585196419877899
0.2495798319327731,0.044369747899159664,0.0002585196419877899
0.2495798319327731,0.04504201680672269,0.0002585196419877899
0.2495798319327731,0.04571428571428572,0.0002585196419877899
0.2495798319327731,0.046386554621848736,0.0002585196419877899
0.2495798319327731,0.047058823529411764,0.0002585196419877899
0.2495798319327731,0.04773109243697479,0.0002585196419877899
0.2495798319327731,0.04840336134453782,0.0002585196419877899
0.2495798319327731,0.049075630252100835,0.0002585196419877899
0.2495798319327731,0.049747899159663864,0.0002585196419877899
0.2495798319327731,0.05042016806722689,0.0002585196419877899
0.2495798319327731,0.05109243697478992,0.0002585196419877899
0.2495798319327731,0.05176470588235295,0.0002585196419877899
0.2495798319327731,0.05243697478991596,0.0002585196419877899
0.2495798319327731,0.05310924369747899,0.0002585196419877899
0.2495798319327731,0.05378151260504202,0.0002585196419877899
0.2495798319327731,0.05445378151260505,0.0002585196419877899
0.2495798319327731,0.05512605042016806,0.0002585196419877899
0.2495798319327731,0.05579831932773109,0.0002585196419877899
0.2495798319327731,0.05647058823529412,0.0002585196419877899
0.2495798319327731,0.05714285714285715,0.0002585196419877899
0.2495798319327731,0.05781512605042017,0.0002585196419877899
0.2495798319327731,0.05848739495798319,0.0002585196419877899
0.2495798319327731,0.05915966386554622,0.0002585196419877899
0.2495798319327731,0.05983193277310925,0.0002585196419877899
0.2495798319327731,0.060504201680672276,0.0002585196419877899
0.2495798319327731,0.06117647058823529,0.0002585196419877899
0.2495798319327731,0.06184873949579832,0.0002585196419877899
0.2495798319327731,0.06252100840336135,0.0002585196419877899
0.2495798319327731,0.06319327731092438,0.0002585196419877899
0.2495798319327731,0.06386554621848739,0.0002585196419877899
0.2495798319327731,0.06453781512605042,0.0002585196419877899
0.2495798319327731,0.06521008403361345,0.0002585196419877899
0.2495798319327731,0.06588235294117648,0.0002585196419877899
0.2495798319327731,0.0665546218487395,0.0002585196419877899
0.2495798319327731,0.06722689075630252,0.0002585196419877899
0.2495798319327731,0.06789915966386555,0.0002585196419877899
0.2495798319327731,0.06857142857142857,0.0002585196419877899
0.2495798319327731,0.0692436974789916,0.0002585196419877899
0.2495798319327731,0.06991596638655462,0.0002585196419877899
0.2495798319327731,0.07058823529411765,0.0002585196419877899
0.2495798319327731,0.07126050420168067,0.0002585196419877899
0.2495798319327731,0.0719327731092437,0.0002585196419877899
0.2495798319327731,0.07260504201680673,0.0002585196419877899
0.2495798319327731,0.07327731092436975,0.0002585196419877899
0.2495798319327731,0.07394957983193277,0.0002585196419877899
0.2495798319327731,0.0746218487394958,0.0002585196419877899
0.2495798319327731,0.07529411764705883,0.0002585196419877899
0.2495798319327731,0.07596638655462185,0.0002585196419877899
0.2495798319327731,0.07663865546218487,0.0002585196419877899
0.2495798319327731,0.0773109243697479,0.0002585196419877899
0.2495798319327731,0.07798319327731093,0.0002585196419877899
0.2495798319327731,0.07865546218487394,0.0002585196419877899
0.2495798319327731,0.07932773109243697,0.0002585196419877899
0.2495798319327731,0.07983193277310924,0.00025851964198779167
0.25210084033613445,0.0001680672268907563,0.0002585196419877899
0.25210084033613445,0.0006722689075630252,0.0002585196419877899
0.25210084033613445,0.0013445378151260505,0.0002585196419877899
0.25210084033613445,0.0020168067226890756,0.0002585196419877899
0.25210084033613445,0.002689075630252101,0.0002585196419877899
0.25210084033613445,0.0033613445378151263,0.0002585196419877899
0.25210084033613445,0.004033613445378151,0.0002585196419877899
0.25210084033613445,0.004705882352941176,0.0002585196419877899
0.25210084033613445,0.005378151260504202,0.0002585196419877899
0.25210084033613445,0.006050420168067228,0.0002585196419877899
0.25210084033613445,0.0067226890756302525,0.0002585196419877899
0.25210084033613445,0.007394957983193277,0.0002585196419877899
0.25210084033613445,0.008067226890756302,0.0002585196419877899
0.25210084033613445,0.008739495798319327,0.0002585196419877899
0.25210084033613445,0.009411764705882354,0.0002585196419877899
0.25210084033613445,0.010084033613445379,0.0002585196419877899
0.25210084033613445,0.010756302521008404,0.0002585196419877899
0.25210084033613445,0.011428571428571429,0.0002585196419877899
0.25210084033613445,0.012100840336134453,0.0002585196419877899
0.25210084033613445,0.01277310924369748,0.0002585196419877899
0.25210084033613445,0.013445378151260505,0.0002585196419877899
0.25210084033613445,0.01411764705882353,0.0002585196419877899
0.25210084033613445,0.014789915966386555,0.0002585196419877899
0.25210084033613445,0.01546218487394958,0.0002585196419877899
0.25210084033613445,0.016134453781512605,0.0002585196419877899
0.25210084033613445,0.01680672268907563,0.0002585196419877899
0.25210084033613445,0.017478991596638654,0.0002585196419877899
0.25210084033613445,0.018151260504201683,0.0002585196419877899
0.25210084033613445,0.018823529411764708,0.0002585196419877899
0.25210084033613445,0.019495798319327733,0.0002585196419877899
0.25210084033613445,0.020168067226890758,0.0002585196419877899
0.25210084033613445,0.020840336134453782,0.0002585196419877899
0.25210084033613445,0.021512605042016807,0.0002585196419877899
0.25210084033613445,0.022184873949579832,0.0002585196419877899
0.25210084033613445,0.022857142857142857,0.0002585196419877899
0.25210084033613445,0.023529411764705882,0.0002585196419877899
0.25210084033613445,0.024201680672268907,0.0002585196419877899
0.25210084033613445,0.024873949579831932,0.0002585196419877899
0.25210084033613445,0.02554621848739496,0.0002585196419877899
0.25210084033613445,0.026218487394957985,0.0002585196419877899
0.25210084033613445,0.02689075630252101,0.0002585196419877899
0.25210084033613445,0.027563025210084035,0.0002585196419877899
0.25210084033613445,0.02823529411764706,0.0002585196419877899
0.25210084033613445,0.028907563025210085,0.0002585196419877899
0.25210084033613445,0.02957983193277311,0.0002585196419877899
0.25210084033613445,0.030252100840336135,0.0002585196419877899
0.25210084033613445,0.03092436974789916,0.0002585196419877899
0.25210084033613445,0.03159663865546218,0.0002585196419877899
0.25210084033613445,0.03226890756302521,0.0002585196419877899
0.25210084033613445,0.03294117647058824,0.0002585196419877899
0.25210084033613445,0.033613445378151266,0.0002585196419877899
0.25210084033613445,0.03428571428571428,0.0002585196419877899
0.25210084033613445,0.03495798319327731,0.0002585196419877899
0.25210084033613445,0.03563025210084034,0.0002585196419877899
0.25210084033613445,0.036302521008403366,0.0002585196419877899
0.25210084033613445,0.036974789915966394,0.0002585196419877899
0.25210084033613445,0.03764705882352941,0.0002585196419877899
0.25210084033613445,0.03831932773109244,0.0002585196419877899
0.25210084033613445,0.038991596638655465,0.0002585196419877899
0.25210084033613445,0.039663865546218494,0.0002585196419877899
0.25210084033613445,0.04033613445378151,0.0002585196419877899
0.25210084033613445,0.041008403361344536,0.0002585196419877899
0.25210084033613445,0.041680672268907565,0.0002585196419877899
0.25210084033613445,0.04235294117647059,0.0002585196419877899
0.25210084033613445,0.043025210084033615,0.0002585196419877899
0.25210084033613445,0.043697478991596636,0.0002585196419877899
0.25210084033613445,0.044369747899159664,0.0002585196419877899
0.25210084033613445,0.04504201680672269,0.0002585196419877899
0.25210084033613445,0.04571428571428572,0.0002585196419877899
0.25210084033613445,0.046386554621848736,0.0002585196419877899
0.25210084033613445,0.047058823529411764,0.0002585196419877899
0.25210084033613445,0.04773109243697479,0.0002585196419877899
0.25210084033613445,0.04840336134453782,0.0002585196419877899
0.25210084033613445,0.049075630252100835,0.0002585196419877899
0.25210084033613445,0.049747899159663864,0.0002585196419877899
0.25210084033613445,0.05042016806722689,0.0002585196419877899
0.25210084033613445,0.05109243697478992,0.0002585196419877899
0.25210084033613445,0.05176470588235295,0.0002585196419877899
0.25210084033613445,0.05243697478991596,0.0002585196419877899
0.25210084033613445,0.05310924369747899,0.0002585196419877899
0.25210084033613445,0.05378151260504202,0.0002585196419877899
0.25210084033613445,0.05445378151260505,0.0002585196419877899
0.25210084033613445,0.05512605042016806,0.0002585196419877899
0.25210084033613445,0.05579831932773109,0.0002585196419877899
0.25210084033613445,0.05647058823529412,0.0002585196419877899
0.25210084033613445,0.05714285714285715,0.0002585196419877899
0.25210084033613445,0.05781512605042017,0.0002585196419877899
0.25210084033613445,0.05848739495798319,0.0002585196419877899
0.25210084033613445,0.05915966386554622,0.0002585196419877899
0.25210084033613445,0.05983193277310925,0.0002585196419877899
0.25210084033613445,0.060504201680672276,0.0002585196419877899
0.25210084033613445,0.06117647058823529,0.0002585196419877899
0.25210084033613445,0.06184873949579832,0.0002585196419877899
0.25210084033613445,0.06252100840336135,0.0002585196419877899
0.25210084033613445,0.06319327731092438,0.0002585196419877899
0.25210084033613445,0.06386554621848739,0.0002585196419877899
0.25210084033613445,0.06453781512605042,0.0002585196419877899
0.25210084033613445,0.06521008403361345,0.0002585196419877899
0.25210084033613445,0.06588235294117648,0.0002585196419877899
0.25210084033613445,0.0665546218487395,0.0002585196419877899
0.25210084033613445,0.06722689075630252,0.0002585196419877899
0.25210084033613445,0.06789915966386555,0.0002585196419877899
0.25210084033613445,0.06857142857142857,0.0002585196419877899
0.25210084033613445,0.0692436974789916,0.0002585196419877899
0.25210084033613445,0.06991596638655462,0.0002585196419877899
0.25210084033613445,0.07058823529411765,0.0002585196419877899
0.25210084033613445,0.07126050420168067,0.0002585196419877899
0.25210084033613445,0.0719327731092437,0.0002585196419877899
0.25210084033613445,0.07260504201680673,0.0002585196419877899
0.25210084033613445,0.07327731092436975,0.0002585196419877899
0.25210084033613445,0.07394957983193277,0.0002585196419877899
0.25210084033613445,0.0746218487394958,0.0002585196419877899
0.25210084033613445,0.07529411764705883,0.0002585196419877899
0.25210084033613445,0.07596638655462185,0.0002585196419877899
0.25210084033613445,0.07663865546218487,0.0002585196419877899
0.25210084033613445,0.0773109243697479,0.0002585196419877899
0.25210084033613445,0.07798319327731093,0.0002585196419877899
0.25210084033613445,0.07865546218487394,0.0002585196419877899
0.25210084033613445,0.07932773109243697,0.0002585196419877899
0.25210084033613445,0.07983193277310924,0.00025851964198779167
0.2546218487394958,0.0001680672268907563,0.0002585196419877899
0.2546218487394958,0.0006722689075630252,0.0002585196419877899
0.2546218487394958,0.0013445378151260505,0.0002585196419877899
0.2546218487394958,0.0020168067226890756,0.0002585196419877899
0.2546218487394958,0.002689075630252101,0.0002585196419877899
0.2546218487394958,0.0033613445378151263,0.0002585196419877899
0.2546218487394958,0.004033613445378151,0.0002585196419877899
0.2546218487394958,0.004705882352941176,0.0002585196419877899
0.2546218487394958,0.005378151260504202,0.0002585196419877899
0.2546218487394958,0.006050420168067228,0.0002585196419877899
0.2546218487394958,0.0067226890756302525,0.0002585196419877899
0.2546218487394958,0.007394957983193277,0.0002585196419877899
0.2546218487394958,0.008067226890756302,0.0002585196419877899
0.2546218487394958,0.008739495798319327,0.0002585196419877899
0.2546218487394958,0.009411764705882354,0.0002585196419877899
0.2546218487394958,0.010084033613445379,0.0002585196419877899
0.2546218487394958,0.010756302521008404,0.0002585196419877899
0.2546218487394958,0.011428571428571429,0.0002585196419877899
0.2546218487394958,0.012100840336134453,0.0002585196419877899
0.2546218487394958,0.01277310924369748,0.0002585196419877899
0.2546218487394958,0.013445378151260505,0.0002585196419877899
0.2546218487394958,0.01411764705882353,0.0002585196419877899
0.2546218487394958,0.014789915966386555,0.0002585196419877899
0.2546218487394958,0.01546218487394958,0.0002585196419877899
0.2546218487394958,0.016134453781512605,0.0002585196419877899
0.2546218487394958,0.01680672268907563,0.0002585196419877899
0.2546218487394958,0.017478991596638654,0.0002585196419877899
0.2546218487394958,0.018151260504201683,0.0002585196419877899
0.2546218487394958,0.018823529411764708,0.0002585196419877899
0.2546218487394958,0.019495798319327733,0.0002585196419877899
0.2546218487394958,0.020168067226890758,0.0002585196419877899
0.2546218487394958,0.020840336134453782,0.0002585196419877899
0.2546218487394958,0.021512605042016807,0.0002585196419877899
0.2546218487394958,0.022184873949579832,0.0002585196419877899
0.2546218487394958,0.022857142857142857,0.0002585196419877899
0.2546218487394958,0.023529411764705882,0.0002585196419877899
0.2546218487394958,0.024201680672268907,0.0002585196419877899
0.2546218487394958,0.024873949579831932,0.0002585196419877899
0.2546218487394958,0.02554621848739496,0.0002585196419877899
0.2546218487394958,0.026218487394957985,0.0002585196419877899
0.2546218487394958,0.02689075630252101,0.0002585196419877899
0.2546218487394958,0.027563025210084035,0.0002585196419877899
0.2546218487394958,0.02823529411764706,0.0002585196419877899
0.2546218487394958,0.028907563025210085,0.0002585196419877899
0.2546218487394958,0.02957983193277311,0.0002585196419877899
0.2546218487394958,0.030252100840336135,0.0002585196419877899
0.2546218487394958,0.03092436974789916,0.0002585196419877899
0.2546218487394958,0.03159663865546218,0.0002585196419877899
0.2546218487394958,0.03226890756302521,0.0002585196419877899
0.2546218487394958,0.03294117647058824,0.0002585196419877899
0.2546218487394958,0.033613445378151266,0.0002585196419877899
0.2546218487394958,0.03428571428571428,0.0002585196419877899
0.2546218487394958,0.03495798319327731,0.0002585196419877899
0.2546218487394958,0.03563025210084034,0.0002585196419877899
0.2546218487394958,0.036302521008403366,0.0002585196419877899
0.2546218487394958,0.036974789915966394,0.0002585196419877899
0.2546218487394958,0.03764705882352941,0.0002585196419877899
0.2546218487394958,0.03831932773109244,0.0002585196419877899
0.2546218487394958,0.038991596638655465,0.0002585196419877899
0.2546218487394958,0.039663865546218494,0.0002585196419877899
0.2546218487394958,0.04033613445378151,0.0002585196419877899
0.2546218487394958,0.041008403361344536,0.0002585196419877899
0.2546218487394958,0.041680672268907565,0.0002585196419877899
0.2546218487394958,0.04235294117647059,0.0002585196419877899
0.2546218487394958,0.043025210084033615,0.0002585196419877899
0.2546218487394958,0.043697478991596636,0.0002585196419877899
0.2546218487394958,0.044369747899159664,0.0002585196419877899
0.2546218487394958,0.04504201680672269,0.0002585196419877899
0.2546218487394958,0.04571428571428572,0.0002585196419877899
0.2546218487394958,0.046386554621848736,0.0002585196419877899
0.2546218487394958,0.047058823529411764,0.0002585196419877899
0.2546218487394958,0.04773109243697479,0.0002585196419877899
0.2546218487394958,0.04840336134453782,0.0002585196419877899
0.2546218487394958,0.049075630252100835,0.0002585196419877899
0.2546218487394958,0.049747899159663864,0.0002585196419877899
0.2546218487394958,0.05042016806722689,0.0002585196419877899
0.2546218487394958,0.05109243697478992,0.0002585196419877899
0.2546218487394958,0.05176470588235295,0.0002585196419877899
0.2546218487394958,0.05243697478991596,0.0002585196419877899
0.2546218487394958,0.05310924369747899,0.0002585196419877899
0.2546218487394958,0.05378151260504202,0.0002585196419877899
0.2546218487394958,0.05445378151260505,0.0002585196419877899
0.2546218487394958,0.05512605042016806,0.0002585196419877899
0.2546218487394958,0.05579831932773109,0.0002585196419877899
0.2546218487394958,0.05647058823529412,0.0002585196419877899
0.2546218487394958,0.05714285714285715,0.0002585196419877899
0.2546218487394958,0.05781512605042017,0.0002585196419877899
0.2546218487394958,0.05848739495798319,0.0002585196419877899
0.2546218487394958,0.05915966386554622,0.0002585196419877899
0.2546218487394958,0.05983193277310925,0.0002585196419877899
0.2546218487394958,0.060504201680672276,0.0002585196419877899
0.2546218487394958,0.06117647058823529,0.0002585196419877899
0.2546218487394958,0.06184873949579832,0.0002585196419877899
0.2546218487394958,0.06252100840336135,0.0002585196419877899
0.2546218487394958,0.06319327731092438,0.0002585196419877899
0.2546218487394958,0.06386554621848739,0.0002585196419877899
0.2546218487394958,0.06453781512605042,0.0002585196419877899
0.2546218487394958,0.06521008403361345,0.0002585196419877899
0.2546218487394958,0.06588235294117648,0.0002585196419877899
0.2546218487394958,0.0665546218487395,0.0002585196419877899
0.2546218487394958,0.06722689075630252,0.0002585196419877899
0.2546218487394958,0.06789915966386555,0.0002585196419877899
0.2546218487394958,0.06857142857142857,0.0002585196419877899
0.2546218487394958,0.0692436974789916,0.0002585196419877899
0.2546218487394958,0.06991596638655462,0.0002585196419877899
0.2546218487394958,0.07058823529411765,0.0002585196419877899
0.2546218487394958,0.07126050420168067,0.0002585196419877899
0.2546218487394958,0.0719327731092437,0.0002585196419877899
0.2546218487394958,0.07260504201680673,0.0002585196419877899
0.2546218487394958,0.07327731092436975,0.0002585196419877899
0.2546218487394958,0.07394957983193277,0.0002585196419877899
0.2546218487394958,0.0746218487394958,0.0002585196419877899
0.2546218487394958,0.07529411764705883,0.0002585196419877899
0.2546218487394958,0.07596638655462185,0.0002585196419877899
0.2546218487394958,0.07663865546218487,0.0002585196419877899
0.2546218487394958,0.0773109243697479,0.0002585196419877899
0.2546218487394958,0.07798319327731093,0.0002585196419877899
0.2546218487394958,0.07865546218487394,0.0002585196419877899
0.2546218487394958,0.07932773109243697,0.0002585196419877899
0.2546218487394958,0.07983193277310924,0.00025851964198779167
0.2571428571428571,0.0001680672268907563,0.0002585196419877899
0.2571428571428571,0.0006722689075630252,0.0002585196419877899
0.2571428571428571,0.0013445378151260505,0.0002585196419877899
0.2571428571428571,0.0020168067226890756,0.0002585196419877899
0.2571428571428571,0.002689075630252101,0.0002585196419877899
0.2571428571428571,0.0033613445378151263,0.0002585196419877899
0.2571428571428571,0.004033613445378151,0.0002585196419877899
0.2571428571428571,0.004705882352941176,0.0002585196419877899
0.2571428571428571,0.005378151260504202,0.0002585196419877899
0.2571428571428571,0.006050420168067228,0.0002585196419877899
0.2571428571428571,0.0067226890756302525,0.0002585196419877899
0.2571428571428571,0.007394957983193277,0.0002585196419877899
0.2571428571428571,0.008067226890756302,0.0002585196419877899
0.2571428571428571,0.008739495798319327,0.0002585196419877899
0.2571428571428571,0.009411764705882354,0.0002585196419877899
0.2571428571428571,0.010084033613445379,0.0002585196419877899
0.2571428571428571,0.010756302521008404,0.0002585196419877899
0.2571428571428571,0.011428571428571429,0.0002585196419877899
0.2571428571428571,0.012100840336134453,0.0002585196419877899
0.2571428571428571,0.01277310924369748,0.0002585196419877899
0.2571428571428571,0.013445378151260505,0.0002585196419877899
0.2571428571428571,0.01411764705882353,0.0002585196419877899
0.2571428571428571,0.014789915966386555,0.0002585196419877899
0.2571428571428571,0.01546218487394958,0.0002585196419877899
0.2571428571428571,0.016134453781512605,0.0002585196419877899
0.2571428571428571,0.01680672268907563,0.0002585196419877899
0.2571428571428571,0.017478991596638654,0.0002585196419877899
0.2571428571428571,0.018151260504201683,0.0002585196419877899
0.2571428571428571,0.018823529411764708,0.0002585196419877899
0.2571428571428571,0.019495798319327733,0.0002585196419877899
0.2571428571428571,0.020168067226890758,0.0002585196419877899
0.2571428571428571,0.020840336134453782,0.0002585196419877899
0.2571428571428571,0.021512605042016807,0.0002585196419877899
0.2571428571428571,0.022184873949579832,0.0002585196419877899
0.2571428571428571,0.022857142857142857,0.0002585196419877899
0.2571428571428571,0.023529411764705882,0.0002585196419877899
0.2571428571428571,0.024201680672268907,0.0002585196419877899
0.2571428571428571,0.024873949579831932,0.0002585196419877899
0.2571428571428571,0.02554621848739496,0.0002585196419877899
0.2571428571428571,0.026218487394957985,0.0002585196419877899
0.2571428571428571,0.02689075630252101,0.0002585196419877899
0.2571428571428571,0.027563025210084035,0.0002585196419877899
0.2571428571428571,0.02823529411764706,0.0002585196419877899
0.2571428571428571,0.028907563025210085,0.0002585196419877899
0.2571428571428571,0.02957983193277311,0.0002585196419877899
0.2571428571428571,0.030252100840336135,0.0002585196419877899
0.2571428571428571,0.03092436974789916,0.0002585196419877899
0.2571428571428571,0.03159663865546218,0.0002585196419877899
0.2571428571428571,0.03226890756302521,0.0002585196419877899
0.2571428571428571,0.03294117647058824,0.0002585196419877899
0.2571428571428571,0.033613445378151266,0.0002585196419877899
0.2571428571428571,0.03428571428571428,0.0002585196419877899
0.2571428571428571,0.03495798319327731,0.0002585196419877899
0.2571428571428571,0.03563025210084034,0.0002585196419877899
0.2571428571428571,0.036302521008403366,0.0002585196419877899
0.2571428571428571,0.036974789915966394,0.0002585196419877899
0.2571428571428571,0.03764705882352941,0.0002585196419877899
0.2571428571428571,0.03831932773109244,0.0002585196419877899
0.2571428571428571,0.038991596638655465,0.0002585196419877899
0.2571428571428571,0.039663865546218494,0.0002585196419877899
0.2571428571428571,0.04033613445378151,0.0002585196419877899
0.2571428571428571,0.041008403361344536,0.0002585196419877899
0.2571428571428571,0.041680672268907565,0.0002585196419877899
0.2571428571428571,0.04235294117647059,0.0002585196419877899
0.2571428571428571,0.043025210084033615,0.0002585196419877899
0.2571428571428571,0.043697478991596636,0.0002585196419877899
0.2571428571428571,0.044369747899159664,0.0002585196419877899
0.2571428571428571,0.04504201680672269,0.0002585196419877899
0.2571428571428571,0.04571428571428572,0.0002585196419877899
0.2571428571428571,0.046386554621848736,0.0002585196419877899
0.2571428571428571,0.047058823529411764,0.0002585196419877899
0.2571428571428571,0.04773109243697479,0.0002585196419877899
0.2571428571428571,0.04840336134453782,0.0002585196419877899
0.2571428571428571,0.049075630252100835,0.0002585196419877899
0.2571428571428571,0.049747899159663864,0.0002585196419877899
0.2571428571428571,0.05042016806722689,0.0002585196419877899
0.2571428571428571,0.05109243697478992,0.0002585196419877899
0.2571428571428571,0.05176470588235295,0.0002585196419877899
0.2571428571428571,0.05243697478991596,0.0002585196419877899
0.2571428571428571,0.05310924369747899,0.0002585196419877899
0.2571428571428571,0.05378151260504202,0.0002585196419877899
0.2571428571428571,0.05445378151260505,0.0002585196419877899
0.2571428571428571,0.05512605042016806,0.0002585196419877899
0.2571428571428571,0.05579831932773109,0.0002585196419877899
0.2571428571428571,0.05647058823529412,0.0002585196419877899
0.2571428571428571,0.05714285714285715,0.0002585196419877899
0.2571428571428571,0.05781512605042017,0.0002585196419877899
0.2571428571428571,0.05848739495798319,0.0002585196419877899
0.2571428571428571,0.05915966386554622,0.0002585196419877899
0.2571428571428571,0.05983193277310925,0.0002585196419877899
0.2571428571428571,0.060504201680672276,0.0002585196419877899
0.2571428571428571,0.06117647058823529,0.0002585196419877899
0.2571428571428571,0.06184873949579832,0.0002585196419877899
0.2571428571428571,0.06252100840336135,0.0002585196419877899
0.2571428571428571,0.06319327731092438,0.0002585196419877899
0.2571428571428571,0.06386554621848739,0.0002585196419877899
0.2571428571428571,0.06453781512605042,0.0002585196419877899
0.2571428571428571,0.06521008403361345,0.0002585196419877899
0.2571428571428571,0.06588235294117648,0.0002585196419877899
0.2571428571428571,0.0665546218487395,0.0002585196419877899
0.2571428571428571,0.06722689075630252,0.0002585196419877899
0.2571428571428571,0.06789915966386555,0.0002585196419877899
0.2571428571428571,0.06857142857142857,0.0002585196419877899
0.2571428571428571,0.0692436974789916,0.0002585196419877899
0.2571428571428571,0.06991596638655462,0.0002585196419877899
0.2571428571428571,0.07058823529411765,0.0002585196419877899
0.2571428571428571,0.07126050420168067,0.0002585196419877899
0.2571428571428571,0.0719327731092437,0.0002585196419877899
0.2571428571428571,0.07260504201680673,0.0002585196419877899
0.2571428571428571,0.07327731092436975,0.0002585196419877899
0.2571428571428571,0.07394957983193277,0.0002585196419877899
0.2571428571428571,0.0746218487394958,0.0002585196419877899
0.2571428571428571,0.07529411764705883,0.0002585196419877899
0.2571428571428571,0.07596638655462185,0.0002585196419877899
0.2571428571428571,0.07663865546218487,0.0002585196419877899
0.2571428571428571,0.0773109243697479,0.0002585196419877899
0.2571428571428571,0.07798319327731093,0.0002585196419877899
0.2571428571428571,0.07865546218487394,0.0002585196419877899
0.2571428571428571,0.07932773109243697,0.0002585196419877899
0.2571428571428571,0.07983193277310924,0.00025851964198779167
0.25966386554621845,0.0001680672268907563,0.0002585196419877899
0.25966386554621845,0.0006722689075630252,0.0002585196419877899
0.25966386554621845,0.0013445378151260505,0.0002585196419877899
0.25966386554621845,0.0020168067226890756,0.0002585196419877899
0.25966386554621845,0.002689075630252101,0.0002585196419877899
0.25966386554621845,0.0033613445378151263,0.0002585196419877899
0.25966386554621845,0.004033613445378151,0.0002585196419877899
0.25966386554621845,0.004705882352941176,0.0002585196419877899
0.25966386554621845,0.005378151260504202,0.0002585196419877899
0.25966386554621845,0.006050420168067228,0.0002585196419877899
0.25966386554621845,0.0067226890756302525,0.0002585196419877899
0.25966386554621845,0.007394957983193277,0.0002585196419877899
0.25966386554621845,0.008067226890756302,0.0002585196419877899
0.25966386554621845,0.008739495798319327,0.0002585196419877899
0.25966386554621845,0.009411764705882354,0.0002585196419877899
0.25966386554621845,0.010084033613445379,0.0002585196419877899
0.25966386554621845,0.010756302521008404,0.0002585196419877899
0.25966386554621845,0.011428571428571429,0.0002585196419877899
0.25966386554621845,0.012100840336134453,0.0002585196419877899
0.25966386554621845,0.01277310924369748,0.0002585196419877899
0.25966386554621845,0.013445378151260505,0.0002585196419877899
0.25966386554621845,0.01411764705882353,0.0002585196419877899
0.25966386554621845,0.014789915966386555,0.0002585196419877899
0.25966386554621845,0.01546218487394958,0.0002585196419877899
0.25966386554621845,0.016134453781512605,0.0002585196419877899
0.25966386554621845,0.01680672268907563,0.0002585196419877899
0.25966386554621845,0.017478991596638654,0.0002585196419877899
0.25966386554621845,0.018151260504201683,0.0002585196419877899
0.25966386554621845,0.018823529411764708,0.0002585196419877899
0.25966386554621845,0.019495798319327733,0.0002585196419877899
0.25966386554621845,0.020168067226890758,0.0002585196419877899
0.25966386554621845,0.020840336134453782,0.0002585196419877899
0.25966386554621845,0.021512605042016807,0.0002585196419877899
0.25966386554621845,0.022184873949579832,0.0002585196419877899
0.25966386554621845,0.022857142857142857,0.0002585196419877899
0.25966386554621845,0.023529411764705882,0.0002585196419877899
0.25966386554621845,0.024201680672268907,0.0002585196419877899
0.25966386554621845,0.024873949579831932,0.0002585196419877899
0.25966386554621845,0.02554621848739496,0.0002585196419877899
0.25966386554621845,0.026218487394957985,0.0002585196419877899
0.25966386554621845,0.02689075630252101,0.0002585196419877899
0.25966386554621845,0.027563025210084035,0.0002585196419877899
0.25966386554621845,0.02823529411764706,0.0002585196419877899
0.25966386554621845,0.028907563025210085,0.0002585196419877899
0.25966386554621845,0.02957983193277311,0.0002585196419877899
0.25966386554621845,0.030252100840336135,0.0002585196419877899
0.25966386554621845,0.03092436974789916,0.0002585196419877899
0.25966386554621845,0.03159663865546218,0.0002585196419877899
0.25966386554621845,0.03226890756302521,0.0002585196419877899
0.25966386554621845,0.03294117647058824,0.0002585196419877899
0.25966386554621845,0.033613445378151266,0.0002585196419877899
0.25966386554621845,0.03428571428571428,0.0002585196419877899
0.25966386554621845,0.03495798319327731,0.0002585196419877899
0.25966386554621845,0.03563025210084034,0.0002585196419877899
0.25966386554621845,0.036302521008403366,0.0002585196419877899
0.25966386554621845,0.036974789915966394,0.0002585196419877899
0.25966386554621845,0.03764705882352941,0.0002585196419877899
0.25966386554621845,0.03831932773109244,0.0002585196419877899
0.25966386554621845,0.038991596638655465,0.0002585196419877899
0.25966386554621845,0.039663865546218494,0.0002585196419877899
0.25966386554621845,0.04033613445378151,0.0002585196419877899
0.25966386554621845,0.041008403361344536,0.0002585196419877899
0.25966386554621845,0.041680672268907565,0.0002585196419877899
0.25966386554621845,0.04235294117647059,0.0002585196419877899
0.25966386554621845,0.043025210084033615,0.0002585196419877899
0.25966386554621845,0.043697478991596636,0.0002585196419877899
0.25966386554621845,0.044369747899159664,0.0002585196419877899
0.25966386554621845,0.04504201680672269,0.0002585196419877899
0.25966386554621845,0.04571428571428572,0.0002585196419877899
0.25966386554621845,0.046386554621848736,0.0002585196419877899
0.25966386554621845,0.047058823529411764,0.0002585196419877899
0.25966386554621845,0.04773109243697479,0.0002585196419877899
0.25966386554621845,0.04840336134453782,0.0002585196419877899
0.25966386554621845,0.049075630252100835,0.0002585196419877899
0.25966386554621845,0.049747899159663864,0.0002585196419877899
0.25966386554621845,0.05042016806722689,0.0002585196419877899
0.25966386554621845,0.05109243697478992,0.0002585196419877899
0.25966386554621845,0.05176470588235295,0.0002585196419877899
0.25966386554621845,0.05243697478991596,0.0002585196419877899
0.25966386554621845,0.05310924369747899,0.0002585196419877899
0.25966386554621845,0.05378151260504202,0.0002585196419877899
0.25966386554621845,0.05445378151260505,0.0002585196419877899
0.25966386554621845,0.05512605042016806,0.0002585196419877899
0.25966386554621845,0.05579831932773109,0.0002585196419877899
0.25966386554621845,0.05647058823529412,0.0002585196419877899
0.25966386554621845,0.05714285714285715,0.0002585196419877899
0.25966386554621845,0.05781512605042017,0.0002585196419877899
0.25966386554621845,0.05848739495798319,0.0002585196419877899
0.25966386554621845,0.05915966386554622,0.0002585196419877899
0.25966386554621845,0.05983193277310925,0.0002585196419877899
0.25966386554621845,0.060504201680672276,0.0002585196419877899
0.25966386554621845,0.06117647058823529,0.0002585196419877899
0.25966386554621845,0.06184873949579832,0.0002585196419877899
0.25966386554621845,0.06252100840336135,0.0002585196419877899
0.25966386554621845,0.06319327731092438,0.0002585196419877899
0.25966386554621845,0.06386554621848739,0.0002585196419877899
0.25966386554621845,0.06453781512605042,0.0002585196419877899
0.25966386554621845,0.06521008403361345,0.0002585196419877899
0.25966386554621845,0.06588235294117648,0.0002585196419877899
0.25966386554621845,0.0665546218487395,0.0002585196419877899
0.25966386554621845,0.06722689075630252,0.0002585196419877899
0.25966386554621845,0.06789915966386555,0.0002585196419877899
0.25966386554621845,0.06857142857142857,0.0002585196419877899
0.25966386554621845,0.0692436974789916,0.0002585196419877899
0.25966386554621845,0.06991596638655462,0.0002585196419877899
0.25966386554621845,0.07058823529411765,0.0002585196419877899
0.25966386554621845,0.07126050420168067,0.0002585196419877899
0.25966386554621845,0.0719327731092437,0.0002585196419877899
0.25966386554621845,0.07260504201680673,0.0002585196419877899
0.25966386554621845,0.07327731092436975,0.0002585196419877899
0.25966386554621845,0.07394957983193277,0.0002585196419877899
0.25966386554621845,0.0746218487394958,0.0002585196419877899
0.25966386554621845,0.07529411764705883,0.0002585196419877899
0.25966386554621845,0.07596638655462185,0.0002585196419877899
0.25966386554621845,0.07663865546218487,0.0002585196419877899
0.25966386554621845,0.0773109243697479,0.0002585196419877899
0.25966386554621845,0.07798319327731093,0.0002585196419877899
0.25966386554621845,0.07865546218487394,0.0002585196419877899
0.25966386554621845,0.07932773109243697,0.0002585196419877899
0.25966386554621845,0.07983193277310924,0.00025851964198779167
0.2621848739495798,0.0001680672268907563,0.0002585196419877899
0.2621848739495798,0.0006722689075630252,0.0002585196419877899
0.2621848739495798,0.0013445378151260505,0.0002585196419877899
0.2621848739495798,0.0020168067226890756,0.0002585196419877899
0.2621848739495798,0.002689075630252101,0.0002585196419877899
0.2621848739495798,0.0033613445378151263,0.0002585196419877899
0.2621848739495798,0.004033613445378151,0.0002585196419877899
0.2621848739495798,0.004705882352941176,0.0002585196419877899
0.2621848739495798,0.005378151260504202,0.0002585196419877899
0.2621848739495798,0.006050420168067228,0.0002585196419877899
0.2621848739495798,0.0067226890756302525,0.0002585196419877899
0.2621848739495798,0.007394957983193277,0.0002585196419877899
0.2621848739495798,0.008067226890756302,0.0002585196419877899
0.2621848739495798,0.008739495798319327,0.0002585196419877899
0.2621848739495798,0.009411764705882354,0.0002585196419877899
0.2621848739495798,0.010084033613445379,0.0002585196419877899
0.2621848739495798,0.010756302521008404,0.0002585196419877899
0.2621848739495798,0.011428571428571429,0.0002585196419877899
0.2621848739495798,0.012100840336134453,0.0002585196419877899
0.2621848739495798,0.01277310924369748,0.0002585196419877899
0.2621848739495798,0.013445378151260505,0.0002585196419877899
0.2621848739495798,0.01411764705882353,0.0002585196419877899
0.2621848739495798,0.014789915966386555,0.0002585196419877899
0.2621848739495798,0.01546218487394958,0.0002585196419877899
0.2621848739495798,0.016134453781512605,0.0002585196419877899
0.2621848739495798,0.01680672268907563,0.0002585196419877899
0.2621848739495798,0.017478991596638654,0.0002585196419877899
0.2621848739495798,0.018151260504201683,0.0002585196419877899
0.2621848739495798,0.018823529411764708,0.0002585196419877899
0.2621848739495798,0.019495798319327733,0.0002585196419877899
0.2621848739495798,0.020168067226890758,0.0002585196419877899
0.2621848739495798,0.020840336134453782,0.0002585196419877899
0.2621848739495798,0.021512605042016807,0.0002585196419877899
0.2621848739495798,0.022184873949579832,0.0002585196419877899
0.2621848739495798,0.022857142857142857,0.0002585196419877899
0.2621848739495798,0.023529411764705882,0.0002585196419877899
0.2621848739495798,0.024201680672268907,0.0002585196419877899
0.2621848739495798,0.024873949579831932,0.0002585196419877899
0.2621848739495798,0.02554621848739496,0.0002585196419877899
0.2621848739495798,0.026218487394957985,0.0002585196419877899
0.2621848739495798,0.02689075630252101,0.0002585196419877899
0.2621848739495798,0.027563025210084035,0.0002585196419877899
0.2621848739495798,0.02823529411764706,0.0002585196419877899
0.2621848739495798,0.028907563025210085,0.0002585196419877899
0.2621848739495798,0.02957983193277311,0.0002585196419877899
0.2621848739495798,0.030252100840336135,0.0002585196419877899
0.2621848739495798,0.03092436974789916,0.0002585196419877899
0.2621848739495798,0.03159663865546218,0.0002585196419877899
0.2621848739495798,0.03226890756302521,0.0002585196419877899
0.2621848739495798,0.03294117647058824,0.0002585196419877899
0.2621848739495798,0.033613445378151266,0.0002585196419877899
0.2621848739495798,0.03428571428571428,0.0002585196419877899
0.2621848739495798,0.03495798319327731,0.0002585196419877899
0.2621848739495798,0.03563025210084034,0.0002585196419877899
0.2621848739495798,0.036302521008403366,0.0002585196419877899
0.2621848739495798,0.036974789915966394,0.0002585196419877899
0.2621848739495798,0.03764705882352941,0.0002585196419877899
0.2621848739495798,0.03831932773109244,0.0002585196419877899
0.2621848739495798,0.038991596638655465,0.0002585196419877899
0.2621848739495798,0.039663865546218494,0.0002585196419877899
0.2621848739495798,0.04033613445378151,0.0002585196419877899
0.2621848739495798,0.041008403361344536,0.0002585196419877899
0.2621848739495798,0.041680672268907565,0.0002585196419877899
0.2621848739495798,0.04235294117647059,0.0002585196419877899
0.2621848739495798,0.043025210084033615,0.0002585196419877899
0.2621848739495798,0.043697478991596636,0.0002585196419877899
0.2621848739495798,0.044369747899159664,0.0002585196419877899
0.2621848739495798,0.04504201680672269,0.0002585196419877899
0.2621848739495798,0.04571428571428572,0.0002585196419877899
0.2621848739495798,0.046386554621848736,0.0002585196419877899
0.2621848739495798,0.047058823529411764,0.0002585196419877899
0.2621848739495798,0.04773109243697479,0.0002585196419877899
0.2621848739495798,0.04840336134453782,0.0002585196419877899
0.2621848739495798,0.049075630252100835,0.0002585196419877899
0.2621848739495798,0.049747899159663864,0.0002585196419877899
0.2621848739495798,0.05042016806722689,0.0002585196419877899
0.2621848739495798,0.05109243697478992,0.0002585196419877899
0.2621848739495798,0.05176470588235295,0.0002585196419877899
0.2621848739495798,0.05243697478991596,0.0002585196419877899
0.2621848739495798,0.05310924369747899,0.0002585196419877899
0.2621848739495798,0.05378151260504202,0.0002585196419877899
0.2621848739495798,0.05445378151260505,0.0002585196419877899
0.2621848739495798,0.05512605042016806,0.0002585196419877899
0.2621848739495798,0.05579831932773109,0.0002585196419877899
0.2621848739495798,0.05647058823529412,0.0002585196419877899
0.2621848739495798,0.05714285714285715,0.0002585196419877899
0.2621848739495798,0.05781512605042017,0.0002585196419877899
0.2621848739495798,0.05848739495798319,0.0002585196419877899
0.2621848739495798,0.05915966386554622,0.0002585196419877899
0.2621848739495798,0.05983193277310925,0.0002585196419877899
0.2621848739495798,0.060504201680672276,0.0002585196419877899
0.2621848739495798,0.06117647058823529,0.0002585196419877899
0.2621848739495798,0.06184873949579832,0.0002585196419877899
0.2621848739495798,0.06252100840336135,0.0002585196419877899
0.2621848739495798,0.06319327731092438,0.0002585196419877899
0.2621848739495798,0.06386554621848739,0.0002585196419877899
0.2621848739495798,0.06453781512605042,0.0002585196419877899
0.2621848739495798,0.06521008403361345,0.0002585196419877899
0.2621848739495798,0.06588235294117648,0.0002585196419877899
0.2621848739495798,0.0665546218487395,0.0002585196419877899
0.2621848739495798,0.06722689075630252,0.0002585196419877899
0.2621848739495798,0.06789915966386555,0.0002585196419877899
0.2621848739495798,0.06857142857142857,0.0002585196419877899
0.2621848739495798,0.0692436974789916,0.0002585196419877899
0.2621848739495798,0.06991596638655462,0.0002585196419877899
0.2621848739495798,0.07058823529411765,0.0002585196419877899
0.2621848739495798,0.07126050420168067,0.0002585196419877899
0.2621848739495798,0.0719327731092437,0.0002585196419877899
0.2621848739495798,0.07260504201680673,0.0002585196419877899
0.2621848739495798,0.07327731092436975,0.0002585196419877899
0.2621848739495798,0.07394957983193277,0.0002585196419877899
0.2621848739495798,0.0746218487394958,0.0002585196419877899
0.2621848739495798,0.07529411764705883,0.0002585196419877899
0.2621848739495798,0.07596638655462185,0.0002585196419877899
0.2621848739495798,0.07663865546218487,0.0002585196419877899
0.2621848739495798,0.0773109243697479,0.0002585196419877899
0.2621848739495798,0.07798319327731093,0.0002585196419877899
0.2621848739495798,0.07865546218487394,0.0002585196419877899
0.2621848739495798,0.07932773109243697,0.0002585196419877899
0.2621848739495798,0.07983193277310924,0.00025851964198779167
0.2647058823529411,0.0001680672268907563,0.0002585196419877899
0.2647058823529411,0.0006722689075630252,0.0002585196419877899
0.2647058823529411,0.0013445378151260505,0.0002585196419877899
0.2647058823529411,0.0020168067226890756,0.0002585196419877899
0.2647058823529411,0.002689075630252101,0.0002585196419877899
0.2647058823529411,0.0033613445378151263,0.0002585196419877899
0.2647058823529411,0.004033613445378151,0.0002585196419877899
0.2647058823529411,0.004705882352941176,0.0002585196419877899
0.2647058823529411,0.005378151260504202,0.0002585196419877899
0.2647058823529411,0.006050420168067228,0.0002585196419877899
0.2647058823529411,0.0067226890756302525,0.0002585196419877899
0.2647058823529411,0.007394957983193277,0.0002585196419877899
0.2647058823529411,0.008067226890756302,0.0002585196419877899
0.2647058823529411,0.008739495798319327,0.0002585196419877899
0.2647058823529411,0.009411764705882354,0.0002585196419877899
0.2647058823529411,0.010084033613445379,0.0002585196419877899
0.2647058823529411,0.010756302521008404,0.0002585196419877899
0.2647058823529411,0.011428571428571429,0.0002585196419877899
0.2647058823529411,0.012100840336134453,0.0002585196419877899
0.2647058823529411,0.01277310924369748,0.0002585196419877899
0.2647058823529411,0.013445378151260505,0.0002585196419877899
0.2647058823529411,0.01411764705882353,0.0002585196419877899
0.2647058823529411,0.014789915966386555,0.0002585196419877899
0.2647058823529411,0.01546218487394958,0.0002585196419877899
0.2647058823529411,0.016134453781512605,0.0002585196419877899
0.2647058823529411,0.01680672268907563,0.0002585196419877899
0.2647058823529411,0.017478991596638654,0.0002585196419877899
0.2647058823529411,0.018151260504201683,0.0002585196419877899
0.2647058823529411,0.018823529411764708,0.0002585196419877899
0.2647058823529411,0.019495798319327733,0.0002585196419877899
0.2647058823529411,0.020168067226890758,0.0002585196419877899
0.2647058823529411,0.020840336134453782,0.0002585196419877899
0.2647058823529411,0.021512605042016807,0.0002585196419877899
0.2647058823529411,0.022184873949579832,0.0002585196419877899
0.2647058823529411,0.022857142857142857,0.0002585196419877899
0.2647058823529411,0.023529411764705882,0.0002585196419877899
0.2647058823529411,0.024201680672268907,0.0002585196419877899
0.2647058823529411,0.024873949579831932,0.0002585196419877899
0.2647058823529411,0.02554621848739496,0.0002585196419877899
0.2647058823529411,0.026218487394957985,0.0002585196419877899
0.2647058823529411,0.02689075630252101,0.0002585196419877899
0.2647058823529411,0.027563025210084035,0.0002585196419877899
0.2647058823529411,0.02823529411764706,0.0002585196419877899
0.2647058823529411,0.028907563025210085,0.0002585196419877899
0.2647058823529411,0.02957983193277311,0.0002585196419877899
0.2647058823529411,0.030252100840336135,0.0002585196419877899
0.2647058823529411,0.03092436974789916,0.0002585196419877899
0.2647058823529411,0.03159663865546218,0.0002585196419877899
0.2647058823529411,0.03226890756302521,0.0002585196419877899
0.2647058823529411,0.03294117647058824,0.0002585196419877899
0.2647058823529411,0.033613445378151266,0.0002585196419877899
0.2647058823529411,0.03428571428571428,0.0002585196419877899
0.2647058823529411,0.03495798319327731,0.0002585196419877899
0.2647058823529411,0.03563025210084034,0.0002585196419877899
0.2647058823529411,0.036302521008403366,0.0002585196419877899
0.2647058823529411,0.036974789915966394,0.0002585196419877899
0.2647058823529411,0.03764705882352941,0.0002585196419877899
0.2647058823529411,0.03831932773109244,0.0002585196419877899
0.2647058823529411,0.038991596638655465,0.0002585196419877899
0.2647058823529411,0.039663865546218494,0.0002585196419877899
0.2647058823529411,0.04033613445378151,0.0002585196419877899
0.2647058823529411,0.041008403361344536,0.0002585196419877899
0.2647058823529411,0.041680672268907565,0.0002585196419877899
0.2647058823529411,0.04235294117647059,0.0002585196419877899
0.2647058823529411,0.043025210084033615,0.0002585196419877899
0.2647058823529411,0.043697478991596636,0.0002585196419877899
0.2647058823529411,0.044369747899159664,0.0002585196419877899
0.2647058823529411,0.04504201680672269,0.0002585196419877899
0.2647058823529411,0.04571428571428572,0.0002585196419877899
0.2647058823529411,0.046386554621848736,0.0002585196419877899
0.2647058823529411,0.047058823529411764,0.0002585196419877899
0.2647058823529411,0.04773109243697479,0.0002585196419877899
0.2647058823529411,0.04840336134453782,0.0002585196419877899
0.2647058823529411,0.049075630252100835,0.0002585196419877899
0.2647058823529411,0.049747899159663864,0.0002585196419877899
0.2647058823529411,0.05042016806722689,0.0002585196419877899
0.2647058823529411,0.05109243697478992,0.0002585196419877899
0.2647058823529411,0.05176470588235295,0.0002585196419877899
0.2647058823529411,0.05243697478991596,0.0002585196419877899
0.2647058823529411,0.05310924369747899,0.0002585196419877899
0.2647058823529411,0.05378151260504202,0.0002585196419877899
0.2647058823529411,0.05445378151260505,0.0002585196419877899
0.2647058823529411,0.05512605042016806,0.0002585196419877899
0.2647058823529411,0.05579831932773109,0.0002585196419877899
0.2647058823529411,0.05647058823529412,0.0002585196419877899
0.2647058823529411,0.05714285714285715,0.0002585196419877899
0.2647058823529411,0.05781512605042017,0.0002585196419877899
0.2647058823529411,0.05848739495798319,0.0002585196419877899
0.2647058823529411,0.05915966386554622,0.0002585196419877899
0.2647058823529411,0.05983193277310925,0.0002585196419877899
0.2647058823529411,0.060504201680672276,0.0002585196419877899
0.2647058823529411,0.06117647058823529,0.0002585196419877899
0.2647058823529411,0.06184873949579832,0.0002585196419877899
0.2647058823529411,0.06252100840336135,0.0002585196419877899
0.2647058823529411,0.06319327731092438,0.0002585196419877899
0.2647058823529411,0.06386554621848739,0.0002585196419877899
0.2647058823529411,0.06453781512605042,0.0002585196419877899
0.2647058823529411,0.06521008403361345,0.0002585196419877899
0.2647058823529411,0.06588235294117648,0.0002585196419877899
0.2647058823529411,0.0665546218487395,0.0002585196419877899
0.2647058823529411,0.06722689075630252,0.0002585196419877899
0.2647058823529411,0.06789915966386555,0.0002585196419877899
0.2647058823529411,0.06857142857142857,0.0002585196419877899
0.2647058823529411,0.0692436974789916,0.0002585196419877899
0.2647058823529411,0.06991596638655462,0.0002585196419877899
0.2647058823529411,0.07058823529411765,0.0002585196419877899
0.2647058823529411,0.07126050420168067,0.0002585196419877899
0.2647058823529411,0.0719327731092437,0.0002585196419877899
0.2647058823529411,0.07260504201680673,0.0002585196419877899
0.2647058823529411,0.07327731092436975,0.0002585196419877899
0.2647058823529411,0.07394957983193277,0.0002585196419877899
0.2647058823529411,0.0746218487394958,0.0002585196419877899
0.2647058823529411,0.07529411764705883,0.0002585196419877899
0.2647058823529411,0.07596638655462185,0.0002585196419877899
0.2647058823529411,0.07663865546218487,0.0002585196419877899
0.2647058823529411,0.0773109243697479,0.0002585196419877899
0.2647058823529411,0.07798319327731093,0.0002585196419877899
0.2647058823529411,0.07865546218487394,0.0002585196419877899
0.2647058823529411,0.07932773109243697,0.0002585196419877899
0.2647058823529411,0.07983193277310924,0.00025851964198779167
0.26722689075630246,0.0001680672268907563,0.0002585196419877899
0.26722689075630246,0.0006722689075630252,0.0002585196419877899
0.26722689075630246,0.0013445378151260505,0.0002585196419877899
0.26722689075630246,0.0020168067226890756,0.0002585196419877899
0.26722689075630246,0.002689075630252101,0.0002585196419877899
0.26722689075630246,0.0033613445378151263,0.0002585196419877899
0.26722689075630246,0.004033613445378151,0.0002585196419877899
0.26722689075630246,0.004705882352941176,0.0002585196419877899
0.26722689075630246,0.005378151260504202,0.0002585196419877899
0.26722689075630246,0.006050420168067228,0.0002585196419877899
0.26722689075630246,0.0067226890756302525,0.0002585196419877899
0.26722689075630246,0.007394957983193277,0.0002585196419877899
0.26722689075630246,0.008067226890756302,0.0002585196419877899
0.26722689075630246,0.008739495798319327,0.0002585196419877899
0.26722689075630246,0.009411764705882354,0.0002585196419877899
0.26722689075630246,0.010084033613445379,0.0002585196419877899
0.26722689075630246,0.010756302521008404,0.0002585196419877899
0.26722689075630246,0.011428571428571429,0.0002585196419877899
0.26722689075630246,0.012100840336134453,0.0002585196419877899
0.26722689075630246,0.01277310924369748,0.0002585196419877899
0.26722689075630246,0.013445378151260505,0.0002585196419877899
0.26722689075630246,0.01411764705882353,0.0002585196419877899
0.26722689075630246,0.014789915966386555,0.0002585196419877899
0.26722689075630246,0.01546218487394958,0.0002585196419877899
0.26722689075630246,0.016134453781512605,0.0002585196419877899
0.26722689075630246,0.01680672268907563,0.0002585196419877899
0.26722689075630246,0.017478991596638654,0.0002585196419877899
0.26722689075630246,0.018151260504201683,0.0002585196419877899
0.26722689075630246,0.018823529411764708,0.0002585196419877899
0.26722689075630246,0.019495798319327733,0.0002585196419877899
0.26722689075630246,0.020168067226890758,0.0002585196419877899
0.26722689075630246,0.020840336134453782,0.0002585196419877899
0.26722689075630246,0.021512605042016807,0.0002585196419877899
0.26722689075630246,0.022184873949579832,0.0002585196419877899
0.26722689075630246,0.022857142857142857,0.0002585196419877899
0.26722689075630246,0.023529411764705882,0.0002585196419877899
0.26722689075630246,0.024201680672268907,0.0002585196419877899
0.26722689075630246,0.024873949579831932,0.0002585196419877899
0.26722689075630246,0.02554621848739496,0.0002585196419877899
0.26722689075630246,0.026218487394957985,0.0002585196419877899
0.26722689075630246,0.02689075630252101,0.0002585196419877899
0.26722689075630246,0.027563025210084035,0.0002585196419877899
0.26722689075630246,0.02823529411764706,0.0002585196419877899
0.26722689075630246,0.028907563025210085,0.0002585196419877899
0.26722689075630246,0.02957983193277311,0.0002585196419877899
0.26722689075630246,0.030252100840336135,0.0002585196419877899
0.26722689075630246,0.03092436974789916,0.0002585196419877899
0.26722689075630246,0.03159663865546218,0.0002585196419877899
0.26722689075630246,0.03226890756302521,0.0002585196419877899
0.26722689075630246,0.03294117647058824,0.0002585196419877899
0.26722689075630246,0.033613445378151266,0.0002585196419877899
0.26722689075630246,0.03428571428571428,0.0002585196419877899
0.26722689075630246,0.03495798319327731,0.0002585196419877899
0.26722689075630246,0.03563025210084034,0.0002585196419877899
0.26722689075630246,0.036302521008403366,0.0002585196419877899
0.26722689075630246,0.036974789915966394,0.0002585196419877899
0.26722689075630246,0.03764705882352941,0.0002585196419877899
0.26722689075630246,0.03831932773109244,0.0002585196419877899
0.26722689075630246,0.038991596638655465,0.0002585196419877899
0.26722689075630246,0.039663865546218494,0.0002585196419877899
0.26722689075630246,0.04033613445378151,0.0002585196419877899
0.26722689075630246,0.041008403361344536,0.0002585196419877899
0.26722689075630246,0.041680672268907565,0.0002585196419877899
0.26722689075630246,0.04235294117647059,0.0002585196419877899
0.26722689075630246,0.043025210084033615,0.0002585196419877899
0.26722689075630246,0.043697478991596636,0.0002585196419877899
0.26722689075630246,0.044369747899159664,0.0002585196419877899
0.26722689075630246,0.04504201680672269,0.0002585196419877899
0.26722689075630246,0.04571428571428572,0.0002585196419877899
0.26722689075630246,0.046386554621848736,0.0002585196419877899
0.26722689075630246,0.047058823529411764,0.0002585196419877899
0.26722689075630246,0.04773109243697479,0.0002585196419877899
0.26722689075630246,0.04840336134453782,0.0002585196419877899
0.26722689075630246,0.049075630252100835,0.0002585196419877899
0.26722689075630246,0.049747899159663864,0.0002585196419877899
0.26722689075630246,0.05042016806722689,0.0002585196419877899
0.26722689075630246,0.05109243697478992,0.0002585196419877899
0.26722689075630246,0.05176470588235295,0.0002585196419877899
0.26722689075630246,0.05243697478991596,0.0002585196419877899
0.26722689075630246,0.05310924369747899,0.0002585196419877899
0.26722689075630246,0.05378151260504202,0.0002585196419877899
0.26722689075630246,0.05445378151260505,0.0002585196419877899
0.26722689075630246,0.05512605042016806,0.0002585196419877899
0.26722689075630246,0.05579831932773109,0.0002585196419877899
0.26722689075630246,0.05647058823529412,0.0002585196419877899
0.26722689075630246,0.05714285714285715,0.0002585196419877899
0.26722689075630246,0.05781512605042017,0.0002585196419877899
0.26722689075630246,0.05848739495798319,0.0002585196419877899
0.26722689075630246,0.05915966386554622,0.0002585196419877899
0.26722689075630246,0.05983193277310925,0.0002585196419877899
0.26722689075630246,0.060504201680672276,0.0002585196419877899
0.26722689075630246,0.06117647058823529,0.0002585196419877899
0.26722689075630246,0.06184873949579832,0.0002585196419877899
0.26722689075630246,0.06252100840336135,0.0002585196419877899
0.26722689075630246,0.06319327731092438,0.0002585196419877899
0.26722689075630246,0.06386554621848739,0.0002585196419877899
0.26722689075630246,0.06453781512605042,0.0002585196419877899
0.26722689075630246,0.06521008403361345,0.0002585196419877899
0.26722689075630246,0.06588235294117648,0.0002585196419877899
0.26722689075630246,0.0665546218487395,0.0002585196419877899
0.26722689075630246,0.06722689075630252,0.0002585196419877899
0.26722689075630246,0.06789915966386555,0.0002585196419877899
0.26722689075630246,0.06857142857142857,0.0002585196419877899
0.26722689075630246,0.0692436974789916,0.0002585196419877899
0.26722689075630246,0.06991596638655462,0.0002585196419877899
0.26722689075630246,0.07058823529411765,0.0002585196419877899
0.26722689075630246,0.07126050420168067,0.0002585196419877899
0.26722689075630246,0.0719327731092437,0.0002585196419877899
0.26722689075630246,0.07260504201680673,0.0002585196419877899
0.26722689075630246,0.07327731092436975,0.0002585196419877899
0.26722689075630246,0.07394957983193277,0.0002585196419877899
0.26722689075630246,0.0746218487394958,0.0002585196419877899
0.26722689075630246,0.07529411764705883,0.0002585196419877899
0.26722689075630246,0.07596638655462185,0.0002585196419877899
0.26722689075630246,0.07663865546218487,0.0002585196419877899
0.26722689075630246,0.0773109243697479,0.0002585196419877899
0.26722689075630246,0.07798319327731093,0.0002585196419877899
0.26722689075630246,0.07865546218487394,0.0002585196419877899
0.26722689075630246,0.07932773109243697,0.0002585196419877899
0.26722689075630246,0.07983193277310924,0.00025851964198779167
0.26974789915966385,0.0001680672268907563,0.0002585196419877899
0.26974789915966385,0.0006722689075630252,0.0002585196419877899
0.26974789915966385,0.0013445378151260505,0.0002585196419877899
0.26974789915966385,0.0020168067226890756,0.0002585196419877899
0.26974789915966385,0.002689075630252101,0.0002585196419877899
0.26974789915966385,0.0033613445378151263,0.0002585196419877899
0.26974789915966385,0.004033613445378151,0.0002585196419877899
0.26974789915966385,0.004705882352941176,0.0002585196419877899
0.26974789915966385,0.005378151260504202,0.0002585196419877899
0.26974789915966385,0.006050420168067228,0.0002585196419877899
0.26974789915966385,0.0067226890756302525,0.0002585196419877899
0.26974789915966385,0.007394957983193277,0.0002585196419877899
0.26974789915966385,0.008067226890756302,0.0002585196419877899
0.26974789915966385,0.008739495798319327,0.0002585196419877899
0.26974789915966385,0.009411764705882354,0.0002585196419877899
0.26974789915966385,0.010084033613445379,0.0002585196419877899
0.26974789915966385,0.010756302521008404,0.0002585196419877899
0.26974789915966385,0.011428571428571429,0.0002585196419877899
0.26974789915966385,0.012100840336134453,0.0002585196419877899
0.26974789915966385,0.01277310924369748,0.0002585196419877899
0.26974789915966385,0.013445378151260505,0.0002585196419877899
0.26974789915966385,0.01411764705882353,0.0002585196419877899
0.26974789915966385,0.014789915966386555,0.0002585196419877899
0.26974789915966385,0.01546218487394958,0.0002585196419877899
0.26974789915966385,0.016134453781512605,0.0002585196419877899
0.26974789915966385,0.01680672268907563,0.0002585196419877899
0.26974789915966385,0.017478991596638654,0.0002585196419877899
0.26974789915966385,0.018151260504201683,0.0002585196419877899
0.26974789915966385,0.018823529411764708,0.0002585196419877899
0.26974789915966385,0.019495798319327733,0.0002585196419877899
0.26974789915966385,0.020168067226890758,0.0002585196419877899
0.26974789915966385,0.020840336134453782,0.0002585196419877899
0.26974789915966385,0.021512605042016807,0.0002585196419877899
0.26974789915966385,0.022184873949579832,0.0002585196419877899
0.26974789915966385,0.022857142857142857,0.0002585196419877899
0.26974789915966385,0.023529411764705882,0.0002585196419877899
0.26974789915966385,0.024201680672268907,0.0002585196419877899
0.26974789915966385,0.024873949579831932,0.0002585196419877899
0.26974789915966385,0.02554621848739496,0.0002585196419877899
0.26974789915966385,0.026218487394957985,0.0002585196419877899
0.26974789915966385,0.02689075630252101,0.0002585196419877899
0.26974789915966385,0.027563025210084035,0.0002585196419877899
0.26974789915966385,0.02823529411764706,0.0002585196419877899
0.26974789915966385,0.028907563025210085,0.0002585196419877899
0.26974789915966385,0.02957983193277311,0.0002585196419877899
0.26974789915966385,0.030252100840336135,0.0002585196419877899
0.26974789915966385,0.03092436974789916,0.0002585196419877899
0.26974789915966385,0.03159663865546218,0.0002585196419877899
0.26974789915966385,0.03226890756302521,0.0002585196419877899
0.26974789915966385,0.03294117647058824,0.0002585196419877899
0.26974789915966385,0.033613445378151266,0.0002585196419877899
0.26974789915966385,0.03428571428571428,0.0002585196419877899
0.26974789915966385,0.03495798319327731,0.0002585196419877899
0.26974789915966385,0.03563025210084034,0.0002585196419877899
0.26974789915966385,0.036302521008403366,0.0002585196419877899
0.26974789915966385,0.036974789915966394,0.0002585196419877899
0.26974789915966385,0.03764705882352941,0.0002585196419877899
0.26974789915966385,0.03831932773109244,0.0002585196419877899
0.26974789915966385,0.038991596638655465,0.0002585196419877899
0.26974789915966385,0.039663865546218494,0.0002585196419877899
0.26974789915966385,0.04033613445378151,0.0002585196419877899
0.26974789915966385,0.041008403361344536,0.0002585196419877899
0.26974789915966385,0.041680672268907565,0.0002585196419877899
0.26974789915966385,0.04235294117647059,0.0002585196419877899
0.26974789915966385,0.043025210084033615,0.0002585196419877899
0.26974789915966385,0.043697478991596636,0.0002585196419877899
0.26974789915966385,0.044369747899159664,0.0002585196419877899
0.26974789915966385,0.04504201680672269,0.0002585196419877899
0.26974789915966385,0.04571428571428572,0.0002585196419877899
0.26974789915966385,0.046386554621848736,0.0002585196419877899
0.26974789915966385,0.047058823529411764,0.0002585196419877899
0.26974789915966385,0.04773109243697479,0.0002585196419877899
0.26974789915966385,0.04840336134453782,0.0002585196419877899
0.26974789915966385,0.049075630252100835,0.0002585196419877899
0.26974789915966385,0.049747899159663864,0.0002585196419877899
0.26974789915966385,0.05042016806722689,0.0002585196419877899
0.26974789915966385,0.05109243697478992,0.0002585196419877899
0.26974789915966385,0.05176470588235295,0.0002585196419877899
0.26974789915966385,0.05243697478991596,0.0002585196419877899
0.26974789915966385,0.05310924369747899,0.0002585196419877899
0.26974789915966385,0.05378151260504202,0.0002585196419877899
0.26974789915966385,0.05445378151260505,0.0002585196419877899
0.26974789915966385,0.05512605042016806,0.0002585196419877899
0.26974789915966385,0.05579831932773109,0.0002585196419877899
0.26974789915966385,0.05647058823529412,0.0002585196419877899
0.26974789915966385,0.05714285714285715,0.0002585196419877899
0.26974789915966385,0.05781512605042017,0.0002585196419877899
0.26974789915966385,0.05848739495798319,0.0002585196419877899
0.26974789915966385,0.05915966386554622,0.0002585196419877899
0.26974789915966385,0.05983193277310925,0.0002585196419877899
0.26974789915966385,0.060504201680672276,0.0002585196419877899
0.26974789915966385,0.06117647058823529,0.0002585196419877899
0.26974789915966385,0.06184873949579832,0.0002585196419877899
0.26974789915966385,0.06252100840336135,0.0002585196419877899
0.26974789915966385,0.06319327731092438,0.0002585196419877899
0.26974789915966385,0.06386554621848739,0.0002585196419877899
0.26974789915966385,0.06453781512605042,0.0002585196419877899
0.26974789915966385,0.06521008403361345,0.0002585196419877899
0.26974789915966385,0.06588235294117648,0.0002585196419877899
0.26974789915966385,0.0665546218487395,0.0002585196419877899
0.26974789915966385,0.06722689075630252,0.0002585196419877899
0.26974789915966385,0.06789915966386555,0.0002585196419877899
0.26974789915966385,0.06857142857142857,0.0002585196419877899
0.26974789915966385,0.0692436974789916,0.0002585196419877899
0.26974789915966385,0.06991596638655462,0.0002585196419877899
0.26974789915966385,0.07058823529411765,0.0002585196419877899
0.26974789915966385,0.07126050420168067,0.0002585196419877899
0.26974789915966385,0.0719327731092437,0.0002585196419877899
0.26974789915966385,0.07260504201680673,0.0002585196419877899
0.26974789915966385,0.07327731092436975,0.0002585196419877899
0.26974789915966385,0.07394957983193277,0.0002585196419877899
0.26974789915966385,0.0746218487394958,0.0002585196419877899
0.26974789915966385,0.07529411764705883,0.0002585196419877899
0.26974789915966385,0.07596638655462185,0.0002585196419877899
0.26974789915966385,0.07663865546218487,0.0002585196419877899
0.26974789915966385,0.0773109243697479,0.0002585196419877899
0.26974789915966385,0.07798319327731093,0.0002585196419877899
0.26974789915966385,0.07865546218487394,0.0002585196419877899
0.26974789915966385,0.07932773109243697,0.0002585196419877899
0.26974789915966385,0.07983193277310924,0.00025851964198779167
0.2722689075630252,0.0001680672268907563,0.0002585196419877899
0.2722689075630252,0.0006722689075630252,0.0002585196419877899
0.2722689075630252,0.0013445378151260505,0.0002585196419877899
0.2722689075630252,0.0020168067226890756,0.0002585196419877899
0.2722689075630252,0.002689075630252101,0.0002585196419877899
0.2722689075630252,0.0033613445378151263,0.0002585196419877899
0.2722689075630252,0.004033613445378151,0.0002585196419877899
0.2722689075630252,0.004705882352941176,0.0002585196419877899
0.2722689075630252,0.005378151260504202,0.0002585196419877899
0.2722689075630252,0.006050420168067228,0.0002585196419877899
0.2722689075630252,0.0067226890756302525,0.0002585196419877899
0.2722689075630252,0.007394957983193277,0.0002585196419877899
0.2722689075630252,0.008067226890756302,0.0002585196419877899
0.2722689075630252,0.008739495798319327,0.0002585196419877899
0.2722689075630252,0.009411764705882354,0.0002585196419877899
0.2722689075630252,0.010084033613445379,0.0002585196419877899
0.2722689075630252,0.010756302521008404,0.0002585196419877899
0.2722689075630252,0.011428571428571429,0.0002585196419877899
0.2722689075630252,0.012100840336134453,0.0002585196419877899
0.2722689075630252,0.01277310924369748,0.0002585196419877899
0.2722689075630252,0.013445378151260505,0.0002585196419877899
0.2722689075630252,0.01411764705882353,0.0002585196419877899
0.2722689075630252,0.014789915966386555,0.0002585196419877899
0.2722689075630252,0.01546218487394958,0.0002585196419877899
0.2722689075630252,0.016134453781512605,0.0002585196419877899
0.2722689075630252,0.01680672268907563,0.0002585196419877899
0.2722689075630252,0.017478991596638654,0.0002585196419877899
0.2722689075630252,0.018151260504201683,0.0002585196419877899
0.2722689075630252,0.018823529411764708,0.0002585196419877899
0.2722689075630252,0.019495798319327733,0.0002585196419877899
0.2722689075630252,0.020168067226890758,0.0002585196419877899
0.2722689075630252,0.020840336134453782,0.0002585196419877899
0.2722689075630252,0.021512605042016807,0.0002585196419877899
0.2722689075630252,0.022184873949579832,0.0002585196419877899
0.2722689075630252,0.022857142857142857,0.0002585196419877899
0.2722689075630252,0.023529411764705882,0.0002585196419877899
0.2722689075630252,0.024201680672268907,0.0002585196419877899
0.2722689075630252,0.024873949579831932,0.0002585196419877899
0.2722689075630252,0.02554621848739496,0.0002585196419877899
0.2722689075630252,0.026218487394957985,0.0002585196419877899
0.2722689075630252,0.02689075630252101,0.0002585196419877899
0.2722689075630252,0.027563025210084035,0.0002585196419877899
0.2722689075630252,0.02823529411764706,0.0002585196419877899
0.2722689075630252,0.028907563025210085,0.0002585196419877899
0.2722689075630252,0.02957983193277311,0.0002585196419877899
0.2722689075630252,0.030252100840336135,0.0002585196419877899
0.2722689075630252,0.03092436974789916,0.0002585196419877899
0.2722689075630252,0.03159663865546218,0.0002585196419877899
0.2722689075630252,0.03226890756302521,0.0002585196419877899
0.2722689075630252,0.03294117647058824,0.0002585196419877899
0.2722689075630252,0.033613445378151266,0.0002585196419877899
0.2722689075630252,0.03428571428571428,0.0002585196419877899
0.2722689075630252,0.03495798319327731,0.0002585196419877899
0.2722689075630252,0.03563025210084034,0.0002585196419877899
0.2722689075630252,0.036302521008403366,0.0002585196419877899
0.2722689075630252,0.036974789915966394,0.0002585196419877899
0.2722689075630252,0.03764705882352941,0.0002585196419877899
0.2722689075630252,0.03831932773109244,0.0002585196419877899
0.2722689075630252,0.038991596638655465,0.0002585196419877899
0.2722689075630252,0.039663865546218494,0.0002585196419877899
0.2722689075630252,0.04033613445378151,0.0002585196419877899
0.2722689075630252,0.041008403361344536,0.0002585196419877899
0.2722689075630252,0.041680672268907565,0.0002585196419877899
0.2722689075630252,0.04235294117647059,0.0002585196419877899
0.2722689075630252,0.043025210084033615,0.0002585196419877899
0.2722689075630252,0.043697478991596636,0.0002585196419877899
0.2722689075630252,0.044369747899159664,0.0002585196419877899
0.2722689075630252,0.04504201680672269,0.0002585196419877899
0.2722689075630252,0.04571428571428572,0.0002585196419877899
0.2722689075630252,0.046386554621848736,0.0002585196419877899
0.2722689075630252,0.047058823529411764,0.0002585196419877899
0.2722689075630252,0.04773109243697479,0.0002585196419877899
0.2722689075630252,0.04840336134453782,0.0002585196419877899
0.2722689075630252,0.049075630252100835,0.0002585196419877899
0.2722689075630252,0.049747899159663864,0.0002585196419877899
0.2722689075630252,0.05042016806722689,0.0002585196419877899
0.2722689075630252,0.05109243697478992,0.0002585196419877899
0.2722689075630252,0.05176470588235295,0.0002585196419877899
0.2722689075630252,0.05243697478991596,0.0002585196419877899
0.2722689075630252,0.05310924369747899,0.0002585196419877899
0.2722689075630252,0.05378151260504202,0.0002585196419877899
0.2722689075630252,0.05445378151260505,0.0002585196419877899
0.2722689075630252,0.05512605042016806,0.0002585196419877899
0.2722689075630252,0.05579831932773109,0.0002585196419877899
0.2722689075630252,0.05647058823529412,0.0002585196419877899
0.2722689075630252,0.05714285714285715,0.0002585196419877899
0.2722689075630252,0.05781512605042017,0.0002585196419877899
0.2722689075630252,0.05848739495798319,0.0002585196419877899
0.2722689075630252,0.05915966386554622,0.0002585196419877899
0.2722689075630252,0.05983193277310925,0.0002585196419877899
0.2722689075630252,0.060504201680672276,0.0002585196419877899
0.2722689075630252,0.06117647058823529,0.0002585196419877899
0.2722689075630252,0.06184873949579832,0.0002585196419877899
0.2722689075630252,0.06252100840336135,0.0002585196419877899
0.2722689075630252,0.06319327731092438,0.0002585196419877899
0.2722689075630252,0.06386554621848739,0.0002585196419877899
0.2722689075630252,0.06453781512605042,0.0002585196419877899
0.2722689075630252,0.06521008403361345,0.0002585196419877899
0.2722689075630252,0.06588235294117648,0.0002585196419877899
0.2722689075630252,0.0665546218487395,0.0002585196419877899
0.2722689075630252,0.06722689075630252,0.0002585196419877899
0.2722689075630252,0.06789915966386555,0.0002585196419877899
0.2722689075630252,0.06857142857142857,0.0002585196419877899
0.2722689075630252,0.0692436974789916,0.0002585196419877899
0.2722689075630252,0.06991596638655462,0.0002585196419877899
0.2722689075630252,0.07058823529411765,0.0002585196419877899
0.2722689075630252,0.07126050420168067,0.0002585196419877899
0.2722689075630252,0.0719327731092437,0.0002585196419877899
0.2722689075630252,0.07260504201680673,0.0002585196419877899
0.2722689075630252,0.07327731092436975,0.0002585196419877899
0.2722689075630252,0.07394957983193277,0.0002585196419877899
0.2722689075630252,0.0746218487394958,0.0002585196419877899
0.2722689075630252,0.07529411764705883,0.0002585196419877899
0.2722689075630252,0.07596638655462185,0.0002585196419877899
0.2722689075630252,0.07663865546218487,0.0002585196419877899
0.2722689075630252,0.0773109243697479,0.0002585196419877899
0.2722689075630252,0.07798319327731093,0.0002585196419877899
0.2722689075630252,0.07865546218487394,0.0002585196419877899
0.2722689075630252,0.07932773109243697,0.0002585196419877899
0.2722689075630252,0.07983193277310924,0.00025851964198779167
0.2747899159663865,0.0001680672268907563,0.0002585196419877899
0.2747899159663865,0.0006722689075630252,0.0002585196419877899
0.2747899159663865,0.0013445378151260505,0.0002585196419877899
0.2747899159663865,0.0020168067226890756,0.0002585196419877899
0.2747899159663865,0.002689075630252101,0.0002585196419877899
0.2747899159663865,0.0033613445378151263,0.0002585196419877899
0.2747899159663865,0.004033613445378151,0.0002585196419877899
0.2747899159663865,0.004705882352941176,0.0002585196419877899
0.2747899159663865,0.005378151260504202,0.0002585196419877899
0.2747899159663865,0.006050420168067228,0.0002585196419877899
0.2747899159663865,0.0067226890756302525,0.0002585196419877899
0.2747899159663865,0.007394957983193277,0.0002585196419877899
0.2747899159663865,0.008067226890756302,0.0002585196419877899
0.2747899159663865,0.008739495798319327,0.0002585196419877899
0.2747899159663865,0.009411764705882354,0.0002585196419877899
0.2747899159663865,0.010084033613445379,0.0002585196419877899
0.2747899159663865,0.010756302521008404,0.0002585196419877899
0.2747899159663865,0.011428571428571429,0.0002585196419877899
0.2747899159663865,0.012100840336134453,0.0002585196419877899
0.2747899159663865,0.01277310924369748,0.0002585196419877899
0.2747899159663865,0.013445378151260505,0.0002585196419877899
0.2747899159663865,0.01411764705882353,0.0002585196419877899
0.2747899159663865,0.014789915966386555,0.0002585196419877899
0.2747899159663865,0.01546218487394958,0.0002585196419877899
0.2747899159663865,0.016134453781512605,0.0002585196419877899
0.2747899159663865,0.01680672268907563,0.0002585196419877899
0.2747899159663865,0.017478991596638654,0.0002585196419877899
0.2747899159663865,0.018151260504201683,0.0002585196419877899
0.2747899159663865,0.018823529411764708,0.0002585196419877899
0.2747899159663865,0.019495798319327733,0.0002585196419877899
0.2747899159663865,0.020168067226890758,0.0002585196419877899
0.2747899159663865,0.020840336134453782,0.0002585196419877899
0.2747899159663865,0.021512605042016807,0.0002585196419877899
0.2747899159663865,0.022184873949579832,0.0002585196419877899
0.2747899159663865,0.022857142857142857,0.0002585196419877899
0.2747899159663865,0.023529411764705882,0.0002585196419877899
0.2747899159663865,0.024201680672268907,0.0002585196419877899
0.2747899159663865,0.024873949579831932,0.0002585196419877899
0.2747899159663865,0.02554621848739496,0.0002585196419877899
0.2747899159663865,0.026218487394957985,0.0002585196419877899
0.2747899159663865,0.02689075630252101,0.0002585196419877899
0.2747899159663865,0.027563025210084035,0.0002585196419877899
0.2747899159663865,0.02823529411764706,0.0002585196419877899
0.2747899159663865,0.028907563025210085,0.0002585196419877899
0.2747899159663865,0.02957983193277311,0.0002585196419877899
0.2747899159663865,0.030252100840336135,0.0002585196419877899
0.2747899159663865,0.03092436974789916,0.0002585196419877899
0.2747899159663865,0.03159663865546218,0.0002585196419877899
0.2747899159663865,0.03226890756302521,0.0002585196419877899
0.2747899159663865,0.03294117647058824,0.0002585196419877899
0.2747899159663865,0.033613445378151266,0.0002585196419877899
0.2747899159663865,0.03428571428571428,0.0002585196419877899
0.2747899159663865,0.03495798319327731,0.0002585196419877899
0.2747899159663865,0.03563025210084034,0.0002585196419877899
0.2747899159663865,0.036302521008403366,0.0002585196419877899
0.2747899159663865,0.036974789915966394,0.0002585196419877899
0.2747899159663865,0.03764705882352941,0.0002585196419877899
0.2747899159663865,0.03831932773109244,0.0002585196419877899
0.2747899159663865,0.038991596638655465,0.0002585196419877899
0.2747899159663865,0.039663865546218494,0.0002585196419877899
0.2747899159663865,0.04033613445378151,0.0002585196419877899
0.2747899159663865,0.041008403361344536,0.0002585196419877899
0.2747899159663865,0.041680672268907565,0.0002585196419877899
0.2747899159663865,0.04235294117647059,0.0002585196419877899
0.2747899159663865,0.043025210084033615,0.0002585196419877899
0.2747899159663865,0.043697478991596636,0.0002585196419877899
0.2747899159663865,0.044369747899159664,0.0002585196419877899
0.2747899159663865,0.04504201680672269,0.0002585196419877899
0.2747899159663865,0.04571428571428572,0.0002585196419877899
0.2747899159663865,0.046386554621848736,0.0002585196419877899
0.2747899159663865,0.047058823529411764,0.0002585196419877899
0.2747899159663865,0.04773109243697479,0.0002585196419877899
0.2747899159663865,0.04840336134453782,0.0002585196419877899
0.2747899159663865,0.049075630252100835,0.0002585196419877899
0.2747899159663865,0.049747899159663864,0.0002585196419877899
0.2747899159663865,0.05042016806722689,0.0002585196419877899
0.2747899159663865,0.05109243697478992,0.0002585196419877899
0.2747899159663865,0.05176470588235295,0.0002585196419877899
0.2747899159663865,0.05243697478991596,0.0002585196419877899
0.2747899159663865,0.05310924369747899,0.0002585196419877899
0.2747899159663865,0.05378151260504202,0.0002585196419877899
0.2747899159663865,0.05445378151260505,0.0002585196419877899
0.2747899159663865,0.05512605042016806,0.0002585196419877899
0.2747899159663865,0.05579831932773109,0.0002585196419877899
0.2747899159663865,0.05647058823529412,0.0002585196419877899
0.2747899159663865,0.05714285714285715,0.0002585196419877899
0.2747899159663865,0.05781512605042017,0.0002585196419877899
0.2747899159663865,0.05848739495798319,0.0002585196419877899
0.2747899159663865,0.05915966386554622,0.0002585196419877899
0.2747899159663865,0.05983193277310925,0.0002585196419877899
0.2747899159663865,0.060504201680672276,0.0002585196419877899
0.2747899159663865,0.06117647058823529,0.0002585196419877899
0.2747899159663865,0.06184873949579832,0.0002585196419877899
0.2747899159663865,0.06252100840336135,0.0002585196419877899
0.2747899159663865,0.06319327731092438,0.0002585196419877899
0.2747899159663865,0.06386554621848739,0.0002585196419877899
0.2747899159663865,0.06453781512605042,0.0002585196419877899
0.2747899159663865,0.06521008403361345,0.0002585196419877899
0.2747899159663865,0.06588235294117648,0.0002585196419877899
0.2747899159663865,0.0665546218487395,0.0002585196419877899
0.2747899159663865,0.06722689075630252,0.0002585196419877899
0.2747899159663865,0.06789915966386555,0.0002585196419877899
0.2747899159663865,0.06857142857142857,0.0002585196419877899
0.2747899159663865,0.0692436974789916,0.0002585196419877899
0.2747899159663865,0.06991596638655462,0.0002585196419877899
0.2747899159663865,0.07058823529411765,0.0002585196419877899
0.2747899159663865,0.07126050420168067,0.0002585196419877899
0.2747899159663865,0.0719327731092437,0.0002585196419877899
0.2747899159663865,0.07260504201680673,0.0002585196419877899
0.2747899159663865,0.07327731092436975,0.0002585196419877899
0.2747899159663865,0.07394957983193277,0.0002585196419877899
0.2747899159663865,0.0746218487394958,0.0002585196419877899
0.2747899159663865,0.07529411764705883,0.0002585196419877899
0.2747899159663865,0.07596638655462185,0.0002585196419877899
0.2747899159663865,0.07663865546218487,0.0002585196419877899
0.2747899159663865,0.0773109243697479,0.0002585196419877899
0.2747899159663865,0.07798319327731093,0.0002585196419877899
0.2747899159663865,0.07865546218487394,0.0002585196419877899
0.2747899159663865,0.07932773109243697,0.0002585196419877899
0.2747899159663865,0.07983193277310924,0.00025851964198779167
0.27731092436974786,0.0001680672268907563,0.0002585196419877899
0.27731092436974786,0.0006722689075630252,0.0002585196419877899
0.27731092436974786,0.0013445378151260505,0.0002585196419877899
0.27731092436974786,0.0020168067226890756,0.0002585196419877899
0.27731092436974786,0.002689075630252101,0.0002585196419877899
0.27731092436974786,0.0033613445378151263,0.0002585196419877899
0.27731092436974786,0.004033613445378151,0.0002585196419877899
0.27731092436974786,0.004705882352941176,0.0002585196419877899
0.27731092436974786,0.005378151260504202,0.0002585196419877899
0.27731092436974786,0.006050420168067228,0.0002585196419877899
0.27731092436974786,0.0067226890756302525,0.0002585196419877899
0.27731092436974786,0.007394957983193277,0.0002585196419877899
0.27731092436974786,0.008067226890756302,0.0002585196419877899
0.27731092436974786,0.008739495798319327,0.0002585196419877899
0.27731092436974786,0.009411764705882354,0.0002585196419877899
0.27731092436974786,0.010084033613445379,0.0002585196419877899
0.27731092436974786,0.010756302521008404,0.0002585196419877899
0.27731092436974786,0.011428571428571429,0.0002585196419877899
0.27731092436974786,0.012100840336134453,0.0002585196419877899
0.27731092436974786,0.01277310924369748,0.0002585196419877899
0.27731092436974786,0.013445378151260505,0.0002585196419877899
0.27731092436974786,0.01411764705882353,0.0002585196419877899
0.27731092436974786,0.014789915966386555,0.0002585196419877899
0.27731092436974786,0.01546218487394958,0.0002585196419877899
0.27731092436974786,0.016134453781512605,0.0002585196419877899
0.27731092436974786,0.01680672268907563,0.0002585196419877899
0.27731092436974786,0.017478991596638654,0.0002585196419877899
0.27731092436974786,0.018151260504201683,0.0002585196419877899
0.27731092436974786,0.018823529411764708,0.0002585196419877899
0.27731092436974786,0.019495798319327733,0.0002585196419877899
0.27731092436974786,0.020168067226890758,0.0002585196419877899
0.27731092436974786,0.020840336134453782,0.0002585196419877899
0.27731092436974786,0.021512605042016807,0.0002585196419877899
0.27731092436974786,0.022184873949579832,0.0002585196419877899
0.27731092436974786,0.022857142857142857,0.0002585196419877899
0.27731092436974786,0.023529411764705882,0.0002585196419877899
0.27731092436974786,0.024201680672268907,0.0002585196419877899
0.27731092436974786,0.024873949579831932,0.0002585196419877899
0.27731092436974786,0.02554621848739496,0.0002585196419877899
0.27731092436974786,0.026218487394957985,0.0002585196419877899
0.27731092436974786,0.02689075630252101,0.0002585196419877899
0.27731092436974786,0.027563025210084035,0.0002585196419877899
0.27731092436974786,0.02823529411764706,0.0002585196419877899
0.27731092436974786,0.028907563025210085,0.0002585196419877899
0.27731092436974786,0.02957983193277311,0.0002585196419877899
0.27731092436974786,0.030252100840336135,0.0002585196419877899
0.27731092436974786,0.03092436974789916,0.0002585196419877899
0.27731092436974786,0.03159663865546218,0.0002585196419877899
0.27731092436974786,0.03226890756302521,0.0002585196419877899
0.27731092436974786,0.03294117647058824,0.0002585196419877899
0.27731092436974786,0.033613445378151266,0.0002585196419877899
0.27731092436974786,0.03428571428571428,0.0002585196419877899
0.27731092436974786,0.03495798319327731,0.0002585196419877899
0.27731092436974786,0.03563025210084034,0.0002585196419877899
0.27731092436974786,0.036302521008403366,0.0002585196419877899
0.27731092436974786,0.036974789915966394,0.0002585196419877899
0.27731092436974786,0.03764705882352941,0.0002585196419877899
0.27731092436974786,0.03831932773109244,0.0002585196419877899
0.27731092436974786,0.038991596638655465,0.0002585196419877899
0.27731092436974786,0.039663865546218494,0.0002585196419877899
0.27731092436974786,0.04033613445378151,0.0002585196419877899
0.27731092436974786,0.041008403361344536,0.0002585196419877899
0.27731092436974786,0.041680672268907565,0.0002585196419877899
0.27731092436974786,0.04235294117647059,0.0002585196419877899
0.27731092436974786,0.043025210084033615,0.0002585196419877899
0.27731092436974786,0.043697478991596636,0.0002585196419877899
0.27731092436974786,0.044369747899159664,0.0002585196419877899
0.27731092436974786,0.04504201680672269,0.0002585196419877899
0.27731092436974786,0.04571428571428572,0.0002585196419877899
0.27731092436974786,0.046386554621848736,0.0002585196419877899
0.27731092436974786,0.047058823529411764,0.0002585196419877899
0.27731092436974786,0.04773109243697479,0.0002585196419877899
0.27731092436974786,0.04840336134453782,0.0002585196419877899
0.27731092436974786,0.049075630252100835,0.0002585196419877899
0.27731092436974786,0.049747899159663864,0.0002585196419877899
0.27731092436974786,0.05042016806722689,0.0002585196419877899
0.27731092436974786,0.05109243697478992,0.0002585196419877899
0.27731092436974786,0.05176470588235295,0.0002585196419877899
0.27731092436974786,0.05243697478991596,0.0002585196419877899
0.27731092436974786,0.05310924369747899,0.0002585196419877899
0.27731092436974786,0.05378151260504202,0.0002585196419877899
0.27731092436974786,0.05445378151260505,0.0002585196419877899
0.27731092436974786,0.05512605042016806,0.0002585196419877899
0.27731092436974786,0.05579831932773109,0.0002585196419877899
0.27731092436974786,0.05647058823529412,0.0002585196419877899
0.27731092436974786,0.05714285714285715,0.0002585196419877899
0.27731092436974786,0.05781512605042017,0.0002585196419877899
0.27731092436974786,0.05848739495798319,0.0002585196419877899
0.27731092436974786,0.05915966386554622,0.0002585196419877899
0.27731092436974786,0.05983193277310925,0.0002585196419877899
0.27731092436974786,0.060504201680672276,0.0002585196419877899
0.27731092436974786,0.06117647058823529,0.0002585196419877899
0.27731092436974786,0.06184873949579832,0.0002585196419877899
0.27731092436974786,0.06252100840336135,0.0002585196419877899
0.27731092436974786,0.06319327731092438,0.0002585196419877899
0.27731092436974786,0.06386554621848739,0.0002585196419877899
0.27731092436974786,0.06453781512605042,0.0002585196419877899
0.27731092436974786,0.06521008403361345,0.0002585196419877899
0.27731092436974786,0.06588235294117648,0.0002585196419877899
0.27731092436974786,0.0665546218487395,0.0002585196419877899
0.27731092436974786,0.06722689075630252,0.0002585196419877899
0.27731092436974786,0.06789915966386555,0.0002585196419877899
0.27731092436974786,0.06857142857142857,0.0002585196419877899
0.27731092436974786,0.0692436974789916,0.0002585196419877899
0.27731092436974786,0.06991596638655462,0.0002585196419877899
0.27731092436974786,0.07058823529411765,0.0002585196419877899
0.27731092436974786,0.07126050420168067,0.0002585196419877899
0.27731092436974786,0.0719327731092437,0.0002585196419877899
0.27731092436974786,0.07260504201680673,0.0002585196419877899
0.27731092436974786,0.07327731092436975,0.0002585196419877899
0.27731092436974786,0.07394957983193277,0.0002585196419877899
0.27731092436974786,0.0746218487394958,0.0002585196419877899
0.27731092436974786,0.07529411764705883,0.0002585196419877899
0.27731092436974786,0.07596638655462185,0.0002585196419877899
0.27731092436974786,0.07663865546218487,0.0002585196419877899
0.27731092436974786,0.0773109243697479,0.0002585196419877899
0.27731092436974786,0.07798319327731093,0.0002585196419877899
0.27731092436974786,0.07865546218487394,0.0002585196419877899
0.27731092436974786,0.07932773109243697,0.0002585196419877899
0.27731092436974786,0.07983193277310924,0.00025851964198779167
0.27983193277310925,0.0001680672268907563,0.0002585196419877899
0.27983193277310925,0.0006722689075630252,0.0002585196419877899
0.27983193277310925,0.0013445378151260505,0.0002585196419877899
0.27983193277310925,0.0020168067226890756,0.0002585196419877899
0.27983193277310925,0.002689075630252101,0.0002585196419877899
0.27983193277310925,0.0033613445378151263,0.0002585196419877899
0.27983193277310925,0.004033613445378151,0.0002585196419877899
0.27983193277310925,0.004705882352941176,0.0002585196419877899
0.27983193277310925,0.005378151260504202,0.0002585196419877899
0.27983193277310925,0.006050420168067228,0.0002585196419877899
0.27983193277310925,0.0067226890756302525,0.0002585196419877899
0.27983193277310925,0.007394957983193277,0.0002585196419877899
0.27983193277310925,0.008067226890756302,0.0002585196419877899
0.27983193277310925,0.008739495798319327,0.0002585196419877899
0.27983193277310925,0.009411764705882354,0.0002585196419877899
0.27983193277310925,0.010084033613445379,0.0002585196419877899
0.27983193277310925,0.010756302521008404,0.0002585196419877899
0.27983193277310925,0.011428571428571429,0.0002585196419877899
0.27983193277310925,0.012100840336134453,0.0002585196419877899
0.27983193277310925,0.01277310924369748,0.0002585196419877899
0.27983193277310925,0.013445378151260505,0.0002585196419877899
0.27983193277310925,0.01411764705882353,0.0002585196419877899
0.27983193277310925,0.014789915966386555,0.0002585196419877899
0.27983193277310925,0.01546218487394958,0.0002585196419877899
0.27983193277310925,0.016134453781512605,0.0002585196419877899
0.27983193277310925,0.01680672268907563,0.0002585196419877899
0.27983193277310925,0.017478991596638654,0.0002585196419877899
0.27983193277310925,0.018151260504201683,0.0002585196419877899
0.27983193277310925,0.018823529411764708,0.0002585196419877899
0.27983193277310925,0.019495798319327733,0.0002585196419877899
0.27983193277310925,0.020168067226890758,0.0002585196419877899
0.27983193277310925,0.020840336134453782,0.0002585196419877899
0.27983193277310925,0.021512605042016807,0.0002585196419877899
0.27983193277310925,0.022184873949579832,0.0002585196419877899
0.27983193277310925,0.022857142857142857,0.0002585196419877899
0.27983193277310925,0.023529411764705882,0.0002585196419877899
0.27983193277310925,0.024201680672268907,0.0002585196419877899
0.27983193277310925,0.024873949579831932,0.0002585196419877899
0.27983193277310925,0.02554621848739496,0.0002585196419877899
0.27983193277310925,0.026218487394957985,0.0002585196419877899
0.27983193277310925,0.02689075630252101,0.0002585196419877899
0.27983193277310925,0.027563025210084035,0.0002585196419877899
0.27983193277310925,0.02823529411764706,0.0002585196419877899
0.27983193277310925,0.028907563025210085,0.0002585196419877899
0.27983193277310925,0.02957983193277311,0.0002585196419877899
0.27983193277310925,0.030252100840336135,0.0002585196419877899
0.27983193277310925,0.03092436974789916,0.0002585196419877899
0.27983193277310925,0.03159663865546218,0.0002585196419877899
0.27983193277310925,0.03226890756302521,0.0002585196419877899
0.27983193277310925,0.03294117647058824,0.0002585196419877899
0.27983193277310925,0.033613445378151266,0.0002585196419877899
0.27983193277310925,0.03428571428571428,0.0002585196419877899
0.27983193277310925,0.03495798319327731,0.0002585196419877899
0.27983193277310925,0.03563025210084034,0.0002585196419877899
0.27983193277310925,0.036302521008403366,0.0002585196419877899
0.27983193277310925,0.036974789915966394,0.0002585196419877899
0.27983193277310925,0.03764705882352941,0.0002585196419877899
0.27983193277310925,0.03831932773109244,0.0002585196419877899
0.27983193277310925,0.038991596638655465,0.0002585196419877899
0.27983193277310925,0.039663865546218494,0.0002585196419877899
0.27983193277310925,0.04033613445378151,0.0002585196419877899
0.27983193277310925,0.041008403361344536,0.0002585196419877899
0.27983193277310925,0.041680672268907565,0.0002585196419877899
0.27983193277310925,0.04235294117647059,0.0002585196419877899
0.27983193277310925,0.043025210084033615,0.0002585196419877899
0.27983193277310925,0.043697478991596636,0.0002585196419877899
0.27983193277310925,0.044369747899159664,0.0002585196419877899
0.27983193277310925,0.04504201680672269,0.0002585196419877899
0.27983193277310925,0.04571428571428572,0.0002585196419877899
0.27983193277310925,0.046386554621848736,0.0002585196419877899
0.27983193277310925,0.047058823529411764,0.0002585196419877899
0.27983193277310925,0.04773109243697479,0.0002585196419877899
0.27983193277310925,0.04840336134453782,0.0002585196419877899
0.27983193277310925,0.049075630252100835,0.0002585196419877899
0.27983193277310925,0.049747899159663864,0.0002585196419877899
0.27983193277310925,0.05042016806722689,0.0002585196419877899
0.27983193277310925,0.05109243697478992,0.0002585196419877899
0.27983193277310925,0.05176470588235295,0.0002585196419877899
0.27983193277310925,0.05243697478991596,0.0002585196419877899
0.27983193277310925,0.05310924369747899,0.0002585196419877899
0.27983193277310925,0.05378151260504202,0.0002585196419877899
0.27983193277310925,0.05445378151260505,0.0002585196419877899
0.27983193277310925,0.05512605042016806,0.0002585196419877899
0.27983193277310925,0.05579831932773109,0.0002585196419877899
0.27983193277310925,0.05647058823529412,0.0002585196419877899
0.27983193277310925,0.05714285714285715,0.0002585196419877899
0.27983193277310925,0.05781512605042017,0.0002585196419877899
0.27983193277310925,0.05848739495798319,0.0002585196419877899
0.27983193277310925,0.05915966386554622,0.0002585196419877899
0.27983193277310925,0.05983193277310925,0.0002585196419877899
0.27983193277310925,0.060504201680672276,0.0002585196419877899
0.27983193277310925,0.06117647058823529,0.0002585196419877899
0.27983193277310925,0.06184873949579832,0.0002585196419877899
0.27983193277310925,0.06252100840336135,0.0002585196419877899
0.27983193277310925,0.06319327731092438,0.0002585196419877899
0.27983193277310925,0.06386554621848739,0.0002585196419877899
0.27983193277310925,0.06453781512605042,0.0002585196419877899
0.27983193277310925,0.06521008403361345,0.0002585196419877899
0.27983193277310925,0.06588235294117648,0.0002585196419877899
0.27983193277310925,0.0665546218487395,0.0002585196419877899
0.27983193277310925,0.06722689075630252,0.0002585196419877899
0.27983193277310925,0.06789915966386555,0.0002585196419877899
0.27983193277310925,0.06857142857142857,0.0002585196419877899
0.27983193277310925,0.0692436974789916,0.0002585196419877899
0.27983193277310925,0.06991596638655462,0.0002585196419877899
0.27983193277310925,0.07058823529411765,0.0002585196419877899
0.27983193277310925,0.07126050420168067,0.0002585196419877899
0.27983193277310925,0.0719327731092437,0.0002585196419877899
0.27983193277310925,0.07260504201680673,0.0002585196419877899
0.27983193277310925,0.07327731092436975,0.0002585196419877899
0.27983193277310925,0.07394957983193277,0.0002585196419877899
0.27983193277310925,0.0746218487394958,0.0002585196419877899
0.27983193277310925,0.07529411764705883,0.0002585196419877899
0.27983193277310925,0.07596638655462185,0.0002585196419877899
0.27983193277310925,0.07663865546218487,0.0002585196419877899
0.27983193277310925,0.0773109243697479,0.0002585196419877899
0.27983193277310925,0.07798319327731093,0.0002585196419877899
0.27983193277310925,0.07865546218487394,0.0002585196419877899
0.27983193277310925,0.07932773109243697,0.0002585196419877899
0.27983193277310925,0.07983193277310924,0.00025851964198779167
0.2823529411764706,0.0001680672268907563,0.0002585196419877899
0.2823529411764706,0.0006722689075630252,0.0002585196419877899
0.2823529411764706,0.0013445378151260505,0.0002585196419877899
0.2823529411764706,0.0020168067226890756,0.0002585196419877899
0.2823529411764706,0.002689075630252101,0.0002585196419877899
0.2823529411764706,0.0033613445378151263,0.0002585196419877899
0.2823529411764706,0.004033613445378151,0.0002585196419877899
0.2823529411764706,0.004705882352941176,0.0002585196419877899
0.2823529411764706,0.005378151260504202,0.0002585196419877899
0.2823529411764706,0.006050420168067228,0.0002585196419877899
0.2823529411764706,0.0067226890756302525,0.0002585196419877899
0.2823529411764706,0.007394957983193277,0.0002585196419877899
0.2823529411764706,0.008067226890756302,0.0002585196419877899
0.2823529411764706,0.008739495798319327,0.0002585196419877899
0.2823529411764706,0.009411764705882354,0.0002585196419877899
0.2823529411764706,0.010084033613445379,0.0002585196419877899
0.2823529411764706,0.010756302521008404,0.0002585196419877899
0.2823529411764706,0.011428571428571429,0.0002585196419877899
0.2823529411764706,0.012100840336134453,0.0002585196419877899
0.2823529411764706,0.01277310924369748,0.0002585196419877899
0.2823529411764706,0.013445378151260505,0.0002585196419877899
0.2823529411764706,0.01411764705882353,0.0002585196419877899
0.2823529411764706,0.014789915966386555,0.0002585196419877899
0.2823529411764706,0.01546218487394958,0.0002585196419877899
0.2823529411764706,0.016134453781512605,0.0002585196419877899
0.2823529411764706,0.01680672268907563,0.0002585196419877899
0.2823529411764706,0.017478991596638654,0.0002585196419877899
0.2823529411764706,0.018151260504201683,0.0002585196419877899
0.2823529411764706,0.018823529411764708,0.0002585196419877899
0.2823529411764706,0.019495798319327733,0.0002585196419877899
0.2823529411764706,0.020168067226890758,0.0002585196419877899
0.2823529411764706,0.020840336134453782,0.0002585196419877899
0.2823529411764706,0.021512605042016807,0.0002585196419877899
0.2823529411764706,0.022184873949579832,0.0002585196419877899
0.2823529411764706,0.022857142857142857,0.0002585196419877899
0.2823529411764706,0.023529411764705882,0.0002585196419877899
0.2823529411764706,0.024201680672268907,0.0002585196419877899
0.2823529411764706,0.024873949579831932,0.0002585196419877899
0.2823529411764706,0.02554621848739496,0.0002585196419877899
0.2823529411764706,0.026218487394957985,0.0002585196419877899
0.2823529411764706,0.02689075630252101,0.0002585196419877899
0.2823529411764706,0.027563025210084035,0.0002585196419877899
0.2823529411764706,0.02823529411764706,0.0002585196419877899
0.2823529411764706,0.028907563025210085,0.0002585196419877899
0.2823529411764706,0.02957983193277311,0.0002585196419877899
0.2823529411764706,0.030252100840336135,0.0002585196419877899
0.2823529411764706,0.03092436974789916,0.0002585196419877899
0.2823529411764706,0.03159663865546218,0.0002585196419877899
0.2823529411764706,0.03226890756302521,0.0002585196419877899
0.2823529411764706,0.03294117647058824,0.0002585196419877899
0.2823529411764706,0.033613445378151266,0.0002585196419877899
0.2823529411764706,0.03428571428571428,0.0002585196419877899
0.2823529411764706,0.03495798319327731,0.0002585196419877899
0.2823529411764706,0.03563025210084034,0.0002585196419877899
0.2823529411764706,0.036302521008403366,0.0002585196419877899
0.2823529411764706,0.036974789915966394,0.0002585196419877899
0.2823529411764706,0.03764705882352941,0.0002585196419877899
0.2823529411764706,0.03831932773109244,0.0002585196419877899
0.2823529411764706,0.038991596638655465,0.0002585196419877899
0.2823529411764706,0.039663865546218494,0.0002585196419877899
0.2823529411764706,0.04033613445378151,0.0002585196419877899
0.2823529411764706,0.041008403361344536,0.0002585196419877899
0.2823529411764706,0.041680672268907565,0.0002585196419877899
0.2823529411764706,0.04235294117647059,0.0002585196419877899
0.2823529411764706,0.043025210084033615,0.0002585196419877899
0.2823529411764706,0.043697478991596636,0.0002585196419877899
0.2823529411764706,0.044369747899159664,0.0002585196419877899
0.2823529411764706,0.04504201680672269,0.0002585196419877899
0.2823529411764706,0.04571428571428572,0.0002585196419877899
0.2823529411764706,0.046386554621848736,0.0002585196419877899
0.2823529411764706,0.047058823529411764,0.0002585196419877899
0.2823529411764706,0.04773109243697479,0.0002585196419877899
0.2823529411764706,0.04840336134453782,0.0002585196419877899
0.2823529411764706,0.049075630252100835,0.0002585196419877899
0.2823529411764706,0.049747899159663864,0.0002585196419877899
0.2823529411764706,0.05042016806722689,0.0002585196419877899
0.2823529411764706,0.05109243697478992,0.0002585196419877899
0.2823529411764706,0.05176470588235295,0.0002585196419877899
0.2823529411764706,0.05243697478991596,0.0002585196419877899
0.2823529411764706,0.05310924369747899,0.0002585196419877899
0.2823529411764706,0.05378151260504202,0.0002585196419877899
0.2823529411764706,0.05445378151260505,0.0002585196419877899
0.2823529411764706,0.05512605042016806,0.0002585196419877899
0.2823529411764706,0.05579831932773109,0.0002585196419877899
0.2823529411764706,0.05647058823529412,0.0002585196419877899
0.2823529411764706,0.05714285714285715,0.0002585196419877899
0.2823529411764706,0.05781512605042017,0.0002585196419877899
0.2823529411764706,0.05848739495798319,0.0002585196419877899
0.2823529411764706,0.05915966386554622,0.0002585196419877899
0.2823529411764706,0.05983193277310925,0.0002585196419877899
0.2823529411764706,0.060504201680672276,0.0002585196419877899
0.2823529411764706,0.06117647058823529,0.0002585196419877899
0.2823529411764706,0.06184873949579832,0.0002585196419877899
0.2823529411764706,0.06252100840336135,0.0002585196419877899
0.2823529411764706,0.06319327731092438,0.0002585196419877899
0.2823529411764706,0.06386554621848739,0.0002585196419877899
0.2823529411764706,0.06453781512605042,0.0002585196419877899
0.2823529411764706,0.06521008403361345,0.0002585196419877899
0.2823529411764706,0.06588235294117648,0.0002585196419877899
0.2823529411764706,0.0665546218487395,0.0002585196419877899
0.2823529411764706,0.06722689075630252,0.0002585196419877899
0.2823529411764706,0.06789915966386555,0.0002585196419877899
0.2823529411764706,0.06857142857142857,0.0002585196419877899
0.2823529411764706,0.0692436974789916,0.0002585196419877899
0.2823529411764706,0.06991596638655462,0.0002585196419877899
0.2823529411764706,0.07058823529411765,0.0002585196419877899
0.2823529411764706,0.07126050420168067,0.0002585196419877899
0.2823529411764706,0.0719327731092437,0.0002585196419877899
0.2823529411764706,0.07260504201680673,0.0002585196419877899
0.2823529411764706,0.07327731092436975,0.0002585196419877899
0.2823529411764706,0.07394957983193277,0.0002585196419877899
0.2823529411764706,0.0746218487394958,0.0002585196419877899
0.2823529411764706,0.07529411764705883,0.0002585196419877899
0.2823529411764706,0.07596638655462185,0.0002585196419877899
0.2823529411764706,0.07663865546218487,0.0002585196419877899
0.2823529411764706,0.0773109243697479,0.0002585196419877899
0.2823529411764706,0.07798319327731093,0.0002585196419877899
0.2823529411764706,0.07865546218487394,0.0002585196419877899
0.2823529411764706,0.07932773109243697,0.0002585196419877899
0.2823529411764706,0.07983193277310924,0.00025851964198779167
0.2848739495798319,0.0001680672268907563,0.0002585196419877899
0.2848739495798319,0.0006722689075630252,0.0002585196419877899
0.2848739495798319,0.0013445378151260505,0.0002585196419877899
0.2848739495798319,0.0020168067226890756,0.0002585196419877899
0.2848739495798319,0.002689075630252101,0.0002585196419877899
0.2848739495798319,0.0033613445378151263,0.0002585196419877899
0.2848739495798319,0.004033613445378151,0.0002585196419877899
0.2848739495798319,0.004705882352941176,0.0002585196419877899
0.2848739495798319,0.005378151260504202,0.0002585196419877899
0.2848739495798319,0.006050420168067228,0.0002585196419877899
0.2848739495798319,0.0067226890756302525,0.0002585196419877899
0.2848739495798319,0.007394957983193277,0.0002585196419877899
0.2848739495798319,0.008067226890756302,0.0002585196419877899
0.2848739495798319,0.008739495798319327,0.0002585196419877899
0.2848739495798319,0.009411764705882354,0.0002585196419877899
0.2848739495798319,0.010084033613445379,0.0002585196419877899
0.2848739495798319,0.010756302521008404,0.0002585196419877899
0.2848739495798319,0.011428571428571429,0.0002585196419877899
0.2848739495798319,0.012100840336134453,0.0002585196419877899
0.2848739495798319,0.01277310924369748,0.0002585196419877899
0.2848739495798319,0.013445378151260505,0.0002585196419877899
0.2848739495798319,0.01411764705882353,0.0002585196419877899
0.2848739495798319,0.014789915966386555,0.0002585196419877899
0.2848739495798319,0.01546218487394958,0.0002585196419877899
0.2848739495798319,0.016134453781512605,0.0002585196419877899
0.2848739495798319,0.01680672268907563,0.0002585196419877899
0.2848739495798319,0.017478991596638654,0.0002585196419877899
0.2848739495798319,0.018151260504201683,0.0002585196419877899
0.2848739495798319,0.018823529411764708,0.0002585196419877899
0.2848739495798319,0.019495798319327733,0.0002585196419877899
0.2848739495798319,0.020168067226890758,0.0002585196419877899
0.2848739495798319,0.020840336134453782,0.0002585196419877899
0.2848739495798319,0.021512605042016807,0.0002585196419877899
0.2848739495798319,0.022184873949579832,0.0002585196419877899
0.2848739495798319,0.022857142857142857,0.0002585196419877899
0.2848739495798319,0.023529411764705882,0.0002585196419877899
0.2848739495798319,0.024201680672268907,0.0002585196419877899
0.2848739495798319,0.024873949579831932,0.0002585196419877899
0.2848739495798319,0.02554621848739496,0.0002585196419877899
0.2848739495798319,0.026218487394957985,0.0002585196419877899
0.2848739495798319,0.02689075630252101,0.0002585196419877899
0.2848739495798319,0.027563025210084035,0.0002585196419877899
0.2848739495798319,0.02823529411764706,0.0002585196419877899
0.2848739495798319,0.028907563025210085,0.0002585196419877899
0.2848739495798319,0.02957983193277311,0.0002585196419877899
0.2848739495798319,0.030252100840336135,0.0002585196419877899
0.2848739495798319,0.03092436974789916,0.0002585196419877899
0.2848739495798319,0.03159663865546218,0.0002585196419877899
0.2848739495798319,0.03226890756302521,0.0002585196419877899
0.2848739495798319,0.03294117647058824,0.0002585196419877899
0.2848739495798319,0.033613445378151266,0.0002585196419877899
0.2848739495798319,0.03428571428571428,0.0002585196419877899
0.2848739495798319,0.03495798319327731,0.0002585196419877899
0.2848739495798319,0.03563025210084034,0.0002585196419877899
0.2848739495798319,0.036302521008403366,0.0002585196419877899
0.2848739495798319,0.036974789915966394,0.0002585196419877899
0.2848739495798319,0.03764705882352941,0.0002585196419877899
0.2848739495798319,0.03831932773109244,0.0002585196419877899
0.2848739495798319,0.038991596638655465,0.0002585196419877899
0.2848739495798319,0.039663865546218494,0.0002585196419877899
0.2848739495798319,0.04033613445378151,0.0002585196419877899
0.2848739495798319,0.041008403361344536,0.0002585196419877899
0.2848739495798319,0.041680672268907565,0.0002585196419877899
0.2848739495798319,0.04235294117647059,0.0002585196419877899
0.2848739495798319,0.043025210084033615,0.0002585196419877899
0.2848739495798319,0.043697478991596636,0.0002585196419877899
0.2848739495798319,0.044369747899159664,0.0002585196419877899
0.2848739495798319,0.04504201680672269,0.0002585196419877899
0.2848739495798319,0.04571428571428572,0.0002585196419877899
0.2848739495798319,0.046386554621848736,0.0002585196419877899
0.2848739495798319,0.047058823529411764,0.0002585196419877899
0.2848739495798319,0.04773109243697479,0.0002585196419877899
0.2848739495798319,0.04840336134453782,0.0002585196419877899
0.2848739495798319,0.049075630252100835,0.0002585196419877899
0.2848739495798319,0.049747899159663864,0.0002585196419877899
0.2848739495798319,0.05042016806722689,0.0002585196419877899
0.2848739495798319,0.05109243697478992,0.0002585196419877899
0.2848739495798319,0.05176470588235295,0.0002585196419877899
0.2848739495798319,0.05243697478991596,0.0002585196419877899
0.2848739495798319,0.05310924369747899,0.0002585196419877899
0.2848739495798319,0.05378151260504202,0.0002585196419877899
0.2848739495798319,0.05445378151260505,0.0002585196419877899
0.2848739495798319,0.05512605042016806,0.0002585196419877899
0.2848739495798319,0.05579831932773109,0.0002585196419877899
0.2848739495798319,0.05647058823529412,0.0002585196419877899
0.2848739495798319,0.05714285714285715,0.0002585196419877899
0.2848739495798319,0.05781512605042017,0.0002585196419877899
0.2848739495798319,0.05848739495798319,0.0002585196419877899
0.2848739495798319,0.05915966386554622,0.0002585196419877899
0.2848739495798319,0.05983193277310925,0.0002585196419877899
0.2848739495798319,0.060504201680672276,0.0002585196419877899
0.2848739495798319,0.06117647058823529,0.0002585196419877899
0.2848739495798319,0.06184873949579832,0.0002585196419877899
0.2848739495798319,0.06252100840336135,0.0002585196419877899
0.2848739495798319,0.06319327731092438,0.0002585196419877899
0.2848739495798319,0.06386554621848739,0.0002585196419877899
0.2848739495798319,0.06453781512605042,0.0002585196419877899
0.2848739495798319,0.06521008403361345,0.0002585196419877899
0.2848739495798319,0.06588235294117648,0.0002585196419877899
0.2848739495798319,0.0665546218487395,0.0002585196419877899
0.2848739495798319,0.06722689075630252,0.0002585196419877899
0.2848739495798319,0.06789915966386555,0.0002585196419877899
0.2848739495798319,0.06857142857142857,0.0002585196419877899
0.2848739495798319,0.0692436974789916,0.0002585196419877899
0.2848739495798319,0.06991596638655462,0.0002585196419877899
0.2848739495798319,0.07058823529411765,0.0002585196419877899
0.2848739495798319,0.07126050420168067,0.0002585196419877899
0.2848739495798319,0.0719327731092437,0.0002585196419877899
0.2848739495798319,0.07260504201680673,0.0002585196419877899
0.2848739495798319,0.07327731092436975,0.0002585196419877899
0.2848739495798319,0.07394957983193277,0.0002585196419877899
0.2848739495798319,0.0746218487394958,0.0002585196419877899
0.2848739495798319,0.07529411764705883,0.0002585196419877899
0.2848739495798319,0.07596638655462185,0.0002585196419877899
0.2848739495798319,0.07663865546218487,0.0002585196419877899
0.2848739495798319,0.0773109243697479,0.0002585196419877899
0.2848739495798319,0.07798319327731093,0.0002585196419877899
0.2848739495798319,0.07865546218487394,0.0002585196419877899
0.2848739495798319,0.07932773109243697,0.0002585196419877899
0.2848739495798319,0.07983193277310924,0.00025851964198779167
0.28739495798319326,0.0001680672268907563,0.0002585196419877899
0.28739495798319326,0.0006722689075630252,0.0002585196419877899
0.28739495798319326,0.0013445378151260505,0.0002585196419877899
0.28739495798319326,0.0020168067226890756,0.0002585196419877899
0.28739495798319326,0.002689075630252101,0.0002585196419877899
0.28739495798319326,0.0033613445378151263,0.0002585196419877899
0.28739495798319326,0.004033613445378151,0.0002585196419877899
0.28739495798319326,0.004705882352941176,0.0002585196419877899
0.28739495798319326,0.005378151260504202,0.0002585196419877899
0.28739495798319326,0.006050420168067228,0.0002585196419877899
0.28739495798319326,0.0067226890756302525,0.0002585196419877899
0.28739495798319326,0.007394957983193277,0.0002585196419877899
0.28739495798319326,0.008067226890756302,0.0002585196419877899
0.28739495798319326,0.008739495798319327,0.0002585196419877899
0.28739495798319326,0.009411764705882354,0.0002585196419877899
0.28739495798319326,0.010084033613445379,0.0002585196419877899
0.28739495798319326,0.010756302521008404,0.0002585196419877899
0.28739495798319326,0.011428571428571429,0.0002585196419877899
0.28739495798319326,0.012100840336134453,0.0002585196419877899
0.28739495798319326,0.01277310924369748,0.0002585196419877899
0.28739495798319326,0.013445378151260505,0.0002585196419877899
0.28739495798319326,0.01411764705882353,0.0002585196419877899
0.28739495798319326,0.014789915966386555,0.0002585196419877899
0.28739495798319326,0.01546218487394958,0.0002585196419877899
0.28739495798319326,0.016134453781512605,0.0002585196419877899
0.28739495798319326,0.01680672268907563,0.0002585196419877899
0.28739495798319326,0.017478991596638654,0.0002585196419877899
0.28739495798319326,0.018151260504201683,0.0002585196419877899
0.28739495798319326,0.018823529411764708,0.0002585196419877899
0.28739495798319326,0.019495798319327733,0.0002585196419877899
0.28739495798319326,0.020168067226890758,0.0002585196419877899
0.28739495798319326,0.020840336134453782,0.0002585196419877899
0.28739495798319326,0.021512605042016807,0.0002585196419877899
0.28739495798319326,0.022184873949579832,0.0002585196419877899
0.28739495798319326,0.022857142857142857,0.0002585196419877899
0.28739495798319326,0.023529411764705882,0.0002585196419877899
0.28739495798319326,0.024201680672268907,0.0002585196419877899
0.28739495798319326,0.024873949579831932,0.0002585196419877899
0.28739495798319326,0.02554621848739496,0.0002585196419877899
0.28739495798319326,0.026218487394957985,0.0002585196419877899
0.28739495798319326,0.02689075630252101,0.0002585196419877899
0.28739495798319326,0.027563025210084035,0.0002585196419877899
0.28739495798319326,0.02823529411764706,0.0002585196419877899
0.28739495798319326,0.028907563025210085,0.0002585196419877899
0.28739495798319326,0.02957983193277311,0.0002585196419877899
0.28739495798319326,0.030252100840336135,0.0002585196419877899
0.28739495798319326,0.03092436974789916,0.0002585196419877899
0.28739495798319326,0.03159663865546218,0.0002585196419877899
0.28739495798319326,0.03226890756302521,0.0002585196419877899
0.28739495798319326,0.03294117647058824,0.0002585196419877899
0.28739495798319326,0.033613445378151266,0.0002585196419877899
0.28739495798319326,0.03428571428571428,0.0002585196419877899
0.28739495798319326,0.03495798319327731,0.0002585196419877899
0.28739495798319326,0.03563025210084034,0.0002585196419877899
0.28739495798319326,0.036302521008403366,0.0002585196419877899
0.28739495798319326,0.036974789915966394,0.0002585196419877899
0.28739495798319326,0.03764705882352941,0.0002585196419877899
0.28739495798319326,0.03831932773109244,0.0002585196419877899
0.28739495798319326,0.038991596638655465,0.0002585196419877899
0.28739495798319326,0.039663865546218494,0.0002585196419877899
0.28739495798319326,0.04033613445378151,0.0002585196419877899
0.28739495798319326,0.041008403361344536,0.0002585196419877899
0.28739495798319326,0.041680672268907565,0.0002585196419877899
0.28739495798319326,0.04235294117647059,0.0002585196419877899
0.28739495798319326,0.043025210084033615,0.0002585196419877899
0.28739495798319326,0.043697478991596636,0.0002585196419877899
0.28739495798319326,0.044369747899159664,0.0002585196419877899
0.28739495798319326,0.04504201680672269,0.0002585196419877899
0.28739495798319326,0.04571428571428572,0.0002585196419877899
0.28739495798319326,0.046386554621848736,0.0002585196419877899
0.28739495798319326,0.047058823529411764,0.0002585196419877899
0.28739495798319326,0.04773109243697479,0.0002585196419877899
0.28739495798319326,0.04840336134453782,0.0002585196419877899
0.28739495798319326,0.049075630252100835,0.0002585196419877899
0.28739495798319326,0.049747899159663864,0.0002585196419877899
0.28739495798319326,0.05042016806722689,0.0002585196419877899
0.28739495798319326,0.05109243697478992,0.0002585196419877899
0.28739495798319326,0.05176470588235295,0.0002585196419877899
0.28739495798319326,0.05243697478991596,0.0002585196419877899
0.28739495798319326,0.05310924369747899,0.0002585196419877899
0.28739495798319326,0.05378151260504202,0.0002585196419877899
0.28739495798319326,0.05445378151260505,0.0002585196419877899
0.28739495798319326,0.05512605042016806,0.0002585196419877899
0.28739495798319326,0.05579831932773109,0.0002585196419877899
0.28739495798319326,0.05647058823529412,0.0002585196419877899
0.28739495798319326,0.05714285714285715,0.0002585196419877899
0.28739495798319326,0.05781512605042017,0.0002585196419877899
0.28739495798319326,0.05848739495798319,0.0002585196419877899
0.28739495798319326,0.05915966386554622,0.0002585196419877899
0.28739495798319326,0.05983193277310925,0.0002585196419877899
0.28739495798319326,0.060504201680672276,0.0002585196419877899
0.28739495798319326,0.06117647058823529,0.0002585196419877899
0.28739495798319326,0.06184873949579832,0.0002585196419877899
0.28739495798319326,0.06252100840336135,0.0002585196419877899
0.28739495798319326,0.06319327731092438,0.0002585196419877899
0.28739495798319326,0.06386554621848739,0.0002585196419877899
0.28739495798319326,0.06453781512605042,0.0002585196419877899
0.28739495798319326,0.06521008403361345,0.0002585196419877899
0.28739495798319326,0.06588235294117648,0.0002585196419877899
0.28739495798319326,0.0665546218487395,0.0002585196419877899
0.28739495798319326,0.06722689075630252,0.0002585196419877899
0.28739495798319326,0.06789915966386555,0.0002585196419877899
0.28739495798319326,0.06857142857142857,0.0002585196419877899
0.28739495798319326,0.0692436974789916,0.0002585196419877899
0.28739495798319326,0.06991596638655462,0.0002585196419877899
0.28739495798319326,0.07058823529411765,0.0002585196419877899
0.28739495798319326,0.07126050420168067,0.0002585196419877899
0.28739495798319326,0.0719327731092437,0.0002585196419877899
0.28739495798319326,0.07260504201680673,0.0002585196419877899
0.28739495798319326,0.07327731092436975,0.0002585196419877899
0.28739495798319326,0.07394957983193277,0.0002585196419877899
0.28739495798319326,0.0746218487394958,0.0002585196419877899
0.28739495798319326,0.07529411764705883,0.0002585196419877899
0.28739495798319326,0.07596638655462185,0.0002585196419877899
0.28739495798319326,0.07663865546218487,0.0002585196419877899
0.28739495798319326,0.0773109243697479,0.0002585196419877899
0.28739495798319326,0.07798319327731093,0.0002585196419877899
0.28739495798319326,0.07865546218487394,0.0002585196419877899
0.28739495798319326,0.07932773109243697,0.0002585196419877899
0.28739495798319326,0.07983193277310924,0.00025851964198779167
0.2899159663865546,0.0001680672268907563,0.0002585196419877899
0.2899159663865546,0.0006722689075630252,0.0002585196419877899
0.2899159663865546,0.0013445378151260505,0.0002585196419877899
0.2899159663865546,0.0020168067226890756,0.0002585196419877899
0.2899159663865546,0.002689075630252101,0.0002585196419877899
0.2899159663865546,0.0033613445378151263,0.0002585196419877899
0.2899159663865546,0.004033613445378151,0.0002585196419877899
0.2899159663865546,0.004705882352941176,0.0002585196419877899
0.2899159663865546,0.005378151260504202,0.0002585196419877899
0.2899159663865546,0.006050420168067228,0.0002585196419877899
0.2899159663865546,0.0067226890756302525,0.0002585196419877899
0.2899159663865546,0.007394957983193277,0.0002585196419877899
0.2899159663865546,0.008067226890756302,0.0002585196419877899
0.2899159663865546,0.008739495798319327,0.0002585196419877899
0.2899159663865546,0.009411764705882354,0.0002585196419877899
0.2899159663865546,0.010084033613445379,0.0002585196419877899
0.2899159663865546,0.010756302521008404,0.0002585196419877899
0.2899159663865546,0.011428571428571429,0.0002585196419877899
0.2899159663865546,0.012100840336134453,0.0002585196419877899
0.2899159663865546,0.01277310924369748,0.0002585196419877899
0.2899159663865546,0.013445378151260505,0.0002585196419877899
0.2899159663865546,0.01411764705882353,0.0002585196419877899
0.2899159663865546,0.014789915966386555,0.0002585196419877899
0.2899159663865546,0.01546218487394958,0.0002585196419877899
0.2899159663865546,0.016134453781512605,0.0002585196419877899
0.2899159663865546,0.01680672268907563,0.0002585196419877899
0.2899159663865546,0.017478991596638654,0.0002585196419877899
0.2899159663865546,0.018151260504201683,0.0002585196419877899
0.2899159663865546,0.018823529411764708,0.0002585196419877899
0.2899159663865546,0.019495798319327733,0.0002585196419877899
0.2899159663865546,0.020168067226890758,0.0002585196419877899
0.2899159663865546,0.020840336134453782,0.0002585196419877899
0.2899159663865546,0.021512605042016807,0.0002585196419877899
0.2899159663865546,0.022184873949579832,0.0002585196419877899
0.2899159663865546,0.022857142857142857,0.0002585196419877899
0.2899159663865546,0.023529411764705882,0.0002585196419877899
0.2899159663865546,0.024201680672268907,0.0002585196419877899
0.2899159663865546,0.024873949579831932,0.0002585196419877899
0.2899159663865546,0.02554621848739496,0.0002585196419877899
0.2899159663865546,0.026218487394957985,0.0002585196419877899
0.2899159663865546,0.02689075630252101,0.0002585196419877899
0.2899159663865546,0.027563025210084035,0.0002585196419877899
0.2899159663865546,0.02823529411764706,0.0002585196419877899
0.2899159663865546,0.028907563025210085,0.0002585196419877899
0.2899159663865546,0.02957983193277311,0.0002585196419877899
0.2899159663865546,0.030252100840336135,0.0002585196419877899
0.2899159663865546,0.03092436974789916,0.0002585196419877899
0.2899159663865546,0.03159663865546218,0.0002585196419877899
0.2899159663865546,0.03226890756302521,0.0002585196419877899
0.2899159663865546,0.03294117647058824,0.0002585196419877899
0.2899159663865546,0.033613445378151266,0.0002585196419877899
0.2899159663865546,0.03428571428571428,0.0002585196419877899
0.2899159663865546,0.03495798319327731,0.0002585196419877899
0.2899159663865546,0.03563025210084034,0.0002585196419877899
0.2899159663865546,0.036302521008403366,0.0002585196419877899
0.2899159663865546,0.036974789915966394,0.0002585196419877899
0.2899159663865546,0.03764705882352941,0.0002585196419877899
0.2899159663865546,0.03831932773109244,0.0002585196419877899
0.2899159663865546,0.038991596638655465,0.0002585196419877899
0.2899159663865546,0.039663865546218494,0.0002585196419877899
0.2899159663865546,0.04033613445378151,0.0002585196419877899
0.2899159663865546,0.041008403361344536,0.0002585196419877899
0.2899159663865546,0.041680672268907565,0.0002585196419877899
0.2899159663865546,0.04235294117647059,0.0002585196419877899
0.2899159663865546,0.043025210084033615,0.0002585196419877899
0.2899159663865546,0.043697478991596636,0.0002585196419877899
0.2899159663865546,0.044369747899159664,0.0002585196419877899
0.2899159663865546,0.04504201680672269,0.0002585196419877899
0.2899159663865546,0.04571428571428572,0.0002585196419877899
0.2899159663865546,0.046386554621848736,0.0002585196419877899
0.2899159663865546,0.047058823529411764,0.0002585196419877899
0.2899159663865546,0.04773109243697479,0.0002585196419877899
0.2899159663865546,0.04840336134453782,0.0002585196419877899
0.2899159663865546,0.049075630252100835,0.0002585196419877899
0.2899159663865546,0.049747899159663864,0.0002585196419877899
0.2899159663865546,0.05042016806722689,0.0002585196419877899
0.2899159663865546,0.05109243697478992,0.0002585196419877899
0.2899159663865546,0.05176470588235295,0.0002585196419877899
0.2899159663865546,0.05243697478991596,0.0002585196419877899
0.2899159663865546,0.05310924369747899,0.0002585196419877899
0.2899159663865546,0.05378151260504202,0.0002585196419877899
0.2899159663865546,0.05445378151260505,0.0002585196419877899
0.2899159663865546,0.05512605042016806,0.0002585196419877899
0.2899159663865546,0.05579831932773109,0.0002585196419877899
0.2899159663865546,0.05647058823529412,0.0002585196419877899
0.2899159663865546,0.05714285714285715,0.0002585196419877899
0.2899159663865546,0.05781512605042017,0.0002585196419877899
0.2899159663865546,0.05848739495798319,0.0002585196419877899
0.2899159663865546,0.05915966386554622,0.0002585196419877899
0.2899159663865546,0.05983193277310925,0.0002585196419877899
0.2899159663865546,0.060504201680672276,0.0002585196419877899
0.2899159663865546,0.06117647058823529,0.0002585196419877899
0.2899159663865546,0.06184873949579832,0.0002585196419877899
0.2899159663865546,0.06252100840336135,0.0002585196419877899
0.2899159663865546,0.06319327731092438,0.0002585196419877899
0.2899159663865546,0.06386554621848739,0.0002585196419877899
0.2899159663865546,0.06453781512605042,0.0002585196419877899
0.2899159663865546,0.06521008403361345,0.0002585196419877899
0.2899159663865546,0.06588235294117648,0.0002585196419877899
0.2899159663865546,0.0665546218487395,0.0002585196419877899
0.2899159663865546,0.06722689075630252,0.0002585196419877899
0.2899159663865546,0.06789915966386555,0.0002585196419877899
0.2899159663865546,0.06857142857142857,0.0002585196419877899
0.2899159663865546,0.0692436974789916,0.0002585196419877899
0.2899159663865546,0.06991596638655462,0.0002585196419877899
0.2899159663865546,0.07058823529411765,0.0002585196419877899
0.2899159663865546,0.07126050420168067,0.0002585196419877899
0.2899159663865546,0.0719327731092437,0.0002585196419877899
0.2899159663865546,0.07260504201680673,0.0002585196419877899
0.2899159663865546,0.07327731092436975,0.0002585196419877899
0.2899159663865546,0.07394957983193277,0.0002585196419877899
0.2899159663865546,0.0746218487394958,0.0002585196419877899
0.2899159663865546,0.07529411764705883,0.0002585196419877899
0.2899159663865546,0.07596638655462185,0.0002585196419877899
0.2899159663865546,0.07663865546218487,0.0002585196419877899
0.2899159663865546,0.0773109243697479,0.0002585196419877899
0.2899159663865546,0.07798319327731093,0.0002585196419877899
0.2899159663865546,0.07865546218487394,0.0002585196419877899
0.2899159663865546,0.07932773109243697,0.0002585196419877899
0.2899159663865546,0.07983193277310924,0.00025851964198779167
0.2924369747899159,0.0001680672268907563,0.0002585196419877899
0.2924369747899159,0.0006722689075630252,0.0002585196419877899
0.2924369747899159,0.0013445378151260505,0.0002585196419877899
0.2924369747899159,0.0020168067226890756,0.0002585196419877899
0.2924369747899159,0.002689075630252101,0.0002585196419877899
0.2924369747899159,0.0033613445378151263,0.0002585196419877899
0.2924369747899159,0.004033613445378151,0.0002585196419877899
0.2924369747899159,0.004705882352941176,0.0002585196419877899
0.2924369747899159,0.005378151260504202,0.0002585196419877899
0.2924369747899159,0.006050420168067228,0.0002585196419877899
0.2924369747899159,0.0067226890756302525,0.0002585196419877899
0.2924369747899159,0.007394957983193277,0.0002585196419877899
0.2924369747899159,0.008067226890756302,0.0002585196419877899
0.2924369747899159,0.008739495798319327,0.0002585196419877899
0.2924369747899159,0.009411764705882354,0.0002585196419877899
0.2924369747899159,0.010084033613445379,0.0002585196419877899
0.2924369747899159,0.010756302521008404,0.0002585196419877899
0.2924369747899159,0.011428571428571429,0.0002585196419877899
0.2924369747899159,0.012100840336134453,0.0002585196419877899
0.2924369747899159,0.01277310924369748,0.0002585196419877899
0.2924369747899159,0.013445378151260505,0.0002585196419877899
0.2924369747899159,0.01411764705882353,0.0002585196419877899
0.2924369747899159,0.014789915966386555,0.0002585196419877899
0.2924369747899159,0.01546218487394958,0.0002585196419877899
0.2924369747899159,0.016134453781512605,0.0002585196419877899
0.2924369747899159,0.01680672268907563,0.0002585196419877899
0.2924369747899159,0.017478991596638654,0.0002585196419877899
0.2924369747899159,0.018151260504201683,0.0002585196419877899
0.2924369747899159,0.018823529411764708,0.0002585196419877899
0.2924369747899159,0.019495798319327733,0.0002585196419877899
0.2924369747899159,0.020168067226890758,0.0002585196419877899
0.2924369747899159,0.020840336134453782,0.0002585196419877899
0.2924369747899159,0.021512605042016807,0.0002585196419877899
0.2924369747899159,0.022184873949579832,0.0002585196419877899
0.2924369747899159,0.022857142857142857,0.0002585196419877899
0.2924369747899159,0.023529411764705882,0.0002585196419877899
0.2924369747899159,0.024201680672268907,0.0002585196419877899
0.2924369747899159,0.024873949579831932,0.0002585196419877899
0.2924369747899159,0.02554621848739496,0.0002585196419877899
0.2924369747899159,0.026218487394957985,0.0002585196419877899
0.2924369747899159,0.02689075630252101,0.0002585196419877899
0.2924369747899159,0.027563025210084035,0.0002585196419877899
0.2924369747899159,0.02823529411764706,0.0002585196419877899
0.2924369747899159,0.028907563025210085,0.0002585196419877899
0.2924369747899159,0.02957983193277311,0.0002585196419877899
0.2924369747899159,0.030252100840336135,0.0002585196419877899
0.2924369747899159,0.03092436974789916,0.0002585196419877899
0.2924369747899159,0.03159663865546218,0.0002585196419877899
0.2924369747899159,0.03226890756302521,0.0002585196419877899
0.2924369747899159,0.03294117647058824,0.0002585196419877899
0.2924369747899159,0.033613445378151266,0.0002585196419877899
0.2924369747899159,0.03428571428571428,0.0002585196419877899
0.2924369747899159,0.03495798319327731,0.0002585196419877899
0.2924369747899159,0.03563025210084034,0.0002585196419877899
0.2924369747899159,0.036302521008403366,0.0002585196419877899
0.2924369747899159,0.036974789915966394,0.0002585196419877899
0.2924369747899159,0.03764705882352941,0.0002585196419877899
0.2924369747899159,0.03831932773109244,0.0002585196419877899
0.2924369747899159,0.038991596638655465,0.0002585196419877899
0.2924369747899159,0.039663865546218494,0.0002585196419877899
0.2924369747899159,0.04033613445378151,0.0002585196419877899
0.2924369747899159,0.041008403361344536,0.0002585196419877899
0.2924369747899159,0.041680672268907565,0.0002585196419877899
0.2924369747899159,0.04235294117647059,0.0002585196419877899
0.2924369747899159,0.043025210084033615,0.0002585196419877899
0.2924369747899159,0.043697478991596636,0.0002585196419877899
0.2924369747899159,0.044369747899159664,0.0002585196419877899
0.2924369747899159,0.04504201680672269,0.0002585196419877899
0.2924369747899159,0.04571428571428572,0.0002585196419877899
0.2924369747899159,0.046386554621848736,0.0002585196419877899
0.2924369747899159,0.047058823529411764,0.0002585196419877899
0.2924369747899159,0.04773109243697479,0.0002585196419877899
0.2924369747899159,0.04840336134453782,0.0002585196419877899
0.2924369747899159,0.049075630252100835,0.0002585196419877899
0.2924369747899159,0.049747899159663864,0.0002585196419877899
0.2924369747899159,0.05042016806722689,0.0002585196419877899
0.2924369747899159,0.05109243697478992,0.0002585196419877899
0.2924369747899159,0.05176470588235295,0.0002585196419877899
0.2924369747899159,0.05243697478991596,0.0002585196419877899
0.2924369747899159,0.05310924369747899,0.0002585196419877899
0.2924369747899159,0.05378151260504202,0.0002585196419877899
0.2924369747899159,0.05445378151260505,0.0002585196419877899
0.2924369747899159,0.05512605042016806,0.0002585196419877899
0.2924369747899159,0.05579831932773109,0.0002585196419877899
0.2924369747899159,0.05647058823529412,0.0002585196419877899
0.2924369747899159,0.05714285714285715,0.0002585196419877899
0.2924369747899159,0.05781512605042017,0.0002585196419877899
0.2924369747899159,0.05848739495798319,0.0002585196419877899
0.2924369747899159,0.05915966386554622,0.0002585196419877899
0.2924369747899159,0.05983193277310925,0.0002585196419877899
0.2924369747899159,0.060504201680672276,0.0002585196419877899
0.2924369747899159,0.06117647058823529,0.0002585196419877899
0.2924369747899159,0.06184873949579832,0.0002585196419877899
0.2924369747899159,0.06252100840336135,0.0002585196419877899
0.2924369747899159,0.06319327731092438,0.0002585196419877899
0.2924369747899159,0.06386554621848739,0.0002585196419877899
0.2924369747899159,0.06453781512605042,0.0002585196419877899
0.2924369747899159,0.06521008403361345,0.0002585196419877899
0.2924369747899159,0.06588235294117648,0.0002585196419877899
0.2924369747899159,0.0665546218487395,0.0002585196419877899
0.2924369747899159,0.06722689075630252,0.0002585196419877899
0.2924369747899159,0.06789915966386555,0.0002585196419877899
0.2924369747899159,0.06857142857142857,0.0002585196419877899
0.2924369747899159,0.0692436974789916,0.0002585196419877899
0.2924369747899159,0.06991596638655462,0.0002585196419877899
0.2924369747899159,0.07058823529411765,0.0002585196419877899
0.2924369747899159,0.07126050420168067,0.0002585196419877899
0.2924369747899159,0.0719327731092437,0.0002585196419877899
0.2924369747899159,0.07260504201680673,0.0002585196419877899
0.2924369747899159,0.07327731092436975,0.0002585196419877899
0.2924369747899159,0.07394957983193277,0.0002585196419877899
0.2924369747899159,0.0746218487394958,0.0002585196419877899
0.2924369747899159,0.07529411764705883,0.0002585196419877899
0.2924369747899159,0.07596638655462185,0.0002585196419877899
0.2924369747899159,0.07663865546218487,0.0002585196419877899
0.2924369747899159,0.0773109243697479,0.0002585196419877899
0.2924369747899159,0.07798319327731093,0.0002585196419877899
0.2924369747899159,0.07865546218487394,0.0002585196419877899
0.2924369747899159,0.07932773109243697,0.0002585196419877899
0.2924369747899159,0.07983193277310924,0.00025851964198779167
0.29495798319327726,0.0001680672268907563,0.0002585196419877899
0.29495798319327726,0.0006722689075630252,0.0002585196419877899
0.29495798319327726,0.0013445378151260505,0.0002585196419877899
0.29495798319327726,0.0020168067226890756,0.0002585196419877899
0.29495798319327726,0.002689075630252101,0.0002585196419877899
0.29495798319327726,0.0033613445378151263,0.0002585196419877899
0.29495798319327726,0.004033613445378151,0.0002585196419877899
0.29495798319327726,0.004705882352941176,0.0002585196419877899
0.29495798319327726,0.005378151260504202,0.0002585196419877899
0.29495798319327726,0.006050420168067228,0.0002585196419877899
0.29495798319327726,0.0067226890756302525,0.0002585196419877899
0.29495798319327726,0.007394957983193277,0.0002585196419877899
0.29495798319327726,0.008067226890756302,0.0002585196419877899
0.29495798319327726,0.008739495798319327,0.0002585196419877899
0.29495798319327726,0.009411764705882354,0.0002585196419877899
0.29495798319327726,0.010084033613445379,0.0002585196419877899
0.29495798319327726,0.010756302521008404,0.0002585196419877899
0.29495798319327726,0.011428571428571429,0.0002585196419877899
0.29495798319327726,0.012100840336134453,0.0002585196419877899
0.29495798319327726,0.01277310924369748,0.0002585196419877899
0.29495798319327726,0.013445378151260505,0.0002585196419877899
0.29495798319327726,0.01411764705882353,0.0002585196419877899
0.29495798319327726,0.014789915966386555,0.0002585196419877899
0.29495798319327726,0.01546218487394958,0.0002585196419877899
0.29495798319327726,0.016134453781512605,0.0002585196419877899
0.29495798319327726,0.01680672268907563,0.0002585196419877899
0.29495798319327726,0.017478991596638654,0.0002585196419877899
0.29495798319327726,0.018151260504201683,0.0002585196419877899
0.29495798319327726,0.018823529411764708,0.0002585196419877899
0.29495798319327726,0.019495798319327733,0.0002585196419877899
0.29495798319327726,0.020168067226890758,0.0002585196419877899
0.29495798319327726,0.020840336134453782,0.0002585196419877899
0.29495798319327726,0.021512605042016807,0.0002585196419877899
0.29495798319327726,0.022184873949579832,0.0002585196419877899
0.29495798319327726,0.022857142857142857,0.0002585196419877899
0.29495798319327726,0.023529411764705882,0.0002585196419877899
0.29495798319327726,0.024201680672268907,0.0002585196419877899
0.29495798319327726,0.024873949579831932,0.0002585196419877899
0.29495798319327726,0.02554621848739496,0.0002585196419877899
0.29495798319327726,0.026218487394957985,0.0002585196419877899
0.29495798319327726,0.02689075630252101,0.0002585196419877899
0.29495798319327726,0.027563025210084035,0.0002585196419877899
0.29495798319327726,0.02823529411764706,0.0002585196419877899
0.29495798319327726,0.028907563025210085,0.0002585196419877899
0.29495798319327726,0.02957983193277311,0.0002585196419877899
0.29495798319327726,0.030252100840336135,0.0002585196419877899
0.29495798319327726,0.03092436974789916,0.0002585196419877899
0.29495798319327726,0.03159663865546218,0.0002585196419877899
0.29495798319327726,0.03226890756302521,0.0002585196419877899
0.29495798319327726,0.03294117647058824,0.0002585196419877899
0.29495798319327726,0.033613445378151266,0.0002585196419877899
0.29495798319327726,0.03428571428571428,0.0002585196419877899
0.29495798319327726,0.03495798319327731,0.0002585196419877899
0.29495798319327726,0.03563025210084034,0.0002585196419877899
0.29495798319327726,0.036302521008403366,0.0002585196419877899
0.29495798319327726,0.036974789915966394,0.0002585196419877899
0.29495798319327726,0.03764705882352941,0.0002585196419877899
0.29495798319327726,0.03831932773109244,0.0002585196419877899
0.29495798319327726,0.038991596638655465,0.0002585196419877899
0.29495798319327726,0.039663865546218494,0.0002585196419877899
0.29495798319327726,0.04033613445378151,0.0002585196419877899
0.29495798319327726,0.041008403361344536,0.0002585196419877899
0.29495798319327726,0.041680672268907565,0.0002585196419877899
0.29495798319327726,0.04235294117647059,0.0002585196419877899
0.29495798319327726,0.043025210084033615,0.0002585196419877899
0.29495798319327726,0.043697478991596636,0.0002585196419877899
0.29495798319327726,0.044369747899159664,0.0002585196419877899
0.29495798319327726,0.04504201680672269,0.0002585196419877899
0.29495798319327726,0.04571428571428572,0.0002585196419877899
0.29495798319327726,0.046386554621848736,0.0002585196419877899
0.29495798319327726,0.047058823529411764,0.0002585196419877899
0.29495798319327726,0.04773109243697479,0.0002585196419877899
0.29495798319327726,0.04840336134453782,0.0002585196419877899
0.29495798319327726,0.049075630252100835,0.0002585196419877899
0.29495798319327726,0.049747899159663864,0.0002585196419877899
0.29495798319327726,0.05042016806722689,0.0002585196419877899
0.29495798319327726,0.05109243697478992,0.0002585196419877899
0.29495798319327726,0.05176470588235295,0.0002585196419877899
0.29495798319327726,0.05243697478991596,0.0002585196419877899
0.29495798319327726,0.05310924369747899,0.0002585196419877899
0.29495798319327726,0.05378151260504202,0.0002585196419877899
0.29495798319327726,0.05445378151260505,0.0002585196419877899
0.29495798319327726,0.05512605042016806,0.0002585196419877899
0.29495798319327726,0.05579831932773109,0.0002585196419877899
0.29495798319327726,0.05647058823529412,0.0002585196419877899
0.29495798319327726,0.05714285714285715,0.0002585196419877899
0.29495798319327726,0.05781512605042017,0.0002585196419877899
0.29495798319327726,0.05848739495798319,0.0002585196419877899
0.29495798319327726,0.05915966386554622,0.0002585196419877899
0.29495798319327726,0.05983193277310925,0.0002585196419877899
0.29495798319327726,0.060504201680672276,0.0002585196419877899
0.29495798319327726,0.06117647058823529,0.0002585196419877899
0.29495798319327726,0.06184873949579832,0.0002585196419877899
0.29495798319327726,0.06252100840336135,0.0002585196419877899
0.29495798319327726,0.06319327731092438,0.0002585196419877899
0.29495798319327726,0.06386554621848739,0.0002585196419877899
0.29495798319327726,0.06453781512605042,0.0002585196419877899
0.29495798319327726,0.06521008403361345,0.0002585196419877899
0.29495798319327726,0.06588235294117648,0.0002585196419877899
0.29495798319327726,0.0665546218487395,0.0002585196419877899
0.29495798319327726,0.06722689075630252,0.0002585196419877899
0.29495798319327726,0.06789915966386555,0.0002585196419877899
0.29495798319327726,0.06857142857142857,0.0002585196419877899
0.29495798319327726,0.0692436974789916,0.0002585196419877899
0.29495798319327726,0.06991596638655462,0.0002585196419877899
0.29495798319327726,0.07058823529411765,0.0002585196419877899
0.29495798319327726,0.07126050420168067,0.0002585196419877899
0.29495798319327726,0.0719327731092437,0.0002585196419877899
0.29495798319327726,0.07260504201680673,0.0002585196419877899
0.29495798319327726,0.07327731092436975,0.0002585196419877899
0.29495798319327726,0.07394957983193277,0.0002585196419877899
0.29495798319327726,0.0746218487394958,0.0002585196419877899
0.29495798319327726,0.07529411764705883,0.0002585196419877899
0.29495798319327726,0.07596638655462185,0.0002585196419877899
0.29495798319327726,0.07663865546218487,0.0002585196419877899
0.29495798319327726,0.0773109243697479,0.0002585196419877899
0.29495798319327726,0.07798319327731093,0.0002585196419877899
0.29495798319327726,0.07865546218487394,0.0002585196419877899
0.29495798319327726,0.07932773109243697,0.0002585196419877899
0.29495798319327726,0.07983193277310924,0.00025851964198779167
0.2974789915966386,0.0001680672268907563,0.0002585196419877899
0.2974789915966386,0.0006722689075630252,0.0002585196419877899
0.2974789915966386,0.0013445378151260505,0.0002585196419877899
0.2974789915966386,0.0020168067226890756,0.0002585196419877899
0.2974789915966386,0.002689075630252101,0.0002585196419877899
0.2974789915966386,0.0033613445378151263,0.0002585196419877899
0.2974789915966386,0.004033613445378151,0.0002585196419877899
0.2974789915966386,0.004705882352941176,0.0002585196419877899
0.2974789915966386,0.005378151260504202,0.0002585196419877899
0.2974789915966386,0.006050420168067228,0.0002585196419877899
0.2974789915966386,0.0067226890756302525,0.0002585196419877899
0.2974789915966386,0.007394957983193277,0.0002585196419877899
0.2974789915966386,0.008067226890756302,0.0002585196419877899
0.2974789915966386,0.008739495798319327,0.0002585196419877899
0.2974789915966386,0.009411764705882354,0.0002585196419877899
0.2974789915966386,0.010084033613445379,0.0002585196419877899
0.2974789915966386,0.010756302521008404,0.0002585196419877899
0.2974789915966386,0.011428571428571429,0.0002585196419877899
0.2974789915966386,0.012100840336134453,0.0002585196419877899
0.2974789915966386,0.01277310924369748,0.0002585196419877899
0.2974789915966386,0.013445378151260505,0.0002585196419877899
0.2974789915966386,0.01411764705882353,0.0002585196419877899
0.2974789915966386,0.014789915966386555,0.0002585196419877899
0.2974789915966386,0.01546218487394958,0.0002585196419877899
0.2974789915966386,0.016134453781512605,0.0002585196419877899
0.2974789915966386,0.01680672268907563,0.0002585196419877899
0.2974789915966386,0.017478991596638654,0.0002585196419877899
0.2974789915966386,0.018151260504201683,0.0002585196419877899
0.2974789915966386,0.018823529411764708,0.0002585196419877899
0.2974789915966386,0.019495798319327733,0.0002585196419877899
0.2974789915966386,0.020168067226890758,0.0002585196419877899
0.2974789915966386,0.020840336134453782,0.0002585196419877899
0.2974789915966386,0.021512605042016807,0.0002585196419877899
0.2974789915966386,0.022184873949579832,0.0002585196419877899
0.2974789915966386,0.022857142857142857,0.0002585196419877899
0.2974789915966386,0.023529411764705882,0.0002585196419877899
0.2974789915966386,0.024201680672268907,0.0002585196419877899
0.2974789915966386,0.024873949579831932,0.0002585196419877899
0.2974789915966386,0.02554621848739496,0.0002585196419877899
0.2974789915966386,0.026218487394957985,0.0002585196419877899
0.2974789915966386,0.02689075630252101,0.0002585196419877899
0.2974789915966386,0.027563025210084035,0.0002585196419877899
0.2974789915966386,0.02823529411764706,0.0002585196419877899
0.2974789915966386,0.028907563025210085,0.0002585196419877899
0.2974789915966386,0.02957983193277311,0.0002585196419877899
0.2974789915966386,0.030252100840336135,0.0002585196419877899
0.2974789915966386,0.03092436974789916,0.0002585196419877899
0.2974789915966386,0.03159663865546218,0.0002585196419877899
0.2974789915966386,0.03226890756302521,0.0002585196419877899
0.2974789915966386,0.03294117647058824,0.0002585196419877899
0.2974789915966386,0.033613445378151266,0.0002585196419877899
0.2974789915966386,0.03428571428571428,0.0002585196419877899
0.2974789915966386,0.03495798319327731,0.0002585196419877899
0.2974789915966386,0.03563025210084034,0.0002585196419877899
0.2974789915966386,0.036302521008403366,0.0002585196419877899
0.2974789915966386,0.036974789915966394,0.0002585196419877899
0.2974789915966386,0.03764705882352941,0.0002585196419877899
0.2974789915966386,0.03831932773109244,0.0002585196419877899
0.2974789915966386,0.038991596638655465,0.0002585196419877899
0.2974789915966386,0.039663865546218494,0.0002585196419877899
0.2974789915966386,0.04033613445378151,0.0002585196419877899
0.2974789915966386,0.041008403361344536,0.0002585196419877899
0.2974789915966386,0.041680672268907565,0.0002585196419877899
0.2974789915966386,0.04235294117647059,0.0002585196419877899
0.2974789915966386,0.043025210084033615,0.0002585196419877899
0.2974789915966386,0.043697478991596636,0.0002585196419877899
0.2974789915966386,0.044369747899159664,0.0002585196419877899
0.2974789915966386,0.04504201680672269,0.0002585196419877899
0.2974789915966386,0.04571428571428572,0.0002585196419877899
0.2974789915966386,0.046386554621848736,0.0002585196419877899
0.2974789915966386,0.047058823529411764,0.0002585196419877899
0.2974789915966386,0.04773109243697479,0.0002585196419877899
0.2974789915966386,0.04840336134453782,0.0002585196419877899
0.2974789915966386,0.049075630252100835,0.0002585196419877899
0.2974789915966386,0.049747899159663864,0.0002585196419877899
0.2974789915966386,0.05042016806722689,0.0002585196419877899
0.2974789915966386,0.05109243697478992,0.0002585196419877899
0.2974789915966386,0.05176470588235295,0.0002585196419877899
0.2974789915966386,0.05243697478991596,0.0002585196419877899
0.2974789915966386,0.05310924369747899,0.0002585196419877899
0.2974789915966386,0.05378151260504202,0.0002585196419877899
0.2974789915966386,0.05445378151260505,0.0002585196419877899
0.2974789915966386,0.05512605042016806,0.0002585196419877899
0.2974789915966386,0.05579831932773109,0.0002585196419877899
0.2974789915966386,0.05647058823529412,0.0002585196419877899
0.2974789915966386,0.05714285714285715,0.0002585196419877899
0.2974789915966386,0.05781512605042017,0.0002585196419877899
0.2974789915966386,0.05848739495798319,0.0002585196419877899
0.2974789915966386,0.05915966386554622,0.0002585196419877899
0.2974789915966386,0.05983193277310925,0.0002585196419877899
0.2974789915966386,0.060504201680672276,0.0002585196419877899
0.2974789915966386,0.06117647058823529,0.0002585196419877899
0.2974789915966386,0.06184873949579832,0.0002585196419877899
0.2974789915966386,0.06252100840336135,0.0002585196419877899
0.2974789915966386,0.06319327731092438,0.0002585196419877899
0.2974789915966386,0.06386554621848739,0.0002585196419877899
0.2974789915966386,0.06453781512605042,0.0002585196419877899
0.2974789915966386,0.06521008403361345,0.0002585196419877899
0.2974789915966386,0.06588235294117648,0.0002585196419877899
0.2974789915966386,0.0665546218487395,0.0002585196419877899
0.2974789915966386,0.06722689075630252,0.0002585196419877899
0.2974789915966386,0.06789915966386555,0.0002585196419877899
0.2974789915966386,0.06857142857142857,0.0002585196419877899
0.2974789915966386,0.0692436974789916,0.0002585196419877899
0.2974789915966386,0.06991596638655462,0.0002585196419877899
0.2974789915966386,0.07058823529411765,0.0002585196419877899
0.2974789915966386,0.07126050420168067,0.0002585196419877899
0.2974789915966386,0.0719327731092437,0.0002585196419877899
0.2974789915966386,0.07260504201680673,0.0002585196419877899
0.2974789915966386,0.07327731092436975,0.0002585196419877899
0.2974789915966386,0.07394957983193277,0.0002585196419877899
0.2974789915966386,0.0746218487394958,0.0002585196419877899
0.2974789915966386,0.07529411764705883,0.0002585196419877899
0.2974789915966386,0.07596638655462185,0.0002585196419877899
0.2974789915966386,0.07663865546218487,0.0002585196419877899
0.2974789915966386,0.0773109243697479,0.0002585196419877899
0.2974789915966386,0.07798319327731093,0.0002585196419877899
0.2974789915966386,0.07865546218487394,0.0002585196419877899
0.2974789915966386,0.07932773109243697,0.0002585196419877899
0.2974789915966386,0.07983193277310924,0.00025851964198779167
0.2993697478991596,0.0001680672268907563,0.00025851964198779167
0.2993697478991596,0.0006722689075630252,0.00025851964198779167
0.2993697478991596,0.0013445378151260505,0.00025851964198779167
0.2993697478991596,0.0020168067226890756,0.00025851964198779167
0.2993697478991596,0.002689075630252101,0.00025851964198779167
0.2993697478991596,0.0033613445378151263,0.00025851964198779167
0.2993697478991596,0.004033613445378151,0.00025851964198779167
0.2993697478991596,0.004705882352941176,0.00025851964198779167
0.2993697478991596,0.005378151260504202,0.00025851964198779167
0.2993697478991596,0.006050420168067228,0.00025851964198779167
0.2993697478991596,0.0067226890756302525,0.00025851964198779167
0.2993697478991596,0.007394957983193277,0.00025851964198779167
0.2993697478991596,0.008067226890756302,0.00025851964198779167
0.2993697478991596,0.008739495798319327,0.00025851964198779167
0.2993697478991596,0.009411764705882354,0.00025851964198779167
0.2993697478991596,0.010084033613445379,0.00025851964198779167
0.2993697478991596,0.010756302521008404,0.00025851964198779167
0.2993697478991596,0.011428571428571429,0.00025851964198779167
0.2993697478991596,0.012100840336134453,0.00025851964198779167
0.2993697478991596,0.01277310924369748,0.00025851964198779167
0.2993697478991596,0.013445378151260505,0.00025851964198779167
0.2993697478991596,0.01411764705882353,0.00025851964198779167
0.2993697478991596,0.014789915966386555,0.00025851964198779167
0.2993697478991596,0.01546218487394958,0.00025851964198779167
0.2993697478991596,0.016134453781512605,0.00025851964198779167
0.2993697478991596,0.01680672268907563,0.00025851964198779167
0.2993697478991596,0.017478991596638654,0.00025851964198779167
0.2993697478991596,0.018151260504201683,0.00025851964198779167
0.2993697478991596,0.018823529411764708,0.00025851964198779167
0.2993697478991596,0.019495798319327733,0.00025851964198779167
0.2993697478991596,0.020168067226890758,0.00025851964198779167
0.2993697478991596,0.020840336134453782,0.00025851964198779167
0.2993697478991596,0.021512605042016807,0.00025851964198779167
0.2993697478991596,0.022184873949579832,0.00025851964198779167
0.2993697478991596,0.022857142857142857,0.00025851964198779167
0.2993697478991596,0.023529411764705882,0.00025851964198779167
0.2993697478991596,0.024201680672268907,0.00025851964198779167
0.2993697478991596,0.024873949579831932,0.00025851964198779167
0.2993697478991596,0.02554621848739496,0.00025851964198779167
0.2993697478991596,0.026218487394957985,0.00025851964198779167
0.2993697478991596,0.02689075630252101,0.00025851964198779167
0.2993697478991596,0.027563025210084035,0.00025851964198779167
0.2993697478991596,0.02823529411764706,0.00025851964198779167
0.2993697478991596,0.028907563025210085,0.00025851964198779167
0.2993697478991596,0.02957983193277311,0.00025851964198779167
0.2993697478991596,0.030252100840336135,0.00025851964198779167
0.2993697478991596,0.03092436974789916,0.00025851964198779167
0.2993697478991596,0.03159663865546218,0.00025851964198779167
0.2993697478991596,0.03226890756302521,0.00025851964198779167
0.2993697478991596,0.03294117647058824,0.00025851964198779167
0.2993697478991596,0.033613445378151266,0.00025851964198779167
0.2993697478991596,0.03428571428571428,0.00025851964198779167
0.2993697478991596,0.03495798319327731,0.00025851964198779167
0.2993697478991596,0.03563025210084034,0.00025851964198779167
0.2993697478991596,0.036302521008403366,0.00025851964198779167
0.2993697478991596,0.036974789915966394,0.00025851964198779167
0.2993697478991596,0.03764705882352941,0.00025851964198779167
0.2993697478991596,0.03831932773109244,0.00025851964198779167
0.2993697478991596,0.038991596638655465,0.00025851964198779167
0.2993697478991596,0.039663865546218494,0.00025851964198779167
0.2993697478991596,0.04033613445378151,0.00025851964198779167
0.2993697478991596,0.041008403361344536,0.00025851964198779167
0.2993697478991596,0.041680672268907565,0.00025851964198779167
0.2993697478991596,0.04235294117647059,0.00025851964198779167
0.2993697478991596,0.043025210084033615,0.00025851964198779167
0.2993697478991596,0.043697478991596636,0.00025851964198779167
0.2993697478991596,0.044369747899159664,0.00025851964198779167
0.2993697478991596,0.04504201680672269,0.00025851964198779167
0.2993697478991596,0.04571428571428572,0.00025851964198779167
0.2993697478991596,0.046386554621848736,0.00025851964198779167
0.2993697478991596,0.047058823529411764,0.00025851964198779167
0.2993697478991596,0.04773109243697479,0.00025851964198779167
0.2993697478991596,0.04840336134453782,0.00025851964198779167
0.2993697478991596,0.049075630252100835,0.00025851964198779167
0.2993697478991596,0.049747899159663864,0.00025851964198779167
0.2993697478991596,0.05042016806722689,0.00025851964198779167
0.2993697478991596,0.05109243697478992,0.00025851964198779167
0.2993697478991596,0.05176470588235295,0.00025851964198779167
0.2993697478991596,0.05243697478991596,0.00025851964198779167
0.2993697478991596,0.05310924369747899,0.00025851964198779167
0.2993697478991596,0.05378151260504202,0.00025851964198779167
0.2993697478991596,0.05445378151260505,0.00025851964198779167
0.2993697478991596,0.05512605042016806,0.00025851964198779167
0.2993697478991596,0.05579831932773109,0.00025851964198779167
0.2993697478991596,0.05647058823529412,0.00025851964198779167
0.2993697478991596,0.05714285714285715,0.00025851964198779167
0.2993697478991596,0.05781512605042017,0.00025851964198779167
0.2993697478991596,0.05848739495798319,0.00025851964198779167
0.2993697478991596,0.05915966386554622,0.00025851964198779167
0.2993697478991596,0.05983193277310925,0.00025851964198779167
0.2993697478991596,0.060504201680672276,0.00025851964198779167
0.2993697478991596,0.06117647058823529,0.00025851964198779167
0.2993697478991596,0.06184873949579832,0.00025851964198779167
0.2993697478991596,0.06252100840336135,0.00025851964198779167
0.2993697478991596,0.06319327731092438,0.00025851964198779167
0.2993697478991596,0.06386554621848739,0.00025851964198779167
0.2993697478991596,0.06453781512605042,0.00025851964198779167
0.2993697478991596,0.06521008403361345,0.00025851964198779167
0.2993697478991596,0.06588235294117648,0.00025851964198779167
0.2993697478991596,0.0665546218487395,0.00025851964198779167
0.2993697478991596,0.06722689075630252,0.00025851964198779167
0.2993697478991596,0.06789915966386555,0.00025851964198779167
0.2993697478991596,0.06857142857142857,0.00025851964198779167
0.2993697478991596,0.0692436974789916,0.00025851964198779167
0.2993697478991596,0.06991596638655462,0.00025851964198779167
0.2993697478991596,0.07058823529411765,0.00025851964198779167
0.2993697478991596,0.07126050420168067,0.00025851964198779167
0.2993697478991596,0.0719327731092437,0.00025851964198779167
0.2993697478991596,0.07260504201680673,0.00025851964198779167
0.2993697478991596,0.07327731092436975,0.00025851964198779167
0.2993697478991596,0.07394957983193277,0.00025851964198779167
0.2993697478991596,0.0746218487394958,0.00025851964198779167
0.2993697478991596,0.07529411764705883,0.00025851964198779167
0.2993697478991596,0.07596638655462185,0.00025851964198779167
0.2993697478991596,0.07663865546218487,0.00025851964198779167
0.2993697478991596,0.0773109243697479,0.00025851964198779167
0.2993697478991596,0.07798319327731093,0.00025851964198779167
0.2993697478991596,0.07865546218487394,0.00025851964198779167
0.2993697478991596,0.07932773109243697,0.00025851964198779167
0.2993697478991596,0.07983193277310924,0.00025851964198779167
