z_cm,r_cm,T_vert_HeV
0.0,0.0,1.5935511891053176
0.0,0.0008163265306122449,1.5935511891053176
0.0,0.0024489795918367346,1.5935511891053176
0.0,0.004081632653061225,1.5934981178766163
0.0,0.005714285714285714,1.5934024486472003
0.0,0.007346938775510205,1.5932654566436495
0.0,0.008979591836734694,1.593087304310369
0.0,0.010612244897959183,1.5928677748771183
0.0,0.012244897959183675,1.59260643954326
0.0,0.013877551020408163,1.5923027107628112
0.0,0.015510204081632655,1.5919558614857887
0.0,0.017142857142857144,1.591565031345022
0.0,0.018775510204081632,1.5911292267470813
0.0,0.020408163265306124,1.5906473175446383
0.0,0.022040816326530613,1.5901180314156433
0.0,0.0236734693877551,1.589539946431273
0.0,0.025306122448979593,1.5889114819938543
0.0,0.026938775510204082,1.5882308881666252
0.0,0.028571428571428574,1.5874962333193097
0.0,0.030204081632653063,1.5867053899421513
0.0,0.03183673469387755,1.58585601841939
0.0,0.03346938775510204,1.5849455484920674
0.0,0.035102040816326535,1.5839711580735976
0.0,0.03673469387755102,1.5829297490052197
0.0,0.03836734693877551,1.581817919247928
0.0,0.04,1.5806319308979582
0.0,0.04163265306122449,1.579367673278667
0.0,0.043265306122448985,1.5780206201953424
0.0,0.044897959183673466,1.5765857802314884
0.0,0.04653061224489796,1.575057638702595
0.0,0.04816326530612245,1.573430089548923
0.0,0.04979591836734694,1.5716963550185576
0.0,0.051428571428571435,1.569848890433024
0.0,0.053061224489795916,1.5678792705943214
0.0,0.05469387755102041,1.565778053419912
0.0,0.0563265306122449,1.563534615089829
0.0,0.05795918367346939,1.561136949227001
0.0,0.059591836734693884,1.5585714202191914
0.0,0.061224489795918366,1.5558224574522377
0.0,0.06285714285714286,1.552872172550182
0.0,0.06448979591836734,1.5496998750944473
0.0,0.06612244897959184,1.5462814527875586
0.0,0.06775510204081633,1.5425885681953206
0.0,0.06938775510204082,1.5385876037829764
0.0,0.07102040816326531,1.5342382563437789
0.0,0.0726530612244898,1.529491635221458
0.0,0.07428571428571429,1.524287646163874
0.0,0.07591836734693877,1.5185513275175944
0.0,0.07755102040816327,1.5121876184813454
0.0,0.07918367346938776,1.5050737271380268
0.0,0.08,1.4979694598773394
0.003061224489795918,0.0,1.5935511891053176
0.003061224489795918,0.0008163265306122449,1.5784877539918758
0.003061224489795918,0.0024489795918367346,1.5784581629144383
0.003061224489795918,0.004081632653061225,1.5783752266021205
0.003061224489795918,0.005714285714285714,1.5782454885419475
0.003061224489795918,0.007346938775510205,1.5780697395178105
0.003061224489795918,0.008979591836734694,1.5778479345406096
0.003061224489795918,0.010612244897959183,1.5775796948760885
0.003061224489795918,0.012244897959183675,1.5772644307073835
0.003061224489795918,0.013877551020408163,1.5769013812429058
0.003061224489795918,0.015510204081632655,1.5764896284910672
0.003061224489795918,0.017142857142857144,1.5760281002765786
0.003061224489795918,0.018775510204081632,1.575515567860968
0.003061224489795918,0.020408163265306124,1.5749506402752644
0.003061224489795918,0.022040816326530613,1.574331756246111
0.003061224489795918,0.0236734693877551,1.573657174067018
0.003061224489795918,0.025306122448979593,1.572924959506207
0.003061224489795918,0.026938775510204082,1.5721329716945625
0.003061224489795918,0.028571428571428574,1.5712788468373622
0.003061224489795918,0.030204081632653063,1.5703599795125425
0.003061224489795918,0.03183673469387755,1.569373501241473
0.003061224489795918,0.03346938775510204,1.5683162559367165
0.003061224489795918,0.035102040816326535,1.567184771738682
0.003061224489795918,0.03673469387755102,1.5659752286437274
0.003061224489795918,0.03836734693877551,1.5646834211940677
0.003061224489795918,0.04,1.5633047153376118
0.003061224489795918,0.04163265306122449,1.5618339983645044
0.003061224489795918,0.043265306122448985,1.5602656205748369
0.003061224489795918,0.044897959183673466,1.558593327012875
0.003061224489795918,0.04653061224489796,1.5568101771958138
0.003061224489795918,0.04816326530612245,1.5549084502401451
0.003061224489795918,0.04979591836734694,1.5528795321056372
0.003061224489795918,0.051428571428571435,1.5507137807789815
0.003061224489795918,0.053061224489795916,1.5484003640264496
0.003061224489795918,0.05469387755102041,1.5459270627436323
0.003061224489795918,0.0563265306122449,1.5432800307566357
0.003061224489795918,0.05795918367346939,1.5404434989443956
0.003061224489795918,0.059591836734693884,1.5373994074040884
0.003061224489795918,0.061224489795918366,1.534126943544862
0.003061224489795918,0.06285714285714286,1.5306019556710169
0.003061224489795918,0.06448979591836734,1.5267961995737762
0.003061224489795918,0.06612244897959184,1.5226763579603986
0.003061224489795918,0.06775510204081633,1.5182027461232832
0.003061224489795918,0.06938775510204082,1.5133275770463468
0.003061224489795918,0.07102040816326531,1.5079925967222607
0.003061224489795918,0.0726530612244898,1.5021258013035816
0.003061224489795918,0.07428571428571429,1.4956367861008704
0.003061224489795918,0.07591836734693877,1.4884100050519276
0.003061224489795918,0.07755102040816327,1.4802947473283705
0.003061224489795918,0.07918367346938776,1.4698950355940008
0.003061224489795918,0.08,1.4979694598773394
0.009183673469387754,0.0,1.563424318878434
0.009183673469387754,0.0008163265306122449,1.547430582775899
0.009183673469387754,0.0024489795918367346,1.547394785717772
0.009183673469387754,0.004081632653061225,1.5472944515066454
0.009183673469387754,0.005714285714285714,1.547137485065041
0.009183673469387754,0.007346938775510205,1.5469248265751574
0.009183673469387754,0.008979591836734694,1.5466563992790021
0.009183673469387754,0.010612244897959183,1.5463317164391988
0.009183673469387754,0.012244897959183675,1.5459500292821853
0.009183673469387754,0.013877551020408163,1.5455103749692647
0.009183673469387754,0.015510204081632655,1.5450115925983232
0.009183673469387754,0.017142857142857144,1.5444523260667666
0.009183673469387754,0.018775510204081632,1.5438310202706824
0.009183673469387754,0.020408163265306124,1.5431459131758865
0.009183673469387754,0.022040816326530613,1.5423950248101985
0.009183673469387754,0.0236734693877551,1.5415761435828863
0.009183673469387754,0.025306122448979593,1.5406868100191216
0.009183673469387754,0.026938775510204082,1.5397242978143961
0.009183673469387754,0.028571428571428574,1.5386855919882838
0.009183673469387754,0.030204081632653063,1.537567363813284
0.009183673469387754,0.03183673469387755,1.536365942094519
0.009183673469387754,0.03346938775510204,1.5350772802689292
0.009183673469387754,0.035102040816326535,1.5336969186703882
0.009183673469387754,0.03673469387755102,1.5322199411627184
0.009183673469387754,0.03836734693877551,1.5306409251685853
0.009183673469387754,0.04,1.528953883910035
0.009183673469387754,0.04163265306122449,1.527152199415469
0.009183673469387754,0.043265306122448985,1.5252285445246268
0.009183673469387754,0.044897959183673466,1.5231747917201384
0.009183673469387754,0.04653061224489796,1.5209819061082932
0.009183673469387754,0.04816326530612245,1.5186398192319364
0.009183673469387754,0.04979591836734694,1.5161372795833694
0.009183673469387754,0.051428571428571435,1.5134616746384673
0.009183673469387754,0.053061224489795916,1.5105988178781877
0.009183673469387754,0.05469387755102041,1.5075326924948322
0.009183673469387754,0.0563265306122449,1.5042451411521323
0.009183673469387754,0.05795918367346939,1.5007154880776519
0.009183673469387754,0.059591836734693884,1.4969200756284327
0.009183673469387754,0.061224489795918366,1.4928316918831006
0.009183673469387754,0.06285714285714286,1.4884188581991369
0.009183673469387754,0.06448979591836734,1.4836449351985583
0.009183673469387754,0.06612244897959184,1.4784669910867123
0.009183673469387754,0.06775510204081633,1.4728343557497254
0.009183673469387754,0.06938775510204082,1.4666867549650826
0.009183673469387754,0.07102040816326531,1.459951877040288
0.009183673469387754,0.0726530612244898,1.452542162496694
0.009183673469387754,0.07428571428571429,1.4443505148740787
0.009183673469387754,0.07591836734693877,1.4352444880102673
0.009183673469387754,0.07755102040816327,1.4250582764699289
0.009183673469387754,0.07918367346938776,1.4107025771041575
0.009183673469387754,0.08,1.42962350960804
0.015306122448979591,0.0,1.5314368466733639
0.015306122448979591,0.0008163265306122449,1.5142938269167052
0.015306122448979591,0.0024489795918367346,1.5142516499248933
0.015306122448979591,0.004081632653061225,1.5141334322700406
0.015306122448979591,0.005714285714285714,1.5139484843313165
0.015306122448979591,0.007346938775510205,1.5136979089933758
0.015306122448979591,0.008979591836734694,1.5133816092314614
0.015306122448979591,0.010612244897959183,1.5129990030049143
0.015306122448979591,0.012244897959183675,1.512549197287158
0.015306122448979591,0.013877551020408163,1.512031044253483
0.015306122448979591,0.015510204081632655,1.5114431597440339
0.015306122448979591,0.017142857142857144,1.5107839261868212
0.015306122448979591,0.018775510204081632,1.5100514876104412
0.015306122448979591,0.020408163265306124,1.5092437397375331
0.015306122448979591,0.022040816326530613,1.5083583164022132
0.015306122448979591,0.0236734693877551,1.507392572780992
0.015306122448979591,0.025306122448979593,1.5063435655571709
0.015306122448979591,0.026938775510204082,1.5052080299296078
0.015306122448979591,0.028571428571428574,1.5039823532363419
0.015306122448979591,0.030204081632653063,1.5026625448502076
0.015306122448979591,0.03183673469387755,1.5012442018960142
0.015306122448979591,0.03346938775510204,1.4997224702245306
0.015306122448979591,0.035102040816326535,1.4980919999486564
0.015306122448979591,0.03673469387755102,1.4963468946942993
0.015306122448979591,0.03836734693877551,1.4944806535355564
0.015306122448979591,0.04,1.4924861043631745
0.015306122448979591,0.04163265306122449,1.4903553271685257
0.015306122448979591,0.043265306122448985,1.4880795654025394
0.015306122448979591,0.044897959183673466,1.4856491231783486
0.015306122448979591,0.04653061224489796,1.4830532456132373
0.015306122448979591,0.04816326530612245,1.4802799790313876
0.015306122448979591,0.04979591836734694,1.4773160070504858
0.015306122448979591,0.051428571428571435,1.4741464577219856
0.015306122448979591,0.053061224489795916,1.4707546758475478
0.015306122448979591,0.05469387755102041,1.467121953302029
0.015306122448979591,0.0563265306122449,1.4632272085915372
0.015306122448979591,0.05795918367346939,1.4590466048810482
0.015306122448979591,0.059591836734693884,1.4545530932368995
0.015306122448979591,0.061224489795918366,1.4497158647188209
0.015306122448979591,0.06285714285714286,1.4444996910739334
0.015306122448979591,0.06448979591836734,1.4388641289629125
0.015306122448979591,0.06612244897959184,1.432762556717574
0.015306122448979591,0.06775510204081633,1.4261410054663852
0.015306122448979591,0.06938775510204082,1.4189367380939955
0.015306122448979591,0.07102040816326531,1.4110765203116113
0.015306122448979591,0.0726530612244898,1.4024745193121626
0.015306122448979591,0.07428571428571429,1.3930297600265091
0.015306122448979591,0.07591836734693877,1.382623073542411
0.015306122448979591,0.07755102040816327,1.3711135012161242
0.015306122448979591,0.07918367346938776,1.3553366643911888
0.015306122448979591,0.08,1.3738427529996904
0.02142857142857143,0.0,1.4971508071600468
0.02142857142857143,0.0008163265306122449,1.4785518192405736
0.02142857142857143,0.0024489795918367346,1.4785030596174014
0.02142857142857143,0.004081632653061225,1.4783663938521765
0.02142857142857143,0.005714285714285714,1.4781525921266236
0.02142857142857143,0.007346938775510205,1.4778629402465482
0.02142857142857143,0.008979591836734694,1.4774973407297465
0.02142857142857143,0.010612244897959183,1.4770551391592806
0.02142857142857143,0.012244897959183675,1.4765353252734201
0.02142857142857143,0.013877551020408163,1.475936597806196
0.02142857142857143,0.015510204081632655,1.4752573856867428
0.02142857142857143,0.017142857142857144,1.474495851237988
0.02142857142857143,0.018775510204081632,1.4736498841939625
0.02142857142857143,0.020408163265306124,1.4727170899990294
0.02142857142857143,0.022040816326530613,1.4716947738405706
0.02142857142857143,0.0236734693877551,1.470579921006905
0.02142857142857143,0.025306122448979593,1.4693691737499022
0.02142857142857143,0.026938775510204082,1.4680588046084413
0.02142857142857143,0.028571428571428574,1.4666446860087055
0.02142857142857143,0.030204081632653063,1.465122255851942
0.02142857142857143,0.03183673469387755,1.4634864787047956
0.02142857142857143,0.03346938775510204,1.4617318021062637
0.02142857142857143,0.035102040816326535,1.4598521073873465
0.02142857142857143,0.03673469387755102,1.4578406542545752
0.02142857142857143,0.03836734693877551,1.4556900182068875
0.02142857142857143,0.04,1.4533920196268322
0.02142857142857143,0.04163265306122449,1.450937643101491
0.02142857142857143,0.043265306122448985,1.4483169451754352
0.02142857142857143,0.044897959183673466,1.4455189483069995
0.02142857142857143,0.04653061224489796,1.4425315182791965
0.02142857142857143,0.04816326530612245,1.4393412216951127
0.02142857142857143,0.04979591836734694,1.4359331594480125
0.02142857142857143,0.051428571428571435,1.432290771174485
0.02142857142857143,0.053061224489795916,1.428395604638231
0.02142857142857143,0.05469387755102041,1.42422704269771
0.02142857142857143,0.0563265306122449,1.419761978902238
0.02142857142857143,0.05795918367346939,1.4149744307199912
0.02142857142857143,0.059591836734693884,1.4098350767525387
0.02142857142857143,0.061224489795918366,1.4043107007682583
0.02142857142857143,0.06285714285714286,1.3983635205785516
0.02142857142857143,0.06448979591836734,1.3919503730309337
0.02142857142857143,0.06612244897959184,1.3850217166432972
0.02142857142857143,0.06775510204081633,1.3775203989182068
0.02142857142857143,0.06938775510204082,1.3693801132675372
0.02142857142857143,0.07102040816326531,1.3605234358647824
0.02142857142857143,0.0726530612244898,1.3508592772037162
0.02142857142857143,0.07428571428571429,1.3402794917549397
0.02142857142857143,0.07591836734693877,1.32865423443535
0.02142857142857143,0.07755102040816327,1.3158253815465766
0.02142857142857143,0.07918367346938776,1.2983971511662658
0.02142857142857143,0.08,1.3173761227199083
0.027551020408163263,0.0,1.4599528313211
0.027551020408163263,0.0008163265306122449,1.4394796739616829
0.027551020408163263,0.0024489795918367346,1.4394239263122928
0.027551020408163263,0.004081632653061225,1.4392676814292673
0.027551020408163263,0.005714285714285714,1.4390232733658226
0.027551020408163263,0.007346938775510205,1.4386922041798842
0.027551020408163263,0.008979591836734694,1.438274406081946
0.027551020408163263,0.010612244897959183,1.4377691864210174
0.027551020408163263,0.012244897959183675,1.4371754578867642
0.027551020408163263,0.013877551020408163,1.4364918129542823
0.027551020408163263,0.015510204081632655,1.435716548397721
0.027551020408163263,0.017142857142857144,1.4348476691367742
0.027551020408163263,0.018775510204081632,1.4338828814487632
0.027551020408163263,0.020408163265306124,1.4328195794581093
0.027551020408163263,0.022040816326530613,1.4316548265219433
0.027551020408163263,0.0236734693877551,1.4303853321612037
0.027551020408163263,0.025306122448979593,1.429007424737516
0.027551020408163263,0.026938775510204082,1.4275170198541445
0.027551020408163263,0.028571428571428574,1.4259095843452814
0.027551020408163263,0.030204081632653063,1.4241800956580053
0.027551020408163263,0.03183673469387755,1.4223229963969075
0.027551020408163263,0.03346938775510204,1.4203321437732535
0.027551020408163263,0.035102040816326535,1.4182007536608963
0.027551020408163263,0.03673469387755102,1.4159213388900467
0.027551020408163263,0.03836734693877551,1.4134856412834262
0.027551020408163263,0.04,1.4108845567287651
0.027551020408163263,0.04163265306122449,1.4081080522551817
0.027551020408163263,0.043265306122448985,1.4051450736064373
0.027551020408163263,0.044897959183673466,1.401983441153241
0.027551020408163263,0.04653061224489796,1.3986097311404124
0.027551020408163263,0.04816326530612245,1.3950091382140601
0.027551020408163263,0.04979591836734694,1.3911653139149287
0.027551020408163263,0.051428571428571435,1.3870601743407878
0.027551020408163263,0.053061224489795916,1.3826736684224956
0.027551020408163263,0.05469387755102041,1.3779834961220292
0.027551020408163263,0.0563265306122449,1.3729647631839872
0.027551020408163263,0.05795918367346939,1.3675895556302333
0.027551020408163263,0.059591836734693884,1.3618264126772583
0.027551020408163263,0.061224489795918366,1.35563967074907
0.027551020408163263,0.06285714285714286,1.3489886431001805
0.027551020408163263,0.06448979591836734,1.341826588175881
0.027551020408163263,0.06612244897959184,1.33409940334904
0.027551020408163263,0.06775510204081633,1.3257439557301345
0.027551020408163263,0.06938775510204082,1.316685922249043
0.027551020408163263,0.07102040816326531,1.3068369460274747
0.027551020408163263,0.0726530612244898,1.2960908051260043
0.027551020408163263,0.07428571428571429,1.2843180983916107
0.027551020408163263,0.07591836734693877,1.271358627654331
0.027551020408163263,0.07755102040816327,1.2570100913729911
0.027551020408163263,0.07918367346938776,1.237557135153747
0.027551020408163263,0.08,1.2580359203250628
0.0336734693877551,0.0,1.4190065166022658
0.0336734693877551,0.0008163265306122449,1.396036313300728
0.0336734693877551,0.0024489795918367346,1.3959726187264474
0.0336734693877551,0.004081632653061225,1.3957941135500784
0.0336734693877551,0.005714285714285714,1.395514925633929
0.0336734693877551,0.007346938775510205,1.3951368274533194
0.0336734693877551,0.008979591836734694,1.3946598195284554
0.0336734693877551,0.010612244897959183,1.3940832115614352
0.0336734693877551,0.012244897959183675,1.3934058872778619
0.0336734693877551,0.013877551020408163,1.3926263915413006
0.0336734693877551,0.015510204081632655,1.3917429605077647
0.0336734693877551,0.017142857142857144,1.39075352808803
0.0336734693877551,0.018775510204081632,1.3896557199789183
0.0336734693877551,0.020408163265306124,1.3884468394928005
0.0336734693877551,0.022040816326530613,1.3871238467565934
0.0336734693877551,0.0236734693877551,1.3856833317121393
0.0336734693877551,0.025306122448979593,1.384121480819402
0.0336734693877551,0.026938775510204082,1.3824340371181936
0.0336734693877551,0.028571428571428574,1.3806162532210133
0.0336734693877551,0.030204081632653063,1.3786628368440055
0.0336734693877551,0.03183673469387755,1.3765678886202528
0.0336734693877551,0.03346938775510204,1.3743248321736008
0.0336734693877551,0.035102040816326535,1.3719263367512615
0.0336734693877551,0.03673469387755102,1.36936423309212
0.0336734693877551,0.03836734693877551,1.366629423588545
0.0336734693877551,0.04,1.3637117880853011
0.0336734693877551,0.04163265306122449,1.3606000867048385
0.0336734693877551,0.043265306122448985,1.357281860707265
0.0336734693877551,0.044897959183673466,1.3537433313901683
0.0336734693877551,0.04653061224489796,1.3499692952725122
0.0336734693877551,0.04816326530612245,1.345943011303856
0.0336734693877551,0.04979591836734694,1.3416460728039032
0.0336734693877551,0.051428571428571435,1.337058253543972
0.0336734693877551,0.053061224489795916,1.3321573138859166
0.0336734693877551,0.05469387755102041,1.3269187488193255
0.0336734693877551,0.0563265306122449,1.321315454336121
0.0336734693877551,0.05795918367346939,1.3153172809334142
0.0336734693877551,0.059591836734693884,1.3088904322037545
0.0336734693877551,0.061224489795918366,1.3019966515928558
0.0336734693877551,0.06285714285714286,1.2945921207891127
0.0336734693877551,0.06448979591836734,1.2866259685092225
0.0336734693877551,0.06612244897959184,1.2780382588352501
0.0336734693877551,0.06775510204081633,1.268757294281047
0.0336734693877551,0.06938775510204082,1.2586960294777143
0.0336734693877551,0.07102040816326531,1.2477473355452693
0.0336734693877551,0.0726530612244898,1.2357777196125173
0.0336734693877551,0.07428571428571429,1.2226186290402359
0.0336734693877551,0.07591836734693877,1.2080535687248544
0.0336734693877551,0.07755102040816327,1.191797913818845
0.0336734693877551,0.07918367346938776,1.169578359196723
0.0336734693877551,0.08,1.193272194080879
0.03979591836734694,0.0,1.3730661099991903
0.03979591836734694,0.0008163265306122449,1.3465876437279298
0.03979591836734694,0.0024489795918367346,1.3465137484685121
0.03979591836734694,0.004081632653061225,1.3463066671221733
0.03979591836734694,0.005714285714285714,1.3459828234503228
0.03979591836734694,0.007346938775510205,1.345544329450003
0.03979591836734694,0.008979591836734694,1.3449912674211417
0.03979591836734694,0.010612244897959183,1.344322949603125
0.03979591836734694,0.012244897959183675,1.3435382323039957
0.03979591836734694,0.013877551020408163,1.3426356252209528
0.03979591836734694,0.015510204081632655,1.3416133359056217
0.03979591836734694,0.017142857142857144,1.340469287731494
0.03979591836734694,0.018775510204081632,1.3392011240556183
0.03979591836734694,0.020408163265306124,1.337806202922046
0.03979591836734694,0.022040816326530613,1.336281583328014
0.03979591836734694,0.0236734693877551,1.3346240024518536
0.03979591836734694,0.025306122448979593,1.3328298422753495
0.03979591836734694,0.026938775510204082,1.3308950833666797
0.03979591836734694,0.028571428571428574,1.3288152431224796
0.03979591836734694,0.030204081632653063,1.326585295518076
0.03979591836734694,0.03183673469387755,1.3241995694780913
0.03979591836734694,0.03346938775510204,1.3216516235084694
0.03979591836734694,0.035102040816326535,1.3189340954211732
0.03979591836734694,0.03673469387755102,1.3160385280397073
0.03979591836734694,0.03836734693877551,1.3129551748414279
0.03979591836734694,0.04,1.309672793521813
0.03979591836734694,0.04163265306122449,1.306178439999332
0.03979591836734694,0.043265306122448985,1.302457279281096
0.03979591836734694,0.044897959183673466,1.2984924309008796
0.03979591836734694,0.04653061224489796,1.2942648629180005
0.03979591836734694,0.04816326530612245,1.2897533385862265
0.03979591836734694,0.04979591836734694,1.2849344064239154
0.03979591836734694,0.051428571428571435,1.279782413787068
0.03979591836734694,0.053061224489795916,1.2742695205152499
0.03979591836734694,0.05469387755102041,1.2683656906284035
0.03979591836734694,0.0563265306122449,1.2620386397885104
0.03979591836734694,0.05795918367346939,1.2552537070780674
0.03979591836734694,0.059591836734693884,1.247973594140012
0.03979591836734694,0.061224489795918366,1.2401578631950434
0.03979591836734694,0.06285714285714286,1.2317619938516366
0.03979591836734694,0.06448979591836734,1.222735647889371
0.03979591836734694,0.06612244897959184,1.213019561871977
0.03979591836734694,0.06775510204081633,1.2025401825329576
0.03979591836734694,0.06938775510204082,1.191200899331615
0.03979591836734694,0.07102040816326531,1.1788692323107999
0.03979591836734694,0.0726530612244898,1.1653631130534192
0.03979591836734694,0.07428571428571429,1.15043706797512
0.03979591836734694,0.07591836734693877,1.1337602792144525
0.03979591836734694,0.07755102040816327,1.1148754881115919
0.03979591836734694,0.07918367346938776,1.087855549711762
0.03979591836734694,0.08,1.118627591178476
0.04591836734693877,0.0,1.3201091774566696
0.04591836734693877,0.0008163265306122449,1.2883261804492094
0.04591836734693877,0.0024489795918367346,1.2882369817862016
0.04591836734693877,0.004081632653061225,1.2879869852147874
0.04591836734693877,0.005714285714285714,1.2875959401109462
0.04591836734693877,0.007346938775510205,1.2870662899389917
0.04591836734693877,0.008979591836734694,1.2863980061127953
0.04591836734693877,0.010612244897959183,1.2855901210587872
0.04591836734693877,0.012244897959183675,1.284641124425854
0.04591836734693877,0.013877551020408163,1.2835491172370663
0.04591836734693877,0.015510204081632655,1.2823118937702385
0.04591836734693877,0.017142857142857144,1.280926998359985
0.04591836734693877,0.018775510204081632,1.2793917732577982
0.04591836734693877,0.020408163265306124,1.277703403361035
0.04591836734693877,0.022040816326530613,1.2758589590861658
0.04591836734693877,0.0236734693877551,1.2738554357948972
0.04591836734693877,0.025306122448979593,1.2716897855641922
0.04591836734693877,0.026938775510204082,1.2693589341143972
0.04591836734693877,0.028571428571428574,1.2668597720726313
0.04591836734693877,0.030204081632653063,1.264189105348419
0.04591836734693877,0.03183673469387755,1.2613435443840135
0.04591836734693877,0.03346938775510204,1.2583193069806362
0.04591836734693877,0.035102040816326535,1.2551119055640583
0.04591836734693877,0.03673469387755102,1.2517156895049926
0.04591836734693877,0.03836734693877551,1.2481232203340613
0.04591836734693877,0.04,1.2443244778947098
0.04591836734693877,0.04163265306122449,1.2403059346080028
0.04591836734693877,0.043265306122448985,1.2360495947183496
0.04591836734693877,0.044897959183673466,1.2315321613862278
0.04591836734693877,0.04653061224489796,1.22672452132845
0.04591836734693877,0.04816326530612245,1.2215916606091124
0.04591836734693877,0.04979591836734694,1.216092951037517
0.04591836734693877,0.051428571428571435,1.2101826094045365
0.04591836734693877,0.053061224489795916,1.2038101531392613
0.04591836734693877,0.05469387755102041,1.1969208178689357
0.04591836734693877,0.0563265306122449,1.1894560675507815
0.04591836734693877,0.05795918367346939,1.1813544865545813
0.04591836734693877,0.059591836734693884,1.1725535199346393
0.04591836734693877,0.061224489795918366,1.1629927493093002
0.04591836734693877,0.06285714285714286,1.1526196311958317
0.04591836734693877,0.06448979591836734,1.1413986676638472
0.04591836734693877,0.06612244897959184,1.1293239668923418
0.04591836734693877,0.06775510204081633,1.1164299205550043
0.04591836734693877,0.06938775510204082,1.1027715571801533
0.04591836734693877,0.07102040816326531,1.0882760292982652
0.04591836734693877,0.0726530612244898,1.072620076437447
0.04591836734693877,0.07428571428571429,1.0552959762057772
0.04591836734693877,0.07591836734693877,1.0356367318401147
0.04591836734693877,0.07755102040816327,1.0126811905734008
0.04591836734693877,0.07918367346938776,0.9622120528011491
0.04591836734693877,0.08,1.0231658782431081
0.05204081632653061,0.0,1.2565431834417493
0.05204081632653061,0.0008163265306122449,1.2157915317793795
0.05204081632653061,0.0024489795918367346,1.215675945302054
0.05204081632653061,0.004081632653061225,1.2153517625437968
0.05204081632653061,0.005714285714285714,1.2148439576170138
0.05204081632653061,0.007346938775510205,1.214154757056391
0.05204081632653061,0.008979591836734694,1.213282857167092
0.05204081632653061,0.010612244897959183,1.2122254084902149
0.05204081632653061,0.012244897959183675,1.2109785302819374
0.05204081632653061,0.013877551020408163,1.2095375181625245
0.05204081632653061,0.015510204081632655,1.2078969700416762
0.05204081632653061,0.017142857142857144,1.2060508984219966
0.05204081632653061,0.018775510204081632,1.2039928593602167
0.05204081632653061,0.020408163265306124,1.2017161180318656
0.05204081632653061,0.022040816326530613,1.199213868621106
0.05204081632653061,0.0236734693877551,1.1964795266073627
0.05204081632653061,0.025306122448979593,1.1935071120506902
0.05204081632653061,0.026938775510204082,1.1902917411785103
0.05204081632653061,0.028571428571428574,1.1868302376637034
0.05204081632653061,0.030204081632653063,1.1831218599927982
0.05204081632653061,0.03183673469387755,1.1791691101385382
0.05204081632653061,0.03346938775510204,1.1749785307536162
0.05204081632653061,0.035102040816326535,1.1705612993643753
0.05204081632653061,0.03673469387755102,1.1659332752860632
0.05204081632653061,0.03836734693877551,1.1611139498026612
0.05204081632653061,0.04,1.1561235466197433
0.05204081632653061,0.04163265306122449,1.150977501815869
0.05204081632653061,0.043265306122448985,1.1456781273611187
0.05204081632653061,0.044897959183673466,1.140204914516773
0.05204081632653061,0.04653061224489796,1.1345071810240919
0.05204081632653061,0.04816326530612245,1.1285027736334277
0.05204081632653061,0.04979591836734694,1.1220821952242814
0.05204081632653061,0.051428571428571435,1.115113085846092
0.05204081632653061,0.053061224489795916,1.1074403519225213
0.05204081632653061,0.05469387755102041,1.0988799174243413
0.05204081632653061,0.0563265306122449,1.089204912483785
0.05204081632653061,0.05795918367346939,1.0781214913660009
0.05204081632653061,0.059591836734693884,1.065227269453184
0.05204081632653061,0.061224489795918366,1.0499357125711057
0.05204081632653061,0.06285714285714286,1.0313242224221397
0.05204081632653061,0.06448979591836734,1.0077825716552782
0.05204081632653061,0.06612244897959184,0.9760091624146775
0.05204081632653061,0.06775510204081633,0.9268265061219424
0.05204081632653061,0.06938775510204082,0.8475044086246666
0.05204081632653061,0.07102040816326531,0.7621953901869869
0.05204081632653061,0.0726530612244898,0.6969405283830478
0.05204081632653061,0.07428571428571429,0.6422433908403197
0.05204081632653061,0.07591836734693877,0.5922978228710655
0.05204081632653061,0.07755102040816327,0.5472994357106905
0.05204081632653061,0.07918367346938776,0.47084317409742255
0.05204081632653061,0.08,0.8252127960904853
0.058163265306122446,0.0,1.1750398801170097
0.058163265306122446,0.0008163265306122449,1.1153295615946706
0.058163265306122446,0.0024489795918367346,1.1151655396690083
0.058163265306122446,0.004081632653061225,1.1147045507479623
0.058163265306122446,0.005714285714285714,1.1139794003949488
0.058163265306122446,0.007346938775510205,1.1129891073904326
0.058163265306122446,0.008979591836734694,1.1117259803281117
0.058163265306122446,0.010612244897959183,1.110178162796528
0.058163265306122446,0.012244897959183675,1.108329991964974
0.058163265306122446,0.013877551020408163,1.1061617992977169
0.058163265306122446,0.015510204081632655,1.103649442641067
0.058163265306122446,0.017142857142857144,1.1007636254800395
0.058163265306122446,0.018775510204081632,1.0974689917618494
0.058163265306122446,0.020408163265306124,1.0937229520488405
0.058163265306122446,0.022040816326530613,1.0894741699657247
0.058163265306122446,0.0236734693877551,1.0846606074180491
0.058163265306122446,0.025306122448979593,1.0792069878407844
0.058163265306122446,0.026938775510204082,1.073021485281606
0.058163265306122446,0.028571428571428574,1.0659913826186005
0.058163265306122446,0.030204081632653063,1.0579773728766193
0.058163265306122446,0.03183673469387755,1.0488061395589865
0.058163265306122446,0.03346938775510204,1.038260960869158
0.058163265306122446,0.035102040816326535,1.0260706698452138
0.058163265306122446,0.03673469387755102,1.0118992490282315
0.058163265306122446,0.03836734693877551,0.9953437685505118
0.058163265306122446,0.04,0.9759612839256624
0.058163265306122446,0.04163265306122449,0.9533671113914775
0.058163265306122446,0.043265306122448985,0.9274469740370382
0.058163265306122446,0.044897959183673466,0.898597280827236
0.058163265306122446,0.04653061224489796,0.8676849644995299
0.058163265306122446,0.04816326530612245,0.8356136037365971
0.058163265306122446,0.04979591836734694,0.8029393746969775
0.058163265306122446,0.051428571428571435,0.7698725335129883
0.058163265306122446,0.053061224489795916,0.7364584237339546
0.058163265306122446,0.05469387755102041,0.7027018118110598
0.058163265306122446,0.0563265306122449,0.668614123680594
0.058163265306122446,0.05795918367346939,0.6342219327124902
0.058163265306122446,0.059591836734693884,0.5995492992530876
0.058163265306122446,0.061224489795918366,0.5645712786685958
0.058163265306122446,0.06285714285714286,0.5290889913474416
0.058163265306122446,0.06448979591836734,0.49237290601095407
0.058163265306122446,0.06612244897959184,0.45208826663506707
0.058163265306122446,0.06775510204081633,0.3999751244361379
0.058163265306122446,0.06938775510204082,0.32349954275971227
0.058163265306122446,0.07102040816326531,0.2448965449228295
0.058163265306122446,0.0726530612244898,0.1879162697412219
0.058163265306122446,0.07428571428571429,0.14254461034110716
0.058163265306122446,0.07591836734693877,0.1033057064935335
0.058163265306122446,0.07755102040816327,0.07104444677026932
0.058163265306122446,0.07918367346938776,0.029965882549743004
0.058163265306122446,0.08,0.0058699087762465706
0.06428571428571428,0.0,1.0556192430723315
0.06428571428571428,0.0008163265306122449,0.6614921033149787
0.06428571428571428,0.0024489795918367346,0.6610163791788344
0.06428571428571428,0.004081632653061225,0.6596841477421673
0.06428571428571428,0.005714285714285714,0.6576036670400474
0.06428571428571428,0.007346938775510205,0.6547924276203075
0.06428571428571428,0.008979591836734694,0.6512562268386713
0.06428571428571428,0.010612244897959183,0.6469972889546103
0.06428571428571428,0.012244897959183675,0.6420162982294993
0.06428571428571428,0.013877551020408163,0.6363131021428655
0.06428571428571428,0.015510204081632655,0.6298869714907547
0.06428571428571428,0.017142857142857144,0.6227366438294384
0.06428571428571428,0.018775510204081632,0.6148602012860653
0.06428571428571428,0.020408163265306124,0.60625476417549
0.06428571428571428,0.022040816326530613,0.5969159362871732
0.06428571428571428,0.0236734693877551,0.5868368910384363
0.06428571428571428,0.025306122448979593,0.5760069281651229
0.06428571428571428,0.026938775510204082,0.5644092498714777
0.06428571428571428,0.028571428571428574,0.5520175969167018
0.06428571428571428,0.030204081632653063,0.5387912486152515
0.06428571428571428,0.03183673469387755,0.5246677485653412
0.06428571428571428,0.03346938775510204,0.5095526659683492
0.06428571428571428,0.035102040816326535,0.4933060497330738
0.06428571428571428,0.03673469387755102,0.4757268528919765
0.06428571428571428,0.03836734693877551,0.4565416849550362
0.06428571428571428,0.04,0.4354170834713823
0.06428571428571428,0.04163265306122449,0.41203744334284975
0.06428571428571428,0.043265306122448985,0.38629522171203523
0.06428571428571428,0.044897959183673466,0.3585206356159258
0.06428571428571428,0.04653061224489796,0.3294596522720641
0.06428571428571428,0.04816326530612245,0.2998863057456994
0.06428571428571428,0.04979591836734694,0.2702647452208976
0.06428571428571428,0.051428571428571435,0.24077304240231984
0.06428571428571428,0.053061224489795916,0.21148662339259322
0.06428571428571428,0.05469387755102041,0.1825003496315131
0.06428571428571428,0.0563265306122449,0.15397974706280954
0.06428571428571428,0.05795918367346939,0.1261862779763649
0.06428571428571428,0.059591836734693884,0.09949654675536072
0.06428571428571428,0.061224489795918366,0.07442995640954539
0.06428571428571428,0.06285714285714286,0.051678889207258216
0.06428571428571428,0.06448979591836734,0.032112305996528624
0.06428571428571428,0.06612244897959184,0.016718922846216226
0.06428571428571428,0.06775510204081633,0.006486000780987463
0.06428571428571428,0.06938775510204082,0.0017141771572151598
0.06428571428571428,0.07102040816326531,0.0004862698246041561
0.06428571428571428,0.0726530612244898,0.0002948184807075229
0.06428571428571428,0.07428571428571429,0.00026312212306992314
0.06428571428571428,0.07591836734693877,0.00025891749066123994
0.06428571428571428,0.07755102040816327,0.00025854166508939436
0.06428571428571428,0.07918367346938776,0.0002585204447526294
0.06428571428571428,0.08,0.000258519641987804
0.07040816326530612,0.0,0.2673649635576258
0.07040816326530612,0.0008163265306122449,0.13381283333575758
0.07040816326530612,0.0024489795918367346,0.13343482694432082
0.07040816326530612,0.004081632653061225,0.13237754232635818
0.07040816326530612,0.005714285714285714,0.1307305401209533
0.07040816326530612,0.007346938775510205,0.12851323429099706
0.07040816326530612,0.008979591836734694,0.1257379080448926
0.07040816326530612,0.010612244897959183,0.122416421320986
0.07040816326530612,0.012244897959183675,0.11856217465031299
0.07040816326530612,0.013877551020408163,0.11419112639775944
0.07040816326530612,0.015510204081632655,0.10932259189972772
0.07040816326530612,0.017142857142857144,0.10398003677534486
0.07040816326530612,0.018775510204081632,0.09819194789592864
0.07040816326530612,0.020408163265306124,0.09199282390395366
0.07040816326530612,0.022040816326530613,0.08542430878042324
0.07040816326530612,0.0236734693877551,0.07853647799660327
0.07040816326530612,0.025306122448979593,0.07138926898583857
0.07040816326530612,0.026938775510204082,0.06405401957515666
0.07040816326530612,0.028571428571428574,0.056615031428446594
0.07040816326530612,0.030204081632653063,0.04917099754911522
0.07040816326530612,0.03183673469387755,0.041836002563960244
0.07040816326530612,0.03346938775510204,0.03473959097420178
0.07040816326530612,0.035102040816326535,0.028025064705428007
0.07040816326530612,0.03673469387755102,0.021844694161742045
0.07040816326530612,0.03836734693877551,0.016349967048205353
0.07040816326530612,0.04,0.011674705376795295
0.07040816326530612,0.04163265306122449,0.00790997417747567
0.07040816326530612,0.043265306122448985,0.0050746284896345095
0.07040816326530612,0.044897959183673466,0.003095763834746154
0.07040816326530612,0.04653061224489796,0.0018199724337525966
0.07040816326530612,0.04816326530612245,0.0010583175534559636
0.07040816326530612,0.04979591836734694,0.0006363108284647447
0.07040816326530612,0.051428571428571435,0.0004203321669427966
0.07040816326530612,0.053061224489795916,0.0003198196687420758
0.07040816326530612,0.05469387755102041,0.0002784488536437943
0.07040816326530612,0.0563265306122449,0.0002639049871848059
0.07040816326530612,0.05795918367346939,0.0002596843374275666
0.07040816326530612,0.059591836734693884,0.0002587102974866631
0.07040816326530612,0.061224489795918366,0.0002585412867254938
0.07040816326530612,0.06285714285714286,0.00025852112592719565
0.07040816326530612,0.06448979591836734,0.0002585196907239003
0.07040816326530612,0.06612244897959184,0.0002585196424890633
0.07040816326530612,0.06775510204081633,0.00025851964198845407
0.07040816326530612,0.06938775510204082,0.00025851964198778826
0.07040816326530612,0.07102040816326531,0.00025851964198778826
0.07040816326530612,0.0726530612244898,0.00025851964198778826
0.07040816326530612,0.07428571428571429,0.00025851964198778826
0.07040816326530612,0.07591836734693877,0.00025851964198778826
0.07040816326530612,0.07755102040816327,0.00025851964198778793
0.07040816326530612,0.07918367346938776,0.0002585196419877899
0.07040816326530612,0.08,0.0002585196419877922
0.07653061224489796,0.0,0.00026070311388940375
0.07653061224489796,0.0008163265306122449,0.000259611377938596
0.07653061224489796,0.0024489795918367346,0.00025958692660368746
0.07653061224489796,0.004081632653061225,0.00025952094039034796
0.07653061224489796,0.005714285714285714,0.0002594252496780643
0.07653061224489796,0.007346938775510205,0.0002593091371732734
0.07653061224489796,0.008979591836734694,0.0002591823599475315
0.07653061224489796,0.010612244897959183,0.0002590544123337405
0.07653061224489796,0.012244897959183675,0.0002589335753816433
0.07653061224489796,0.013877551020408163,0.0002588261554338663
0.07653061224489796,0.015510204081632655,0.0002587360616854638
0.07653061224489796,0.017142857142857144,0.0002586647690704535
0.07653061224489796,0.018775510204081632,0.0002586116309902486
0.07653061224489796,0.020408163265306124,0.0002585744423016139
0.07653061224489796,0.022040816326530613,0.000258550115838458
0.07653061224489796,0.0236734693877551,0.0002585353318895671
0.07653061224489796,0.025306122448979593,0.00025852704829819784
0.07653061224489796,0.026938775510204082,0.0002585228096861652
0.07653061224489796,0.028571428571428574,0.0002585208521702307
0.07653061224489796,0.030204081632653063,0.00025852004788336745
0.07653061224489796,0.03183673469387755,0.0002585197590205874
0.07653061224489796,0.03346938775510204,0.0002585196702640411
0.07653061224489796,0.035102040816326535,0.00025851964753736544
0.07653061224489796,0.03673469387755102,0.00025851964284002846
0.07653061224489796,0.03836734693877551,0.0002585196420857782
0.07653061224489796,0.04,0.0002585196419958186
0.07653061224489796,0.04163265306122449,0.00025851964198823495
0.07653061224489796,0.043265306122448985,0.0002585196419878045
0.07653061224489796,0.044897959183673466,0.00025851964198778864
0.07653061224489796,0.04653061224489796,0.00025851964198778826
0.07653061224489796,0.04816326530612245,0.00025851964198778826
0.07653061224489796,0.04979591836734694,0.00025851964198778826
0.07653061224489796,0.051428571428571435,0.00025851964198778826
0.07653061224489796,0.053061224489795916,0.00025851964198778826
0.07653061224489796,0.05469387755102041,0.00025851964198778826
0.07653061224489796,0.0563265306122449,0.00025851964198778826
0.07653061224489796,0.05795918367346939,0.00025851964198778826
0.07653061224489796,0.059591836734693884,0.00025851964198778826
0.07653061224489796,0.061224489795918366,0.00025851964198778826
0.07653061224489796,0.06285714285714286,0.00025851964198778826
0.07653061224489796,0.06448979591836734,0.00025851964198778826
0.07653061224489796,0.06612244897959184,0.00025851964198778826
0.07653061224489796,0.06775510204081633,0.00025851964198778826
0.07653061224489796,0.06938775510204082,0.00025851964198778826
0.07653061224489796,0.07102040816326531,0.00025851964198778826
0.07653061224489796,0.0726530612244898,0.00025851964198778826
0.07653061224489796,0.07428571428571429,0.00025851964198778826
0.07653061224489796,0.07591836734693877,0.00025851964198778826
0.07653061224489796,0.07755102040816327,0.00025851964198778826
0.07653061224489796,0.07918367346938776,0.0002585196419877902
0.07653061224489796,0.08,0.0002585196419877922
0.08265306122448979,0.0,0.00025851964198778826
0.08265306122448979,0.0008163265306122449,0.00025851964198778826
0.08265306122448979,0.0024489795918367346,0.00025851964198778826
0.08265306122448979,0.004081632653061225,0.00025851964198778826
0.08265306122448979,0.005714285714285714,0.00025851964198778826
0.08265306122448979,0.007346938775510205,0.00025851964198778826
0.08265306122448979,0.008979591836734694,0.00025851964198778826
0.08265306122448979,0.010612244897959183,0.00025851964198778826
0.08265306122448979,0.012244897959183675,0.00025851964198778826
0.08265306122448979,0.013877551020408163,0.00025851964198778826
0.08265306122448979,0.015510204081632655,0.00025851964198778826
0.08265306122448979,0.017142857142857144,0.00025851964198778826
0.08265306122448979,0.018775510204081632,0.00025851964198778826
0.08265306122448979,0.020408163265306124,0.00025851964198778826
0.08265306122448979,0.022040816326530613,0.00025851964198778826
0.08265306122448979,0.0236734693877551,0.00025851964198778826
0.08265306122448979,0.025306122448979593,0.00025851964198778826
0.08265306122448979,0.026938775510204082,0.00025851964198778826
0.08265306122448979,0.028571428571428574,0.00025851964198778826
0.08265306122448979,0.030204081632653063,0.00025851964198778826
0.08265306122448979,0.03183673469387755,0.00025851964198778826
0.08265306122448979,0.03346938775510204,0.00025851964198778826
0.08265306122448979,0.035102040816326535,0.00025851964198778826
0.08265306122448979,0.03673469387755102,0.00025851964198778826
0.08265306122448979,0.03836734693877551,0.00025851964198778826
0.08265306122448979,0.04,0.00025851964198778826
0.08265306122448979,0.04163265306122449,0.00025851964198778826
0.08265306122448979,0.043265306122448985,0.00025851964198778826
0.08265306122448979,0.044897959183673466,0.00025851964198778826
0.08265306122448979,0.04653061224489796,0.00025851964198778826
0.08265306122448979,0.04816326530612245,0.00025851964198778826
0.08265306122448979,0.04979591836734694,0.00025851964198778826
0.08265306122448979,0.051428571428571435,0.00025851964198778826
0.08265306122448979,0.053061224489795916,0.00025851964198778826
0.08265306122448979,0.05469387755102041,0.00025851964198778826
0.08265306122448979,0.0563265306122449,0.00025851964198778826
0.08265306122448979,0.05795918367346939,0.00025851964198778826
0.08265306122448979,0.059591836734693884,0.00025851964198778826
0.08265306122448979,0.061224489795918366,0.00025851964198778826
0.08265306122448979,0.06285714285714286,0.00025851964198778826
0.08265306122448979,0.06448979591836734,0.00025851964198778826
0.08265306122448979,0.06612244897959184,0.00025851964198778826
0.08265306122448979,0.06775510204081633,0.00025851964198778826
0.08265306122448979,0.06938775510204082,0.00025851964198778826
0.08265306122448979,0.07102040816326531,0.00025851964198778826
0.08265306122448979,0.0726530612244898,0.00025851964198778826
0.08265306122448979,0.07428571428571429,0.00025851964198778826
0.08265306122448979,0.07591836734693877,0.00025851964198778826
0.08265306122448979,0.07755102040816327,0.00025851964198778826
0.08265306122448979,0.07918367346938776,0.0002585196419877902
0.08265306122448979,0.08,0.0002585196419877922
0.08877551020408163,0.0,0.00025851964198778826
0.08877551020408163,0.0008163265306122449,0.00025851964198778826
0.08877551020408163,0.0024489795918367346,0.00025851964198778826
0.08877551020408163,0.004081632653061225,0.00025851964198778826
0.08877551020408163,0.005714285714285714,0.00025851964198778826
0.08877551020408163,0.007346938775510205,0.00025851964198778826
0.08877551020408163,0.008979591836734694,0.00025851964198778826
0.08877551020408163,0.010612244897959183,0.00025851964198778826
0.08877551020408163,0.012244897959183675,0.00025851964198778826
0.08877551020408163,0.013877551020408163,0.00025851964198778826
0.08877551020408163,0.015510204081632655,0.00025851964198778826
0.08877551020408163,0.017142857142857144,0.00025851964198778826
0.08877551020408163,0.018775510204081632,0.00025851964198778826
0.08877551020408163,0.020408163265306124,0.00025851964198778826
0.08877551020408163,0.022040816326530613,0.00025851964198778826
0.08877551020408163,0.0236734693877551,0.00025851964198778826
0.08877551020408163,0.025306122448979593,0.00025851964198778826
0.08877551020408163,0.026938775510204082,0.00025851964198778826
0.08877551020408163,0.028571428571428574,0.00025851964198778826
0.08877551020408163,0.030204081632653063,0.00025851964198778826
0.08877551020408163,0.03183673469387755,0.00025851964198778826
0.08877551020408163,0.03346938775510204,0.00025851964198778826
0.08877551020408163,0.035102040816326535,0.00025851964198778826
0.08877551020408163,0.03673469387755102,0.00025851964198778826
0.08877551020408163,0.03836734693877551,0.00025851964198778826
0.08877551020408163,0.04,0.00025851964198778826
0.08877551020408163,0.04163265306122449,0.00025851964198778826
0.08877551020408163,0.043265306122448985,0.00025851964198778826
0.08877551020408163,0.044897959183673466,0.00025851964198778826
0.08877551020408163,0.04653061224489796,0.00025851964198778826
0.08877551020408163,0.04816326530612245,0.00025851964198778826
0.08877551020408163,0.04979591836734694,0.00025851964198778826
0.08877551020408163,0.051428571428571435,0.00025851964198778826
0.08877551020408163,0.053061224489795916,0.00025851964198778826
0.08877551020408163,0.05469387755102041,0.00025851964198778826
0.08877551020408163,0.0563265306122449,0.00025851964198778826
0.08877551020408163,0.05795918367346939,0.00025851964198778826
0.08877551020408163,0.059591836734693884,0.00025851964198778826
0.08877551020408163,0.061224489795918366,0.00025851964198778826
0.08877551020408163,0.06285714285714286,0.00025851964198778826
0.08877551020408163,0.06448979591836734,0.00025851964198778826
0.08877551020408163,0.06612244897959184,0.00025851964198778826
0.08877551020408163,0.06775510204081633,0.00025851964198778826
0.08877551020408163,0.06938775510204082,0.00025851964198778826
0.08877551020408163,0.07102040816326531,0.00025851964198778826
0.08877551020408163,0.0726530612244898,0.00025851964198778826
0.08877551020408163,0.07428571428571429,0.00025851964198778826
0.08877551020408163,0.07591836734693877,0.00025851964198778826
0.08877551020408163,0.07755102040816327,0.00025851964198778793
0.08877551020408163,0.07918367346938776,0.0002585196419877899
0.08877551020408163,0.08,0.0002585196419877922
0.09489795918367347,0.0,0.00025851964198778826
0.09489795918367347,0.0008163265306122449,0.00025851964198778826
0.09489795918367347,0.0024489795918367346,0.00025851964198778826
0.09489795918367347,0.004081632653061225,0.00025851964198778826
0.09489795918367347,0.005714285714285714,0.00025851964198778826
0.09489795918367347,0.007346938775510205,0.00025851964198778826
0.09489795918367347,0.008979591836734694,0.00025851964198778826
0.09489795918367347,0.010612244897959183,0.00025851964198778826
0.09489795918367347,0.012244897959183675,0.00025851964198778826
0.09489795918367347,0.013877551020408163,0.00025851964198778826
0.09489795918367347,0.015510204081632655,0.00025851964198778826
0.09489795918367347,0.017142857142857144,0.00025851964198778826
0.09489795918367347,0.018775510204081632,0.00025851964198778826
0.09489795918367347,0.020408163265306124,0.00025851964198778826
0.09489795918367347,0.022040816326530613,0.00025851964198778826
0.09489795918367347,0.0236734693877551,0.00025851964198778826
0.09489795918367347,0.025306122448979593,0.00025851964198778826
0.09489795918367347,0.026938775510204082,0.00025851964198778826
0.09489795918367347,0.028571428571428574,0.00025851964198778826
0.09489795918367347,0.030204081632653063,0.00025851964198778826
0.09489795918367347,0.03183673469387755,0.00025851964198778826
0.09489795918367347,0.03346938775510204,0.00025851964198778826
0.09489795918367347,0.035102040816326535,0.00025851964198778826
0.09489795918367347,0.03673469387755102,0.00025851964198778826
0.09489795918367347,0.03836734693877551,0.00025851964198778826
0.09489795918367347,0.04,0.00025851964198778826
0.09489795918367347,0.04163265306122449,0.00025851964198778826
0.09489795918367347,0.043265306122448985,0.00025851964198778826
0.09489795918367347,0.044897959183673466,0.00025851964198778826
0.09489795918367347,0.04653061224489796,0.00025851964198778826
0.09489795918367347,0.04816326530612245,0.00025851964198778826
0.09489795918367347,0.04979591836734694,0.00025851964198778826
0.09489795918367347,0.051428571428571435,0.00025851964198778826
0.09489795918367347,0.053061224489795916,0.00025851964198778826
0.09489795918367347,0.05469387755102041,0.00025851964198778826
0.09489795918367347,0.0563265306122449,0.00025851964198778826
0.09489795918367347,0.05795918367346939,0.00025851964198778826
0.09489795918367347,0.059591836734693884,0.00025851964198778826
0.09489795918367347,0.061224489795918366,0.00025851964198778826
0.09489795918367347,0.06285714285714286,0.00025851964198778826
0.09489795918367347,0.06448979591836734,0.00025851964198778826
0.09489795918367347,0.06612244897959184,0.00025851964198778826
0.09489795918367347,0.06775510204081633,0.00025851964198778826
0.09489795918367347,0.06938775510204082,0.00025851964198778826
0.09489795918367347,0.07102040816326531,0.00025851964198778826
0.09489795918367347,0.0726530612244898,0.00025851964198778826
0.09489795918367347,0.07428571428571429,0.00025851964198778826
0.09489795918367347,0.07591836734693877,0.00025851964198778826
0.09489795918367347,0.07755102040816327,0.0002585196419877876
0.09489795918367347,0.07918367346938776,0.0002585196419877896
0.09489795918367347,0.08,0.0002585196419877922
0.1010204081632653,0.0,0.00025851964198778826
0.1010204081632653,0.0008163265306122449,0.00025851964198778826
0.1010204081632653,0.0024489795918367346,0.00025851964198778826
0.1010204081632653,0.004081632653061225,0.00025851964198778826
0.1010204081632653,0.005714285714285714,0.00025851964198778826
0.1010204081632653,0.007346938775510205,0.00025851964198778826
0.1010204081632653,0.008979591836734694,0.00025851964198778826
0.1010204081632653,0.010612244897959183,0.00025851964198778826
0.1010204081632653,0.012244897959183675,0.00025851964198778826
0.1010204081632653,0.013877551020408163,0.00025851964198778826
0.1010204081632653,0.015510204081632655,0.00025851964198778826
0.1010204081632653,0.017142857142857144,0.00025851964198778826
0.1010204081632653,0.018775510204081632,0.00025851964198778826
0.1010204081632653,0.020408163265306124,0.00025851964198778826
0.1010204081632653,0.022040816326530613,0.00025851964198778826
0.1010204081632653,0.0236734693877551,0.00025851964198778826
0.1010204081632653,0.025306122448979593,0.00025851964198778826
0.1010204081632653,0.026938775510204082,0.00025851964198778826
0.1010204081632653,0.028571428571428574,0.00025851964198778826
0.1010204081632653,0.030204081632653063,0.00025851964198778826
0.1010204081632653,0.03183673469387755,0.00025851964198778826
0.1010204081632653,0.03346938775510204,0.00025851964198778826
0.1010204081632653,0.035102040816326535,0.00025851964198778826
0.1010204081632653,0.03673469387755102,0.00025851964198778826
0.1010204081632653,0.03836734693877551,0.00025851964198778826
0.1010204081632653,0.04,0.00025851964198778826
0.1010204081632653,0.04163265306122449,0.00025851964198778826
0.1010204081632653,0.043265306122448985,0.00025851964198778826
0.1010204081632653,0.044897959183673466,0.00025851964198778826
0.1010204081632653,0.04653061224489796,0.00025851964198778826
0.1010204081632653,0.04816326530612245,0.00025851964198778826
0.1010204081632653,0.04979591836734694,0.00025851964198778826
0.1010204081632653,0.051428571428571435,0.00025851964198778826
0.1010204081632653,0.053061224489795916,0.00025851964198778826
0.1010204081632653,0.05469387755102041,0.00025851964198778826
0.1010204081632653,0.0563265306122449,0.00025851964198778826
0.1010204081632653,0.05795918367346939,0.00025851964198778826
0.1010204081632653,0.059591836734693884,0.00025851964198778826
0.1010204081632653,0.061224489795918366,0.00025851964198778826
0.1010204081632653,0.06285714285714286,0.00025851964198778826
0.1010204081632653,0.06448979591836734,0.00025851964198778826
0.1010204081632653,0.06612244897959184,0.00025851964198778826
0.1010204081632653,0.06775510204081633,0.00025851964198778826
0.1010204081632653,0.06938775510204082,0.00025851964198778826
0.1010204081632653,0.07102040816326531,0.00025851964198778826
0.1010204081632653,0.0726530612244898,0.00025851964198778826
0.1010204081632653,0.07428571428571429,0.00025851964198778826
0.1010204081632653,0.07591836734693877,0.00025851964198778826
0.1010204081632653,0.07755102040816327,0.00025851964198778793
0.1010204081632653,0.07918367346938776,0.0002585196419877899
0.1010204081632653,0.08,0.0002585196419877922
0.10714285714285714,0.0,0.00025851964198778826
0.10714285714285714,0.0008163265306122449,0.00025851964198778826
0.10714285714285714,0.0024489795918367346,0.00025851964198778826
0.10714285714285714,0.004081632653061225,0.00025851964198778826
0.10714285714285714,0.005714285714285714,0.00025851964198778826
0.10714285714285714,0.007346938775510205,0.00025851964198778826
0.10714285714285714,0.008979591836734694,0.00025851964198778826
0.10714285714285714,0.010612244897959183,0.00025851964198778826
0.10714285714285714,0.012244897959183675,0.00025851964198778826
0.10714285714285714,0.013877551020408163,0.00025851964198778826
0.10714285714285714,0.015510204081632655,0.00025851964198778826
0.10714285714285714,0.017142857142857144,0.00025851964198778826
0.10714285714285714,0.018775510204081632,0.00025851964198778826
0.10714285714285714,0.020408163265306124,0.00025851964198778826
0.10714285714285714,0.022040816326530613,0.00025851964198778826
0.10714285714285714,0.0236734693877551,0.00025851964198778826
0.10714285714285714,0.025306122448979593,0.00025851964198778826
0.10714285714285714,0.026938775510204082,0.00025851964198778826
0.10714285714285714,0.028571428571428574,0.00025851964198778826
0.10714285714285714,0.030204081632653063,0.00025851964198778826
0.10714285714285714,0.03183673469387755,0.00025851964198778826
0.10714285714285714,0.03346938775510204,0.00025851964198778826
0.10714285714285714,0.035102040816326535,0.00025851964198778826
0.10714285714285714,0.03673469387755102,0.00025851964198778826
0.10714285714285714,0.03836734693877551,0.00025851964198778826
0.10714285714285714,0.04,0.00025851964198778826
0.10714285714285714,0.04163265306122449,0.00025851964198778826
0.10714285714285714,0.043265306122448985,0.00025851964198778826
0.10714285714285714,0.044897959183673466,0.00025851964198778826
0.10714285714285714,0.04653061224489796,0.00025851964198778826
0.10714285714285714,0.04816326530612245,0.00025851964198778826
0.10714285714285714,0.04979591836734694,0.00025851964198778826
0.10714285714285714,0.051428571428571435,0.00025851964198778826
0.10714285714285714,0.053061224489795916,0.00025851964198778826
0.10714285714285714,0.05469387755102041,0.00025851964198778826
0.10714285714285714,0.0563265306122449,0.00025851964198778826
0.10714285714285714,0.05795918367346939,0.00025851964198778826
0.10714285714285714,0.059591836734693884,0.00025851964198778826
0.10714285714285714,0.061224489795918366,0.00025851964198778826
0.10714285714285714,0.06285714285714286,0.00025851964198778826
0.10714285714285714,0.06448979591836734,0.00025851964198778826
0.10714285714285714,0.06612244897959184,0.00025851964198778826
0.10714285714285714,0.06775510204081633,0.00025851964198778826
0.10714285714285714,0.06938775510204082,0.00025851964198778826
0.10714285714285714,0.07102040816326531,0.00025851964198778826
0.10714285714285714,0.0726530612244898,0.00025851964198778826
0.10714285714285714,0.07428571428571429,0.00025851964198778826
0.10714285714285714,0.07591836734693877,0.00025851964198778826
0.10714285714285714,0.07755102040816327,0.00025851964198778826
0.10714285714285714,0.07918367346938776,0.0002585196419877902
0.10714285714285714,0.08,0.0002585196419877922
0.11326530612244898,0.0,0.00025851964198778826
0.11326530612244898,0.0008163265306122449,0.00025851964198778826
0.11326530612244898,0.0024489795918367346,0.00025851964198778826
0.11326530612244898,0.004081632653061225,0.00025851964198778826
0.11326530612244898,0.005714285714285714,0.00025851964198778826
0.11326530612244898,0.007346938775510205,0.00025851964198778826
0.11326530612244898,0.008979591836734694,0.00025851964198778826
0.11326530612244898,0.010612244897959183,0.00025851964198778826
0.11326530612244898,0.012244897959183675,0.00025851964198778826
0.11326530612244898,0.013877551020408163,0.00025851964198778826
0.11326530612244898,0.015510204081632655,0.00025851964198778826
0.11326530612244898,0.017142857142857144,0.00025851964198778826
0.11326530612244898,0.018775510204081632,0.00025851964198778826
0.11326530612244898,0.020408163265306124,0.00025851964198778826
0.11326530612244898,0.022040816326530613,0.00025851964198778826
0.11326530612244898,0.0236734693877551,0.00025851964198778826
0.11326530612244898,0.025306122448979593,0.00025851964198778826
0.11326530612244898,0.026938775510204082,0.00025851964198778826
0.11326530612244898,0.028571428571428574,0.00025851964198778826
0.11326530612244898,0.030204081632653063,0.00025851964198778826
0.11326530612244898,0.03183673469387755,0.00025851964198778826
0.11326530612244898,0.03346938775510204,0.00025851964198778826
0.11326530612244898,0.035102040816326535,0.00025851964198778826
0.11326530612244898,0.03673469387755102,0.00025851964198778826
0.11326530612244898,0.03836734693877551,0.00025851964198778826
0.11326530612244898,0.04,0.00025851964198778826
0.11326530612244898,0.04163265306122449,0.00025851964198778826
0.11326530612244898,0.043265306122448985,0.00025851964198778826
0.11326530612244898,0.044897959183673466,0.00025851964198778826
0.11326530612244898,0.04653061224489796,0.00025851964198778826
0.11326530612244898,0.04816326530612245,0.00025851964198778826
0.11326530612244898,0.04979591836734694,0.00025851964198778826
0.11326530612244898,0.051428571428571435,0.00025851964198778826
0.11326530612244898,0.053061224489795916,0.00025851964198778826
0.11326530612244898,0.05469387755102041,0.00025851964198778826
0.11326530612244898,0.0563265306122449,0.00025851964198778826
0.11326530612244898,0.05795918367346939,0.00025851964198778826
0.11326530612244898,0.059591836734693884,0.00025851964198778826
0.11326530612244898,0.061224489795918366,0.00025851964198778826
0.11326530612244898,0.06285714285714286,0.00025851964198778826
0.11326530612244898,0.06448979591836734,0.00025851964198778826
0.11326530612244898,0.06612244897959184,0.00025851964198778826
0.11326530612244898,0.06775510204081633,0.00025851964198778826
0.11326530612244898,0.06938775510204082,0.00025851964198778826
0.11326530612244898,0.07102040816326531,0.00025851964198778826
0.11326530612244898,0.0726530612244898,0.00025851964198778826
0.11326530612244898,0.07428571428571429,0.00025851964198778826
0.11326530612244898,0.07591836734693877,0.00025851964198778826
0.11326530612244898,0.07755102040816327,0.00025851964198778826
0.11326530612244898,0.07918367346938776,0.0002585196419877902
0.11326530612244898,0.08,0.0002585196419877922
0.1193877551020408,0.0,0.00025851964198778826
0.1193877551020408,0.0008163265306122449,0.00025851964198778826
0.1193877551020408,0.0024489795918367346,0.00025851964198778826
0.1193877551020408,0.004081632653061225,0.00025851964198778826
0.1193877551020408,0.005714285714285714,0.00025851964198778826
0.1193877551020408,0.007346938775510205,0.00025851964198778826
0.1193877551020408,0.008979591836734694,0.00025851964198778826
0.1193877551020408,0.010612244897959183,0.00025851964198778826
0.1193877551020408,0.012244897959183675,0.00025851964198778826
0.1193877551020408,0.013877551020408163,0.00025851964198778826
0.1193877551020408,0.015510204081632655,0.00025851964198778826
0.1193877551020408,0.017142857142857144,0.00025851964198778826
0.1193877551020408,0.018775510204081632,0.00025851964198778826
0.1193877551020408,0.020408163265306124,0.00025851964198778826
0.1193877551020408,0.022040816326530613,0.00025851964198778826
0.1193877551020408,0.0236734693877551,0.00025851964198778826
0.1193877551020408,0.025306122448979593,0.00025851964198778826
0.1193877551020408,0.026938775510204082,0.00025851964198778826
0.1193877551020408,0.028571428571428574,0.00025851964198778826
0.1193877551020408,0.030204081632653063,0.00025851964198778826
0.1193877551020408,0.03183673469387755,0.00025851964198778826
0.1193877551020408,0.03346938775510204,0.00025851964198778826
0.1193877551020408,0.035102040816326535,0.00025851964198778826
0.1193877551020408,0.03673469387755102,0.00025851964198778826
0.1193877551020408,0.03836734693877551,0.00025851964198778826
0.1193877551020408,0.04,0.00025851964198778826
0.1193877551020408,0.04163265306122449,0.00025851964198778826
0.1193877551020408,0.043265306122448985,0.00025851964198778826
0.1193877551020408,0.044897959183673466,0.00025851964198778826
0.1193877551020408,0.04653061224489796,0.00025851964198778826
0.1193877551020408,0.04816326530612245,0.00025851964198778826
0.1193877551020408,0.04979591836734694,0.00025851964198778826
0.1193877551020408,0.051428571428571435,0.00025851964198778826
0.1193877551020408,0.053061224489795916,0.00025851964198778826
0.1193877551020408,0.05469387755102041,0.00025851964198778826
0.1193877551020408,0.0563265306122449,0.00025851964198778826
0.1193877551020408,0.05795918367346939,0.00025851964198778826
0.1193877551020408,0.059591836734693884,0.00025851964198778826
0.1193877551020408,0.061224489795918366,0.00025851964198778826
0.1193877551020408,0.06285714285714286,0.00025851964198778826
0.1193877551020408,0.06448979591836734,0.00025851964198778826
0.1193877551020408,0.06612244897959184,0.00025851964198778826
0.1193877551020408,0.06775510204081633,0.00025851964198778826
0.1193877551020408,0.06938775510204082,0.00025851964198778826
0.1193877551020408,0.07102040816326531,0.00025851964198778826
0.1193877551020408,0.0726530612244898,0.00025851964198778826
0.1193877551020408,0.07428571428571429,0.00025851964198778826
0.1193877551020408,0.07591836734693877,0.00025851964198778826
0.1193877551020408,0.07755102040816327,0.00025851964198778793
0.1193877551020408,0.07918367346938776,0.0002585196419877899
0.1193877551020408,0.08,0.0002585196419877922
0.12551020408163266,0.0,0.00025851964198778826
0.12551020408163266,0.0008163265306122449,0.00025851964198778826
0.12551020408163266,0.0024489795918367346,0.00025851964198778826
0.12551020408163266,0.004081632653061225,0.00025851964198778826
0.12551020408163266,0.005714285714285714,0.00025851964198778826
0.12551020408163266,0.007346938775510205,0.00025851964198778826
0.12551020408163266,0.008979591836734694,0.00025851964198778826
0.12551020408163266,0.010612244897959183,0.00025851964198778826
0.12551020408163266,0.012244897959183675,0.00025851964198778826
0.12551020408163266,0.013877551020408163,0.00025851964198778826
0.12551020408163266,0.015510204081632655,0.00025851964198778826
0.12551020408163266,0.017142857142857144,0.00025851964198778826
0.12551020408163266,0.018775510204081632,0.00025851964198778826
0.12551020408163266,0.020408163265306124,0.00025851964198778826
0.12551020408163266,0.022040816326530613,0.00025851964198778826
0.12551020408163266,0.0236734693877551,0.00025851964198778826
0.12551020408163266,0.025306122448979593,0.00025851964198778826
0.12551020408163266,0.026938775510204082,0.00025851964198778826
0.12551020408163266,0.028571428571428574,0.00025851964198778826
0.12551020408163266,0.030204081632653063,0.00025851964198778826
0.12551020408163266,0.03183673469387755,0.00025851964198778826
0.12551020408163266,0.03346938775510204,0.00025851964198778826
0.12551020408163266,0.035102040816326535,0.00025851964198778826
0.12551020408163266,0.03673469387755102,0.00025851964198778826
0.12551020408163266,0.03836734693877551,0.00025851964198778826
0.12551020408163266,0.04,0.00025851964198778826
0.12551020408163266,0.04163265306122449,0.00025851964198778826
0.12551020408163266,0.043265306122448985,0.00025851964198778826
0.12551020408163266,0.044897959183673466,0.00025851964198778826
0.12551020408163266,0.04653061224489796,0.00025851964198778826
0.12551020408163266,0.04816326530612245,0.00025851964198778826
0.12551020408163266,0.04979591836734694,0.00025851964198778826
0.12551020408163266,0.051428571428571435,0.00025851964198778826
0.12551020408163266,0.053061224489795916,0.00025851964198778826
0.12551020408163266,0.05469387755102041,0.00025851964198778826
0.12551020408163266,0.0563265306122449,0.00025851964198778826
0.12551020408163266,0.05795918367346939,0.00025851964198778826
0.12551020408163266,0.059591836734693884,0.00025851964198778826
0.12551020408163266,0.061224489795918366,0.00025851964198778826
0.12551020408163266,0.06285714285714286,0.00025851964198778826
0.12551020408163266,0.06448979591836734,0.00025851964198778826
0.12551020408163266,0.06612244897959184,0.00025851964198778826
0.12551020408163266,0.06775510204081633,0.00025851964198778826
0.12551020408163266,0.06938775510204082,0.00025851964198778826
0.12551020408163266,0.07102040816326531,0.00025851964198778826
0.12551020408163266,0.0726530612244898,0.00025851964198778826
0.12551020408163266,0.07428571428571429,0.00025851964198778826
0.12551020408163266,0.07591836734693877,0.00025851964198778826
0.12551020408163266,0.07755102040816327,0.0002585196419877876
0.12551020408163266,0.07918367346938776,0.0002585196419877896
0.12551020408163266,0.08,0.0002585196419877922
0.13163265306122449,0.0,0.00025851964198778826
0.13163265306122449,0.0008163265306122449,0.00025851964198778826
0.13163265306122449,0.0024489795918367346,0.00025851964198778826
0.13163265306122449,0.004081632653061225,0.00025851964198778826
0.13163265306122449,0.005714285714285714,0.00025851964198778826
0.13163265306122449,0.007346938775510205,0.00025851964198778826
0.13163265306122449,0.008979591836734694,0.00025851964198778826
0.13163265306122449,0.010612244897959183,0.00025851964198778826
0.13163265306122449,0.012244897959183675,0.00025851964198778826
0.13163265306122449,0.013877551020408163,0.00025851964198778826
0.13163265306122449,0.015510204081632655,0.00025851964198778826
0.13163265306122449,0.017142857142857144,0.00025851964198778826
0.13163265306122449,0.018775510204081632,0.00025851964198778826
0.13163265306122449,0.020408163265306124,0.00025851964198778826
0.13163265306122449,0.022040816326530613,0.00025851964198778826
0.13163265306122449,0.0236734693877551,0.00025851964198778826
0.13163265306122449,0.025306122448979593,0.00025851964198778826
0.13163265306122449,0.026938775510204082,0.00025851964198778826
0.13163265306122449,0.028571428571428574,0.00025851964198778826
0.13163265306122449,0.030204081632653063,0.00025851964198778826
0.13163265306122449,0.03183673469387755,0.00025851964198778826
0.13163265306122449,0.03346938775510204,0.00025851964198778826
0.13163265306122449,0.035102040816326535,0.00025851964198778826
0.13163265306122449,0.03673469387755102,0.00025851964198778826
0.13163265306122449,0.03836734693877551,0.00025851964198778826
0.13163265306122449,0.04,0.00025851964198778826
0.13163265306122449,0.04163265306122449,0.00025851964198778826
0.13163265306122449,0.043265306122448985,0.00025851964198778826
0.13163265306122449,0.044897959183673466,0.00025851964198778826
0.13163265306122449,0.04653061224489796,0.00025851964198778826
0.13163265306122449,0.04816326530612245,0.00025851964198778826
0.13163265306122449,0.04979591836734694,0.00025851964198778826
0.13163265306122449,0.051428571428571435,0.00025851964198778826
0.13163265306122449,0.053061224489795916,0.00025851964198778826
0.13163265306122449,0.05469387755102041,0.00025851964198778826
0.13163265306122449,0.0563265306122449,0.00025851964198778826
0.13163265306122449,0.05795918367346939,0.00025851964198778826
0.13163265306122449,0.059591836734693884,0.00025851964198778826
0.13163265306122449,0.061224489795918366,0.00025851964198778826
0.13163265306122449,0.06285714285714286,0.00025851964198778826
0.13163265306122449,0.06448979591836734,0.00025851964198778826
0.13163265306122449,0.06612244897959184,0.00025851964198778826
0.13163265306122449,0.06775510204081633,0.00025851964198778826
0.13163265306122449,0.06938775510204082,0.00025851964198778826
0.13163265306122449,0.07102040816326531,0.00025851964198778826
0.13163265306122449,0.0726530612244898,0.00025851964198778826
0.13163265306122449,0.07428571428571429,0.00025851964198778826
0.13163265306122449,0.07591836734693877,0.00025851964198778826
0.13163265306122449,0.07755102040816327,0.00025851964198778793
0.13163265306122449,0.07918367346938776,0.0002585196419877899
0.13163265306122449,0.08,0.0002585196419877922
0.1377551020408163,0.0,0.00025851964198778826
0.1377551020408163,0.0008163265306122449,0.00025851964198778826
0.1377551020408163,0.0024489795918367346,0.00025851964198778826
0.1377551020408163,0.004081632653061225,0.00025851964198778826
0.1377551020408163,0.005714285714285714,0.00025851964198778826
0.1377551020408163,0.007346938775510205,0.00025851964198778826
0.1377551020408163,0.008979591836734694,0.00025851964198778826
0.1377551020408163,0.010612244897959183,0.00025851964198778826
0.1377551020408163,0.012244897959183675,0.00025851964198778826
0.1377551020408163,0.013877551020408163,0.00025851964198778826
0.1377551020408163,0.015510204081632655,0.00025851964198778826
0.1377551020408163,0.017142857142857144,0.00025851964198778826
0.1377551020408163,0.018775510204081632,0.00025851964198778826
0.1377551020408163,0.020408163265306124,0.00025851964198778826
0.1377551020408163,0.022040816326530613,0.00025851964198778826
0.1377551020408163,0.0236734693877551,0.00025851964198778826
0.1377551020408163,0.025306122448979593,0.00025851964198778826
0.1377551020408163,0.026938775510204082,0.00025851964198778826
0.1377551020408163,0.028571428571428574,0.00025851964198778826
0.1377551020408163,0.030204081632653063,0.00025851964198778826
0.1377551020408163,0.03183673469387755,0.00025851964198778826
0.1377551020408163,0.03346938775510204,0.00025851964198778826
0.1377551020408163,0.035102040816326535,0.00025851964198778826
0.1377551020408163,0.03673469387755102,0.00025851964198778826
0.1377551020408163,0.03836734693877551,0.00025851964198778826
0.1377551020408163,0.04,0.00025851964198778826
0.1377551020408163,0.04163265306122449,0.00025851964198778826
0.1377551020408163,0.043265306122448985,0.00025851964198778826
0.1377551020408163,0.044897959183673466,0.00025851964198778826
0.1377551020408163,0.04653061224489796,0.00025851964198778826
0.1377551020408163,0.04816326530612245,0.00025851964198778826
0.1377551020408163,0.04979591836734694,0.00025851964198778826
0.1377551020408163,0.051428571428571435,0.00025851964198778826
0.1377551020408163,0.053061224489795916,0.00025851964198778826
0.1377551020408163,0.05469387755102041,0.00025851964198778826
0.1377551020408163,0.0563265306122449,0.00025851964198778826
0.1377551020408163,0.05795918367346939,0.00025851964198778826
0.1377551020408163,0.059591836734693884,0.00025851964198778826
0.1377551020408163,0.061224489795918366,0.00025851964198778826
0.1377551020408163,0.06285714285714286,0.00025851964198778826
0.1377551020408163,0.06448979591836734,0.00025851964198778826
0.1377551020408163,0.06612244897959184,0.00025851964198778826
0.1377551020408163,0.06775510204081633,0.00025851964198778826
0.1377551020408163,0.06938775510204082,0.00025851964198778826
0.1377551020408163,0.07102040816326531,0.00025851964198778826
0.1377551020408163,0.0726530612244898,0.00025851964198778826
0.1377551020408163,0.07428571428571429,0.00025851964198778826
0.1377551020408163,0.07591836734693877,0.00025851964198778826
0.1377551020408163,0.07755102040816327,0.00025851964198778826
0.1377551020408163,0.07918367346938776,0.0002585196419877902
0.1377551020408163,0.08,0.0002585196419877922
0.14387755102040817,0.0,0.00025851964198778826
0.14387755102040817,0.0008163265306122449,0.00025851964198778826
0.14387755102040817,0.0024489795918367346,0.00025851964198778826
0.14387755102040817,0.004081632653061225,0.00025851964198778826
0.14387755102040817,0.005714285714285714,0.00025851964198778826
0.14387755102040817,0.007346938775510205,0.00025851964198778826
0.14387755102040817,0.008979591836734694,0.00025851964198778826
0.14387755102040817,0.010612244897959183,0.00025851964198778826
0.14387755102040817,0.012244897959183675,0.00025851964198778826
0.14387755102040817,0.013877551020408163,0.00025851964198778826
0.14387755102040817,0.015510204081632655,0.00025851964198778826
0.14387755102040817,0.017142857142857144,0.00025851964198778826
0.14387755102040817,0.018775510204081632,0.00025851964198778826
0.14387755102040817,0.020408163265306124,0.00025851964198778826
0.14387755102040817,0.022040816326530613,0.00025851964198778826
0.14387755102040817,0.0236734693877551,0.00025851964198778826
0.14387755102040817,0.025306122448979593,0.00025851964198778826
0.14387755102040817,0.026938775510204082,0.00025851964198778826
0.14387755102040817,0.028571428571428574,0.00025851964198778826
0.14387755102040817,0.030204081632653063,0.00025851964198778826
0.14387755102040817,0.03183673469387755,0.00025851964198778826
0.14387755102040817,0.03346938775510204,0.00025851964198778826
0.14387755102040817,0.035102040816326535,0.00025851964198778826
0.14387755102040817,0.03673469387755102,0.00025851964198778826
0.14387755102040817,0.03836734693877551,0.00025851964198778826
0.14387755102040817,0.04,0.00025851964198778826
0.14387755102040817,0.04163265306122449,0.00025851964198778826
0.14387755102040817,0.043265306122448985,0.00025851964198778826
0.14387755102040817,0.044897959183673466,0.00025851964198778826
0.14387755102040817,0.04653061224489796,0.00025851964198778826
0.14387755102040817,0.04816326530612245,0.00025851964198778826
0.14387755102040817,0.04979591836734694,0.00025851964198778826
0.14387755102040817,0.051428571428571435,0.00025851964198778826
0.14387755102040817,0.053061224489795916,0.00025851964198778826
0.14387755102040817,0.05469387755102041,0.00025851964198778826
0.14387755102040817,0.0563265306122449,0.00025851964198778826
0.14387755102040817,0.05795918367346939,0.00025851964198778826
0.14387755102040817,0.059591836734693884,0.00025851964198778826
0.14387755102040817,0.061224489795918366,0.00025851964198778826
0.14387755102040817,0.06285714285714286,0.00025851964198778826
0.14387755102040817,0.06448979591836734,0.00025851964198778826
0.14387755102040817,0.06612244897959184,0.00025851964198778826
0.14387755102040817,0.06775510204081633,0.00025851964198778826
0.14387755102040817,0.06938775510204082,0.00025851964198778826
0.14387755102040817,0.07102040816326531,0.00025851964198778826
0.14387755102040817,0.0726530612244898,0.00025851964198778826
0.14387755102040817,0.07428571428571429,0.00025851964198778826
0.14387755102040817,0.07591836734693877,0.00025851964198778826
0.14387755102040817,0.07755102040816327,0.00025851964198778826
0.14387755102040817,0.07918367346938776,0.0002585196419877902
0.14387755102040817,0.08,0.0002585196419877922
0.15,0.0,0.00025851964198778826
0.15,0.0008163265306122449,0.00025851964198778826
0.15,0.0024489795918367346,0.00025851964198778826
0.15,0.004081632653061225,0.00025851964198778826
0.15,0.005714285714285714,0.00025851964198778826
0.15,0.007346938775510205,0.00025851964198778826
0.15,0.008979591836734694,0.00025851964198778826
0.15,0.010612244897959183,0.00025851964198778826
0.15,0.012244897959183675,0.00025851964198778826
0.15,0.013877551020408163,0.00025851964198778826
0.15,0.015510204081632655,0.00025851964198778826
0.15,0.017142857142857144,0.00025851964198778826
0.15,0.018775510204081632,0.00025851964198778826
0.15,0.020408163265306124,0.00025851964198778826
0.15,0.022040816326530613,0.00025851964198778826
0.15,0.0236734693877551,0.00025851964198778826
0.15,0.025306122448979593,0.00025851964198778826
0.15,0.026938775510204082,0.00025851964198778826
0.15,0.028571428571428574,0.00025851964198778826
0.15,0.030204081632653063,0.00025851964198778826
0.15,0.03183673469387755,0.00025851964198778826
0.15,0.03346938775510204,0.00025851964198778826
0.15,0.035102040816326535,0.00025851964198778826
0.15,0.03673469387755102,0.00025851964198778826
0.15,0.03836734693877551,0.00025851964198778826
0.15,0.04,0.00025851964198778826
0.15,0.04163265306122449,0.00025851964198778826
0.15,0.043265306122448985,0.00025851964198778826
0.15,0.044897959183673466,0.00025851964198778826
0.15,0.04653061224489796,0.00025851964198778826
0.15,0.04816326530612245,0.00025851964198778826
0.15,0.04979591836734694,0.00025851964198778826
0.15,0.051428571428571435,0.00025851964198778826
0.15,0.053061224489795916,0.00025851964198778826
0.15,0.05469387755102041,0.00025851964198778826
0.15,0.0563265306122449,0.00025851964198778826
0.15,0.05795918367346939,0.00025851964198778826
0.15,0.059591836734693884,0.00025851964198778826
0.15,0.061224489795918366,0.00025851964198778826
0.15,0.06285714285714286,0.00025851964198778826
0.15,0.06448979591836734,0.00025851964198778826
0.15,0.06612244897959184,0.00025851964198778826
0.15,0.06775510204081633,0.00025851964198778826
0.15,0.06938775510204082,0.00025851964198778826
0.15,0.07102040816326531,0.00025851964198778826
0.15,0.0726530612244898,0.00025851964198778826
0.15,0.07428571428571429,0.00025851964198778826
0.15,0.07591836734693877,0.00025851964198778826
0.15,0.07755102040816327,0.00025851964198778793
0.15,0.07918367346938776,0.0002585196419877899
0.15,0.08,0.0002585196419877922
0.15612244897959182,0.0,0.00025851964198778826
0.15612244897959182,0.0008163265306122449,0.00025851964198778826
0.15612244897959182,0.0024489795918367346,0.00025851964198778826
0.15612244897959182,0.004081632653061225,0.00025851964198778826
0.15612244897959182,0.005714285714285714,0.00025851964198778826
0.15612244897959182,0.007346938775510205,0.00025851964198778826
0.15612244897959182,0.008979591836734694,0.00025851964198778826
0.15612244897959182,0.010612244897959183,0.00025851964198778826
0.15612244897959182,0.012244897959183675,0.00025851964198778826
0.15612244897959182,0.013877551020408163,0.00025851964198778826
0.15612244897959182,0.015510204081632655,0.00025851964198778826
0.15612244897959182,0.017142857142857144,0.00025851964198778826
0.15612244897959182,0.018775510204081632,0.00025851964198778826
0.15612244897959182,0.020408163265306124,0.00025851964198778826
0.15612244897959182,0.022040816326530613,0.00025851964198778826
0.15612244897959182,0.0236734693877551,0.00025851964198778826
0.15612244897959182,0.025306122448979593,0.00025851964198778826
0.15612244897959182,0.026938775510204082,0.00025851964198778826
0.15612244897959182,0.028571428571428574,0.00025851964198778826
0.15612244897959182,0.030204081632653063,0.00025851964198778826
0.15612244897959182,0.03183673469387755,0.00025851964198778826
0.15612244897959182,0.03346938775510204,0.00025851964198778826
0.15612244897959182,0.035102040816326535,0.00025851964198778826
0.15612244897959182,0.03673469387755102,0.00025851964198778826
0.15612244897959182,0.03836734693877551,0.00025851964198778826
0.15612244897959182,0.04,0.00025851964198778826
0.15612244897959182,0.04163265306122449,0.00025851964198778826
0.15612244897959182,0.043265306122448985,0.00025851964198778826
0.15612244897959182,0.044897959183673466,0.00025851964198778826
0.15612244897959182,0.04653061224489796,0.00025851964198778826
0.15612244897959182,0.04816326530612245,0.00025851964198778826
0.15612244897959182,0.04979591836734694,0.00025851964198778826
0.15612244897959182,0.051428571428571435,0.00025851964198778826
0.15612244897959182,0.053061224489795916,0.00025851964198778826
0.15612244897959182,0.05469387755102041,0.00025851964198778826
0.15612244897959182,0.0563265306122449,0.00025851964198778826
0.15612244897959182,0.05795918367346939,0.00025851964198778826
0.15612244897959182,0.059591836734693884,0.00025851964198778826
0.15612244897959182,0.061224489795918366,0.00025851964198778826
0.15612244897959182,0.06285714285714286,0.00025851964198778826
0.15612244897959182,0.06448979591836734,0.00025851964198778826
0.15612244897959182,0.06612244897959184,0.00025851964198778826
0.15612244897959182,0.06775510204081633,0.00025851964198778826
0.15612244897959182,0.06938775510204082,0.00025851964198778826
0.15612244897959182,0.07102040816326531,0.00025851964198778826
0.15612244897959182,0.0726530612244898,0.00025851964198778826
0.15612244897959182,0.07428571428571429,0.00025851964198778826
0.15612244897959182,0.07591836734693877,0.00025851964198778826
0.15612244897959182,0.07755102040816327,0.0002585196419877876
0.15612244897959182,0.07918367346938776,0.0002585196419877896
0.15612244897959182,0.08,0.0002585196419877922
0.16224489795918368,0.0,0.00025851964198778826
0.16224489795918368,0.0008163265306122449,0.00025851964198778826
0.16224489795918368,0.0024489795918367346,0.00025851964198778826
0.16224489795918368,0.004081632653061225,0.00025851964198778826
0.16224489795918368,0.005714285714285714,0.00025851964198778826
0.16224489795918368,0.007346938775510205,0.00025851964198778826
0.16224489795918368,0.008979591836734694,0.00025851964198778826
0.16224489795918368,0.010612244897959183,0.00025851964198778826
0.16224489795918368,0.012244897959183675,0.00025851964198778826
0.16224489795918368,0.013877551020408163,0.00025851964198778826
0.16224489795918368,0.015510204081632655,0.00025851964198778826
0.16224489795918368,0.017142857142857144,0.00025851964198778826
0.16224489795918368,0.018775510204081632,0.00025851964198778826
0.16224489795918368,0.020408163265306124,0.00025851964198778826
0.16224489795918368,0.022040816326530613,0.00025851964198778826
0.16224489795918368,0.0236734693877551,0.00025851964198778826
0.16224489795918368,0.025306122448979593,0.00025851964198778826
0.16224489795918368,0.026938775510204082,0.00025851964198778826
0.16224489795918368,0.028571428571428574,0.00025851964198778826
0.16224489795918368,0.030204081632653063,0.00025851964198778826
0.16224489795918368,0.03183673469387755,0.00025851964198778826
0.16224489795918368,0.03346938775510204,0.00025851964198778826
0.16224489795918368,0.035102040816326535,0.00025851964198778826
0.16224489795918368,0.03673469387755102,0.00025851964198778826
0.16224489795918368,0.03836734693877551,0.00025851964198778826
0.16224489795918368,0.04,0.00025851964198778826
0.16224489795918368,0.04163265306122449,0.00025851964198778826
0.16224489795918368,0.043265306122448985,0.00025851964198778826
0.16224489795918368,0.044897959183673466,0.00025851964198778826
0.16224489795918368,0.04653061224489796,0.00025851964198778826
0.16224489795918368,0.04816326530612245,0.00025851964198778826
0.16224489795918368,0.04979591836734694,0.00025851964198778826
0.16224489795918368,0.051428571428571435,0.00025851964198778826
0.16224489795918368,0.053061224489795916,0.00025851964198778826
0.16224489795918368,0.05469387755102041,0.00025851964198778826
0.16224489795918368,0.0563265306122449,0.00025851964198778826
0.16224489795918368,0.05795918367346939,0.00025851964198778826
0.16224489795918368,0.059591836734693884,0.00025851964198778826
0.16224489795918368,0.061224489795918366,0.00025851964198778826
0.16224489795918368,0.06285714285714286,0.00025851964198778826
0.16224489795918368,0.06448979591836734,0.00025851964198778826
0.16224489795918368,0.06612244897959184,0.00025851964198778826
0.16224489795918368,0.06775510204081633,0.00025851964198778826
0.16224489795918368,0.06938775510204082,0.00025851964198778826
0.16224489795918368,0.07102040816326531,0.00025851964198778826
0.16224489795918368,0.0726530612244898,0.00025851964198778826
0.16224489795918368,0.07428571428571429,0.00025851964198778826
0.16224489795918368,0.07591836734693877,0.00025851964198778826
0.16224489795918368,0.07755102040816327,0.00025851964198778793
0.16224489795918368,0.07918367346938776,0.0002585196419877899
0.16224489795918368,0.08,0.0002585196419877922
0.1683673469387755,0.0,0.00025851964198778826
0.1683673469387755,0.0008163265306122449,0.00025851964198778826
0.1683673469387755,0.0024489795918367346,0.00025851964198778826
0.1683673469387755,0.004081632653061225,0.00025851964198778826
0.1683673469387755,0.005714285714285714,0.00025851964198778826
0.1683673469387755,0.007346938775510205,0.00025851964198778826
0.1683673469387755,0.008979591836734694,0.00025851964198778826
0.1683673469387755,0.010612244897959183,0.00025851964198778826
0.1683673469387755,0.012244897959183675,0.00025851964198778826
0.1683673469387755,0.013877551020408163,0.00025851964198778826
0.1683673469387755,0.015510204081632655,0.00025851964198778826
0.1683673469387755,0.017142857142857144,0.00025851964198778826
0.1683673469387755,0.018775510204081632,0.00025851964198778826
0.1683673469387755,0.020408163265306124,0.00025851964198778826
0.1683673469387755,0.022040816326530613,0.00025851964198778826
0.1683673469387755,0.0236734693877551,0.00025851964198778826
0.1683673469387755,0.025306122448979593,0.00025851964198778826
0.1683673469387755,0.026938775510204082,0.00025851964198778826
0.1683673469387755,0.028571428571428574,0.00025851964198778826
0.1683673469387755,0.030204081632653063,0.00025851964198778826
0.1683673469387755,0.03183673469387755,0.00025851964198778826
0.1683673469387755,0.03346938775510204,0.00025851964198778826
0.1683673469387755,0.035102040816326535,0.00025851964198778826
0.1683673469387755,0.03673469387755102,0.00025851964198778826
0.1683673469387755,0.03836734693877551,0.00025851964198778826
0.1683673469387755,0.04,0.00025851964198778826
0.1683673469387755,0.04163265306122449,0.00025851964198778826
0.1683673469387755,0.043265306122448985,0.00025851964198778826
0.1683673469387755,0.044897959183673466,0.00025851964198778826
0.1683673469387755,0.04653061224489796,0.00025851964198778826
0.1683673469387755,0.04816326530612245,0.00025851964198778826
0.1683673469387755,0.04979591836734694,0.00025851964198778826
0.1683673469387755,0.051428571428571435,0.00025851964198778826
0.1683673469387755,0.053061224489795916,0.00025851964198778826
0.1683673469387755,0.05469387755102041,0.00025851964198778826
0.1683673469387755,0.0563265306122449,0.00025851964198778826
0.1683673469387755,0.05795918367346939,0.00025851964198778826
0.1683673469387755,0.059591836734693884,0.00025851964198778826
0.1683673469387755,0.061224489795918366,0.00025851964198778826
0.1683673469387755,0.06285714285714286,0.00025851964198778826
0.1683673469387755,0.06448979591836734,0.00025851964198778826
0.1683673469387755,0.06612244897959184,0.00025851964198778826
0.1683673469387755,0.06775510204081633,0.00025851964198778826
0.1683673469387755,0.06938775510204082,0.00025851964198778826
0.1683673469387755,0.07102040816326531,0.00025851964198778826
0.1683673469387755,0.0726530612244898,0.00025851964198778826
0.1683673469387755,0.07428571428571429,0.00025851964198778826
0.1683673469387755,0.07591836734693877,0.00025851964198778826
0.1683673469387755,0.07755102040816327,0.00025851964198778826
0.1683673469387755,0.07918367346938776,0.0002585196419877902
0.1683673469387755,0.08,0.0002585196419877922
0.17448979591836733,0.0,0.00025851964198778826
0.17448979591836733,0.0008163265306122449,0.00025851964198778826
0.17448979591836733,0.0024489795918367346,0.00025851964198778826
0.17448979591836733,0.004081632653061225,0.00025851964198778826
0.17448979591836733,0.005714285714285714,0.00025851964198778826
0.17448979591836733,0.007346938775510205,0.00025851964198778826
0.17448979591836733,0.008979591836734694,0.00025851964198778826
0.17448979591836733,0.010612244897959183,0.00025851964198778826
0.17448979591836733,0.012244897959183675,0.00025851964198778826
0.17448979591836733,0.013877551020408163,0.00025851964198778826
0.17448979591836733,0.015510204081632655,0.00025851964198778826
0.17448979591836733,0.017142857142857144,0.00025851964198778826
0.17448979591836733,0.018775510204081632,0.00025851964198778826
0.17448979591836733,0.020408163265306124,0.00025851964198778826
0.17448979591836733,0.022040816326530613,0.00025851964198778826
0.17448979591836733,0.0236734693877551,0.00025851964198778826
0.17448979591836733,0.025306122448979593,0.00025851964198778826
0.17448979591836733,0.026938775510204082,0.00025851964198778826
0.17448979591836733,0.028571428571428574,0.00025851964198778826
0.17448979591836733,0.030204081632653063,0.00025851964198778826
0.17448979591836733,0.03183673469387755,0.00025851964198778826
0.17448979591836733,0.03346938775510204,0.00025851964198778826
0.17448979591836733,0.035102040816326535,0.00025851964198778826
0.17448979591836733,0.03673469387755102,0.00025851964198778826
0.17448979591836733,0.03836734693877551,0.00025851964198778826
0.17448979591836733,0.04,0.00025851964198778826
0.17448979591836733,0.04163265306122449,0.00025851964198778826
0.17448979591836733,0.043265306122448985,0.00025851964198778826
0.17448979591836733,0.044897959183673466,0.00025851964198778826
0.17448979591836733,0.04653061224489796,0.00025851964198778826
0.17448979591836733,0.04816326530612245,0.00025851964198778826
0.17448979591836733,0.04979591836734694,0.00025851964198778826
0.17448979591836733,0.051428571428571435,0.00025851964198778826
0.17448979591836733,0.053061224489795916,0.00025851964198778826
0.17448979591836733,0.05469387755102041,0.00025851964198778826
0.17448979591836733,0.0563265306122449,0.00025851964198778826
0.17448979591836733,0.05795918367346939,0.00025851964198778826
0.17448979591836733,0.059591836734693884,0.00025851964198778826
0.17448979591836733,0.061224489795918366,0.00025851964198778826
0.17448979591836733,0.06285714285714286,0.00025851964198778826
0.17448979591836733,0.06448979591836734,0.00025851964198778826
0.17448979591836733,0.06612244897959184,0.00025851964198778826
0.17448979591836733,0.06775510204081633,0.00025851964198778826
0.17448979591836733,0.06938775510204082,0.00025851964198778826
0.17448979591836733,0.07102040816326531,0.00025851964198778826
0.17448979591836733,0.0726530612244898,0.00025851964198778826
0.17448979591836733,0.07428571428571429,0.00025851964198778826
0.17448979591836733,0.07591836734693877,0.00025851964198778826
0.17448979591836733,0.07755102040816327,0.00025851964198778826
0.17448979591836733,0.07918367346938776,0.0002585196419877902
0.17448979591836733,0.08,0.0002585196419877922
0.18061224489795918,0.0,0.00025851964198778826
0.18061224489795918,0.0008163265306122449,0.00025851964198778826
0.18061224489795918,0.0024489795918367346,0.00025851964198778826
0.18061224489795918,0.004081632653061225,0.00025851964198778826
0.18061224489795918,0.005714285714285714,0.00025851964198778826
0.18061224489795918,0.007346938775510205,0.00025851964198778826
0.18061224489795918,0.008979591836734694,0.00025851964198778826
0.18061224489795918,0.010612244897959183,0.00025851964198778826
0.18061224489795918,0.012244897959183675,0.00025851964198778826
0.18061224489795918,0.013877551020408163,0.00025851964198778826
0.18061224489795918,0.015510204081632655,0.00025851964198778826
0.18061224489795918,0.017142857142857144,0.00025851964198778826
0.18061224489795918,0.018775510204081632,0.00025851964198778826
0.18061224489795918,0.020408163265306124,0.00025851964198778826
0.18061224489795918,0.022040816326530613,0.00025851964198778826
0.18061224489795918,0.0236734693877551,0.00025851964198778826
0.18061224489795918,0.025306122448979593,0.00025851964198778826
0.18061224489795918,0.026938775510204082,0.00025851964198778826
0.18061224489795918,0.028571428571428574,0.00025851964198778826
0.18061224489795918,0.030204081632653063,0.00025851964198778826
0.18061224489795918,0.03183673469387755,0.00025851964198778826
0.18061224489795918,0.03346938775510204,0.00025851964198778826
0.18061224489795918,0.035102040816326535,0.00025851964198778826
0.18061224489795918,0.03673469387755102,0.00025851964198778826
0.18061224489795918,0.03836734693877551,0.00025851964198778826
0.18061224489795918,0.04,0.00025851964198778826
0.18061224489795918,0.04163265306122449,0.00025851964198778826
0.18061224489795918,0.043265306122448985,0.00025851964198778826
0.18061224489795918,0.044897959183673466,0.00025851964198778826
0.18061224489795918,0.04653061224489796,0.00025851964198778826
0.18061224489795918,0.04816326530612245,0.00025851964198778826
0.18061224489795918,0.04979591836734694,0.00025851964198778826
0.18061224489795918,0.051428571428571435,0.00025851964198778826
0.18061224489795918,0.053061224489795916,0.00025851964198778826
0.18061224489795918,0.05469387755102041,0.00025851964198778826
0.18061224489795918,0.0563265306122449,0.00025851964198778826
0.18061224489795918,0.05795918367346939,0.00025851964198778826
0.18061224489795918,0.059591836734693884,0.00025851964198778826
0.18061224489795918,0.061224489795918366,0.00025851964198778826
0.18061224489795918,0.06285714285714286,0.00025851964198778826
0.18061224489795918,0.06448979591836734,0.00025851964198778826
0.18061224489795918,0.06612244897959184,0.00025851964198778826
0.18061224489795918,0.06775510204081633,0.00025851964198778826
0.18061224489795918,0.06938775510204082,0.00025851964198778826
0.18061224489795918,0.07102040816326531,0.00025851964198778826
0.18061224489795918,0.0726530612244898,0.00025851964198778826
0.18061224489795918,0.07428571428571429,0.00025851964198778826
0.18061224489795918,0.07591836734693877,0.00025851964198778826
0.18061224489795918,0.07755102040816327,0.00025851964198778793
0.18061224489795918,0.07918367346938776,0.0002585196419877899
0.18061224489795918,0.08,0.0002585196419877922
0.186734693877551,0.0,0.00025851964198778826
0.186734693877551,0.0008163265306122449,0.00025851964198778826
0.186734693877551,0.0024489795918367346,0.00025851964198778826
0.186734693877551,0.004081632653061225,0.00025851964198778826
0.186734693877551,0.005714285714285714,0.00025851964198778826
0.186734693877551,0.007346938775510205,0.00025851964198778826
0.186734693877551,0.008979591836734694,0.00025851964198778826
0.186734693877551,0.010612244897959183,0.00025851964198778826
0.186734693877551,0.012244897959183675,0.00025851964198778826
0.186734693877551,0.013877551020408163,0.00025851964198778826
0.186734693877551,0.015510204081632655,0.00025851964198778826
0.186734693877551,0.017142857142857144,0.00025851964198778826
0.186734693877551,0.018775510204081632,0.00025851964198778826
0.186734693877551,0.020408163265306124,0.00025851964198778826
0.186734693877551,0.022040816326530613,0.00025851964198778826
0.186734693877551,0.0236734693877551,0.00025851964198778826
0.186734693877551,0.025306122448979593,0.00025851964198778826
0.186734693877551,0.026938775510204082,0.00025851964198778826
0.186734693877551,0.028571428571428574,0.00025851964198778826
0.186734693877551,0.030204081632653063,0.00025851964198778826
0.186734693877551,0.03183673469387755,0.00025851964198778826
0.186734693877551,0.03346938775510204,0.00025851964198778826
0.186734693877551,0.035102040816326535,0.00025851964198778826
0.186734693877551,0.03673469387755102,0.00025851964198778826
0.186734693877551,0.03836734693877551,0.00025851964198778826
0.186734693877551,0.04,0.00025851964198778826
0.186734693877551,0.04163265306122449,0.00025851964198778826
0.186734693877551,0.043265306122448985,0.00025851964198778826
0.186734693877551,0.044897959183673466,0.00025851964198778826
0.186734693877551,0.04653061224489796,0.00025851964198778826
0.186734693877551,0.04816326530612245,0.00025851964198778826
0.186734693877551,0.04979591836734694,0.00025851964198778826
0.186734693877551,0.051428571428571435,0.00025851964198778826
0.186734693877551,0.053061224489795916,0.00025851964198778826
0.186734693877551,0.05469387755102041,0.00025851964198778826
0.186734693877551,0.0563265306122449,0.00025851964198778826
0.186734693877551,0.05795918367346939,0.00025851964198778826
0.186734693877551,0.059591836734693884,0.00025851964198778826
0.186734693877551,0.061224489795918366,0.00025851964198778826
0.186734693877551,0.06285714285714286,0.00025851964198778826
0.186734693877551,0.06448979591836734,0.00025851964198778826
0.186734693877551,0.06612244897959184,0.00025851964198778826
0.186734693877551,0.06775510204081633,0.00025851964198778826
0.186734693877551,0.06938775510204082,0.00025851964198778826
0.186734693877551,0.07102040816326531,0.00025851964198778826
0.186734693877551,0.0726530612244898,0.00025851964198778826
0.186734693877551,0.07428571428571429,0.00025851964198778826
0.186734693877551,0.07591836734693877,0.00025851964198778826
0.186734693877551,0.07755102040816327,0.0002585196419877876
0.186734693877551,0.07918367346938776,0.0002585196419877896
0.186734693877551,0.08,0.0002585196419877922
0.19285714285714284,0.0,0.00025851964198778826
0.19285714285714284,0.0008163265306122449,0.00025851964198778826
0.19285714285714284,0.0024489795918367346,0.00025851964198778826
0.19285714285714284,0.004081632653061225,0.00025851964198778826
0.19285714285714284,0.005714285714285714,0.00025851964198778826
0.19285714285714284,0.007346938775510205,0.00025851964198778826
0.19285714285714284,0.008979591836734694,0.00025851964198778826
0.19285714285714284,0.010612244897959183,0.00025851964198778826
0.19285714285714284,0.012244897959183675,0.00025851964198778826
0.19285714285714284,0.013877551020408163,0.00025851964198778826
0.19285714285714284,0.015510204081632655,0.00025851964198778826
0.19285714285714284,0.017142857142857144,0.00025851964198778826
0.19285714285714284,0.018775510204081632,0.00025851964198778826
0.19285714285714284,0.020408163265306124,0.00025851964198778826
0.19285714285714284,0.022040816326530613,0.00025851964198778826
0.19285714285714284,0.0236734693877551,0.00025851964198778826
0.19285714285714284,0.025306122448979593,0.00025851964198778826
0.19285714285714284,0.026938775510204082,0.00025851964198778826
0.19285714285714284,0.028571428571428574,0.00025851964198778826
0.19285714285714284,0.030204081632653063,0.00025851964198778826
0.19285714285714284,0.03183673469387755,0.00025851964198778826
0.19285714285714284,0.03346938775510204,0.00025851964198778826
0.19285714285714284,0.035102040816326535,0.00025851964198778826
0.19285714285714284,0.03673469387755102,0.00025851964198778826
0.19285714285714284,0.03836734693877551,0.00025851964198778826
0.19285714285714284,0.04,0.00025851964198778826
0.19285714285714284,0.04163265306122449,0.00025851964198778826
0.19285714285714284,0.043265306122448985,0.00025851964198778826
0.19285714285714284,0.044897959183673466,0.00025851964198778826
0.19285714285714284,0.04653061224489796,0.00025851964198778826
0.19285714285714284,0.04816326530612245,0.00025851964198778826
0.19285714285714284,0.04979591836734694,0.00025851964198778826
0.19285714285714284,0.051428571428571435,0.00025851964198778826
0.19285714285714284,0.053061224489795916,0.00025851964198778826
0.19285714285714284,0.05469387755102041,0.00025851964198778826
0.19285714285714284,0.0563265306122449,0.00025851964198778826
0.19285714285714284,0.05795918367346939,0.00025851964198778826
0.19285714285714284,0.059591836734693884,0.00025851964198778826
0.19285714285714284,0.061224489795918366,0.00025851964198778826
0.19285714285714284,0.06285714285714286,0.00025851964198778826
0.19285714285714284,0.06448979591836734,0.00025851964198778826
0.19285714285714284,0.06612244897959184,0.00025851964198778826
0.19285714285714284,0.06775510204081633,0.00025851964198778826
0.19285714285714284,0.06938775510204082,0.00025851964198778826
0.19285714285714284,0.07102040816326531,0.00025851964198778826
0.19285714285714284,0.0726530612244898,0.00025851964198778826
0.19285714285714284,0.07428571428571429,0.00025851964198778826
0.19285714285714284,0.07591836734693877,0.00025851964198778826
0.19285714285714284,0.07755102040816327,0.00025851964198778793
0.19285714285714284,0.07918367346938776,0.0002585196419877899
0.19285714285714284,0.08,0.0002585196419877922
0.1989795918367347,0.0,0.00025851964198778826
0.1989795918367347,0.0008163265306122449,0.00025851964198778826
0.1989795918367347,0.0024489795918367346,0.00025851964198778826
0.1989795918367347,0.004081632653061225,0.00025851964198778826
0.1989795918367347,0.005714285714285714,0.00025851964198778826
0.1989795918367347,0.007346938775510205,0.00025851964198778826
0.1989795918367347,0.008979591836734694,0.00025851964198778826
0.1989795918367347,0.010612244897959183,0.00025851964198778826
0.1989795918367347,0.012244897959183675,0.00025851964198778826
0.1989795918367347,0.013877551020408163,0.00025851964198778826
0.1989795918367347,0.015510204081632655,0.00025851964198778826
0.1989795918367347,0.017142857142857144,0.00025851964198778826
0.1989795918367347,0.018775510204081632,0.00025851964198778826
0.1989795918367347,0.020408163265306124,0.00025851964198778826
0.1989795918367347,0.022040816326530613,0.00025851964198778826
0.1989795918367347,0.0236734693877551,0.00025851964198778826
0.1989795918367347,0.025306122448979593,0.00025851964198778826
0.1989795918367347,0.026938775510204082,0.00025851964198778826
0.1989795918367347,0.028571428571428574,0.00025851964198778826
0.1989795918367347,0.030204081632653063,0.00025851964198778826
0.1989795918367347,0.03183673469387755,0.00025851964198778826
0.1989795918367347,0.03346938775510204,0.00025851964198778826
0.1989795918367347,0.035102040816326535,0.00025851964198778826
0.1989795918367347,0.03673469387755102,0.00025851964198778826
0.1989795918367347,0.03836734693877551,0.00025851964198778826
0.1989795918367347,0.04,0.00025851964198778826
0.1989795918367347,0.04163265306122449,0.00025851964198778826
0.1989795918367347,0.043265306122448985,0.00025851964198778826
0.1989795918367347,0.044897959183673466,0.00025851964198778826
0.1989795918367347,0.04653061224489796,0.00025851964198778826
0.1989795918367347,0.04816326530612245,0.00025851964198778826
0.1989795918367347,0.04979591836734694,0.00025851964198778826
0.1989795918367347,0.051428571428571435,0.00025851964198778826
0.1989795918367347,0.053061224489795916,0.00025851964198778826
0.1989795918367347,0.05469387755102041,0.00025851964198778826
0.1989795918367347,0.0563265306122449,0.00025851964198778826
0.1989795918367347,0.05795918367346939,0.00025851964198778826
0.1989795918367347,0.059591836734693884,0.00025851964198778826
0.1989795918367347,0.061224489795918366,0.00025851964198778826
0.1989795918367347,0.06285714285714286,0.00025851964198778826
0.1989795918367347,0.06448979591836734,0.00025851964198778826
0.1989795918367347,0.06612244897959184,0.00025851964198778826
0.1989795918367347,0.06775510204081633,0.00025851964198778826
0.1989795918367347,0.06938775510204082,0.00025851964198778826
0.1989795918367347,0.07102040816326531,0.00025851964198778826
0.1989795918367347,0.0726530612244898,0.00025851964198778826
0.1989795918367347,0.07428571428571429,0.00025851964198778826
0.1989795918367347,0.07591836734693877,0.00025851964198778826
0.1989795918367347,0.07755102040816327,0.00025851964198778826
0.1989795918367347,0.07918367346938776,0.0002585196419877902
0.1989795918367347,0.08,0.0002585196419877922
0.20510204081632652,0.0,0.00025851964198778826
0.20510204081632652,0.0008163265306122449,0.00025851964198778826
0.20510204081632652,0.0024489795918367346,0.00025851964198778826
0.20510204081632652,0.004081632653061225,0.00025851964198778826
0.20510204081632652,0.005714285714285714,0.00025851964198778826
0.20510204081632652,0.007346938775510205,0.00025851964198778826
0.20510204081632652,0.008979591836734694,0.00025851964198778826
0.20510204081632652,0.010612244897959183,0.00025851964198778826
0.20510204081632652,0.012244897959183675,0.00025851964198778826
0.20510204081632652,0.013877551020408163,0.00025851964198778826
0.20510204081632652,0.015510204081632655,0.00025851964198778826
0.20510204081632652,0.017142857142857144,0.00025851964198778826
0.20510204081632652,0.018775510204081632,0.00025851964198778826
0.20510204081632652,0.020408163265306124,0.00025851964198778826
0.20510204081632652,0.022040816326530613,0.00025851964198778826
0.20510204081632652,0.0236734693877551,0.00025851964198778826
0.20510204081632652,0.025306122448979593,0.00025851964198778826
0.20510204081632652,0.026938775510204082,0.00025851964198778826
0.20510204081632652,0.028571428571428574,0.00025851964198778826
0.20510204081632652,0.030204081632653063,0.00025851964198778826
0.20510204081632652,0.03183673469387755,0.00025851964198778826
0.20510204081632652,0.03346938775510204,0.00025851964198778826
0.20510204081632652,0.035102040816326535,0.00025851964198778826
0.20510204081632652,0.03673469387755102,0.00025851964198778826
0.20510204081632652,0.03836734693877551,0.00025851964198778826
0.20510204081632652,0.04,0.00025851964198778826
0.20510204081632652,0.04163265306122449,0.00025851964198778826
0.20510204081632652,0.043265306122448985,0.00025851964198778826
0.20510204081632652,0.044897959183673466,0.00025851964198778826
0.20510204081632652,0.04653061224489796,0.00025851964198778826
0.20510204081632652,0.04816326530612245,0.00025851964198778826
0.20510204081632652,0.04979591836734694,0.00025851964198778826
0.20510204081632652,0.051428571428571435,0.00025851964198778826
0.20510204081632652,0.053061224489795916,0.00025851964198778826
0.20510204081632652,0.05469387755102041,0.00025851964198778826
0.20510204081632652,0.0563265306122449,0.00025851964198778826
0.20510204081632652,0.05795918367346939,0.00025851964198778826
0.20510204081632652,0.059591836734693884,0.00025851964198778826
0.20510204081632652,0.061224489795918366,0.00025851964198778826
0.20510204081632652,0.06285714285714286,0.00025851964198778826
0.20510204081632652,0.06448979591836734,0.00025851964198778826
0.20510204081632652,0.06612244897959184,0.00025851964198778826
0.20510204081632652,0.06775510204081633,0.00025851964198778826
0.20510204081632652,0.06938775510204082,0.00025851964198778826
0.20510204081632652,0.07102040816326531,0.00025851964198778826
0.20510204081632652,0.0726530612244898,0.00025851964198778826
0.20510204081632652,0.07428571428571429,0.00025851964198778826
0.20510204081632652,0.07591836734693877,0.00025851964198778826
0.20510204081632652,0.07755102040816327,0.00025851964198778826
0.20510204081632652,0.07918367346938776,0.0002585196419877902
0.20510204081632652,0.08,0.0002585196419877922
0.21122448979591835,0.0,0.00025851964198778826
0.21122448979591835,0.0008163265306122449,0.00025851964198778826
0.21122448979591835,0.0024489795918367346,0.00025851964198778826
0.21122448979591835,0.004081632653061225,0.00025851964198778826
0.21122448979591835,0.005714285714285714,0.00025851964198778826
0.21122448979591835,0.007346938775510205,0.00025851964198778826
0.21122448979591835,0.008979591836734694,0.00025851964198778826
0.21122448979591835,0.010612244897959183,0.00025851964198778826
0.21122448979591835,0.012244897959183675,0.00025851964198778826
0.21122448979591835,0.013877551020408163,0.00025851964198778826
0.21122448979591835,0.015510204081632655,0.00025851964198778826
0.21122448979591835,0.017142857142857144,0.00025851964198778826
0.21122448979591835,0.018775510204081632,0.00025851964198778826
0.21122448979591835,0.020408163265306124,0.00025851964198778826
0.21122448979591835,0.022040816326530613,0.00025851964198778826
0.21122448979591835,0.0236734693877551,0.00025851964198778826
0.21122448979591835,0.025306122448979593,0.00025851964198778826
0.21122448979591835,0.026938775510204082,0.00025851964198778826
0.21122448979591835,0.028571428571428574,0.00025851964198778826
0.21122448979591835,0.030204081632653063,0.00025851964198778826
0.21122448979591835,0.03183673469387755,0.00025851964198778826
0.21122448979591835,0.03346938775510204,0.00025851964198778826
0.21122448979591835,0.035102040816326535,0.00025851964198778826
0.21122448979591835,0.03673469387755102,0.00025851964198778826
0.21122448979591835,0.03836734693877551,0.00025851964198778826
0.21122448979591835,0.04,0.00025851964198778826
0.21122448979591835,0.04163265306122449,0.00025851964198778826
0.21122448979591835,0.043265306122448985,0.00025851964198778826
0.21122448979591835,0.044897959183673466,0.00025851964198778826
0.21122448979591835,0.04653061224489796,0.00025851964198778826
0.21122448979591835,0.04816326530612245,0.00025851964198778826
0.21122448979591835,0.04979591836734694,0.00025851964198778826
0.21122448979591835,0.051428571428571435,0.00025851964198778826
0.21122448979591835,0.053061224489795916,0.00025851964198778826
0.21122448979591835,0.05469387755102041,0.00025851964198778826
0.21122448979591835,0.0563265306122449,0.00025851964198778826
0.21122448979591835,0.05795918367346939,0.00025851964198778826
0.21122448979591835,0.059591836734693884,0.00025851964198778826
0.21122448979591835,0.061224489795918366,0.00025851964198778826
0.21122448979591835,0.06285714285714286,0.00025851964198778826
0.21122448979591835,0.06448979591836734,0.00025851964198778826
0.21122448979591835,0.06612244897959184,0.00025851964198778826
0.21122448979591835,0.06775510204081633,0.00025851964198778826
0.21122448979591835,0.06938775510204082,0.00025851964198778826
0.21122448979591835,0.07102040816326531,0.00025851964198778826
0.21122448979591835,0.0726530612244898,0.00025851964198778826
0.21122448979591835,0.07428571428571429,0.00025851964198778826
0.21122448979591835,0.07591836734693877,0.00025851964198778826
0.21122448979591835,0.07755102040816327,0.00025851964198778793
0.21122448979591835,0.07918367346938776,0.0002585196419877899
0.21122448979591835,0.08,0.0002585196419877922
0.2173469387755102,0.0,0.00025851964198778826
0.2173469387755102,0.0008163265306122449,0.00025851964198778826
0.2173469387755102,0.0024489795918367346,0.00025851964198778826
0.2173469387755102,0.004081632653061225,0.00025851964198778826
0.2173469387755102,0.005714285714285714,0.00025851964198778826
0.2173469387755102,0.007346938775510205,0.00025851964198778826
0.2173469387755102,0.008979591836734694,0.00025851964198778826
0.2173469387755102,0.010612244897959183,0.00025851964198778826
0.2173469387755102,0.012244897959183675,0.00025851964198778826
0.2173469387755102,0.013877551020408163,0.00025851964198778826
0.2173469387755102,0.015510204081632655,0.00025851964198778826
0.2173469387755102,0.017142857142857144,0.00025851964198778826
0.2173469387755102,0.018775510204081632,0.00025851964198778826
0.2173469387755102,0.020408163265306124,0.00025851964198778826
0.2173469387755102,0.022040816326530613,0.00025851964198778826
0.2173469387755102,0.0236734693877551,0.00025851964198778826
0.2173469387755102,0.025306122448979593,0.00025851964198778826
0.2173469387755102,0.026938775510204082,0.00025851964198778826
0.2173469387755102,0.028571428571428574,0.00025851964198778826
0.2173469387755102,0.030204081632653063,0.00025851964198778826
0.2173469387755102,0.03183673469387755,0.00025851964198778826
0.2173469387755102,0.03346938775510204,0.00025851964198778826
0.2173469387755102,0.035102040816326535,0.00025851964198778826
0.2173469387755102,0.03673469387755102,0.00025851964198778826
0.2173469387755102,0.03836734693877551,0.00025851964198778826
0.2173469387755102,0.04,0.00025851964198778826
0.2173469387755102,0.04163265306122449,0.00025851964198778826
0.2173469387755102,0.043265306122448985,0.00025851964198778826
0.2173469387755102,0.044897959183673466,0.00025851964198778826
0.2173469387755102,0.04653061224489796,0.00025851964198778826
0.2173469387755102,0.04816326530612245,0.00025851964198778826
0.2173469387755102,0.04979591836734694,0.00025851964198778826
0.2173469387755102,0.051428571428571435,0.00025851964198778826
0.2173469387755102,0.053061224489795916,0.00025851964198778826
0.2173469387755102,0.05469387755102041,0.00025851964198778826
0.2173469387755102,0.0563265306122449,0.00025851964198778826
0.2173469387755102,0.05795918367346939,0.00025851964198778826
0.2173469387755102,0.059591836734693884,0.00025851964198778826
0.2173469387755102,0.061224489795918366,0.00025851964198778826
0.2173469387755102,0.06285714285714286,0.00025851964198778826
0.2173469387755102,0.06448979591836734,0.00025851964198778826
0.2173469387755102,0.06612244897959184,0.00025851964198778826
0.2173469387755102,0.06775510204081633,0.00025851964198778826
0.2173469387755102,0.06938775510204082,0.00025851964198778826
0.2173469387755102,0.07102040816326531,0.00025851964198778826
0.2173469387755102,0.0726530612244898,0.00025851964198778826
0.2173469387755102,0.07428571428571429,0.00025851964198778826
0.2173469387755102,0.07591836734693877,0.00025851964198778826
0.2173469387755102,0.07755102040816327,0.0002585196419877876
0.2173469387755102,0.07918367346938776,0.0002585196419877896
0.2173469387755102,0.08,0.0002585196419877922
0.22346938775510203,0.0,0.00025851964198778826
0.22346938775510203,0.0008163265306122449,0.00025851964198778826
0.22346938775510203,0.0024489795918367346,0.00025851964198778826
0.22346938775510203,0.004081632653061225,0.00025851964198778826
0.22346938775510203,0.005714285714285714,0.00025851964198778826
0.22346938775510203,0.007346938775510205,0.00025851964198778826
0.22346938775510203,0.008979591836734694,0.00025851964198778826
0.22346938775510203,0.010612244897959183,0.00025851964198778826
0.22346938775510203,0.012244897959183675,0.00025851964198778826
0.22346938775510203,0.013877551020408163,0.00025851964198778826
0.22346938775510203,0.015510204081632655,0.00025851964198778826
0.22346938775510203,0.017142857142857144,0.00025851964198778826
0.22346938775510203,0.018775510204081632,0.00025851964198778826
0.22346938775510203,0.020408163265306124,0.00025851964198778826
0.22346938775510203,0.022040816326530613,0.00025851964198778826
0.22346938775510203,0.0236734693877551,0.00025851964198778826
0.22346938775510203,0.025306122448979593,0.00025851964198778826
0.22346938775510203,0.026938775510204082,0.00025851964198778826
0.22346938775510203,0.028571428571428574,0.00025851964198778826
0.22346938775510203,0.030204081632653063,0.00025851964198778826
0.22346938775510203,0.03183673469387755,0.00025851964198778826
0.22346938775510203,0.03346938775510204,0.00025851964198778826
0.22346938775510203,0.035102040816326535,0.00025851964198778826
0.22346938775510203,0.03673469387755102,0.00025851964198778826
0.22346938775510203,0.03836734693877551,0.00025851964198778826
0.22346938775510203,0.04,0.00025851964198778826
0.22346938775510203,0.04163265306122449,0.00025851964198778826
0.22346938775510203,0.043265306122448985,0.00025851964198778826
0.22346938775510203,0.044897959183673466,0.00025851964198778826
0.22346938775510203,0.04653061224489796,0.00025851964198778826
0.22346938775510203,0.04816326530612245,0.00025851964198778826
0.22346938775510203,0.04979591836734694,0.00025851964198778826
0.22346938775510203,0.051428571428571435,0.00025851964198778826
0.22346938775510203,0.053061224489795916,0.00025851964198778826
0.22346938775510203,0.05469387755102041,0.00025851964198778826
0.22346938775510203,0.0563265306122449,0.00025851964198778826
0.22346938775510203,0.05795918367346939,0.00025851964198778826
0.22346938775510203,0.059591836734693884,0.00025851964198778826
0.22346938775510203,0.061224489795918366,0.00025851964198778826
0.22346938775510203,0.06285714285714286,0.00025851964198778826
0.22346938775510203,0.06448979591836734,0.00025851964198778826
0.22346938775510203,0.06612244897959184,0.00025851964198778826
0.22346938775510203,0.06775510204081633,0.00025851964198778826
0.22346938775510203,0.06938775510204082,0.00025851964198778826
0.22346938775510203,0.07102040816326531,0.00025851964198778826
0.22346938775510203,0.0726530612244898,0.00025851964198778826
0.22346938775510203,0.07428571428571429,0.00025851964198778826
0.22346938775510203,0.07591836734693877,0.00025851964198778826
0.22346938775510203,0.07755102040816327,0.00025851964198778793
0.22346938775510203,0.07918367346938776,0.0002585196419877899
0.22346938775510203,0.08,0.0002585196419877922
0.22959183673469385,0.0,0.00025851964198778826
0.22959183673469385,0.0008163265306122449,0.00025851964198778826
0.22959183673469385,0.0024489795918367346,0.00025851964198778826
0.22959183673469385,0.004081632653061225,0.00025851964198778826
0.22959183673469385,0.005714285714285714,0.00025851964198778826
0.22959183673469385,0.007346938775510205,0.00025851964198778826
0.22959183673469385,0.008979591836734694,0.00025851964198778826
0.22959183673469385,0.010612244897959183,0.00025851964198778826
0.22959183673469385,0.012244897959183675,0.00025851964198778826
0.22959183673469385,0.013877551020408163,0.00025851964198778826
0.22959183673469385,0.015510204081632655,0.00025851964198778826
0.22959183673469385,0.017142857142857144,0.00025851964198778826
0.22959183673469385,0.018775510204081632,0.00025851964198778826
0.22959183673469385,0.020408163265306124,0.00025851964198778826
0.22959183673469385,0.022040816326530613,0.00025851964198778826
0.22959183673469385,0.0236734693877551,0.00025851964198778826
0.22959183673469385,0.025306122448979593,0.00025851964198778826
0.22959183673469385,0.026938775510204082,0.00025851964198778826
0.22959183673469385,0.028571428571428574,0.00025851964198778826
0.22959183673469385,0.030204081632653063,0.00025851964198778826
0.22959183673469385,0.03183673469387755,0.00025851964198778826
0.22959183673469385,0.03346938775510204,0.00025851964198778826
0.22959183673469385,0.035102040816326535,0.00025851964198778826
0.22959183673469385,0.03673469387755102,0.00025851964198778826
0.22959183673469385,0.03836734693877551,0.00025851964198778826
0.22959183673469385,0.04,0.00025851964198778826
0.22959183673469385,0.04163265306122449,0.00025851964198778826
0.22959183673469385,0.043265306122448985,0.00025851964198778826
0.22959183673469385,0.044897959183673466,0.00025851964198778826
0.22959183673469385,0.04653061224489796,0.00025851964198778826
0.22959183673469385,0.04816326530612245,0.00025851964198778826
0.22959183673469385,0.04979591836734694,0.00025851964198778826
0.22959183673469385,0.051428571428571435,0.00025851964198778826
0.22959183673469385,0.053061224489795916,0.00025851964198778826
0.22959183673469385,0.05469387755102041,0.00025851964198778826
0.22959183673469385,0.0563265306122449,0.00025851964198778826
0.22959183673469385,0.05795918367346939,0.00025851964198778826
0.22959183673469385,0.059591836734693884,0.00025851964198778826
0.22959183673469385,0.061224489795918366,0.00025851964198778826
0.22959183673469385,0.06285714285714286,0.00025851964198778826
0.22959183673469385,0.06448979591836734,0.00025851964198778826
0.22959183673469385,0.06612244897959184,0.00025851964198778826
0.22959183673469385,0.06775510204081633,0.00025851964198778826
0.22959183673469385,0.06938775510204082,0.00025851964198778826
0.22959183673469385,0.07102040816326531,0.00025851964198778826
0.22959183673469385,0.0726530612244898,0.00025851964198778826
0.22959183673469385,0.07428571428571429,0.00025851964198778826
0.22959183673469385,0.07591836734693877,0.00025851964198778826
0.22959183673469385,0.07755102040816327,0.00025851964198778826
0.22959183673469385,0.07918367346938776,0.0002585196419877902
0.22959183673469385,0.08,0.0002585196419877922
0.2357142857142857,0.0,0.00025851964198778826
0.2357142857142857,0.0008163265306122449,0.00025851964198778826
0.2357142857142857,0.0024489795918367346,0.00025851964198778826
0.2357142857142857,0.004081632653061225,0.00025851964198778826
0.2357142857142857,0.005714285714285714,0.00025851964198778826
0.2357142857142857,0.007346938775510205,0.00025851964198778826
0.2357142857142857,0.008979591836734694,0.00025851964198778826
0.2357142857142857,0.010612244897959183,0.00025851964198778826
0.2357142857142857,0.012244897959183675,0.00025851964198778826
0.2357142857142857,0.013877551020408163,0.00025851964198778826
0.2357142857142857,0.015510204081632655,0.00025851964198778826
0.2357142857142857,0.017142857142857144,0.00025851964198778826
0.2357142857142857,0.018775510204081632,0.00025851964198778826
0.2357142857142857,0.020408163265306124,0.00025851964198778826
0.2357142857142857,0.022040816326530613,0.00025851964198778826
0.2357142857142857,0.0236734693877551,0.00025851964198778826
0.2357142857142857,0.025306122448979593,0.00025851964198778826
0.2357142857142857,0.026938775510204082,0.00025851964198778826
0.2357142857142857,0.028571428571428574,0.00025851964198778826
0.2357142857142857,0.030204081632653063,0.00025851964198778826
0.2357142857142857,0.03183673469387755,0.00025851964198778826
0.2357142857142857,0.03346938775510204,0.00025851964198778826
0.2357142857142857,0.035102040816326535,0.00025851964198778826
0.2357142857142857,0.03673469387755102,0.00025851964198778826
0.2357142857142857,0.03836734693877551,0.00025851964198778826
0.2357142857142857,0.04,0.00025851964198778826
0.2357142857142857,0.04163265306122449,0.00025851964198778826
0.2357142857142857,0.043265306122448985,0.00025851964198778826
0.2357142857142857,0.044897959183673466,0.00025851964198778826
0.2357142857142857,0.04653061224489796,0.00025851964198778826
0.2357142857142857,0.04816326530612245,0.00025851964198778826
0.2357142857142857,0.04979591836734694,0.00025851964198778826
0.2357142857142857,0.051428571428571435,0.00025851964198778826
0.2357142857142857,0.053061224489795916,0.00025851964198778826
0.2357142857142857,0.05469387755102041,0.00025851964198778826
0.2357142857142857,0.0563265306122449,0.00025851964198778826
0.2357142857142857,0.05795918367346939,0.00025851964198778826
0.2357142857142857,0.059591836734693884,0.00025851964198778826
0.2357142857142857,0.061224489795918366,0.00025851964198778826
0.2357142857142857,0.06285714285714286,0.00025851964198778826
0.2357142857142857,0.06448979591836734,0.00025851964198778826
0.2357142857142857,0.06612244897959184,0.00025851964198778826
0.2357142857142857,0.06775510204081633,0.00025851964198778826
0.2357142857142857,0.06938775510204082,0.00025851964198778826
0.2357142857142857,0.07102040816326531,0.00025851964198778826
0.2357142857142857,0.0726530612244898,0.00025851964198778826
0.2357142857142857,0.07428571428571429,0.00025851964198778826
0.2357142857142857,0.07591836734693877,0.00025851964198778826
0.2357142857142857,0.07755102040816327,0.00025851964198778826
0.2357142857142857,0.07918367346938776,0.0002585196419877902
0.2357142857142857,0.08,0.0002585196419877922
0.24183673469387754,0.0,0.00025851964198778826
0.24183673469387754,0.0008163265306122449,0.00025851964198778826
0.24183673469387754,0.0024489795918367346,0.00025851964198778826
0.24183673469387754,0.004081632653061225,0.00025851964198778826
0.24183673469387754,0.005714285714285714,0.00025851964198778826
0.24183673469387754,0.007346938775510205,0.00025851964198778826
0.24183673469387754,0.008979591836734694,0.00025851964198778826
0.24183673469387754,0.010612244897959183,0.00025851964198778826
0.24183673469387754,0.012244897959183675,0.00025851964198778826
0.24183673469387754,0.013877551020408163,0.00025851964198778826
0.24183673469387754,0.015510204081632655,0.00025851964198778826
0.24183673469387754,0.017142857142857144,0.00025851964198778826
0.24183673469387754,0.018775510204081632,0.00025851964198778826
0.24183673469387754,0.020408163265306124,0.00025851964198778826
0.24183673469387754,0.022040816326530613,0.00025851964198778826
0.24183673469387754,0.0236734693877551,0.00025851964198778826
0.24183673469387754,0.025306122448979593,0.00025851964198778826
0.24183673469387754,0.026938775510204082,0.00025851964198778826
0.24183673469387754,0.028571428571428574,0.00025851964198778826
0.24183673469387754,0.030204081632653063,0.00025851964198778826
0.24183673469387754,0.03183673469387755,0.00025851964198778826
0.24183673469387754,0.03346938775510204,0.00025851964198778826
0.24183673469387754,0.035102040816326535,0.00025851964198778826
0.24183673469387754,0.03673469387755102,0.00025851964198778826
0.24183673469387754,0.03836734693877551,0.00025851964198778826
0.24183673469387754,0.04,0.00025851964198778826
0.24183673469387754,0.04163265306122449,0.00025851964198778826
0.24183673469387754,0.043265306122448985,0.00025851964198778826
0.24183673469387754,0.044897959183673466,0.00025851964198778826
0.24183673469387754,0.04653061224489796,0.00025851964198778826
0.24183673469387754,0.04816326530612245,0.00025851964198778826
0.24183673469387754,0.04979591836734694,0.00025851964198778826
0.24183673469387754,0.051428571428571435,0.00025851964198778826
0.24183673469387754,0.053061224489795916,0.00025851964198778826
0.24183673469387754,0.05469387755102041,0.00025851964198778826
0.24183673469387754,0.0563265306122449,0.00025851964198778826
0.24183673469387754,0.05795918367346939,0.00025851964198778826
0.24183673469387754,0.059591836734693884,0.00025851964198778826
0.24183673469387754,0.061224489795918366,0.00025851964198778826
0.24183673469387754,0.06285714285714286,0.00025851964198778826
0.24183673469387754,0.06448979591836734,0.00025851964198778826
0.24183673469387754,0.06612244897959184,0.00025851964198778826
0.24183673469387754,0.06775510204081633,0.00025851964198778826
0.24183673469387754,0.06938775510204082,0.00025851964198778826
0.24183673469387754,0.07102040816326531,0.00025851964198778826
0.24183673469387754,0.0726530612244898,0.00025851964198778826
0.24183673469387754,0.07428571428571429,0.00025851964198778826
0.24183673469387754,0.07591836734693877,0.00025851964198778826
0.24183673469387754,0.07755102040816327,0.00025851964198778793
0.24183673469387754,0.07918367346938776,0.0002585196419877899
0.24183673469387754,0.08,0.0002585196419877922
0.2479591836734694,0.0,0.00025851964198778826
0.2479591836734694,0.0008163265306122449,0.00025851964198778826
0.2479591836734694,0.0024489795918367346,0.00025851964198778826
0.2479591836734694,0.004081632653061225,0.00025851964198778826
0.2479591836734694,0.005714285714285714,0.00025851964198778826
0.2479591836734694,0.007346938775510205,0.00025851964198778826
0.2479591836734694,0.008979591836734694,0.00025851964198778826
0.2479591836734694,0.010612244897959183,0.00025851964198778826
0.2479591836734694,0.012244897959183675,0.00025851964198778826
0.2479591836734694,0.013877551020408163,0.00025851964198778826
0.2479591836734694,0.015510204081632655,0.00025851964198778826
0.2479591836734694,0.017142857142857144,0.00025851964198778826
0.2479591836734694,0.018775510204081632,0.00025851964198778826
0.2479591836734694,0.020408163265306124,0.00025851964198778826
0.2479591836734694,0.022040816326530613,0.00025851964198778826
0.2479591836734694,0.0236734693877551,0.00025851964198778826
0.2479591836734694,0.025306122448979593,0.00025851964198778826
0.2479591836734694,0.026938775510204082,0.00025851964198778826
0.2479591836734694,0.028571428571428574,0.00025851964198778826
0.2479591836734694,0.030204081632653063,0.00025851964198778826
0.2479591836734694,0.03183673469387755,0.00025851964198778826
0.2479591836734694,0.03346938775510204,0.00025851964198778826
0.2479591836734694,0.035102040816326535,0.00025851964198778826
0.2479591836734694,0.03673469387755102,0.00025851964198778826
0.2479591836734694,0.03836734693877551,0.00025851964198778826
0.2479591836734694,0.04,0.00025851964198778826
0.2479591836734694,0.04163265306122449,0.00025851964198778826
0.2479591836734694,0.043265306122448985,0.00025851964198778826
0.2479591836734694,0.044897959183673466,0.00025851964198778826
0.2479591836734694,0.04653061224489796,0.00025851964198778826
0.2479591836734694,0.04816326530612245,0.00025851964198778826
0.2479591836734694,0.04979591836734694,0.00025851964198778826
0.2479591836734694,0.051428571428571435,0.00025851964198778826
0.2479591836734694,0.053061224489795916,0.00025851964198778826
0.2479591836734694,0.05469387755102041,0.00025851964198778826
0.2479591836734694,0.0563265306122449,0.00025851964198778826
0.2479591836734694,0.05795918367346939,0.00025851964198778826
0.2479591836734694,0.059591836734693884,0.00025851964198778826
0.2479591836734694,0.061224489795918366,0.00025851964198778826
0.2479591836734694,0.06285714285714286,0.00025851964198778826
0.2479591836734694,0.06448979591836734,0.00025851964198778826
0.2479591836734694,0.06612244897959184,0.00025851964198778826
0.2479591836734694,0.06775510204081633,0.00025851964198778826
0.2479591836734694,0.06938775510204082,0.00025851964198778826
0.2479591836734694,0.07102040816326531,0.00025851964198778826
0.2479591836734694,0.0726530612244898,0.00025851964198778826
0.2479591836734694,0.07428571428571429,0.00025851964198778826
0.2479591836734694,0.07591836734693877,0.00025851964198778826
0.2479591836734694,0.07755102040816327,0.0002585196419877876
0.2479591836734694,0.07918367346938776,0.0002585196419877896
0.2479591836734694,0.08,0.0002585196419877922
0.2540816326530612,0.0,0.00025851964198778826
0.2540816326530612,0.0008163265306122449,0.00025851964198778826
0.2540816326530612,0.0024489795918367346,0.00025851964198778826
0.2540816326530612,0.004081632653061225,0.00025851964198778826
0.2540816326530612,0.005714285714285714,0.00025851964198778826
0.2540816326530612,0.007346938775510205,0.00025851964198778826
0.2540816326530612,0.008979591836734694,0.00025851964198778826
0.2540816326530612,0.010612244897959183,0.00025851964198778826
0.2540816326530612,0.012244897959183675,0.00025851964198778826
0.2540816326530612,0.013877551020408163,0.00025851964198778826
0.2540816326530612,0.015510204081632655,0.00025851964198778826
0.2540816326530612,0.017142857142857144,0.00025851964198778826
0.2540816326530612,0.018775510204081632,0.00025851964198778826
0.2540816326530612,0.020408163265306124,0.00025851964198778826
0.2540816326530612,0.022040816326530613,0.00025851964198778826
0.2540816326530612,0.0236734693877551,0.00025851964198778826
0.2540816326530612,0.025306122448979593,0.00025851964198778826
0.2540816326530612,0.026938775510204082,0.00025851964198778826
0.2540816326530612,0.028571428571428574,0.00025851964198778826
0.2540816326530612,0.030204081632653063,0.00025851964198778826
0.2540816326530612,0.03183673469387755,0.00025851964198778826
0.2540816326530612,0.03346938775510204,0.00025851964198778826
0.2540816326530612,0.035102040816326535,0.00025851964198778826
0.2540816326530612,0.03673469387755102,0.00025851964198778826
0.2540816326530612,0.03836734693877551,0.00025851964198778826
0.2540816326530612,0.04,0.00025851964198778826
0.2540816326530612,0.04163265306122449,0.00025851964198778826
0.2540816326530612,0.043265306122448985,0.00025851964198778826
0.2540816326530612,0.044897959183673466,0.00025851964198778826
0.2540816326530612,0.04653061224489796,0.00025851964198778826
0.2540816326530612,0.04816326530612245,0.00025851964198778826
0.2540816326530612,0.04979591836734694,0.00025851964198778826
0.2540816326530612,0.051428571428571435,0.00025851964198778826
0.2540816326530612,0.053061224489795916,0.00025851964198778826
0.2540816326530612,0.05469387755102041,0.00025851964198778826
0.2540816326530612,0.0563265306122449,0.00025851964198778826
0.2540816326530612,0.05795918367346939,0.00025851964198778826
0.2540816326530612,0.059591836734693884,0.00025851964198778826
0.2540816326530612,0.061224489795918366,0.00025851964198778826
0.2540816326530612,0.06285714285714286,0.00025851964198778826
0.2540816326530612,0.06448979591836734,0.00025851964198778826
0.2540816326530612,0.06612244897959184,0.00025851964198778826
0.2540816326530612,0.06775510204081633,0.00025851964198778826
0.2540816326530612,0.06938775510204082,0.00025851964198778826
0.2540816326530612,0.07102040816326531,0.00025851964198778826
0.2540816326530612,0.0726530612244898,0.00025851964198778826
0.2540816326530612,0.07428571428571429,0.00025851964198778826
0.2540816326530612,0.07591836734693877,0.00025851964198778826
0.2540816326530612,0.07755102040816327,0.00025851964198778793
0.2540816326530612,0.07918367346938776,0.0002585196419877899
0.2540816326530612,0.08,0.0002585196419877922
0.2602040816326531,0.0,0.00025851964198778826
0.2602040816326531,0.0008163265306122449,0.00025851964198778826
0.2602040816326531,0.0024489795918367346,0.00025851964198778826
0.2602040816326531,0.004081632653061225,0.00025851964198778826
0.2602040816326531,0.005714285714285714,0.00025851964198778826
0.2602040816326531,0.007346938775510205,0.00025851964198778826
0.2602040816326531,0.008979591836734694,0.00025851964198778826
0.2602040816326531,0.010612244897959183,0.00025851964198778826
0.2602040816326531,0.012244897959183675,0.00025851964198778826
0.2602040816326531,0.013877551020408163,0.00025851964198778826
0.2602040816326531,0.015510204081632655,0.00025851964198778826
0.2602040816326531,0.017142857142857144,0.00025851964198778826
0.2602040816326531,0.018775510204081632,0.00025851964198778826
0.2602040816326531,0.020408163265306124,0.00025851964198778826
0.2602040816326531,0.022040816326530613,0.00025851964198778826
0.2602040816326531,0.0236734693877551,0.00025851964198778826
0.2602040816326531,0.025306122448979593,0.00025851964198778826
0.2602040816326531,0.026938775510204082,0.00025851964198778826
0.2602040816326531,0.028571428571428574,0.00025851964198778826
0.2602040816326531,0.030204081632653063,0.00025851964198778826
0.2602040816326531,0.03183673469387755,0.00025851964198778826
0.2602040816326531,0.03346938775510204,0.00025851964198778826
0.2602040816326531,0.035102040816326535,0.00025851964198778826
0.2602040816326531,0.03673469387755102,0.00025851964198778826
0.2602040816326531,0.03836734693877551,0.00025851964198778826
0.2602040816326531,0.04,0.00025851964198778826
0.2602040816326531,0.04163265306122449,0.00025851964198778826
0.2602040816326531,0.043265306122448985,0.00025851964198778826
0.2602040816326531,0.044897959183673466,0.00025851964198778826
0.2602040816326531,0.04653061224489796,0.00025851964198778826
0.2602040816326531,0.04816326530612245,0.00025851964198778826
0.2602040816326531,0.04979591836734694,0.00025851964198778826
0.2602040816326531,0.051428571428571435,0.00025851964198778826
0.2602040816326531,0.053061224489795916,0.00025851964198778826
0.2602040816326531,0.05469387755102041,0.00025851964198778826
0.2602040816326531,0.0563265306122449,0.00025851964198778826
0.2602040816326531,0.05795918367346939,0.00025851964198778826
0.2602040816326531,0.059591836734693884,0.00025851964198778826
0.2602040816326531,0.061224489795918366,0.00025851964198778826
0.2602040816326531,0.06285714285714286,0.00025851964198778826
0.2602040816326531,0.06448979591836734,0.00025851964198778826
0.2602040816326531,0.06612244897959184,0.00025851964198778826
0.2602040816326531,0.06775510204081633,0.00025851964198778826
0.2602040816326531,0.06938775510204082,0.00025851964198778826
0.2602040816326531,0.07102040816326531,0.00025851964198778826
0.2602040816326531,0.0726530612244898,0.00025851964198778826
0.2602040816326531,0.07428571428571429,0.00025851964198778826
0.2602040816326531,0.07591836734693877,0.00025851964198778826
0.2602040816326531,0.07755102040816327,0.00025851964198778793
0.2602040816326531,0.07918367346938776,0.0002585196419877899
0.2602040816326531,0.08,0.0002585196419877922
0.26632653061224487,0.0,0.00025851964198778826
0.26632653061224487,0.0008163265306122449,0.00025851964198778826
0.26632653061224487,0.0024489795918367346,0.00025851964198778826
0.26632653061224487,0.004081632653061225,0.00025851964198778826
0.26632653061224487,0.005714285714285714,0.00025851964198778826
0.26632653061224487,0.007346938775510205,0.00025851964198778826
0.26632653061224487,0.008979591836734694,0.00025851964198778826
0.26632653061224487,0.010612244897959183,0.00025851964198778826
0.26632653061224487,0.012244897959183675,0.00025851964198778826
0.26632653061224487,0.013877551020408163,0.00025851964198778826
0.26632653061224487,0.015510204081632655,0.00025851964198778826
0.26632653061224487,0.017142857142857144,0.00025851964198778826
0.26632653061224487,0.018775510204081632,0.00025851964198778826
0.26632653061224487,0.020408163265306124,0.00025851964198778826
0.26632653061224487,0.022040816326530613,0.00025851964198778826
0.26632653061224487,0.0236734693877551,0.00025851964198778826
0.26632653061224487,0.025306122448979593,0.00025851964198778826
0.26632653061224487,0.026938775510204082,0.00025851964198778826
0.26632653061224487,0.028571428571428574,0.00025851964198778826
0.26632653061224487,0.030204081632653063,0.00025851964198778826
0.26632653061224487,0.03183673469387755,0.00025851964198778826
0.26632653061224487,0.03346938775510204,0.00025851964198778826
0.26632653061224487,0.035102040816326535,0.00025851964198778826
0.26632653061224487,0.03673469387755102,0.00025851964198778826
0.26632653061224487,0.03836734693877551,0.00025851964198778826
0.26632653061224487,0.04,0.00025851964198778826
0.26632653061224487,0.04163265306122449,0.00025851964198778826
0.26632653061224487,0.043265306122448985,0.00025851964198778826
0.26632653061224487,0.044897959183673466,0.00025851964198778826
0.26632653061224487,0.04653061224489796,0.00025851964198778826
0.26632653061224487,0.04816326530612245,0.00025851964198778826
0.26632653061224487,0.04979591836734694,0.00025851964198778826
0.26632653061224487,0.051428571428571435,0.00025851964198778826
0.26632653061224487,0.053061224489795916,0.00025851964198778826
0.26632653061224487,0.05469387755102041,0.00025851964198778826
0.26632653061224487,0.0563265306122449,0.00025851964198778826
0.26632653061224487,0.05795918367346939,0.00025851964198778826
0.26632653061224487,0.059591836734693884,0.00025851964198778826
0.26632653061224487,0.061224489795918366,0.00025851964198778826
0.26632653061224487,0.06285714285714286,0.00025851964198778826
0.26632653061224487,0.06448979591836734,0.00025851964198778826
0.26632653061224487,0.06612244897959184,0.00025851964198778826
0.26632653061224487,0.06775510204081633,0.00025851964198778826
0.26632653061224487,0.06938775510204082,0.00025851964198778826
0.26632653061224487,0.07102040816326531,0.00025851964198778826
0.26632653061224487,0.0726530612244898,0.00025851964198778826
0.26632653061224487,0.07428571428571429,0.00025851964198778826
0.26632653061224487,0.07591836734693877,0.00025851964198778826
0.26632653061224487,0.07755102040816327,0.0002585196419877876
0.26632653061224487,0.07918367346938776,0.0002585196419877896
0.26632653061224487,0.08,0.0002585196419877922
0.2724489795918367,0.0,0.00025851964198778826
0.2724489795918367,0.0008163265306122449,0.00025851964198778826
0.2724489795918367,0.0024489795918367346,0.00025851964198778826
0.2724489795918367,0.004081632653061225,0.00025851964198778826
0.2724489795918367,0.005714285714285714,0.00025851964198778826
0.2724489795918367,0.007346938775510205,0.00025851964198778826
0.2724489795918367,0.008979591836734694,0.00025851964198778826
0.2724489795918367,0.010612244897959183,0.00025851964198778826
0.2724489795918367,0.012244897959183675,0.00025851964198778826
0.2724489795918367,0.013877551020408163,0.00025851964198778826
0.2724489795918367,0.015510204081632655,0.00025851964198778826
0.2724489795918367,0.017142857142857144,0.00025851964198778826
0.2724489795918367,0.018775510204081632,0.00025851964198778826
0.2724489795918367,0.020408163265306124,0.00025851964198778826
0.2724489795918367,0.022040816326530613,0.00025851964198778826
0.2724489795918367,0.0236734693877551,0.00025851964198778826
0.2724489795918367,0.025306122448979593,0.00025851964198778826
0.2724489795918367,0.026938775510204082,0.00025851964198778826
0.2724489795918367,0.028571428571428574,0.00025851964198778826
0.2724489795918367,0.030204081632653063,0.00025851964198778826
0.2724489795918367,0.03183673469387755,0.00025851964198778826
0.2724489795918367,0.03346938775510204,0.00025851964198778826
0.2724489795918367,0.035102040816326535,0.00025851964198778826
0.2724489795918367,0.03673469387755102,0.00025851964198778826
0.2724489795918367,0.03836734693877551,0.00025851964198778826
0.2724489795918367,0.04,0.00025851964198778826
0.2724489795918367,0.04163265306122449,0.00025851964198778826
0.2724489795918367,0.043265306122448985,0.00025851964198778826
0.2724489795918367,0.044897959183673466,0.00025851964198778826
0.2724489795918367,0.04653061224489796,0.00025851964198778826
0.2724489795918367,0.04816326530612245,0.00025851964198778826
0.2724489795918367,0.04979591836734694,0.00025851964198778826
0.2724489795918367,0.051428571428571435,0.00025851964198778826
0.2724489795918367,0.053061224489795916,0.00025851964198778826
0.2724489795918367,0.05469387755102041,0.00025851964198778826
0.2724489795918367,0.0563265306122449,0.00025851964198778826
0.2724489795918367,0.05795918367346939,0.00025851964198778826
0.2724489795918367,0.059591836734693884,0.00025851964198778826
0.2724489795918367,0.061224489795918366,0.00025851964198778826
0.2724489795918367,0.06285714285714286,0.00025851964198778826
0.2724489795918367,0.06448979591836734,0.00025851964198778826
0.2724489795918367,0.06612244897959184,0.00025851964198778826
0.2724489795918367,0.06775510204081633,0.00025851964198778826
0.2724489795918367,0.06938775510204082,0.00025851964198778826
0.2724489795918367,0.07102040816326531,0.00025851964198778826
0.2724489795918367,0.0726530612244898,0.00025851964198778826
0.2724489795918367,0.07428571428571429,0.00025851964198778826
0.2724489795918367,0.07591836734693877,0.00025851964198778826
0.2724489795918367,0.07755102040816327,0.00025851964198778793
0.2724489795918367,0.07918367346938776,0.0002585196419877899
0.2724489795918367,0.08,0.0002585196419877922
0.2785714285714286,0.0,0.00025851964198778826
0.2785714285714286,0.0008163265306122449,0.00025851964198778826
0.2785714285714286,0.0024489795918367346,0.00025851964198778826
0.2785714285714286,0.004081632653061225,0.00025851964198778826
0.2785714285714286,0.005714285714285714,0.00025851964198778826
0.2785714285714286,0.007346938775510205,0.00025851964198778826
0.2785714285714286,0.008979591836734694,0.00025851964198778826
0.2785714285714286,0.010612244897959183,0.00025851964198778826
0.2785714285714286,0.012244897959183675,0.00025851964198778826
0.2785714285714286,0.013877551020408163,0.00025851964198778826
0.2785714285714286,0.015510204081632655,0.00025851964198778826
0.2785714285714286,0.017142857142857144,0.00025851964198778826
0.2785714285714286,0.018775510204081632,0.00025851964198778826
0.2785714285714286,0.020408163265306124,0.00025851964198778826
0.2785714285714286,0.022040816326530613,0.00025851964198778826
0.2785714285714286,0.0236734693877551,0.00025851964198778826
0.2785714285714286,0.025306122448979593,0.00025851964198778826
0.2785714285714286,0.026938775510204082,0.00025851964198778826
0.2785714285714286,0.028571428571428574,0.00025851964198778826
0.2785714285714286,0.030204081632653063,0.00025851964198778826
0.2785714285714286,0.03183673469387755,0.00025851964198778826
0.2785714285714286,0.03346938775510204,0.00025851964198778826
0.2785714285714286,0.035102040816326535,0.00025851964198778826
0.2785714285714286,0.03673469387755102,0.00025851964198778826
0.2785714285714286,0.03836734693877551,0.00025851964198778826
0.2785714285714286,0.04,0.00025851964198778826
0.2785714285714286,0.04163265306122449,0.00025851964198778826
0.2785714285714286,0.043265306122448985,0.00025851964198778826
0.2785714285714286,0.044897959183673466,0.00025851964198778826
0.2785714285714286,0.04653061224489796,0.00025851964198778826
0.2785714285714286,0.04816326530612245,0.00025851964198778826
0.2785714285714286,0.04979591836734694,0.00025851964198778826
0.2785714285714286,0.051428571428571435,0.00025851964198778826
0.2785714285714286,0.053061224489795916,0.00025851964198778826
0.2785714285714286,0.05469387755102041,0.00025851964198778826
0.2785714285714286,0.0563265306122449,0.00025851964198778826
0.2785714285714286,0.05795918367346939,0.00025851964198778826
0.2785714285714286,0.059591836734693884,0.00025851964198778826
0.2785714285714286,0.061224489795918366,0.00025851964198778826
0.2785714285714286,0.06285714285714286,0.00025851964198778826
0.2785714285714286,0.06448979591836734,0.00025851964198778826
0.2785714285714286,0.06612244897959184,0.00025851964198778826
0.2785714285714286,0.06775510204081633,0.00025851964198778826
0.2785714285714286,0.06938775510204082,0.00025851964198778826
0.2785714285714286,0.07102040816326531,0.00025851964198778826
0.2785714285714286,0.0726530612244898,0.00025851964198778826
0.2785714285714286,0.07428571428571429,0.00025851964198778826
0.2785714285714286,0.07591836734693877,0.00025851964198778826
0.2785714285714286,0.07755102040816327,0.00025851964198778826
0.2785714285714286,0.07918367346938776,0.0002585196419877902
0.2785714285714286,0.08,0.0002585196419877922
0.2846938775510204,0.0,0.00025851964198778826
0.2846938775510204,0.0008163265306122449,0.00025851964198778826
0.2846938775510204,0.0024489795918367346,0.00025851964198778826
0.2846938775510204,0.004081632653061225,0.00025851964198778826
0.2846938775510204,0.005714285714285714,0.00025851964198778826
0.2846938775510204,0.007346938775510205,0.00025851964198778826
0.2846938775510204,0.008979591836734694,0.00025851964198778826
0.2846938775510204,0.010612244897959183,0.00025851964198778826
0.2846938775510204,0.012244897959183675,0.00025851964198778826
0.2846938775510204,0.013877551020408163,0.00025851964198778826
0.2846938775510204,0.015510204081632655,0.00025851964198778826
0.2846938775510204,0.017142857142857144,0.00025851964198778826
0.2846938775510204,0.018775510204081632,0.00025851964198778826
0.2846938775510204,0.020408163265306124,0.00025851964198778826
0.2846938775510204,0.022040816326530613,0.00025851964198778826
0.2846938775510204,0.0236734693877551,0.00025851964198778826
0.2846938775510204,0.025306122448979593,0.00025851964198778826
0.2846938775510204,0.026938775510204082,0.00025851964198778826
0.2846938775510204,0.028571428571428574,0.00025851964198778826
0.2846938775510204,0.030204081632653063,0.00025851964198778826
0.2846938775510204,0.03183673469387755,0.00025851964198778826
0.2846938775510204,0.03346938775510204,0.00025851964198778826
0.2846938775510204,0.035102040816326535,0.00025851964198778826
0.2846938775510204,0.03673469387755102,0.00025851964198778826
0.2846938775510204,0.03836734693877551,0.00025851964198778826
0.2846938775510204,0.04,0.00025851964198778826
0.2846938775510204,0.04163265306122449,0.00025851964198778826
0.2846938775510204,0.043265306122448985,0.00025851964198778826
0.2846938775510204,0.044897959183673466,0.00025851964198778826
0.2846938775510204,0.04653061224489796,0.00025851964198778826
0.2846938775510204,0.04816326530612245,0.00025851964198778826
0.2846938775510204,0.04979591836734694,0.00025851964198778826
0.2846938775510204,0.051428571428571435,0.00025851964198778826
0.2846938775510204,0.053061224489795916,0.00025851964198778826
0.2846938775510204,0.05469387755102041,0.00025851964198778826
0.2846938775510204,0.0563265306122449,0.00025851964198778826
0.2846938775510204,0.05795918367346939,0.00025851964198778826
0.2846938775510204,0.059591836734693884,0.00025851964198778826
0.2846938775510204,0.061224489795918366,0.00025851964198778826
0.2846938775510204,0.06285714285714286,0.00025851964198778826
0.2846938775510204,0.06448979591836734,0.00025851964198778826
0.2846938775510204,0.06612244897959184,0.00025851964198778826
0.2846938775510204,0.06775510204081633,0.00025851964198778826
0.2846938775510204,0.06938775510204082,0.00025851964198778826
0.2846938775510204,0.07102040816326531,0.00025851964198778826
0.2846938775510204,0.0726530612244898,0.00025851964198778826
0.2846938775510204,0.07428571428571429,0.00025851964198778826
0.2846938775510204,0.07591836734693877,0.00025851964198778826
0.2846938775510204,0.07755102040816327,0.00025851964198778826
0.2846938775510204,0.07918367346938776,0.0002585196419877902
0.2846938775510204,0.08,0.0002585196419877922
0.29081632653061223,0.0,0.00025851964198778826
0.29081632653061223,0.0008163265306122449,0.00025851964198778826
0.29081632653061223,0.0024489795918367346,0.00025851964198778826
0.29081632653061223,0.004081632653061225,0.00025851964198778826
0.29081632653061223,0.005714285714285714,0.00025851964198778826
0.29081632653061223,0.007346938775510205,0.00025851964198778826
0.29081632653061223,0.008979591836734694,0.00025851964198778826
0.29081632653061223,0.010612244897959183,0.00025851964198778826
0.29081632653061223,0.012244897959183675,0.00025851964198778826
0.29081632653061223,0.013877551020408163,0.00025851964198778826
0.29081632653061223,0.015510204081632655,0.00025851964198778826
0.29081632653061223,0.017142857142857144,0.00025851964198778826
0.29081632653061223,0.018775510204081632,0.00025851964198778826
0.29081632653061223,0.020408163265306124,0.00025851964198778826
0.29081632653061223,0.022040816326530613,0.00025851964198778826
0.29081632653061223,0.0236734693877551,0.00025851964198778826
0.29081632653061223,0.025306122448979593,0.00025851964198778826
0.29081632653061223,0.026938775510204082,0.00025851964198778826
0.29081632653061223,0.028571428571428574,0.00025851964198778826
0.29081632653061223,0.030204081632653063,0.00025851964198778826
0.29081632653061223,0.03183673469387755,0.00025851964198778826
0.29081632653061223,0.03346938775510204,0.00025851964198778826
0.29081632653061223,0.035102040816326535,0.00025851964198778826
0.29081632653061223,0.03673469387755102,0.00025851964198778826
0.29081632653061223,0.03836734693877551,0.00025851964198778826
0.29081632653061223,0.04,0.00025851964198778826
0.29081632653061223,0.04163265306122449,0.00025851964198778826
0.29081632653061223,0.043265306122448985,0.00025851964198778826
0.29081632653061223,0.044897959183673466,0.00025851964198778826
0.29081632653061223,0.04653061224489796,0.00025851964198778826
0.29081632653061223,0.04816326530612245,0.00025851964198778826
0.29081632653061223,0.04979591836734694,0.00025851964198778826
0.29081632653061223,0.051428571428571435,0.00025851964198778826
0.29081632653061223,0.053061224489795916,0.00025851964198778826
0.29081632653061223,0.05469387755102041,0.00025851964198778826
0.29081632653061223,0.0563265306122449,0.00025851964198778826
0.29081632653061223,0.05795918367346939,0.00025851964198778826
0.29081632653061223,0.059591836734693884,0.00025851964198778826
0.29081632653061223,0.061224489795918366,0.00025851964198778826
0.29081632653061223,0.06285714285714286,0.00025851964198778826
0.29081632653061223,0.06448979591836734,0.00025851964198778826
0.29081632653061223,0.06612244897959184,0.00025851964198778826
0.29081632653061223,0.06775510204081633,0.00025851964198778826
0.29081632653061223,0.06938775510204082,0.00025851964198778826
0.29081632653061223,0.07102040816326531,0.00025851964198778826
0.29081632653061223,0.0726530612244898,0.00025851964198778826
0.29081632653061223,0.07428571428571429,0.00025851964198778826
0.29081632653061223,0.07591836734693877,0.00025851964198778826
0.29081632653061223,0.07755102040816327,0.00025851964198778826
0.29081632653061223,0.07918367346938776,0.0002585196419877902
0.29081632653061223,0.08,0.0002585196419877922
0.2969387755102041,0.0,0.00025851964198778826
0.2969387755102041,0.0008163265306122449,0.00025851964198779
0.2969387755102041,0.0024489795918367346,0.00025851964198779
0.2969387755102041,0.004081632653061225,0.00025851964198779
0.2969387755102041,0.005714285714285714,0.00025851964198779
0.2969387755102041,0.007346938775510205,0.00025851964198779
0.2969387755102041,0.008979591836734694,0.00025851964198779
0.2969387755102041,0.010612244897959183,0.00025851964198779
0.2969387755102041,0.012244897959183675,0.00025851964198779
0.2969387755102041,0.013877551020408163,0.00025851964198779
0.2969387755102041,0.015510204081632655,0.00025851964198779
0.2969387755102041,0.017142857142857144,0.00025851964198779
0.2969387755102041,0.018775510204081632,0.00025851964198779
0.2969387755102041,0.020408163265306124,0.00025851964198779
0.2969387755102041,0.022040816326530613,0.00025851964198779
0.2969387755102041,0.0236734693877551,0.00025851964198779
0.2969387755102041,0.025306122448979593,0.00025851964198779
0.2969387755102041,0.026938775510204082,0.00025851964198779
0.2969387755102041,0.028571428571428574,0.00025851964198779
0.2969387755102041,0.030204081632653063,0.00025851964198779
0.2969387755102041,0.03183673469387755,0.00025851964198779
0.2969387755102041,0.03346938775510204,0.00025851964198779
0.2969387755102041,0.035102040816326535,0.00025851964198779
0.2969387755102041,0.03673469387755102,0.00025851964198779
0.2969387755102041,0.03836734693877551,0.00025851964198779
0.2969387755102041,0.04,0.00025851964198779
0.2969387755102041,0.04163265306122449,0.00025851964198779
0.2969387755102041,0.043265306122448985,0.00025851964198779
0.2969387755102041,0.044897959183673466,0.00025851964198779
0.2969387755102041,0.04653061224489796,0.00025851964198779
0.2969387755102041,0.04816326530612245,0.00025851964198779
0.2969387755102041,0.04979591836734694,0.00025851964198779
0.2969387755102041,0.051428571428571435,0.00025851964198779
0.2969387755102041,0.053061224489795916,0.00025851964198779
0.2969387755102041,0.05469387755102041,0.00025851964198779
0.2969387755102041,0.0563265306122449,0.00025851964198779
0.2969387755102041,0.05795918367346939,0.00025851964198779
0.2969387755102041,0.059591836734693884,0.00025851964198779
0.2969387755102041,0.061224489795918366,0.00025851964198779
0.2969387755102041,0.06285714285714286,0.00025851964198779
0.2969387755102041,0.06448979591836734,0.00025851964198779
0.2969387755102041,0.06612244897959184,0.00025851964198779
0.2969387755102041,0.06775510204081633,0.00025851964198779
0.2969387755102041,0.06938775510204082,0.00025851964198779
0.2969387755102041,0.07102040816326531,0.00025851964198779
0.2969387755102041,0.0726530612244898,0.00025851964198779
0.2969387755102041,0.07428571428571429,0.00025851964198779
0.2969387755102041,0.07591836734693877,0.00025851964198779
0.2969387755102041,0.07755102040816327,0.00025851964198779
0.2969387755102041,0.07918367346938776,0.0002585196419877911
0.2969387755102041,0.08,0.0002585196419877922
0.3,0.0,0.00025851964198779167
0.3,0.0008163265306122449,0.00025851964198779167
0.3,0.0024489795918367346,0.00025851964198779167
0.3,0.004081632653061225,0.00025851964198779167
0.3,0.005714285714285714,0.00025851964198779167
0.3,0.007346938775510205,0.00025851964198779167
0.3,0.008979591836734694,0.00025851964198779167
0.3,0.010612244897959183,0.00025851964198779167
0.3,0.012244897959183675,0.00025851964198779167
0.3,0.013877551020408163,0.00025851964198779167
0.3,0.015510204081632655,0.00025851964198779167
0.3,0.017142857142857144,0.00025851964198779167
0.3,0.018775510204081632,0.00025851964198779167
0.3,0.020408163265306124,0.00025851964198779167
0.3,0.022040816326530613,0.00025851964198779167
0.3,0.0236734693877551,0.00025851964198779167
0.3,0.025306122448979593,0.00025851964198779167
0.3,0.026938775510204082,0.00025851964198779167
0.3,0.028571428571428574,0.00025851964198779167
0.3,0.030204081632653063,0.00025851964198779167
0.3,0.03183673469387755,0.00025851964198779167
0.3,0.03346938775510204,0.00025851964198779167
0.3,0.035102040816326535,0.00025851964198779167
0.3,0.03673469387755102,0.00025851964198779167
0.3,0.03836734693877551,0.00025851964198779167
0.3,0.04,0.00025851964198779167
0.3,0.04163265306122449,0.00025851964198779167
0.3,0.043265306122448985,0.00025851964198779167
0.3,0.044897959183673466,0.00025851964198779167
0.3,0.04653061224489796,0.00025851964198779167
0.3,0.04816326530612245,0.00025851964198779167
0.3,0.04979591836734694,0.00025851964198779167
0.3,0.051428571428571435,0.00025851964198779167
0.3,0.053061224489795916,0.00025851964198779167
0.3,0.05469387755102041,0.00025851964198779167
0.3,0.0563265306122449,0.00025851964198779167
0.3,0.05795918367346939,0.00025851964198779167
0.3,0.059591836734693884,0.00025851964198779167
0.3,0.061224489795918366,0.00025851964198779167
0.3,0.06285714285714286,0.00025851964198779167
0.3,0.06448979591836734,0.00025851964198779167
0.3,0.06612244897959184,0.00025851964198779167
0.3,0.06775510204081633,0.00025851964198779167
0.3,0.06938775510204082,0.00025851964198779167
0.3,0.07102040816326531,0.00025851964198779167
0.3,0.0726530612244898,0.00025851964198779167
0.3,0.07428571428571429,0.00025851964198779167
0.3,0.07591836734693877,0.00025851964198779167
0.3,0.07755102040816327,0.00025851964198779167
0.3,0.07918367346938776,0.00025851964198779167
0.3,0.08,0.0002585196419877922
