index,x,y
0,0.7047531992687386,0.2525252525252526
1,1.212979890310786,0.5
2,1.5639853747714803,0.7499999999999999
3,2.4780621572212063,1.0
