index,x,y
0,1.3308823529411764,0.4974619289340101
1,2.7205882352941178,1.0
