time_ns,front_position_marshak_cm,front_position_gold_loss_cm,front_position_gold_loss_lam_eff_cm,front_position_gold_loss_lam_eff_power_1_cm,front_position_gold_loss_lam_eff_power_2_cm
0.01,0.0,0.0,0.0,0.0,0.0
0.012992992992992993,9.85445133304208e-05,9.85445133304208e-05,8.172633320742144e-05,8.172633133699684e-05,8.172633320742108e-05
0.01598598598598599,0.00022897560799969312,0.00022477076366802284,0.00019858203731953116,0.00019432142460876765,0.00019695620758744629
0.01897897897897898,0.0003589270610589512,0.0003483158974590398,0.00031234346819565166,0.0002943223595552689,0.0003045995003413128
0.021971971971971975,0.0004658188145603647,0.0004478128833292959,0.000400310806538597,0.0003745980084990024,0.00038922962802952026
0.024964964964964968,0.0005761211218936375,0.0005539770445010636,0.0005019087150761282,0.0004635452885601201,0.0004854279833155346
0.02795795795795796,0.0006833527554853648,0.0006574186090989785,0.0006013836321985501,0.0005485150206243588,0.0005778313757357106
0.030950950950950955,0.0007842853300968699,0.0007544732888045961,0.0006928648474962617,0.0006267493860530562,0.0006634102315256696
0.03394394394394395,0.0008883497521170245,0.0008554293622230824,0.0007870748984493216,0.00070763724313496,0.0007517009553337483
0.03693693693693694,0.000995659609257793,0.0009565374430659607,0.0008821330303070581,0.0007917030520061743,0.0008435601223311585
0.039929929929929935,0.0010986271746972571,0.0010502983521933583,0.0009704275201608899,0.0008672935159902566,0.0009264161279580584
0.04292292292292293,0.0011966967623091404,0.0011409473116539524,0.0010535331710704644,0.0009342636223553498,0.0010002544411420622
0.04591591591591592,0.0012955997354566666,0.0012336631730385,0.0011370106798270568,0.0010040297433538648,0.001077335734449964
0.048908908908908914,0.0013975674177554613,0.001329765911463777,0.0012225691084840438,0.0010774091160841842,0.0011580831245169953
0.05190190190190191,0.0014976538073126894,0.0014254594418327687,0.0013058541226929397,0.001148444291326561,0.0012366449923504155
0.0548948948948949,0.0015938741411310377,0.0015152174938558546,0.0013868393330471241,0.0012154275976048862,0.00131124061302447
0.057887887887887894,0.0016894295449193543,0.001600776683606832,0.0014649594477412352,0.0012816575488253576,0.0013870450561847794
0.06088088088088089,0.0017830555552837877,0.0016851058041420337,0.001537011195559232,0.0013478323155653997,0.001458231559733237
0.06387387387387387,0.0018787530573590955,0.0017726389581274953,0.0016108157216466541,0.0014133369817908444,0.0015264568009734799
0.06686686686686687,0.0019813269293741005,0.0018675876589337823,0.001691106021651504,0.0014804995731123062,0.0016014901931833833
0.06985985985985986,0.002081386074591441,0.0019607917761773996,0.0017683762340664673,0.0015451652980534145,0.0016744690070931172
0.07285285285285285,0.0021814823028415333,0.002053752824149849,0.0018452583438065887,0.0016101736681622021,0.0017471438654537126
0.07584584584584585,0.0022829635275075097,0.002146233779064289,0.0019238267780094702,0.0016761606927722268,0.0018206050352727301
0.07883883883883884,0.0023863609431766675,0.0022397689487277305,0.002003290884784237,0.001743352051942735,0.0018952904571552798
0.08183183183183183,0.0024949716770708685,0.0023386834057647935,0.002085016916140701,0.0018147314839158221,0.001976958138826307
0.08482482482482483,0.0026006586383098412,0.002434516968935359,0.0021623143905683735,0.0018829861137344963,0.002053152680267152
0.08781781781781782,0.002706256243679847,0.0025301786548995392,0.002238903068509182,0.0019512844745047159,0.002123697564902403
0.09081081081081081,0.0028169976916088595,0.002633966183048988,0.002319789283366282,0.0020230346174191943,0.0021989763035812977
0.0938038038038038,0.0029288119484731506,0.0027374364942765956,0.002400995221523883,0.002093463761406271,0.0022756474809566916
0.0967967967967968,0.0030397491314196703,0.002835126278762857,0.0024808059862902114,0.0021618483881325258,0.002351310195065257
0.09978978978978979,0.0031435677678669136,0.002925167347034798,0.002556068136971622,0.002222914478363893,0.0024198857243811576
0.10278278278278279,0.003246618287448085,0.0030151322539787428,0.002629093885661451,0.0022831433566258266,0.0024887082187947033
0.10577577577577578,0.0033579259781521633,0.0031143036420590484,0.0027052179159981564,0.0023511364197740265,0.00256536274162614
0.10876876876876877,0.0034723429990196355,0.0032199004513262628,0.002783405960440178,0.0024214631741138054,0.0026425888676331276
0.11176176176176177,0.003579786039973194,0.003317093568213631,0.0028546520583651175,0.0024861203890299377,0.0027112136098669344
0.11475475475475476,0.003686491974925919,0.0034086515749695936,0.002925035615165962,0.0025492113046813995,0.0027782661665623253
0.11774774774774775,0.003796687166471589,0.00350337209899197,0.002998531077467127,0.0026123144847583057,0.002848155802087145
0.12074074074074075,0.0039113898635532995,0.0036033356537865046,0.0030764261034804765,0.002678202991785349,0.0029217032419926394
0.12373373373373374,0.004030331099985893,0.003707963692072012,0.0031581947527537543,0.002747054339148929,0.0029983528932649214
0.12672672672672675,0.004153889155072806,0.0038204481915024837,0.0032423257036544298,0.0028189897234032054,0.003079385059206433
0.12971971971971974,0.0042807373841922455,0.003934850092178456,0.003326872587494874,0.0028926237831146625,0.003162602171273979
0.13271271271271273,0.004412429910025071,0.004048873398063385,0.003414151546649352,0.0029694056596567503,0.0032473082488135682
0.13570570570570573,0.004557487660056713,0.004176095913872322,0.0035126293096979823,0.0030571741050618006,0.003341924514700387
0.13869869869869872,0.004707720746214878,0.004308948567313437,0.003614155102617805,0.0031516511885123118,0.0034390905139943004
0.1416916916916917,0.004851144899604025,0.004437911398172697,0.0037095742729021655,0.0032358907259280407,0.003527702539680847
0.1446846846846847,0.004993517945078698,0.004564264758227054,0.003802615456078254,0.0033114243967546178,0.0036142800311882673
0.1476776776776777,0.005145899153709333,0.004695645045111707,0.0039012319604235456,0.0033956540430250485,0.003712491402804304
0.1506706706706707,0.005302530283691761,0.004830878462326852,0.004001909885148788,0.003483963239343968,0.0038132894342941463
0.15366366366366369,0.005459803124820889,0.004969285268169915,0.004101770255408242,0.003571942149076015,0.003909326403716567
0.15665665665665668,0.0056069668389915495,0.005097017366140267,0.004190771287014968,0.0036501460605849454,0.003993425819373978
0.15964964964964967,0.005751781551601476,0.005218889283367933,0.004279110507180007,0.003726927235880734,0.004074849689579836
0.16264264264264267,0.005908292579340732,0.005352123210070363,0.004378787925752842,0.003814079452816096,0.004167628780205809
0.16563563563563566,0.006070527287603134,0.00549137704066712,0.004480432607692094,0.003904107353372089,0.004266232925050134
0.16862862862862865,0.006234368246504554,0.005635924665484599,0.004580983347791956,0.00399303443531666,0.004365951505008293
0.17162162162162165,0.0063979614512319274,0.0057794824634459065,0.004679590520613501,0.00407987641344657,0.004462988201325278
0.17461461461461464,0.006560566086259394,0.005916533880224849,0.00477619446651954,0.004164790122758468,0.004556417458625403
0.17760760760760763,0.006715593660749809,0.006044374550556291,0.004866728116387685,0.004243311668307837,0.0046410219451395165
0.18060060060060062,0.0068677019696005,0.0061721839937828845,0.004954711064072165,0.004320004949473854,0.004722287814355062
0.18359359359359362,0.0070263108925306475,0.006307223199682181,0.00504671020104569,0.004401858879700855,0.004809898087026515
0.1865865865865866,0.007188346094207918,0.00644228429708554,0.005140385957744568,0.004485198811285453,0.0049040611474870524
0.1895795795795796,0.007351440666591512,0.0065775132346295815,0.005233745300813005,0.004567842074829924,0.0049983265996171745
0.1925725725725726,0.007514374229342166,0.006714163472817202,0.00532589010181756,0.004649065088903836,0.0050868655338028165
0.1955655655655656,0.00766572181364275,0.006839095618078927,0.005405988321640139,0.004718366004953133,0.005162212677629957
0.19855855855855858,0.007812570426672202,0.006957163251372585,0.005485145927348135,0.004783379999950973,0.005233000658843193
0.20155155155155158,0.007970746973419044,0.007086206967861028,0.0055755648729930805,0.0048631392628013335,0.005315380242161542
0.20454454454454457,0.008135789651637722,0.007222276374648414,0.005667730802084196,0.004949544522233093,0.00540434624398552
0.20753753753753756,0.008303979502719263,0.007364605569289067,0.005760671249180819,0.005033509268317649,0.005499132122441606
0.21053053053053056,0.008461785546002245,0.00749565566097064,0.0058420085436872125,0.005104466950158084,0.005582435542887162
0.21352352352352355,0.00861555372116499,0.0076178935653949745,0.005918819128378066,0.005170472332562842,0.005655974755044851
0.21651651651651654,0.00878143199740144,0.007751720222014962,0.006007618326316848,0.005248379875025895,0.005740005352457285
0.21950950950950954,0.008954814297452129,0.007895158156445788,0.006107474231420235,0.005333186955677215,0.0058308099245173595
0.22250250250250253,0.009131824874198667,0.008043127565856246,0.006209411239576074,0.005420573250939509,0.0059238661538056495
0.22549549549549552,0.009310228880206082,0.008190591927359717,0.006305722515782467,0.0055091997302452135,0.006016823669526767
0.22848848848848852,0.009488813377281765,0.008336699692138192,0.006399592286998209,0.005596605803955227,0.006113556128786254
0.2314814814814815,0.009653205741046793,0.00846808351818322,0.0064784967205837665,0.005667461462278925,0.006195527144318306
0.2344744744744745,0.009811274943185823,0.008592788332356344,0.006551262846446025,0.005730874360680472,0.006265027338070007
0.2374674674674675,0.009982614041359316,0.008730191426140671,0.00664064875821364,0.0058074646728702595,0.006346728586623761
0.2404604604604605,0.010162682988273969,0.008875928428613303,0.006739203788185601,0.005892351726686305,0.0064369760882551485
0.24345345345345348,0.010347377242456312,0.009025723921329378,0.006837893000206859,0.005980029598743556,0.00653064305275649
0.24644644644644648,0.010534199657190924,0.009181068807121738,0.006935650554586406,0.006071971814415341,0.006626842027953733
0.24943943943943947,0.010721714360818894,0.009337003361003326,0.007032074289309493,0.006163290228244935,0.006723467802572138
0.25243243243243246,0.010889495361717743,0.009466267848848915,0.007107746813358965,0.006228988716636943,0.006797845390607859
0.25542542542542546,0.011048240380917342,0.00958361100492803,0.007175416338458068,0.0062844095121853145,0.00686186272804386
0.25841841841841845,0.011225692886090924,0.009724196883249603,0.007263969237538412,0.006359365879747164,0.006944608208815486
0.26141141141141144,0.011415968922411953,0.00987932737525841,0.007364989568376915,0.006447222689860462,0.007039673979245814
0.26440440440440444,0.01161352046415448,0.010038124844766556,0.007469998148998499,0.006540036601663544,0.0071397478465690676
0.26739739739739743,0.011814849605868039,0.010199168892984238,0.007575128721985562,0.00663672651586426,0.007244022346642798
0.2703903903903904,0.012017874510905404,0.010365064111583463,0.007678982357039581,0.006733433405895965,0.007348436339904053
0.2733833833833834,0.012221373990123578,0.010531420796872977,0.007781214770950023,0.0068253332552034255,0.007448050022194009
0.2763763763763764,0.012424635615659225,0.01069255458247314,0.007886645350661331,0.006914124831867931,0.007544618762293455
0.2793693693693694,0.01260981220343967,0.01083380879456022,0.00797367667605401,0.006983903912491902,0.00762194177709779
0.2823623623623624,0.012785821517378053,0.010965173046969865,0.00804587224102242,0.007044984928341998,0.007690266089191651
0.2853553553553554,0.0129770873698133,0.011111689480410998,0.008132637247331535,0.0071227016056985195,0.007775551443964168
0.2883483483483484,0.013179122473630973,0.011269013779429005,0.008230167049944169,0.007214503901385827,0.007873680684679455
0.2913413413413414,0.013387509931473845,0.011433650259021095,0.008332690307165883,0.007311857022060304,0.007976956632647487
0.29433433433433437,0.0135993599858346,0.011602624398903494,0.008440399605517826,0.007407044122931562,0.008079762143037244
0.29732732732732736,0.013812872846614739,0.011772087738156327,0.008548715271028585,0.00749982761318643,0.008180732461874183
0.30032032032032036,0.01402693974120428,0.01194024245962531,0.008652007934947008,0.007590621668028755,0.008279783138698878
0.30331331331331335,0.014240880392078914,0.01211040291627118,0.008752416303077491,0.007679805353924174,0.008377783806955957
0.30630630630630634,0.014454279021612039,0.012280018237732549,0.00885087978186618,0.007767643425238949,0.008476227986537797
0.30929929929929934,0.014666883343076887,0.012444625639950444,0.008947806370563893,0.007859649681110355,0.00857375915599528
0.31229229229229233,0.014878542527262634,0.012607457260406204,0.009048010211326897,0.007951281960303607,0.008668337037167798
0.3152852852852853,0.015076219235874204,0.012755615688715949,0.009134858757645959,0.008022883455294673,0.008747455343330279
0.3182782782782783,0.015265723905145814,0.012894014633551951,0.00920873613734072,0.0080850413797294,0.008818007928864825
0.3212712712712713,0.015464809579918973,0.013041528191850246,0.00929158263381484,0.008157797467472526,0.00889889079217462
0.3242642642642643,0.01567099217239885,0.013197539757964684,0.009381744759148233,0.00823861317142691,0.008990354183813533
0.3272572572572573,0.0158816075352687,0.013359239156571986,0.009475705365609415,0.008323302506549394,0.009086648236755555
0.3302502502502503,0.016094806356407303,0.013522612633351415,0.009573195831379678,0.00841333312264675,0.009181343139509838
0.3332432432432433,0.016309354561749482,0.013685843265813253,0.009672264086325157,0.00850437205971126,0.009274458991095252
0.3362362362362363,0.016524434234373643,0.013851430234372533,0.009769308109586263,0.00859045918521315,0.00936612500433004
0.33922922922922927,0.016739504669732615,0.01401732512186688,0.009864058768190662,0.00867391663936087,0.009456478647961144
0.34222222222222226,0.016954209327599765,0.014179561967847126,0.009956854946631292,0.00875578923007138,0.00954597326830678
0.34521521521521525,0.017168314125223082,0.014339485783001349,0.010048045503012037,0.008836515332666299,0.009636432143790745
0.34820820820820825,0.017381666614094713,0.014501917268929921,0.010138307554678223,0.008916300041483721,0.009726935551743487
0.35120120120120124,0.01758450251881785,0.014653250261945925,0.010219661189262326,0.008989907469760776,0.009805349105809798
0.35419419419419423,0.017780550161328238,0.014792369545082831,0.010295250590851804,0.009058335818830027,0.009875901545590026
0.3571871871871872,0.01798271418428226,0.01493664700977769,0.01037644063602818,0.009129694144240018,0.009952633980626215
0.3601801801801802,0.018189584487189527,0.015090089108615652,0.01046178943922743,0.00920503257299097,0.01003430782607309
0.3631731731731732,0.01839952110971965,0.015247809523495132,0.010549211236879184,0.009282689772453428,0.010118581112318148
0.3661661661661662,0.018611329562492007,0.015403118526973984,0.010637336491526346,0.009361230859504178,0.010208628495383265
0.3691591591591592,0.018824168534019005,0.015559480146254316,0.010725984945015846,0.009439815841735906,0.010299910532555103
0.3721521521521522,0.019037448191837468,0.015717078518233056,0.010816051439150997,0.009518017583831678,0.010385886440797354
0.3751451451451452,0.019250755743558924,0.015873767271095966,0.010906152467811623,0.009600458941716539,0.01046948044781446
0.3781381381381382,0.019463802839424903,0.01602896596742491,0.01099419462589201,0.009683454537723365,0.010551695672570595
0.3811311311311312,0.01967638866227603,0.01618537058967337,0.011080206067790276,0.009760794451458173,0.010632899136292517
0.38412412412412417,0.01988038635342764,0.016332951926651143,0.011156490917553476,0.009827639324653348,0.010705252211404956
0.38711711711711716,0.02007848201377928,0.016471508803047222,0.011226444391784437,0.009888245798914484,0.010776546085945318
0.39011011011011015,0.020281088557576977,0.01661378634614126,0.011301952528177053,0.009954127508701156,0.010854321380682708
0.39310310310310315,0.020487268332228536,0.01676193782577951,0.011383279147028713,0.010024412095325803,0.010931728872566191
0.39609609609609614,0.020695857132821214,0.016913712948082305,0.011467604214528297,0.01009714854357065,0.011009976443708627
0.39908908908908913,0.020905976539354575,0.017065125157556642,0.01155190139045974,0.010175387167057435,0.011088746073960824
0.4020820820820821,0.021116983526659545,0.017216256100842816,0.011635395693490229,0.010255221526057668,0.011167592133935748
0.4050750750750751,0.021316046116559323,0.01735590797753941,0.011705465324476895,0.01031826290474008,0.011233815356938343
0.4080680680680681,0.021506927469254377,0.01748686818535442,0.011766721954428008,0.010371469180691999,0.011293512337029406
0.4110610610610611,0.021705460120427268,0.017623821934404083,0.011836273757243172,0.010432742954232013,0.011363276285152142
0.4140540540540541,0.021910238082739068,0.01776672801390888,0.011915169787195479,0.010500978633962106,0.011439382575011588
0.4170470470470471,0.02211949673257502,0.01791568454090051,0.011999614813025658,0.010573331237722096,0.01151880051695083
0.4200400400400401,0.022331876435008346,0.01806896689446574,0.012084459162398777,0.010647727120626163,0.01159962879402303
0.4230330330330331,0.02253144098604205,0.01820652990228324,0.01215402275807852,0.010710558864887395,0.011665879022358834
0.4260260260260261,0.022722317504609,0.018332756691983393,0.01221346081998553,0.010765734491406559,0.01172254101131498
0.42901901901901907,0.02292329815784655,0.01846998457973709,0.012283160142530215,0.010830146364153066,0.011789847049243688
0.43201201201201206,0.023132553606158984,0.01861755032293822,0.012361372118143015,0.010902271356271543,0.011865894917526602
0.43500500500500505,0.023347852660147425,0.018771793273957397,0.012444758982034999,0.01097883734376387,0.011951371830980283
0.43799799799799805,0.023567462991944507,0.018929471662254758,0.012534474519289854,0.011057468319965534,0.012040918609515795
0.44099099099099104,0.023790078732617896,0.019090322851954437,0.0126268841345594,0.011136774263353006,0.012127663829448394
0.44398398398398403,0.024005999414547962,0.01924404907141416,0.01270777591007149,0.011207388038398325,0.012204315352446485
0.446976976976977,0.024217266078023318,0.019391363222528296,0.012781348944205613,0.011272148291764986,0.012274384567138393
0.44996996996997,0.024434593093796336,0.019543784705522725,0.012859946262247401,0.011347334568527434,0.01234994906018078
0.452962962962963,0.0246567858172151,0.019702571876846976,0.012942818138809972,0.011428701019405647,0.012430103290176681
0.455955955955956,0.024882462619409514,0.01986570263160331,0.013028194557204387,0.011508375441193347,0.012515993346029979
0.458948948948949,0.02511055410481919,0.02002942790077199,0.013118115451069728,0.011587467297238616,0.012604719835687466
0.461941941941942,0.02534025222012254,0.020193188698306542,0.013209957255196766,0.011666078490232096,0.012691470284017209
0.464934934934935,0.025570948384593284,0.020360216373365644,0.013298972813664503,0.01174413554826892,0.012776688224300465
0.467927927927928,0.02580218486456337,0.02052825338783452,0.013386134618968318,0.011821585521445858,0.012860609047447123
0.47092092092092097,0.02602470957573462,0.02068277628526415,0.013462848988602647,0.011891686142317845,0.012934449450955975
0.47391391391391396,0.026240907152460996,0.020828178817409556,0.013532391557274094,0.01195700508516,0.013001399858574868
0.47690690690690696,0.02646195636259251,0.020982255591322607,0.013607117859558803,0.012026801893488584,0.013075635894753296
0.47989989989989995,0.026687021886935895,0.021141735313146635,0.013689150504097844,0.012100160370960159,0.013156114878362678
0.48289289289289294,0.026915002158125628,0.021300213631839416,0.013775475290390134,0.012175448129512274,0.013238513844354042
0.48588588588588594,0.027145027979580752,0.02146095451838275,0.013861209739098029,0.012251513782259488,0.013321223376222414
0.48887887887887893,0.027376431236205475,0.021623748859956972,0.013946264945315173,0.012327686454774688,0.013403575448844242
0.4918718718718719,0.027608699874884724,0.021786162053715415,0.014030529706163081,0.012403603536311633,0.013485303678955424
0.4948648648648649,0.027841441884671896,0.02194768626737789,0.014113971776747529,0.012480566217842198,0.013566321652645055
0.4978578578578579,0.028074357415023093,0.022111485491166996,0.014196611476927617,0.012558903646947719,0.013646615972685704
0.5008508508508509,0.028307217330355884,0.022275913334067917,0.014281305828326752,0.012636500014867432,0.01373098074144012
0.5038438438438438,0.02853759027867453,0.022434543869536184,0.014364620638658045,0.012710038357074105,0.013813967461732173
0.5068368368368369,0.028765951077174563,0.02258931959351878,0.014443700577186403,0.01278034033127042,0.013890313836282128
0.5098298298298298,0.02899503597376705,0.02274807809372641,0.01452227743991094,0.012850767729382326,0.013965738376087545
0.5128228228228229,0.02922462670920448,0.02290835993977477,0.0146006192207839,0.012921442530271297,0.014041022456116197
0.5158158158158159,0.029454447248949998,0.02306505260326931,0.014678624193296129,0.012992119893816201,0.014116161289602075
0.5188088088088089,0.029684278545385568,0.023221733812429993,0.01475620266918938,0.013063955684813435,0.014191057972251746
0.5218018018018018,0.029913950552683484,0.023378941442983553,0.014833301348603148,0.013137334060108394,0.014268272414827941
0.5247947947947948,0.03012946077042492,0.023519143880910958,0.014900603382852783,0.01319639318397622,0.014332697875519483
0.5277877877877879,0.03033427248374816,0.02364585732090795,0.014958898457657759,0.013244201668623761,0.014385065678163418
0.5307807807807808,0.030545613265439968,0.0237803342547668,0.015020892339278362,0.013299443375480145,0.01444448227832742
0.5337737737737738,0.030762679171232925,0.02392253819988362,0.015088645817012709,0.013361567889655972,0.014510545503359992
0.5367667667667668,0.030984189202899862,0.0240695571870902,0.015160709929217784,0.013428189164448278,0.014581101353510345
0.5397597597597599,0.031192359968341965,0.024200462179309386,0.015218599037828283,0.013480735963936686,0.014637535781948003
0.5427527527527528,0.03139068081717412,0.024319030596646994,0.01526635201521922,0.013523248672410693,0.014683848762381433
0.5457457457457457,0.03159936531314081,0.02445219683618523,0.015325742744427287,0.013577459793410627,0.014741780479292994
0.5487387387387388,0.03181699746572367,0.02459674757687578,0.015395185471506034,0.01364278910306231,0.014809731408570354
0.5517317317317318,0.03204166334482797,0.024746174331144514,0.015475281321264986,0.013716357349522862,0.014888581717217766
0.5547247247247248,0.032271785737328085,0.024900197473196054,0.015561052561902338,0.01379393258483185,0.014972966292418332
0.5577177177177177,0.0325060971788872,0.025061083532118795,0.015645831304492017,0.013872384834032128,0.015055751921018603
0.5607107107107108,0.03274358420617287,0.025226040340718882,0.015730360943490986,0.013950607133473477,0.015138037146987457
0.5637037037037038,0.0329736923745717,0.025379124875303666,0.01580469276240333,0.014018484151572709,0.015210063525634693
0.5666966966966968,0.033198253439933795,0.025523843774544953,0.015871646489673187,0.014078916163509623,0.015274726921620352
0.5696896896896897,0.033428890478162256,0.025678165996866318,0.015944264375149134,0.014145000403313951,0.015345090522871092
0.5726826826826827,0.03366469249041248,0.025839118036363365,0.01602355223097922,0.014216114242344662,0.015421090556165579
0.5756756756756758,0.03390448946398989,0.02600062623387969,0.016107881997203713,0.014294962137561044,0.01550234663087499
0.5786686686686687,0.03414732402187389,0.026164892285199543,0.016193730580503746,0.014377221827563081,0.015586506447674226
0.5816616616616617,0.034392429068948696,0.02633204936441652,0.016279501075410232,0.014456172706331705,0.01567060772332485
0.5846546546546547,0.034639191674946175,0.026500121461048787,0.016364668052443413,0.014533553265583752,0.01575392481875551
0.5876476476476478,0.0348871227364178,0.026667898589036884,0.01644906732881603,0.014609897460217134,0.015836308866557295
0.5906406406406407,0.03513583231425723,0.026838466317702803,0.016532671356406015,0.014685418184849947,0.01591778067251013
0.5936336336336336,0.03538008161762861,0.027004405440239847,0.016612039597940442,0.01475528462434155,0.01599341189197018
0.5966266266266267,0.035620798008025034,0.02716294494246817,0.016688900564317943,0.014821949969715977,0.01606926412178161
0.5996196196196197,0.035863863753986924,0.027322381577569436,0.016767839442450992,0.01489306925229614,0.016149115527003436
0.6026126126126127,0.03610889952678784,0.027487410704674448,0.01684783602135169,0.014967070606917527,0.016227111206560552
0.6056056056056056,0.03635538945381334,0.027654946545371813,0.016928183543414667,0.015041487687722292,0.016304787606138613
0.6085985985985987,0.03660290937809342,0.027819337591646294,0.017008468086270972,0.01511554722763981,0.01638228232325034
0.6115915915915917,0.03685111750596268,0.027985385618309475,0.01708846034038825,0.01518901003659548,0.01645951178590035
0.6145845845845846,0.037099738848729136,0.028152376938871855,0.01716803487975721,0.015261826947393569,0.016536394279025278
0.6175775775775776,0.03734855230382647,0.028317151819019587,0.017251328109630266,0.015334012950054965,0.01661489431770351
0.6205705705705706,0.03759738021137726,0.028480415552175963,0.017335883392867738,0.015405602038401972,0.016694805756219257
0.6235635635635637,0.03784109817174301,0.028640752183085764,0.01741141055972639,0.01547663971852113,0.016768464261113225
0.6265565565565566,0.03808069638289278,0.02879716931509356,0.017481119603734007,0.015545274778778189,0.016836832167090685
0.6295495495495496,0.03832216396750713,0.02895203517390291,0.017552290156819514,0.015611903656524533,0.01690667061146837
0.6325425425425426,0.03856524274550492,0.029108613006018313,0.017625080390551884,0.015679036188798692,0.01697803581453306
0.6355355355355357,0.038809520810382865,0.029267294489157866,0.01769895144114232,0.01574678810387377,0.017050365241102934
0.6385285285285286,0.0390546540224123,0.029426342034241427,0.01777343123434635,0.015814899472545,0.017123191740542908
0.6415215215215215,0.039300361244405856,0.02958493773570001,0.017853005574986897,0.01588312776831105,0.01719799631781167
0.6445145145145146,0.039546413161734684,0.02974553307758342,0.017934410916108263,0.015951296720795,0.01727458995921212
0.6475075075075076,0.03979262283534415,0.029907151573253014,0.018011570233827816,0.016021947030000944,0.01735054687181326
0.6505005005005006,0.04003126116229583,0.030057977667777066,0.018079087249621106,0.01608651145969225,0.017417512973296228
0.6534934934934935,0.04026379310149169,0.030200375038782777,0.01813959888112422,0.016143555564696852,0.017477447270604372
0.6564864864864866,0.04049929187999071,0.030348426836009416,0.018203462959267502,0.01620337864900098,0.017540551600755187
0.6594794794794796,0.040737439865756085,0.030500637316864056,0.01827064759987984,0.016266080030780294,0.017606791799558152
0.6624724724724725,0.04097768036874334,0.030652768714695546,0.018340177979343,0.016330734571512746,0.01767519530892593
0.6654654654654655,0.0412195413046963,0.0308055086575315,0.018415152204273158,0.016396557198772938,0.017744951478872648
0.6684584584584585,0.041462631572999405,0.030962183068108686,0.01849279825142018,0.016462997935461958,0.017819309174991856
0.6714514514514516,0.041706627724074165,0.031120850588944735,0.0185679098850509,0.016529692327044425,0.01789583726941996
0.6744444444444445,0.04193310008720174,0.03125628013419852,0.018623233103369764,0.01657979513775321,0.01795102893487149
0.6774374374374375,0.042145541424234115,0.031373885040842577,0.018663721513931933,0.0166177571100261,0.01799084961092129
0.6804304304304305,0.04236567152556267,0.031502634459599464,0.018713568155157508,0.01666521389001004,0.01803972182070322
0.6834234234234235,0.04259284419435406,0.03164088530574002,0.018772441255839836,0.016721383690329886,0.018097456340896233
0.6864164164164165,0.04282582432787992,0.03178361011225613,0.018837859517871248,0.01678362058409558,0.01816159766220007
0.6894094094094094,0.04306354709495664,0.03193067893215916,0.018907727732474726,0.016849708253064463,0.018230047407039162
0.6924024024024025,0.04330511791891799,0.032083585835333564,0.01898344676833781,0.01691808720928001,0.018301272782590746
0.6953953953953955,0.0435497878786597,0.0322408123733196,0.019062777560635614,0.01698772403228739,0.018376091541201487
0.6983883883883885,0.043780924232147335,0.032380447288869664,0.01912502327558477,0.01704183435227402,0.018437479873867447
0.7013813813813814,0.04400126887548417,0.032506046135964514,0.01917442165277908,0.017084261726371085,0.01848662570950963
0.7043743743743744,0.044229678203091836,0.03264194634271036,0.019232079256421855,0.01713593465660701,0.01854383353171318
0.7073673673673675,0.04446536136457846,0.03278726850223154,0.01929761426425253,0.01719946104698363,0.018608656180574317
0.7103603603603604,0.044707046940830206,0.032938166722521985,0.019368784849807395,0.01727058913764068,0.018678853796424214
0.7133533533533534,0.04495364150999297,0.03309345720705213,0.019443708344043967,0.017343128949991318,0.01875255267763187
0.7163463463463464,0.045204225468360774,0.0332540547546207,0.019521015340441823,0.0174166038545419,0.0188284055589488
0.7193393393393395,0.04545802796091938,0.033418823199258,0.019603981654555888,0.017490435126068012,0.018905488652616643
0.7223323323323324,0.045714404093755746,0.033584788963544936,0.01968962293079143,0.017564242404335188,0.018986226688989437
0.7253253253253253,0.04597281514930092,0.03375139296568632,0.019772322046533047,0.017637807389645165,0.019069100655201083
0.7283183183183184,0.04622741482792481,0.03391555885492626,0.01984804353181298,0.017705562664049296,0.01914459587282644
0.7313113113113114,0.046478894249104764,0.03407648630427193,0.019918520741427134,0.017770478650960455,0.01921446434198898
0.7343043043043044,0.046733419825481334,0.03423748600518565,0.01999106536627684,0.017839918280061817,0.01928603585321026
0.7372972972972973,0.046990593346896224,0.03440009705083433,0.020065675638788954,0.017911650775264503,0.01935938494379376
0.7402902902902904,0.04724988315009619,0.03456556771788268,0.020143156189132934,0.017984051849873024,0.019433901369768667
0.7432832832832834,0.04751083683646983,0.03473311806408846,0.020223395702144143,0.018056439234332856,0.019509067395090583
0.7462762762762764,0.04777307548259005,0.034900692134837916,0.02030411908380427,0.018128518579973323,0.01958833425792397
0.7492692692692693,0.04803628211294108,0.035070832876373706,0.02038409786299895,0.018200168246683742,0.019669566844274646
0.7522622622622623,0.04830019171599184,0.03524225777943583,0.02046310293572079,0.018271343871573507,0.01974792896259781
0.7552552552552554,0.04856458282111883,0.035411504680303546,0.02054115857800347,0.01834203678677753,0.019824663397873227
0.7582482482482483,0.048829270418784196,0.03557933539882539,0.020618352557417563,0.01841699654280073,0.019900180781625355
0.7612412412412413,0.04909410002233904,0.0357503965946817,0.020694777321505927,0.01849351257594914,0.019974714472212253
0.7642342342342343,0.04935894269482829,0.035922261558280835,0.020774470875927986,0.01856576741139191,0.020048431586984928
0.7672272272272274,0.04961550729480743,0.036080254212056476,0.02084702859372295,0.018627592338260713,0.02011305739064888
0.7702202202202203,0.04986520580317188,0.03623116811647335,0.020909573389077,0.01868169510001961,0.02017509077979243
0.7732132132132132,0.050117693035351754,0.03638583551087317,0.020974428163646835,0.01873922067271448,0.02024269103435037
0.7762062062062063,0.050372742372301174,0.03654117063315359,0.021042069959853287,0.01880029403699114,0.02031039245617189
0.7791991991991993,0.050629876897577926,0.03669763062892857,0.021111785479026493,0.018863889575686337,0.020379324581215635
0.7821921921921923,0.05088868277264259,0.036858429755738074,0.02118289545846562,0.018929119028419643,0.020449233762424853
0.7851851851851852,0.051148809171462084,0.037021672374806094,0.021254879149081477,0.018999971588858997,0.020519747219759483
0.7881781781781783,0.05140995913193316,0.03718317448212744,0.021329700355912397,0.019073361588527522,0.020590568090304684
0.7911711711711713,0.05167188141736146,0.037344060041170205,0.021406608585381702,0.0191433185701857,0.02066148166404092
0.7941641641641642,0.0519343635617287,0.03750881529089725,0.021482570378186072,0.01921172818446949,0.020734508469877504
0.7971571571571572,0.05218331645417702,0.037658731233146926,0.021543120257489064,0.01926497358161951,0.02079497705447222
0.8001501501501502,0.052421044664065816,0.037791519692928516,0.021591467572077486,0.019306580747670818,0.0208432923731976
0.8031431431431433,0.05266387050012895,0.037930068394941015,0.021645980287492043,0.01935496674582741,0.020897430525885646
0.8061361361361362,0.05291145212953854,0.038075091428188636,0.021706685262576526,0.019410096947548888,0.020957453716822547
0.8091291291291292,0.05316302573971342,0.038224354549523866,0.021771981812490668,0.019470088966118685,0.021021823748167304
0.8121221221221222,0.05341792087951999,0.03837659331267184,0.021840478397690943,0.019534575091504747,0.02108918238094584
0.8151151151151153,0.05367556296346087,0.03853223151509096,0.021913251512313815,0.019603120686501,0.021158509025693047
0.8181081081081082,0.05393546062993458,0.03869125883088733,0.02198928112589995,0.019673354488461022,0.021229070147120332
0.8211011011011011,0.054191557194166955,0.03884533747701988,0.02205964872474703,0.01973778709313113,0.02129457089889656
0.8240940940940942,0.05444447020735841,0.0389944540681888,0.022125043333218845,0.019797245854919213,0.021360617632980593
0.8270870870870872,0.05470054424127505,0.039148263178573214,0.022192646118637555,0.01985900461234458,0.02143157439102107
0.8300800800800802,0.05495942982511229,0.03930614720232221,0.02226239924804023,0.019923040142399536,0.021501577141322094
0.8330730730730731,0.05522064041747393,0.039465201780019415,0.022333649407863133,0.01998862843398605,0.02157204801110984
0.8360660660660661,0.055483753279126434,0.03962515055425166,0.0224058458415906,0.020055163901020755,0.02164295977632975
0.8390590590590592,0.05574557418842019,0.03978541428547972,0.02247566372377225,0.02011972146808876,0.021711195250662976
0.8420520520520521,0.05600627228768062,0.03994501909158885,0.02254805114120882,0.020184357898664736,0.021777210356100262
0.8450450450450451,0.05626891472496235,0.04010424340697014,0.022623861344932824,0.020251948341672963,0.02184458143579711
0.8480380380380381,0.05653323403496915,0.04026392131694942,0.022697384761612104,0.0203201371718971,0.021915767403009625
0.8510310310310312,0.056798908725786676,0.04042788777191345,0.02277031845026625,0.02038823563519583,0.0219896759880848
0.8540240240240241,0.05706566044465414,0.040593949078393844,0.02284292113655093,0.020456000370220405,0.0220628615394532
0.857017017017017,0.057333250738288426,0.04075743882378014,0.022915216591943424,0.02052334699214152,0.022135285576725443
0.8600100100100101,0.057595775836597245,0.0409151660289847,0.022981298387054608,0.02058443405025531,0.0222010577805011
0.8630030030030031,0.057853994280532076,0.041068188613620014,0.02304239753663322,0.020640544750255705,0.022261467639207378
0.8659959959959961,0.05811443546557819,0.0412223526931517,0.02310951762952206,0.020699151565448288,0.02232403607518164
0.868988988988989,0.058376898809178894,0.04137771338015516,0.023180916200344646,0.02076502293949689,0.022388826295949443
0.8719819819819821,0.05864102973396601,0.04153667599975191,0.023251668461319926,0.020834651205745187,0.022455213198760583
0.8749749749749751,0.05890651714672208,0.041698035960006874,0.0233224695884111,0.02090160970276504,0.02252647683906928
0.877967967967968,0.05916734290656491,0.04185175054671325,0.02338730702168669,0.020961792283019105,0.02259441101710741
0.880960960960961,0.05942419833404905,0.04199937807420039,0.023447297860347178,0.0210168344280381,0.022655327479552824
0.883953953953954,0.059683605294110806,0.04215228251109103,0.023509871502958763,0.02107434351180525,0.022717891098309413
0.8869469469469471,0.059945327197692126,0.04230892404562883,0.023574981409690977,0.02113437201453758,0.02278243121742514
0.88993993993994,0.06020897889890316,0.04246513094720785,0.0236419400031348,0.021196215349356534,0.02284844184045436
0.892932932932933,0.06047422178318444,0.04262180565301957,0.023714223557535496,0.021259258188222295,0.02291543910708176
0.895925925925926,0.0607407630081332,0.04278278011098888,0.023789272850480988,0.021326200411651397,0.022983049169628973
0.8989189189189191,0.061002552862803684,0.04293908245061873,0.023855876266962527,0.021389601102238528,0.023045017671140953
0.901911911911912,0.06126027940827776,0.04308716353897122,0.02391662596102316,0.02144662963790529,0.02310623748713184
0.9049049049049049,0.06152050853486048,0.04323756601317859,0.023979372518520004,0.021505361690197143,0.02317211136822903
0.907897897897898,0.06178301863814623,0.04339130700027665,0.024044271899243616,0.02156604350888063,0.023237938409339503
0.910890890890891,0.06204743873409758,0.043547115378121254,0.024110776952879418,0.02162813383200415,0.02330453415686052
0.913883883883884,0.062313441517473714,0.04370374887238752,0.02417838698604354,0.02169113599053581,0.023371713186045737
0.9168768768768769,0.06257194898292859,0.043852345993489146,0.024237603040379217,0.021745679859540477,0.023430143838780962
0.91986986986987,0.0628240685101033,0.043994017076361205,0.024294347793338854,0.02179340502903465,0.02348148415441357
0.922862862862863,0.06307981287760141,0.04413875013676921,0.024357312592427287,0.02184558959273241,0.02353704868470278
0.925855855855856,0.06333891740068644,0.04428653789778203,0.024421163953858432,0.02190510232211348,0.02359676990477267
0.9288488488488489,0.06360088338011961,0.044438543415373996,0.024486915611019466,0.021969621796327273,0.023660735767987644
0.9318418418418419,0.06386526795319881,0.044594207125940796,0.024554194244001883,0.02203456404928138,0.023728725765873565
0.934834834834835,0.06413168501435432,0.044751199254494535,0.02462253204782765,0.022099866556308693,0.02379862818875342
0.9378278278278279,0.06438789307294629,0.04489493012532162,0.024679213611708894,0.02215307796069717,0.02385654077880161
0.9408208208208209,0.06463540980721125,0.04502945319898106,0.02472644748086107,0.022196560971095,0.02390444273529912
0.9438138138138139,0.06488780249246759,0.04517052212159525,0.024779534178130263,0.022245694863604386,0.023957628630163562
0.946806806806807,0.0651447523596427,0.04531559722204843,0.024839914671679897,0.022300476095686833,0.024016120101654284
0.9497997997997999,0.0654056212118708,0.045464313349327164,0.02490635769927708,0.022359408012504883,0.024078581540975006
0.9527927927927928,0.06566983946558146,0.04561771929077335,0.024975804866205365,0.022421196687195562,0.024143842830704674
0.9557857857857859,0.06592785282222438,0.04576448140267894,0.02503738572603853,0.022477525071914035,0.024201692946284548
0.9587787787787789,0.06618059671703506,0.04590379762952992,0.025092220681746148,0.022529624402817663,0.024256064104623193
0.9617717717717719,0.0664381976975565,0.046047707729576344,0.025151647519776426,0.02258646178674689,0.02431731655891687
0.9647647647647648,0.06670025221810062,0.04619750079650927,0.02521546692560521,0.022647356987482763,0.02438200369191556
0.9677577577577579,0.06696613507694324,0.04635253772568319,0.025282536602517898,0.022711051723421378,0.024449401070201344
0.9707507507507509,0.06723529039458798,0.04651044652868319,0.02535187998477634,0.022776546612697412,0.024518596630819827
0.9737437437437438,0.06750723132769416,0.04667033038657101,0.025422758062599828,0.02284313411310631,0.024588907697213915
0.9767367367367368,0.06776929253619936,0.04681964432517878,0.02548673938158833,0.022897826463643137,0.024647244501316667
0.9797297297297298,0.0680229383631766,0.0469594153428779,0.02554318943004167,0.02294294372627234,0.02469586466324328
0.9827227227227229,0.06828202938488527,0.04710363880619866,0.025601973844928374,0.022994202166862654,0.02475047464501889
0.9857157157157158,0.06854619084054085,0.04725271133966276,0.025665234536774165,0.023051488902054388,0.02481096930913314
0.9887087087087088,0.06881472938759992,0.04740819383889123,0.02573218687266604,0.023117873967560584,0.024879749986967813
0.9917017017017018,0.06908702540410634,0.04756875141689706,0.025801835982356545,0.023189327751376974,0.024953574614437524
0.9946946946946948,0.06936253501162314,0.047731149473911307,0.025873358886109823,0.02325911749988924,0.025026766233711948
0.9976876876876878,0.0696407816456865,0.04789519072603434,0.02594612727147977,0.02332860961355245,0.025100063560366908
1.0006806806806807,0.06991517106020084,0.04805658144805703,0.026013283635288036,0.02339162959640267,0.025167013309121303
1.0036736736736738,0.07018625134186655,0.0482145152112542,0.02608064642751126,0.023449445432977594,0.025228760864384404
1.0066666666666668,0.0704608515191065,0.04837344760398341,0.02615317682395033,0.02351004310411021,0.02529324247083899
1.0096596596596596,0.07073864859873973,0.04853447023969204,0.026224892535570202,0.023573419586703597,0.025360431636297642
1.0126526526526527,0.07101917799905035,0.04870154524319145,0.02629730281748152,0.02363878583875325,0.02543018418443929
1.0156456456456457,0.07130202731630098,0.04887207872568823,0.026370358733487472,0.023710087038886475,0.025503346006436285
1.0186386386386388,0.07158373349389731,0.04903721028378315,0.02644060898948227,0.023781208024902016,0.025575446397403823
1.0216316316316318,0.07186443054471683,0.04920176612522161,0.02650847613292501,0.02384682957607695,0.025644826040309817
1.0246246246246247,0.07214742418498551,0.04936929350710676,0.02657783698780298,0.0239126091255932,0.02571501618016636
1.0276176176176177,0.07243245181171798,0.04953675236876937,0.026652317886276897,0.023979018964021385,0.02578596213139063
1.0306106106106108,0.07271919347512784,0.049704518641910486,0.02672982215472616,0.02404589008993745,0.025857352052739452
1.0336036036036036,0.07300736636869572,0.0498765581677208,0.02680555803263179,0.024113015922451374,0.02592893725299951
1.0365965965965966,0.07329672280621448,0.050050677067275735,0.02688045200892603,0.0241802313947027,0.026000542445600825
1.0395895895895897,0.07357450157304063,0.05020717661367662,0.026941613607665796,0.024235157482856,0.026063516459422318
1.0425825825825827,0.07384229853253688,0.050352280847511637,0.02699162567311337,0.024281640032612916,0.026117872946507865
1.0455755755755758,0.07411440192636262,0.05050295542859027,0.027046864659123534,0.02433502844466474,0.02617446714689052
1.0485685685685686,0.07439059676279271,0.05065669691308389,0.027107504326888125,0.02439366391340445,0.02623533023249885
1.0515615615615617,0.07467033450429394,0.050813448140127254,0.027172264969682926,0.02445594193861072,0.026299714579781065
1.0545545545545547,0.07495312126760095,0.05097555574130532,0.02724401519328675,0.024520638423908257,0.02636667476055483
1.0575475475475475,0.07523852155488822,0.05114151556583836,0.027319909556563965,0.024586879593778147,0.026435429470344544
1.0605405405405406,0.07551661141455188,0.05129635737660282,0.02738460061071965,0.02464427266519715,0.026495513937680484
1.0635335335335336,0.07578839976823712,0.051442107156573214,0.027440963088349393,0.024694384105888003,0.026548433701006378
1.0665265265265267,0.07606457085037512,0.051595513222939024,0.02750143597996115,0.024749334450178823,0.02660818069055545
1.0695195195195197,0.07634481535697789,0.05175481384397194,0.02756610670225792,0.024809006662568855,0.026674540708446697
1.0725125125125126,0.07662858955108201,0.051915311572213796,0.0276339705842267,0.024876334046847245,0.026744052793897136
1.0755055055055056,0.07691540570356013,0.05207783899381345,0.027704121843595615,0.02494813398535906,0.02681534867996065
1.0784984984984987,0.07720483324938007,0.0522464596040382,0.027775855857976588,0.02501852808396928,0.02688762180903305
1.0814914914914915,0.07749649258094658,0.05241855925338561,0.027853354082292017,0.025088511759890214,0.02696038368884079
1.0844844844844845,0.07778685300544724,0.05258507800922731,0.027930389486519006,0.025154893956004242,0.027030017250518207
1.0874774774774776,0.07807606173050485,0.05275113215507186,0.028001651970186472,0.025218305623200623,0.02709696224202544
1.0904704704704706,0.07836753070473165,0.05292022070587109,0.028073052428690626,0.025282883451518655,0.02716524488819534
1.0934634634634637,0.07866101696351285,0.05308905955174409,0.028145052579345495,0.02534865761064772,0.02723863511259496
1.0964564564564565,0.07895621715760243,0.053258223342637814,0.028217504827751747,0.025415254352292062,0.027315034213127847
1.0994494494494496,0.07925286151439147,0.053431955486071735,0.028290222123563972,0.02548743174734833,0.0273895515596546
1.1024424424424426,0.07955071232062391,0.05360789024023416,0.028363048862941928,0.02556216131995858,0.02746313968590687
1.1054354354354354,0.07984956024102485,0.05378098835249696,0.028440456619303407,0.025633135588803712,0.027535984166817764
1.1084284284284285,0.08014922098522384,0.05395628701931416,0.02851997232116571,0.02570244458449087,0.027608174180202602
1.1114214214214215,0.08044953235173109,0.05413274388118217,0.028596053147692545,0.02577068235232374,0.027679781151943153
1.1144144144144146,0.08075035161214116,0.05430680238881087,0.028670512523111844,0.025838119401378694,0.027750864583449303
1.1174074074074076,0.08105155319959215,0.05448128278582486,0.028743837211704516,0.025904921334750888,0.027825044271855524
1.1204004004004005,0.0813530266683498,0.05465639328952316,0.02881626625736217,0.025971199674572083,0.02790091702350929
1.1233933933933935,0.0816546748943121,0.054830290824284776,0.028887960445971837,0.02604015005926872,0.027974268802839652
1.1263863863863866,0.08195641248909612,0.05500281110960724,0.02895903647406164,0.026110833102112433,0.028046087136601266
1.1293793793793794,0.08225816440310671,0.05517789023996542,0.02903440872485663,0.02617956376563582,0.02811669815246972
1.1323723723723724,0.08255666521147516,0.05534989542412063,0.029108183349853874,0.026243568575580897,0.028182980051308856
1.1353653653653655,0.08285226928638105,0.0555149878788963,0.02917522768769931,0.026303697086824743,0.028245704192183467
1.1383583583583585,0.08314857434332422,0.055681754397923444,0.029241796813374795,0.026364301164218146,0.02830915634102377
1.1413513513513516,0.08344552762126366,0.055849919349490865,0.02930855859736666,0.02642561836618098,0.02837446333135709
1.1443443443443444,0.08374299729020916,0.05601678180438139,0.02937552088861899,0.026487452257543332,0.02844239270266541
1.1473373373373374,0.08404086453616087,0.05618278869043105,0.029442607656705668,0.026549606757732998,0.028511563773365844
1.1503303303303305,0.08433902425277404,0.05635187615048652,0.02950974014510635,0.026614146978274487,0.028580412341900167
1.1533233233233233,0.08463738352872185,0.05652221016014759,0.02957969154257435,0.02668077558850249,0.028648622293235265
1.1563163163163164,0.08493586025194824,0.056689449331422115,0.029651557543205035,0.02674678193053544,0.02871616173109938
1.1593093093093094,0.08523438187234127,0.056857548929685565,0.029721960765037917,0.026811859831389052,0.02878307529347402
1.1623023023023025,0.08553288430654504,0.05702624035789798,0.029791306233097222,0.026876005587610552,0.0288494248570919
1.1652952952952955,0.08583131096890079,0.05719307102656416,0.0298597226241052,0.026939322287569248,0.028915271138442878
1.1682882882882883,0.08612961191416237,0.05735847420641666,0.029927331484303845,0.027001931398557985,0.02898326692688669
1.1712812812812814,0.08642774307918066,0.05752635739907355,0.029994247396040796,0.02706394235932822,0.029052853075054733
1.1742742742742744,0.08672885819760602,0.057698889249776016,0.030063926914787834,0.0271287633567769,0.029124359942911366
1.1772672672672673,0.08703253751377714,0.05787145630280063,0.030135887916060013,0.02719683261206775,0.029197461889141435
1.1802602602602603,0.08733513351098403,0.058043592487611186,0.030210734390935867,0.027265252926587817,0.029268174908875594
1.1832532532532534,0.08763662209303326,0.05821497769325736,0.0302860131856151,0.027332840356303102,0.029336568327495108
1.1862462462462464,0.08793706380664003,0.0583832893913606,0.030356512762785413,0.02739834630138295,0.029403064724841013
1.1892392392392395,0.08823651495233613,0.05854913427988745,0.030424459835347247,0.02746188848546951,0.029468047930902547
1.1922322322322323,0.08853820261821159,0.05872052534798521,0.03049394873011562,0.02752711240314382,0.02953516526440457
1.1952252252252253,0.0888418017359205,0.05889537796016795,0.030564870215201215,0.02759378549074254,0.029608381265162655
1.1982182182182184,0.08914376574054887,0.05906509846454541,0.030633427427328382,0.027658078384608265,0.029681709818273356
1.2012112112112112,0.08944413103558656,0.05923402450584619,0.030699769152064692,0.027720127721091035,0.029750160466737875
1.2042042042042043,0.08974300991215524,0.0594018678088511,0.030767730438564345,0.02778160195407999,0.029815711213597728
1.2071971971971973,0.0900468107235882,0.05957374430595228,0.03084296531201894,0.027850264512465476,0.02988578254547801
1.2101901901901904,0.09035491376653718,0.05974971396471739,0.030920787502840323,0.027923985162300057,0.02995982776846052
1.2131831831831834,0.09066030128251953,0.059925481482755366,0.030994298811899117,0.02799375373048515,0.030030089364425906
1.2161761761761762,0.09096304238048385,0.06009913212182264,0.031063728146754458,0.028059379514461736,0.03009667813365953
1.2191691691691693,0.09126335375673843,0.06026648113919195,0.031129838193379954,0.02812159777621212,0.030162983885590102
1.2221621621621623,0.09156143305048604,0.06043268297894316,0.0311933166004903,0.028181140818252993,0.030228955255232847
1.2251551551551552,0.09186370669598558,0.06060487719685228,0.031261355784425404,0.028245169765241853,0.030298614027010368
1.2281481481481482,0.09216965736664512,0.060779426491891685,0.03133476338823774,0.02831312669262814,0.030371690458619403
1.2311411411411413,0.09247241773889742,0.060950096456544464,0.0314064456306588,0.02837890056134596,0.030440584750240394
1.2341341341341343,0.09277210536977501,0.061117685302627255,0.031474916507409356,0.028443033361813537,0.030505451201910967
1.2371271271271274,0.09306897524262306,0.0612815131248149,0.03153990678139489,0.02850444484358087,0.03056705167577945
1.2401201201201202,0.0933632596113986,0.061441398257401754,0.03160190632205278,0.02856297637806187,0.030626070602689497
1.2431131131131132,0.0936551671139984,0.061600507145894025,0.031661463911125565,0.02861906106273857,0.030683060697567637
1.2461061061061063,0.09394488531036206,0.061758165754065654,0.03171906146505162,0.028673180793363146,0.030740826747750048
1.249099099099099,0.09423258298978959,0.061911605989337176,0.031775095591943164,0.02872575394847138,0.030799137945409637
1.2520920920920922,0.09451841220343567,0.06206199572122515,0.031829884998120984,0.028777118538073167,0.030855523042930648
1.2550850850850852,0.09480871296106047,0.06222063280707182,0.03189028867074501,0.028834071799144937,0.03091701457826392
1.2580780780780783,0.09510297778421903,0.06238561832297973,0.031959373089321175,0.02889584157567015,0.030982925815589462
1.2610710710710713,0.09539439928041507,0.06254495907890527,0.03202758886886694,0.028955048879290606,0.03104554181283279
1.2640640640640641,0.09568305926038144,0.0627009070519516,0.03209041918118028,0.02901312126216164,0.03110484969425336
1.2670570570570572,0.09596917432153991,0.06285462629683525,0.03214974363210582,0.029070146417998977,0.031161444744569958
1.2700500500500502,0.09625294316644248,0.06300558119001964,0.032206378064086244,0.029124831453192324,0.0312158728216543
1.273043043043043,0.09653454534021166,0.06315341865085125,0.0322608939918896,0.02917735884013465,0.031268579282030744
1.276036036036036,0.0968141431723166,0.06329990808203464,0.032313735781529115,0.02922809881954779,0.03132194231985562
1.2790290290290292,0.09709188356394802,0.0634453189130521,0.03236525270507136,0.029277403331896414,0.03137591305787813
1.2820220220220222,0.09736789957377305,0.06358828241771888,0.032415719498978174,0.029325568127618152,0.031428398257311335
1.2850150150150152,0.09764231182607572,0.0637289286908384,0.03246535208419724,0.029372831959229087,0.031479609829392644
1.288008008008008,0.09791522976332687,0.06386853280984714,0.03251736191745072,0.02941938407904655,0.03152971316889061
1.2910010010010011,0.09818675276217938,0.0640076590398424,0.03257057885286855,0.029465372975888884,0.03157888584042683
1.2939939939939942,0.09845697112928427,0.06414537055578876,0.03262159108762521,0.029510914387650945,0.03162729173725962
1.296986986986987,0.09872596699112325,0.06428137324762227,0.032671459325881634,0.029559076266480255,0.03167507045245246
1.29997997997998,0.09899381509018654,0.06441574042840242,0.03272046442801791,0.029608715394024654,0.031722337003213745
1.302972972972973,0.09926058349823039,0.06455173838040247,0.03276877521080143,0.02965642366291577,0.03176918457703084
1.3059659659659661,0.09952633425598859,0.06468809273201129,0.03281652263535561,0.029703116096673837,0.03181568792445287
1.3089589589589592,0.09979112394754368,0.06482147147535365,0.032863810915429253,0.029749040322403674,0.03186190660718888
1.311951951951952,0.10005500421655515,0.06495320443781133,0.032910723069283214,0.029794348618273986,0.03191018191048531
1.314944944944945,0.10031802223067579,0.06508578897285089,0.032957325082034826,0.029839160443056983,0.03195988551086658
1.3179379379379381,0.10058331071146498,0.06522249744250459,0.033006966243459356,0.029886831653604985,0.03201170978161616
1.320930930930931,0.1008506245402549,0.06536071518199262,0.03305924687912274,0.029936983879528267,0.03206563830686682
1.323923923923924,0.10111658351539016,0.06549683408701464,0.03311351379476687,0.029985746465462846,0.03211786004045527
1.326916916916917,0.10138120474653717,0.06563195262406626,0.0331682449472493,0.0300330605980569,0.0321683496557626
1.32990990990991,0.1016445705556345,0.06576662568227643,0.033219903221905725,0.030079188595519883,0.03221738013553387
1.3329029029029031,0.10190983198961522,0.065903746169691,0.03327309388218505,0.030128805975064076,0.03226848751949002
1.335895895895896,0.10217678302547492,0.06604267795169375,0.03332781522341476,0.030182137984730226,0.03232146313273961
1.338888888888889,0.10244209490610444,0.06617924636856982,0.03338043278143536,0.030234114239623962,0.032372582286291404
1.341881881881882,0.1027058094412635,0.06631648003095623,0.033431043548893404,0.03028400345500314,0.032421889005758514
1.344874874874875,0.10296803018951896,0.06645327883682317,0.033479993170567296,0.030331973708396995,0.03246970298528099
1.347867867867868,0.10322885319438117,0.06658654572679501,0.03352759022784405,0.030378331477350185,0.03251962797364887
1.350860860860861,0.10348836633574367,0.06671757821761452,0.033574089072548094,0.03042337277965776,0.03257035619740246
1.353853853853854,0.10374665005062567,0.06684877540440358,0.03361969649888291,0.03046735142406178,0.03261823157199129
1.356846846846847,0.10400683945837641,0.06698352967215564,0.0336691476950302,0.03051371700265745,0.032667876352732585
1.35983983983984,0.10426873714197996,0.06711945710634414,0.03372240417233773,0.030562208935867766,0.03271927083639134
1.362832832832833,0.1045290364190757,0.06725295865751957,0.033774274831967294,0.030609080505720736,0.03276877244831774
1.365825825825826,0.1047877757809193,0.06738449502221877,0.033824276672003016,0.030654330585967827,0.03281644146432864
1.3688188188188188,0.10504505408339246,0.06751524498652711,0.033872554138839266,0.030698254990207344,0.032862592959145405
1.3718118118118119,0.10530096325321212,0.06764506885030938,0.03391935404138763,0.030744491530938778,0.03290751055729639
1.374804804804805,0.10555558763109846,0.06777310430995774,0.033964918754378876,0.030791670228801096,0.03295142816931026
1.377797797797798,0.10580900462130663,0.06789938055656342,0.0340094612535871,0.03083604173076366,0.03299453586104864
1.380790790790791,0.10606128530432025,0.06802612805383815,0.03405316174218763,0.030878982727339153,0.03303698724104176
1.3837837837837839,0.10632158866482687,0.0681640706485767,0.03410591447255117,0.030930531251397234,0.033090564963656637
1.386776776776777,0.10658922221825616,0.06831017788224225,0.03416665758775132,0.030989712735193797,0.033153882872168444
1.38976976976977,0.10685426791843912,0.0684525987487285,0.034223978791811285,0.03104521939790466,0.03321338290532294
1.3927627627627628,0.10711671824695762,0.06859244426864591,0.034280019122222914,0.031096832025019474,0.03326884067294949
1.3957557557557558,0.1073767500805347,0.06873021248135198,0.03433470337502055,0.03114521708071466,0.03332077726718416
1.3987487487487489,0.1076345293027927,0.06886495471261664,0.034385879944195584,0.03119100150577038,0.03336977911621481
1.401741741741742,0.10789020820483387,0.0689966845570696,0.03443439799107956,0.031234701677775985,0.0334163712852271
1.404734734734735,0.10814991874851868,0.06913301903989062,0.034487160566320396,0.031283109732403294,0.033467421265340545
1.4077277277277278,0.10841331428611865,0.06927656247296388,0.03454381284773106,0.03133880556375213,0.033522539162829705
1.4107207207207209,0.10867396106231643,0.06941806500745044,0.03459711742115682,0.03139332222133402,0.033574454777590114
1.413713713713714,0.10893192713076934,0.06955434690898316,0.03464711953742498,0.031443148741109865,0.03362319328957275
1.4167067067067067,0.10918739323799491,0.06968681554100928,0.03469435110033348,0.03148965451387266,0.033670898362320074
1.4196996996996998,0.10944052783250828,0.06981827126154427,0.0347392986905852,0.03153352054100367,0.03371797162082499
1.4226926926926928,0.10969148589573323,0.0699482171553942,0.03478237020238319,0.03157526685955219,0.03376301175549288
1.4256856856856859,0.10994041008486363,0.07007440301995069,0.03482390319195061,0.031615314505467215,0.03380620114389147
1.428678678678679,0.11018743180605688,0.07019779297370839,0.03486704605087034,0.0316540034352053,0.03384778180240039
1.4316716716716718,0.11043267218412046,0.07031869728201826,0.034910738624194255,0.031691607104652644,0.03388800740218259
1.4346646646646648,0.11067624293932375,0.07044033179957049,0.034951885212705806,0.03172834488700172,0.03392710882721167
1.4376576576576579,0.11091824718140177,0.07056154469802071,0.0349916592481967,0.03176439241555474,0.033965284410099564
1.4406506506506507,0.11115878012958957,0.07067926837844489,0.03503038588731665,0.031799890069083216,0.03400270064688805
1.4436436436436437,0.11139792976644572,0.07079487785914357,0.03506826635128874,0.031834949875301236,0.03403949570445512
1.4466366366366368,0.11163577743229729,0.07090919590818641,0.03510545785836892,0.03186966110029777,0.03407578345939649
1.4496296296296298,0.11187239836633822,0.0710231097530966,0.03514208735620629,0.03190689646169329,0.0341116573374091
1.4526226226226229,0.1121078621997174,0.07113631076935825,0.03517825811051479,0.0319454604118635,0.03414719372320828
1.4556156156156157,0.11234223340534878,0.07124820009346242,0.03521405427018906,0.031982182336824136,0.03418245489431913
1.4586086086086087,0.11257557170865051,0.07135879269286487,0.03524954440439654,0.032018080716196023,0.034217491501937425
1.4616016016016018,0.11281091836074579,0.07147188171551673,0.035287998264044794,0.03205656880094816,0.03425750953460494
1.4645945945945946,0.11304810571692672,0.07158985240546821,0.035329101967218994,0.032097408190576306,0.0343016409790585
1.4675875875875877,0.11328393573655565,0.07170763820267513,0.03536913641197108,0.03213695141041612,0.03434398327118563
1.4705805805805807,0.11351842951853632,0.07182245702596927,0.03540802133830145,0.032175149235915274,0.03438477810329168
1.4735735735735738,0.11375166259713511,0.07193537626176105,0.03544850448517947,0.03221221656834303,0.03442421907946117
1.4765665665665668,0.11398370605207833,0.07204663782578254,0.03548967273035554,0.03224835606107757,0.03446250776259233
1.4795595595595596,0.11422055202442755,0.07216607249613588,0.03553512507654563,0.032290055942109756,0.034506194204434563
1.4825525525525527,0.11446183907648624,0.07229242216423493,0.03558515566988812,0.032336735502617425,0.0345547492965937
1.4855455455455457,0.11470119367633828,0.07241522340094335,0.03563260675411996,0.03238107619131517,0.03460088443521637
1.4885385385385386,0.11493862198574985,0.07253517087180979,0.03567738988932445,0.03242293953611261,0.03464448535452094
1.4915315315315316,0.11517423903238526,0.07265253478060675,0.035719880942703085,0.032462730465457876,0.03468593582674068
1.4945245245245247,0.11540815347350916,0.07277008010118419,0.03576044562072338,0.03250377850288892,0.034725598187824114
1.4975175175175177,0.11564046613797532,0.07288695301865693,0.03579940103091049,0.032545077017553055,0.034763778973489166
1.5005105105105108,0.1158712706076007,0.07300058372450528,0.03583701622214209,0.03258349376677445,0.03480073400067258
1.5035035035035036,0.11610065378289068,0.07311206912670988,0.03587351751119943,0.032620275071307124,0.03483810902954666
1.5064964964964966,0.11632869640057741,0.073221674353637,0.035909094351005984,0.0326558051479721,0.03487596029112759
1.5094894894894897,0.11655547350703688,0.07333177903964691,0.03594390483607349,0.03269033025016841,0.03491285193738599
1.5124824824824825,0.11678105489180296,0.07344171286195005,0.035978080595582065,0.0327240429380264,0.034948849530974595
1.5154754754754756,0.11700550548494802,0.07354924861330289,0.036012935873971474,0.032757098053130665,0.03498403043180353
1.5184684684684686,0.11722888572169449,0.07365522515441693,0.03604857897949139,0.03278962086724033,0.035018498732443545
1.5214614614614617,0.11745125187726675,0.07375982812601513,0.03608377202079413,0.0328217128718949,0.035052359304170166
1.5244544544544547,0.11767265637468047,0.07386429846081205,0.03611840839812113,0.03285345629105301,0.03508570712514701
1.5274474474474475,0.11789314806788943,0.07396879344087233,0.0361524940890521,0.032884917698538046,0.035118624894118364
1.5304404404404406,0.11811277250246778,0.07407227960283981,0.036186081426244514,0.03291615094720929,0.035151183271569415
1.5334334334334336,0.11833452020700073,0.07417841205307904,0.036222413335823614,0.03295034662151159,0.035186611628349615
1.5364264264264265,0.11855823398191634,0.07428697934030336,0.0362612257705439,0.03298719308784765,0.03522462592607534
1.5394194194194195,0.11878076635968154,0.07439402572223651,0.03629889486740512,0.033023033946700954,0.0352615845120876
1.5424124124124126,0.1190021271657005,0.07450159595490602,0.0363353546561465,0.033058204913481826,0.035297408427485244
1.5454054054054056,0.11922237771279823,0.07460906644576419,0.036370773061636795,0.033093738563318,0.03533226433456984
1.5483983983983987,0.11944157611004219,0.07471434012611951,0.03640531164983448,0.03312935318363511,0.03536631089780107
1.5513913913913915,0.11965977659405982,0.07481815352033797,0.036439109731054305,0.03316416962811217,0.03539968257430466
1.5543843843843845,0.11987702979177509,0.07492066245637469,0.03647228571856385,0.03319813954991256,0.035434607769228424
1.5573773773773776,0.12009338297817101,0.07502235801893467,0.036504939766848675,0.03323134431489476,0.035470414520351934
1.5603703703703704,0.12030888031440887,0.0751240371860614,0.0365371563184622,0.033263887889382136,0.03550480355494193
1.5633633633633635,0.12052356306771042,0.07522546032963055,0.03656900639643272,0.03329587048136468,0.035538408307944434
1.5663563563563565,0.12073746981453476,0.07532597742568557,0.03660188902464366,0.033327381577939776,0.03557137524276123
1.5693493493493496,0.12095063662844,0.07542555779992231,0.03663570786435,0.03335849856061972,0.03560380337631883
1.5723423423423426,0.12116309725389356,0.07552424390946101,0.03666904005445355,0.033389287222236115,0.03563577748162765
1.5753353353353354,0.12137488326717392,0.07562306610970018,0.03670191997564079,0.033419802937656076,0.0356673700766951
1.5783283283283285,0.1215860242254095,0.0757222063296623,0.036734357063240825,0.03345009200139312,0.03569864270356832
1.5813213213213215,0.12179654780470102,0.07582074187885862,0.03676638994033141,0.03348019293127317,0.03572964728126375
1.5843143143143144,0.12200941603396065,0.07592220946435242,0.03680123293003008,0.03351327243146921,0.03576358446496066
1.5873073073073074,0.12222446731843692,0.07602636880503691,0.03683861994803322,0.0335490229708787,0.03580016899751837
1.5903003003003005,0.12243856368674666,0.0761292593186027,0.036874943309779314,0.03358381025039432,0.035835776171193476
1.5932932932932935,0.12265170100496808,0.07623222034824002,0.03691012621328114,0.03361753453241846,0.03587031699178775
1.5962862862862865,0.12286392562474949,0.07633512670306432,0.036944320741773624,0.03365154909579402,0.03590394261542659
1.5992792792792794,0.12307528179618012,0.07643663196345185,0.03697767489938074,0.03368608955411905,0.03593679843938581
1.6022722722722724,0.12328581097202686,0.07653696472874878,0.0370103171813953,0.03371998207257038,0.035969008414284756
1.6052652652652655,0.12349555198395203,0.0766361888886528,0.03704235752853849,0.03375308946150048,0.036000676932756104
1.6082582582582583,0.12370746271513908,0.07673801587686031,0.03707704199928254,0.033788567883484874,0.036037775314022504
1.6112512512512513,0.123921397281326,0.07684405457340603,0.037114136902640336,0.03382618944996985,0.036078807706719854
1.6142442442442444,0.12413424768610802,0.07694987967030603,0.03715007191014571,0.033862428576756684,0.036117112306276254
1.6172372372372374,0.12434601831513366,0.07705360211418413,0.03718494845750413,0.033897247485700374,0.03615365052634332
1.6202302302302305,0.12455676244914021,0.07715576392143664,0.03721996682109596,0.03393084742388644,0.036188751099220054
1.6232232232232233,0.1247665308416217,0.07725649426975993,0.03725515230009323,0.03396342208604284,0.03622265043782346
1.6262162162162164,0.12497537108035989,0.07735590196512168,0.03728949339317313,0.03399513891515485,0.0362555447113468
1.6292092092092094,0.12518332778701632,0.07745631836022196,0.03732294023299826,0.03402614001346768,0.03628759842281453
1.6322022022022022,0.12539044281543843,0.07755691974986008,0.037355569284566306,0.03405654508101343,0.03631894959711072
1.6351951951951953,0.12559675543582366,0.07765538547107868,0.037387479095290464,0.03408645448455888,0.03634971395276012
1.6381881881881883,0.1258023025056559,0.07775260232559232,0.03741876627242197,0.03411595210691906,0.036379988416313076
1.6411811811811814,0.12600711862845768,0.07784873010820344,0.03744951888177136,0.03414510788182489,0.03640985410054659
1.6441741741741744,0.1262170362836716,0.07795110066460789,0.03748607978044016,0.03418018407953999,0.036445626024503984
1.6471671671671673,0.12643174270908755,0.0780616537767305,0.0375279214804306,0.03422059944927859,0.03648675307089652
1.6501601601601603,0.12664504722436654,0.07817165127141087,0.03756790539903536,0.03426143868390783,0.03652608123058453
1.6531531531531534,0.12685692527287618,0.07827851466289346,0.0376058557803078,0.034301757182462644,0.03656342230914609
1.6561461461461462,0.1270674491152045,0.0783832046970874,0.037642042896611605,0.03433932289980275,0.03659986386887561
1.6591391391391392,0.127276688096579,0.07848594773344661,0.03767672927199002,0.0343749413152097,0.03663608443844745
1.6621321321321323,0.12748470731053443,0.07858820376632367,0.037710141686845305,0.03440894197414328,0.03667145075918177
1.6651251251251253,0.127691567858581,0.07868995086447741,0.0377424737996028,0.03444158611219244,0.03670560641330373
1.6681181181181184,0.1278973271152227,0.07878997631915267,0.03777462700009747,0.03447309681393935,0.03673861228739883
1.6711111111111112,0.12810203897396194,0.07888850467410975,0.037807119295726985,0.03450366290953519,0.03677059914669335
1.6741041041041043,0.12830575407546685,0.07898562426512394,0.03783929826338005,0.03453344319663918,0.03680170414348815
1.6770970970970973,0.12850852001935012,0.07908143150024052,0.03787077195637372,0.034562570686929577,0.03683205396862204
1.6800900900900901,0.12871038156087755,0.07917744086116128,0.03790153095532855,0.03459115650314137,0.03686176087371299
1.6830830830830832,0.12891138079380532,0.07927344150704667,0.037931637828816894,0.03461929330729054,0.036890922456601166
1.6860760760760762,0.12911155732043583,0.07936803752338212,0.037961169804742526,0.034647058254180574,0.03691962270708991
1.6890690690690693,0.12931094840988486,0.07946154638864754,0.03799020243120845,0.03467451550705976,0.03694793344962833
1.6920620620620623,0.1295153365344567,0.07956121730050861,0.03802502365505973,0.034707879009409366,0.036982117372879965
1.6950550550550552,0.1297244322953664,0.07966669951781423,0.03806512985705435,0.03474659404709962,0.03702164798796154
1.6980480480480482,0.1299321225032975,0.0797715835592996,0.038103463853151824,0.03478358126982121,0.037059452663534054
1.7010410410410413,0.13013838458298102,0.07987559988909282,0.03813984622823837,0.03481863620002818,0.037095341439616854
1.704034034034034,0.13034328873828144,0.07997752077465005,0.038174525426666814,0.034854717008856055,0.03712957077617827
1.7070270270270271,0.13054975417552503,0.08008116148874463,0.03821083557207263,0.03489396422959343,0.037165471505140456
1.7100200200200202,0.130757687928021,0.08018642633560005,0.03824871025375858,0.034933295013782784,0.03720483453547521
1.7130130130130132,0.1309641044495264,0.08028956623885206,0.038284799726208275,0.0349703486881368,0.03724380896307961
1.7160060060060063,0.1311690342130871,0.08039253665161368,0.038319150062089254,0.035005320008426384,0.03728037465094971
1.718998998998999,0.13137255074655266,0.08049479719358497,0.03835200166970015,0.03503851623744092,0.037315096158992145
1.7219919919919922,0.13157472395103587,0.0805944375609224,0.03838578925317594,0.035070215662332156,0.03734823099024649
1.7249849849849852,0.13177561964261614,0.08069218275270715,0.0384198000177779,0.035100657569536155,0.03738000282393493
1.727977977977978,0.1319752998028482,0.08078820492074691,0.03845171486156149,0.035130045262833094,0.037410610948952205
1.730970970970971,0.13217382282204232,0.08088263749971779,0.038482389651819854,0.03515855057886482,0.037440229025899635
1.7339639639639641,0.13237124372554432,0.08097755782333262,0.03851205300177075,0.035186318323054244,0.03746900676809777
1.7369569569569572,0.13256761438421755,0.08107232579763488,0.038540859816907226,0.03521347027978947,0.03749707250178546
1.7399499499499502,0.1327629837103747,0.08116494844637957,0.03856893915031531,0.03524010872332756,0.03752453583719176
1.742942942942943,0.13295739784029706,0.08125618090384015,0.03859640066825348,0.035266319443484365,0.03755149017841866
1.745935935935936,0.13315090030437696,0.08134617128266143,0.03862333789026788,0.035292174330454826,0.03757801498264674
1.7489289289289291,0.13334353218582717,0.08143502235454138,0.038649830599653524,0.03531773357143189,0.03760417775082019
1.751921921921922,0.13353533226881953,0.08152408418350993,0.038675946833890584,0.03534304751106465,0.03763003576101243
1.754914914914915,0.1337263371768405,0.08161321311317245,0.03870174457596317,0.03536815822362793,0.03765563756691605
1.757907907907908,0.13391658150198424,0.0817011782736657,0.03872727320355527,0.03539310083943113,0.037681024287279714
1.7609009009009011,0.1341060979258447,0.08178822018927563,0.03875257473341731,0.0354196298363736,0.037706230711950964
1.7638938938938942,0.13429491733261162,0.08187439020978758,0.038777684889920366,0.03544720547511193,0.03773128624846639
1.766886886886887,0.13448306891492845,0.08195974287737394,0.03880263402208255,0.03547393582869271,0.037756215730812295
1.76987987987988,0.13467058027302267,0.08204433589848847,0.03882744788993418,0.03550025199046366,0.037782956439563295
1.772872872872873,0.1348574775075803,0.08212987114123463,0.03885214833829994,0.03552622192184287,0.03781077099052056
1.775865865865866,0.13504378530679798,0.082215841011594,0.03887675387368039,0.03555189080461709,0.03783754138861995
1.778858858858859,0.13522952702801394,0.08230054593470248,0.03890128015782417,0.035577300523676914,0.03786388176503374
1.781851851851852,0.13541472477428554,0.08238451668082118,0.038925740429749806,0.03560248871353238,0.03788988930762456
1.784844844844845,0.13559939946625596,0.08246782859022142,0.038951322768295285,0.03562748844625735,0.03791561490375969
1.7878378378378381,0.1357835709096258,0.08255053142193544,0.038977869406198525,0.03565232840476265,0.03794110004423583
1.790830830830831,0.13596725785852048,0.08263267174355486,0.0390041200945582,0.03567703325867871,0.037966380086124026
1.793823823823824,0.1361504780750256,0.08271591505715141,0.03903014273930142,0.03570162410479451,0.03799148536692761
1.796816816816817,0.13633324838513966,0.08279974636307227,0.03905592743643334,0.03572611890871099,0.03801644192214227
1.7998098098098099,0.13651843114257714,0.08288604160509219,0.0390845667070026,0.03575358750476553,0.038044346153167055
1.802802802802803,0.1367058970253125,0.08297512691246935,0.0391158229889048,0.03578376544072502,0.038074949823505254
1.805795795795796,0.13689263432705964,0.08306322434271915,0.03914622511337475,0.03581316339648355,0.038104768974354115
1.808788788788789,0.13707863028313752,0.0831502942356475,0.03917568047816198,0.03584167371429513,0.03813370445082012
1.811781781781782,0.13726391530334134,0.08323639989904696,0.03920429517448405,0.035869413189087776,0.03816186551596955
1.814774774774775,0.13745416371046013,0.0833305277681618,0.03923829395149373,0.035902558845529356,0.03819546061908121
1.817767767767768,0.13764912246409033,0.0834316724427567,0.0392772604940023,0.03594066687565496,0.03823405922843819
1.820760760760761,0.1378428217240859,0.08353030006423179,0.03931433899747147,0.03597687812991702,0.03827079712392257
1.8237537537537538,0.1380352344452258,0.08362692528059282,0.03934938355748667,0.03601228092838875,0.038305521396916564
1.8267467467467469,0.13822641852646686,0.08372169650586105,0.039382643310990166,0.03604715790298133,0.038338489841662084
1.82973973973974,0.13841642997152254,0.08381473924524489,0.03941436041521023,0.03608042360597726,0.038371354256496557
1.832732732732733,0.13860532178758433,0.08390782176654843,0.03944474700380754,0.03611215880310062,0.038404103048441475
1.835725725725726,0.13879314414327673,0.08400052000675488,0.03947398714512374,0.03614251451255071,0.038435393630023906
1.8387187187187188,0.13898274659570728,0.08409470394074822,0.039505282524997076,0.036174681976708194,0.03846851317124229
1.8417117117117119,0.13917403850268256,0.08419075718766311,0.03953851665541333,0.03620857355211171,0.03850334873460609
1.844704704704705,0.1393723995220294,0.08429544064246047,0.0395819159298135,0.03624986016413728,0.0385456092966342
1.8476976976976978,0.13957744849555048,0.08440824878291059,0.03963370432120537,0.03629780947505844,0.03859458720501804
1.8506906906906908,0.13978042955290312,0.08451977360615232,0.03968106551968983,0.036342432129844594,0.03864028087594696
1.8536836836836839,0.13998405906773143,0.08463285097346286,0.03972767965386021,0.03638653497042614,0.03868551291666339
1.856676676676677,0.14018830684738776,0.08474572047125402,0.03977379507792601,0.03643032476254332,0.03873045911458656
1.85966966966967,0.14039036373972885,0.08485529928784939,0.03981647644565891,0.03647086479817815,0.038772151666520156
1.8626626626626628,0.14059029367203502,0.08496171058642478,0.039855992715060455,0.03650841761649822,0.03881083614585577
1.8656556556556558,0.14079633339601116,0.08507630532145172,0.03990163909692242,0.03655221425112267,0.03885577241362688
1.8686486486486489,0.14100820691013308,0.08519894028965741,0.03995311067934784,0.0366019123276483,0.03890662571455283
1.8716416416416417,0.14121739170469744,0.08531791871089507,0.04000071932021532,0.03665096851804592,0.03895368871790589
1.8746346346346348,0.14142389860081733,0.08543301901601968,0.04004442544911306,0.03669790665131738,0.038999604750204545
1.8776276276276278,0.14162785329103464,0.08554440375986389,0.04008470744261166,0.03673967390766151,0.03904372184452526
1.8806206206206209,0.1418293762113847,0.08565295631965306,0.040122015310904605,0.03677790493342256,0.039083467204011305
1.883613613613614,0.14202858126307255,0.08575923122710671,0.040158856805032186,0.03681321031652033,0.03912015641726898
1.8866066066066067,0.14222557619891682,0.08586279674714814,0.04019476816555916,0.03684603422547727,0.03915427320609426
1.8895995995995998,0.1424204630035951,0.08596349101834275,0.04022770051607656,0.03687674549118078,0.03918617973316758
1.8925925925925928,0.14261333824651543,0.0860614321262026,0.04025855246539516,0.036905656276194757,0.039216182929344715
1.8955855855855857,0.14280429340936346,0.08615677759060733,0.040287634439532004,0.03693303229433361,0.0392445465574745
1.8985785785785787,0.14299341519047068,0.08625090249649509,0.04031518442824642,0.03695910026569469,0.03927149810046167
1.9015715715715718,0.14318078578793791,0.08634375714852237,0.040341408128211804,0.036984053872693295,0.03929723400423618
1.9045645645645648,0.14336648316326417,0.08643424119562665,0.04036648450091319,0.037008058682896465,0.039321924002404474
1.9075575575575578,0.1435505812870596,0.08652265887730017,0.04039056930885328,0.037031256279897694,0.039345714779466065
1.9105505505505507,0.14373315036827428,0.08660913044566555,0.04041379805927346,0.03705376775655668,0.039368733106415
1.9135435435435437,0.14391425706824046,0.08669377618538103,0.04043628856971027,0.03707569668216492,0.039391088537512636
1.9165365365365368,0.14409396470070676,0.08677671588253652,0.04045814321957992,0.03709713162982747,0.039412875735364346
1.9195295295295296,0.14427233341893708,0.08685977855991135,0.0404794509255699,0.03711814833334338,0.03943417647842625
1.9225225225225226,0.1444494203908505,0.0869424113998355,0.04050028887204322,0.03713881153040968,0.039455061395950036
1.9255155155155157,0.14462527996309263,0.08702288709891505,0.040520724024618406,0.03715917653936211,0.03947559146836988
1.9285085085085087,0.14479996381485272,0.08710188853106222,0.040540814452561004,0.03718064711722557,0.03949581932548484
1.9315015015015018,0.14497352110216963,0.08717955381102944,0.04056061048312683,0.03720287467766366,0.03951579037011061
1.9344944944944946,0.1451459985934089,0.0872559815240235,0.040580155708550246,0.03722441544141866,0.03953665477658191
1.9374874874874877,0.14531744079653452,0.08733126093169921,0.040599487864044916,0.037245582044355394,0.03955822154577559
1.9404804804804807,0.1454905955782527,0.08740997169901847,0.0406215982028168,0.037269357333665105,0.039582278861481496
1.9434734734734735,0.14566538898172904,0.08749184718421212,0.04064629354877554,0.03729556245039388,0.039608790115777136
1.9464664664664666,0.14583900744807937,0.08757220078596666,0.04067027931421442,0.03732093822526395,0.03963448160396222
1.9494594594594596,0.14601146262028095,0.08765117913839342,0.04069347241169456,0.03734540387679025,0.039659258747638114
1.9524524524524527,0.146182801951291,0.08772884405590947,0.04071690470432583,0.03736905726176591,0.039683200849236426
1.9554454454454457,0.1463530711165344,0.08780526746011647,0.04074062212404006,0.037391999558828375,0.03970639941425407
1.9584384384384386,0.14652231362530854,0.08788052507173402,0.040763710454239335,0.0374143229356254,0.039728942201052005
1.9614314314314316,0.14669326425506615,0.0879580916219628,0.040789149191911185,0.03743903069061039,0.03975384796445691
1.9644244244244247,0.14686585104953995,0.08803960626548857,0.040816767447627876,0.03746597339026405,0.039780975574888286
1.9674174174174175,0.14703727507674771,0.08812082448696089,0.040843336321815686,0.037491925502498476,0.039807099632498656
1.9704104104104105,0.1472075474267179,0.08819990468935941,0.040868801050567234,0.03751683339646435,0.03983217203606552
1.9734034034034036,0.14737671442783593,0.08827753560776436,0.0408932693066102,0.03754082300615828,0.03985631240145523
1.9763963963963966,0.1475448207052656,0.08835384962765659,0.040916853014150475,0.037564015859980655,0.03987963670364993
1.9793893893893897,0.14770921161656322,0.08842553345592166,0.040936706744649144,0.037583593496250185,0.039899305688373445
1.9823823823823825,0.1478700379481451,0.08849282169755363,0.040953136567000795,0.03759987445893803,0.039915627974323666
1.9853753753753756,0.14803017710510194,0.08856002958150738,0.04096952166193233,0.03761623598006986,0.0399319814725159
1.9883683683683686,0.1481896908322129,0.08862744786992585,0.040986040805665785,0.03763285769525198,0.03994854138285081
1.9913613613613614,0.14834860259698165,0.08869453598673362,0.041002695006009365,0.037649721653331435,0.03996529759454356
1.9943543543543545,0.14850693434319406,0.08876116433755668,0.041019475076725015,0.03766680053274508,0.03998223086169168
1.9973473473473475,0.14866470702497558,0.08882732089966075,0.04103637153088988,0.03768406949653269,0.03999932329363264
2.0003403403403404,0.14882194066035095,0.08889302080098183,0.041053375302135105,0.03770150661754576,0.04001655882324168
2.0033333333333334,0.14897865437605123,0.08895828820481198,0.04107047786813741,0.03771909259252643,0.04003392307409425
2.0063263263263265,0.14913486644992435,0.08902314983744586,0.04108767129507777,0.03773681044128757,0.04005140320002545
2.0093193193193195,0.1492905943511636,0.08908763279419256,0.041104948248620474,0.037754645234403424,0.04006898773330514
2.012312312312312,0.14944585477847996,0.0891525400512846,0.04112230198434872,0.037774355492232674,0.04008666644423867
2.015305305305305,0.14960066369633246,0.08921788361180755,0.041139726325332145,0.037795168152418575,0.040104430212447084
2.018298298298298,0.1497550363693276,0.08928290809540443,0.04115721563196563,0.037815108577428126,0.04012332927451516
2.0212912912912913,0.14990898739488837,0.08934762507044153,0.04117476476757139,0.03783480350585714,0.04014313444714558
2.0242842842842843,0.15006253073428777,0.08941202474099318,0.04119236906213325,0.03785433502512905,0.040162707782934653
2.0272772772772774,0.15021567974213812,0.08947611399897303,0.04121002427575742,0.03787373464522157,0.04018218934497313
2.0302702702702704,0.1503684471944187,0.08953990717199824,0.04122772656291526,0.037893024254861164,0.04020157089610932
2.0332632632632635,0.15052084531512105,0.08960342111323971,0.041245472438145546,0.037912221137441894,0.04022085179923412
2.036256256256256,0.15067288580158736,0.08966667345416825,0.041263258743629745,0.03793133960292686,0.04024003798053363
2.039249249249249,0.15082457984860898,0.0897301242421892,0.04128108261886842,0.03795039174667777,0.04025913771390959
2.042242242242242,0.15097593817135443,0.08979406020936764,0.041299740503824074,0.037969387892956986,0.04027815992705827
2.045235235235235,0.15112697102718486,0.08985808565739316,0.04131921460663378,0.037988336896892586,0.04029711343837474
2.0482282282282283,0.15127768823641782,0.08992193429679925,0.04133866859325038,0.03800724637117607,0.040316006599998525
2.0512212212212213,0.15142809920209335,0.08998556308905309,0.041358054857410204,0.03802612286666879,0.04033484713803992
2.0542142142142144,0.15157821292879328,0.09004896473077405,0.041377338450356654,0.03804497202143116,0.04035364209486765
2.057207207207207,0.15172803804056395,0.09011214390819304,0.0413965112438688,0.038063798686259066,0.040372397825947585
2.0602002002002,0.15187758279798694,0.09017510988416515,0.04141557645244066,0.03808260703172381,0.04039112002589639
2.063193193193193,0.15202685511444164,0.09023787389278431,0.04143454150160473,0.03810140064010187,0.040409813769606125
2.066186186186186,0.15217586257160148,0.09030044796283106,0.04145341533898464,0.038120182584667456,0.04042848356030749
2.069179179179179,0.15232461243420106,0.09036432430282938,0.041472207239351834,0.03813895549825911,0.04044713337982274
2.072172172172172,0.15247581344624445,0.09043233435762958,0.04149386605007316,0.03816063804913135,0.04046869985508866
2.0751651651651652,0.15262936718237383,0.09050277471264655,0.041518193338593024,0.03818501184767118,0.040492973078428585
2.0781581581581583,0.15278244305597952,0.09057256046173096,0.04154191764864812,0.03820879728008949,0.040516672638341064
2.0811511511511513,0.15293502241073142,0.09064167254570703,0.04156494310635103,0.03823188747807538,0.04053969673400299
2.084144144144144,0.15308980780299736,0.09071352693527873,0.04159026432375536,0.03825726233730158,0.04056503535409655
2.087137137137137,0.15324671223584707,0.0907880153905797,0.04161774813204329,0.03828478467232651,0.04059255212905755
2.09013013013013,0.1534029318231975,0.09086157202294727,0.041644196325303945,0.03831126170752669,0.04061904735369437
2.093123123123123,0.15355845686142758,0.09093510080557271,0.04166956509960832,0.03833664721764391,0.04064447516185116
2.096116116116116,0.15371331199814336,0.09100854660147999,0.041693971865977744,0.038362331001591615,0.04066895680433865
2.099109109109109,0.15386752125227207,0.09108100870444266,0.04171752997992212,0.0383881995082697,0.04069260857091654
2.1021021021021022,0.15402110761989832,0.09115261346853491,0.04174034052939762,0.038413004988545454,0.04071649100900181
2.105095095095095,0.15417942064349324,0.09123009479646564,0.04176829957569008,0.03844274094702925,0.040746441707548486
2.108088088088088,0.1543422809774043,0.09131321057431722,0.041801082133670654,0.03847709583207124,0.040781178488146434
2.111081081081081,0.15450412087697676,0.09139486518133495,0.041832279569551246,0.038509716749842486,0.04081431656999844
2.114074074074074,0.15466491121857015,0.09147496858636978,0.041861751736354175,0.03854045522631579,0.04084563685135938
2.117067067067067,0.1548246907638047,0.0915549821697671,0.041889685525342404,0.038569497754238416,0.04087526854940854
2.12006006006006,0.15498349742654896,0.09163454559935941,0.0419182804981363,0.0385970401999774,0.04090338004990377
2.123053053053053,0.15514401025751806,0.09171561208443599,0.04194972749905965,0.03862612868967709,0.04093301855043515
2.126046046046046,0.15530616657515522,0.09179851236478541,0.04198176306162199,0.03865672490663299,0.04096414581788206
2.1290390390390392,0.1554672296409404,0.09187979921916645,0.04201203731152733,0.038685767817554575,0.040993696467233706
2.132032032032032,0.15562720734359548,0.09195947812037929,0.04204064222148135,0.038713279462642664,0.04102169414497613
2.135025025025025,0.15578613995386872,0.09203763299561905,0.04206775632633802,0.038739439595988634,0.041048310531592684
2.138018018018018,0.1559440664162409,0.09211517830377226,0.04209354952150854,0.03876441668897651,0.041073707721306904
2.141011011011011,0.15610102401172943,0.09219218833901079,0.042118175578696446,0.03878835972224004,0.04109803058886679
2.144004004004004,0.15625704843139263,0.09226790919856871,0.04214177206134396,0.03881139969235962,0.041121407801968636
2.146996996996997,0.1564121738507892,0.09234239782568758,0.04216446138506057,0.03883365158680701,0.041143953357078274
2.14998998998999,0.15656643300055753,0.09241569162029653,0.04218635216262499,0.0388552162299071,0.04116576809081715
2.1529829829829827,0.15671985723329426,0.09248784416017873,0.042207540582517564,0.03887618195372371,0.04118694109459183
2.155975975975976,0.15687247658695522,0.09255891481912279,0.04222811172498416,0.038896626094335925,0.04120755101200078
2.158968968968969,0.15702431984498677,0.09262896350118484,0.04224814077862899,0.03891661632319951,0.04122766721454354
2.161961961961962,0.15717541459338158,0.09269890879037994,0.04226769414620515,0.03893621182667345,0.04124735085883722
2.164954954954955,0.15732578727483867,0.09276873188840458,0.04228683043999585,0.03895732246373319,0.04126665583234615
2.167947947947948,0.15747546324019693,0.09283761654201811,0.042305601372520554,0.03897917734331099,0.041285629596327894
2.170940940940941,0.15762446679729786,0.09290566305513087,0.04232405255055857,0.038999756384434196,0.04130550897602036
2.173933933933934,0.15777282125742456,0.09297289542569379,0.04234222418120405,0.03901978138597177,0.04132599783081788
2.176926926926927,0.15792054897945412,0.09303934845881778,0.042360151698614304,0.0390393785661636,0.04134584204881441
2.1799199199199197,0.1580676714118501,0.09310506200489653,0.04237786631968116,0.03905861436522268,0.04136532183236189
2.182912912912913,0.1582142091326163,0.09317007677613555,0.042395395536250095,0.03907754031494875,0.04138447568491459
2.185905905905906,0.1583601818873223,0.0932344328809624,0.04241276355084458,0.039096199282959515,0.041403334655776516
2.188898898898899,0.15850560862530694,0.09329935323689781,0.042429991662184745,0.0391146278192005,0.04142193003677822
2.191891891891892,0.1586505075341574,0.09336451198007524,0.04244709860614781,0.03913285741758078,0.04144029143648895
2.194884884884885,0.1587948960725564,0.09342870676919082,0.04246410085722165,0.03915091535172747,0.04145844610644841
2.197877877877878,0.15894142822962926,0.09349561978046415,0.04248500773651847,0.03917168517424889,0.0414792938791394
2.2008708708708706,0.15909002745237794,0.09356516604286844,0.042509378814377746,0.0391949914686136,0.04150266860909857
2.2038638638638637,0.15923795079873165,0.09363385038354406,0.042532862773602804,0.039217663073832607,0.04152540063250214
2.2068568568568567,0.15938518941749,0.09370163943513865,0.04255556408270099,0.03923961153632596,0.041547407313456665
2.20984984984985,0.15953176639001168,0.09376857682028097,0.04257752382194475,0.03926091323055952,0.041568760009347436
2.212842842842843,0.15967770425045466,0.09383470803007181,0.04259880417664293,0.03928164529206066,0.04158953132757742
2.215835835835836,0.15982302463577122,0.09390143898700039,0.04261947227641277,0.03930187676128357,0.04160978712404445
2.218828828828829,0.15996774831998412,0.09396831911161,0.042639592869024336,0.03932166884117913,0.04162958651395644
2.221821821821822,0.16011189525124314,0.09403395197733054,0.04265922603980714,0.03934107566110007,0.04164898237846718
2.224814814814815,0.16025548458718086,0.0940988197862901,0.042678426571029604,0.039360145022700896,0.04166802191065722
2.2278078078078076,0.16039853472860655,0.09416298938154613,0.04269724393613028,0.03937891908901352,0.04168674715058229
2.2308008008008007,0.16054106335162574,0.09422650346452247,0.042715722558488975,0.03939743501222239,0.04170519549313428
2.2337937937937937,0.1606830874382685,0.0942894010119888,0.04273390217770704,0.0394157255009243,0.04172340016117195
2.2367867867867868,0.16082462330570332,0.09435171856743191,0.042751818250791655,0.03943381932974467,0.0417413906408875
2.23977977977978,0.16096568663411154,0.09441349070250166,0.04276950235307083,0.039451741795210445,0.04175919307899809
2.242772772772773,0.16110629249328837,0.09447592447571078,0.042786982561658,0.03946951512222172,0.04177683064287211
2.245765765765766,0.16124645536803886,0.0945386791688208,0.04280428381344272,0.039487158825560635,0.04179432384554942
2.2487587587587585,0.1613861891824261,0.09460055574232273,0.04282142823442387,0.03950469003076746,0.041811690838051405
2.2517517517517516,0.161525507322932,0.09466191313753511,0.04283843543981318,0.03952212375849067,0.041828947671555386
2.2547447447447446,0.1616644226605837,0.0947227916421257,0.04285532280574057,0.039541117812185014,0.04184610853203135
2.2577377377377377,0.16180294757209668,0.0947832176641985,0.04287210571412537,0.039560995253493506,0.04186318594986522
2.2607307307307307,0.16194109396008308,0.09484321680317427,0.04288879777262557,0.03957995544460367,0.04188019098686604
2.2637237237237238,0.16207887327237142,0.09490281374028273,0.04290541101170356,0.03959858577014922,0.04189866425518088
2.266716716716717,0.16221629652047947,0.09496203219295472,0.04292195606084482,0.03961696829636067,0.04191798445535861
2.26970970970971,0.16235337429728264,0.09502089486631836,0.042938442305891895,0.03963514080629971,0.04193648151888504
2.272702702702703,0.16249011679391498,0.0950808900823553,0.0429548780293424,0.039653132070783845,0.04195469366972465
2.2756956956956955,0.1626265338159404,0.09514143235515883,0.04297127053532697,0.039670966010222665,0.04197269053345039
2.2786886886886886,0.16276263479882735,0.09520097854595282,0.042987626260844215,0.03968866312628575,0.04199050339584718
2.2816816816816816,0.16289842882276162,0.09526009571896314,0.04300395087469082,0.03970624121152488,0.042008156221151643
2.2846746746746747,0.1630339246268261,0.09531884855856078,0.04302024936539197,0.03972371579452062,0.04202566909788005
2.2876676676676677,0.16316913062257785,0.09537726707598122,0.043036526119310865,0.03974110046358997,0.04204305940120188
2.2906606606606608,0.16330405490705108,0.09543537497010961,0.043052784989999655,0.03975840712334508,0.042060342350502815
2.293653653653654,0.16343870527521054,0.09549319290952697,0.04307009834731408,0.03977564620797533,0.042077531350629936
2.2966466466466464,0.16357308923188243,0.09555073971827985,0.04308817867192707,0.03979282686323476,0.04209463823733319
2.2996396396396395,0.16370721400318516,0.0956080328669636,0.043105885666193174,0.039809957103959764,0.04211167347170251
2.3026326326326325,0.16384108654748353,0.09566652176004707,0.04312344500590125,0.0398270439514866,0.04212864630270837
2.3056256256256256,0.16397471356588644,0.09572563309592146,0.0431408673017218,0.03984409355405973,0.04214556490707477
2.3086186186186186,0.1641081015123109,0.09578385598153451,0.043158159982008386,0.03986111129259135,0.042162436511526596
2.3116116116116117,0.16424125660312897,0.09584173722874538,0.043175333239425615,0.03987810187367364,0.04217926750052151
2.3146046046046047,0.16437418482641805,0.0958993348208582,0.043192397981864,0.03989506941143251,0.04219606351160801
2.3175975975975978,0.1645042472480226,0.09595334190681136,0.043206482837397746,0.03990915612779739,0.04220995303918524
2.320590590590591,0.16463153738975367,0.0960039051763809,0.04321778001940903,0.039920561246285347,0.04222112981782962
2.3235835835835834,0.16475882037510833,0.09605456728804007,0.04322948206451747,0.039932475504864354,0.04223278736761582
2.3265765765765765,0.16488612483449733,0.09610540432762478,0.04324169542615665,0.039945003993320856,0.04224502783238313
2.3295695695695695,0.1650134479280376,0.09615641509722543,0.04325437837078457,0.03995808532318542,0.04225779677899173
2.3325625625625626,0.16514605826710962,0.09621485922655221,0.04327322385127935,0.03997735254698875,0.042276764355886405
2.3355555555555556,0.16528377901366545,0.0962805231519457,0.043297824480818745,0.04000236062899825,0.042301503971646795
2.3385485485485487,0.16542371930705593,0.09634906422701617,0.04332463981838393,0.04002953400005677,0.04232845540222084
2.3415415415415417,0.1655657446505705,0.09642018216846476,0.04335326194774401,0.040058433880688187,0.042357197575827586
2.3445345345345343,0.16570714373060186,0.0964903773900899,0.0433806185621752,0.040086002452297084,0.042384661852419465
2.3475275275275274,0.1658479065869524,0.0965595960966031,0.04340669521220667,0.040112234533375465,0.042410837725864174
2.3505205205205204,0.1659932313066457,0.09663439156625427,0.04343726792417436,0.04014457428104718,0.04244149781310418
2.3535135135135135,0.16614297162727748,0.09671456313938252,0.043472109333921025,0.04018228105885006,0.04247641389371199
2.3565065065065065,0.1662917481379363,0.09679325339563327,0.04350508539769558,0.040217448063734285,0.0425113402970755
2.3594994994994996,0.1664395338049454,0.09687189997046441,0.04353610468106248,0.040250388741698576,0.04254551332503634
2.3624924924924926,0.1665863614739893,0.09695000566484112,0.04356536311664692,0.040281309475546354,0.042577073426760974
2.3654854854854857,0.1667322633964595,0.09702603933652199,0.043593050636244524,0.04031042235426131,0.04260675841754442
2.3684784784784787,0.1668798389193246,0.09710382258103271,0.04362214658447084,0.04034071975732888,0.042637606157239244
2.3714714714714713,0.16702903707198924,0.097183346234203,0.04365263070437935,0.04037221284955616,0.04266963599038352
2.3744644644644644,0.16717721030611685,0.09726126519295737,0.04368320565109954,0.04040197610623404,0.04269992161594834
2.3774574574574574,0.16732436382440438,0.09733758954449001,0.043713322198324536,0.040430056280058455,0.04272851022894243
2.3804504504504505,0.1674705315497253,0.09741304433477407,0.043741323110903306,0.040456635950717065,0.042755575215095175
2.3834434434434435,0.16761574643581775,0.09748781570150256,0.043767822859130084,0.04048188640608401,0.04278128071091517
2.3864364364364365,0.16776259622566625,0.09756457393022983,0.04379580159928756,0.040508743766527605,0.04280857154411897
2.3894294294294296,0.1679110323029336,0.09764315734394816,0.0438252414184363,0.04053717021247725,0.04283741310935374
2.392422422422422,0.16805842200854115,0.09772018808389635,0.04385319299878712,0.040564203783273585,0.04286484063542405
2.3954154154154153,0.1682047713884614,0.09779565345679139,0.04387967454235319,0.0405898535579213,0.04289086601962713
2.3984084084084083,0.16835011477706735,0.09786961814808214,0.04390482848788874,0.04061426962605065,0.04291563372073865
2.4014014014014013,0.16849702884898998,0.09794536542479151,0.04393158252260263,0.04064036533269325,0.042942065841914075
2.4043943943943944,0.16864546813103135,0.09802388442455874,0.04395989913828981,0.040668093479325554,0.04297011775336545
2.4073873873873874,0.16879281598072754,0.0981016489019647,0.04398682240325488,0.040694495348601305,0.04299682699491985
2.4103803803803805,0.16893908013792777,0.09817760986939002,0.044012361543835254,0.04072069357926714,0.04302219766106838
2.4133733733733735,0.16908429620363566,0.0982520171138201,0.04403665354991573,0.04074666999171431,0.04304636727267168
2.4163663663663666,0.16922849875221752,0.09832493638514131,0.04405982857363029,0.04077136849706454,0.043069823823101
2.419359359359359,0.16937172106614434,0.09839643416613487,0.04408200423316257,0.04079498773833679,0.04309312433003707
2.4223523523523522,0.1695139951865864,0.09846657889690225,0.04410328635895297,0.04081761685590526,0.0431160370866002
2.4253453453453453,0.1696553519649426,0.09853543813814482,0.04412377003906825,0.04083935037799155,0.04313816984616382
2.4283383383383383,0.16979582111194677,0.09860409599842469,0.044143540627758604,0.040860281443545775,0.04315952009915838
2.4313313313313314,0.16993543124445243,0.09867237478223896,0.044162674686490995,0.04088049685765059,0.04318013929329004
2.4343243243243244,0.17007420993002295,0.09873928591668074,0.04418124085087985,0.04090007582557959,0.04320009077872642
2.4373173173173175,0.17021471849598968,0.09880830551911748,0.04420208437223316,0.040921856254240246,0.043222217865554705
2.44031031031031,0.1703569071733096,0.09887937887813295,0.044225096385195437,0.04094573712242551,0.04324642317070704
2.443303303303303,0.17049816448630672,0.09894917694992637,0.04424747686725887,0.04096872512001101,0.04326971249122432
2.446296296296296,0.1706384924402332,0.09901769116593685,0.04426972234241053,0.04099077518864404,0.04329204406817359
2.4492892892892892,0.1707779205421609,0.09908497972452124,0.044291741001027195,0.04101198078678943,0.04331350598221214
2.4522822822822823,0.17091647752602482,0.09915110204771659,0.0443130359755958,0.041032433350783507,0.04333418551705321
2.4552752752752753,0.17105419108681225,0.0992175342827568,0.044333592217812905,0.041052215538464956,0.043354162759307605
2.4582682682682684,0.17119108791905055,0.09928377220775783,0.044353453293538854,0.04107140155798925,0.04337351053448518
2.4612612612612614,0.17132719375672015,0.09934836682756709,0.044372675977315416,0.04109005788247195,0.043392294804078475
2.4642542542542545,0.1714625334113865,0.09941187907232757,0.044391318471959804,0.0411082439650339,0.04341057515129701
2.467247247247247,0.17159713080861258,0.09947439801512975,0.04440943664319801,0.04112601291678045,0.04342840529040308
2.47024024024024,0.17173100902274005,0.09953598158470674,0.04442708265842539,0.04114341213765676,0.04344583357068732
2.473233233233233,0.17186671545060783,0.09959987859452143,0.044447078371019376,0.04116323933108035,0.04346567235831078
2.4762262262262262,0.17200419828016586,0.09966602987199923,0.04446931179862706,0.04118536525120429,0.04348779950988794
2.4792192192192193,0.17214085432823914,0.09973111379055538,0.04449078344205053,0.041206781708156705,0.043509206430055944
2.4822122122122123,0.17227668205152702,0.09979638107513415,0.04451143927803788,0.04122742339244265,0.0435298330875524
2.4852052052052054,0.1724117069976094,0.09986143118583729,0.04453135313448633,0.04124736787071578,0.04354975397477365
2.488198198198198,0.17254595409977808,0.09992498678694729,0.044550598370681475,0.041266691678662884,0.04356904257071831
2.491191191191191,0.1726819597282719,0.09999069011126911,0.04457200259056888,0.041288205457649226,0.0435905206147093
2.494184184184184,0.17281967528536776,0.10005851176813427,0.04459547102840743,0.04131317524394281,0.04361408836678072
2.497177177177177,0.17295651377002386,0.10012515708831173,0.04461803231139677,0.04133823004779631,0.04363677110390836
2.50017017017017,0.1730924754762051,0.10019061729357875,0.04463964710731831,0.041361848994444395,0.043658986784838136
2.5031631631631632,0.17322758736926355,0.10025494638870666,0.04466040368036037,0.041384435847062084,0.04368113128518452
2.5061561561561563,0.17336437500638457,0.10032136533197251,0.044683135454064986,0.041408830288611656,0.043705585913896755
2.5091491491491493,0.17350279332229035,0.10039108047413949,0.04470776612974082,0.041434974814845545,0.04373194370053272
2.5121421421421424,0.17364027199343485,0.10046037738143844,0.04473135396828922,0.04145996147098174,0.04375721505703635
2.515135135135135,0.1737768135403804,0.10052793155819716,0.04475387385693238,0.0414837729280402,0.04378134422682009
2.518128128128128,0.17391244675083634,0.10059419396043301,0.044775426645107794,0.04150651808981884,0.04380441083440999
2.521121121121121,0.17404719968072868,0.10065924436721474,0.04479610933331004,0.041528304581335294,0.04382650585873686
2.524114114114114,0.17418605768611825,0.10072942870995485,0.04482146437530508,0.041554653627655216,0.043853165765684946
2.527107107107107,0.17432890975457954,0.10080460505094427,0.04485221684685551,0.04158534976631766,0.04388418188907559
2.5301001001001002,0.17447063582004227,0.10087822111553041,0.044882451685778466,0.04161451710343919,0.04391367421031154
2.5330930930930933,0.17461121858228784,0.10095083383440426,0.04491107242701667,0.041642044350249006,0.04394153597829047
2.536086086086086,0.17475069316910558,0.10102260561257857,0.04493816563122407,0.041668085316845585,0.043967909425010644
2.539079079079079,0.1748939970215432,0.10109923218382297,0.044969235981329965,0.04169816316391523,0.043998332459136195
2.542072072072072,0.17504103062272655,0.10118049632763643,0.04500413065304761,0.04173211654263629,0.04403264722570836
2.545065065065065,0.17518674066329834,0.10125990018193937,0.04503708200676713,0.041764169846564725,0.044065070059493755
2.548058058058058,0.17533111715872166,0.10133738198740727,0.045068025024793575,0.04179425352728094,0.04409553457367244
2.551051051051051,0.1754742012748998,0.10141301051882987,0.04509712625637802,0.04182255768470327,0.044124219523784904
2.554044044044044,0.17562567031419682,0.10149910389663128,0.04513519930906899,0.041859845854168555,0.044161926429937874
2.557037037037037,0.1757853095737305,0.10159655641234665,0.045181864631614145,0.041905710477247546,0.04420825961389159
2.5600300300300303,0.17594316704369767,0.10169231426302813,0.0452256595877862,0.04195122211781509,0.0442517432987329
2.563023023023023,0.1760991990883584,0.10178502586640396,0.04526637760802652,0.04199508602497637,0.04429411176216143
2.566016016016016,0.17625819868758505,0.1018810776657347,0.045309531153013276,0.04204002253647382,0.04434019751083583
2.569009009009009,0.1764201004873398,0.10198041419962646,0.04535512338950022,0.04208698136971865,0.04438792697461546
2.572002002002002,0.1765800517328189,0.10207682897503811,0.045397675154681266,0.042130648588125055,0.044432423709272986
2.574994994994995,0.176738065296276,0.10217127282049411,0.04543723996066576,0.04217111984552017,0.04447377468550141
2.577987987987988,0.17690351290354966,0.10227562739774075,0.04548653883526421,0.04221899334409046,0.04452258584840634
2.580980980980981,0.17707622210263266,0.10238875871187285,0.04554457884044977,0.042274057500912704,0.04457864338877653
2.5839739739739738,0.17724660946402976,0.10249846179952214,0.04559810873086272,0.042325342638588774,0.04463095997431616
2.586966966966967,0.17741465376906207,0.10260461867103104,0.04564766690035454,0.04237274354037286,0.04467943052366205
2.58995995995996,0.17758042811151026,0.10270734748943887,0.045693586216176404,0.04241661185987949,0.044724381800874756
2.592952952952953,0.17774400379198654,0.10280826060149781,0.04573618507487669,0.042457289325393284,0.04476613455021088
2.595945945945946,0.17790544946960873,0.1029069875825289,0.04577576253658613,0.04249513975282206,0.04480498366538148
2.598938938938939,0.17806941865548828,0.10300798485089954,0.04581772578024844,0.04253647008674858,0.0448463223010901
2.601931931931932,0.17823586531287308,0.10311170227265883,0.045862096104272616,0.042581329560025694,0.044892148480181526
2.604924924924925,0.17840010612271004,0.10321216476846314,0.04590354602268527,0.042623457305365,0.044936409322676625
2.607917917917918,0.17856216335997804,0.10330940392475275,0.04594212840640569,0.04266274408991131,0.04497699250965376
2.6109109109109108,0.17872210368038288,0.1034051228274117,0.045978090728107955,0.04269937788859546,0.0450147431677965
2.613903903903904,0.17888453464991697,0.10350467559499361,0.046016763520075936,0.04273864715122173,0.04505503895499806
2.616896896896897,0.17904941266050253,0.1036063968066814,0.04605970164348724,0.042780537693869206,0.04509789628376423
2.61988988988989,0.17921210225818163,0.10370489005273259,0.046101151799280336,0.042819754759998864,0.0451380299076951
2.622882882882883,0.17937262517226046,0.10380021783502424,0.04613946554288759,0.04285632399361705,0.0451754758450169
2.625875875875876,0.17953104649946985,0.10389251436055974,0.046175208895879734,0.04289047398341689,0.045210457514591434
2.628868868868869,0.17968742943557464,0.10398335838259401,0.04620860490051205,0.042922424530947086,0.045243189966377585
2.6318618618618617,0.17984183493320632,0.10407234001664017,0.04623985176755431,0.042952377596405994,0.04527387161926665
2.6348548548548547,0.1800032709082395,0.10416956090557226,0.046279204572259924,0.04299053232583217,0.045312740985730335
2.6378478478478478,0.18017159286065523,0.10427536180331085,0.04632641699360147,0.04303660473325295,0.045359529897447334
2.640840840840841,0.1803376140111379,0.1043778992870957,0.04637079831049429,0.043079892119016736,0.04540352820182997
2.643833833833834,0.18050131665403632,0.1044771019038554,0.046412196363886014,0.04312226318380612,0.04544457632969807
2.646826826826827,0.18066276904424292,0.10457443567190079,0.04645083692503361,0.04316317939983176,0.04548505146574544
2.64981981981982,0.18082203781988387,0.10466958594859391,0.04648694559689646,0.04320066680732518,0.0455242790669289
2.652812812812813,0.18097918726705087,0.10476128160246327,0.04652073229581933,0.043235617925970825,0.04556013743208164
2.655805805805806,0.18114087030724885,0.10485855136940599,0.046559834623083274,0.04327570958975158,0.04560104625023369
2.6587987987987987,0.18130700458415602,0.10496134286304469,0.04660412454768033,0.04332084968588869,0.04564698552229702
2.6617917917917917,0.18147084812647157,0.10506092769494284,0.046647096296006836,0.0433632429068964,0.0456901656695571
2.6647847847847848,0.18163240545542322,0.105158506847552,0.046688401315938474,0.04340283048067947,0.04573053614649269
2.667777777777778,0.18179174252757793,0.10525384194371172,0.04672683490374459,0.04343983329284178,0.04576830671747971
2.670770770770771,0.1819554077228817,0.1053541689414815,0.04677016281029683,0.04348177674100691,0.045811022548181736
2.673763763763764,0.18212332771713108,0.10545976311635626,0.046818301699014644,0.04352856416415154,0.04585859166287388
2.676756756756757,0.18228887745158165,0.10556204303087265,0.04686356083274462,0.043572504462313894,0.04590331241734385
2.6797497497497496,0.18245206481422577,0.10566099089368941,0.046905892650541965,0.04361355091356332,0.04594514241102093
2.6827427427427426,0.18261295711429482,0.10575801931285024,0.04694550127261225,0.04365193583526218,0.04598430286070545
2.6857357357357357,0.18277588740075787,0.10585835115924015,0.046987441215112134,0.043693879879547703,0.046025851338070474
2.6887287287287287,0.18294083252833343,0.10596065225039547,0.04703172538695494,0.04373925965270996,0.046071523124734906
2.6917217217217217,0.18310345692268326,0.10605969819984873,0.04707334064124966,0.0437818788998949,0.046115732287839495
2.694714714714715,0.18326378707860325,0.10615553599431696,0.04711232215001446,0.043821852228129704,0.04615666602396604
2.697707707707708,0.18342611086640975,0.10625376176289061,0.04715367591271913,0.04386412047620185,0.04619981116144471
2.700700700700701,0.18359040725243914,0.10635565366456455,0.047197411930026564,0.04390868700932061,0.04624522389782514
2.703693693693694,0.18375238747706504,0.10645522831745462,0.0472399194483855,0.04395060145311281,0.04628795915833884
2.7066866866866865,0.18391207791083958,0.10655119262098642,0.0472808916834275,0.04398989418250793,0.046328053883321445
2.7096796796796796,0.18406954186232308,0.1066440442560919,0.047319081652579184,0.04402676113972015,0.04636569820222966
2.7126726726726726,0.1842248408421646,0.10673391914234362,0.04735494414543409,0.04406139360645565,0.046401077827351166
2.7156656656656657,0.184378034302825,0.10682093481497383,0.04738865103797027,0.044093970404072494,0.04643436687764933
2.7186586586586587,0.18453954643769632,0.1069196332580487,0.04743219752623105,0.04413643744279558,0.04647755377149615
2.721651651651652,0.18470923636300393,0.10702967330185272,0.0474853323036534,0.04418850891387492,0.046530367365938026
2.724644644644645,0.18487649259062788,0.10713622762054073,0.04753557359086007,0.0442376946831459,0.046580305241004365
2.7276376376376374,0.18504128988458043,0.10723937039094183,0.047582733536784355,0.04428460792547362,0.04662717658042112
2.7306306306306305,0.18520369477144474,0.10733919329619414,0.04762701013814928,0.04432965465053779,0.0466731444760944
2.7336236236236235,0.18536377233356188,0.1074358049057428,0.047668606140439135,0.044372242705866725,0.04671765478006481
2.7366166166166166,0.1855215854796981,0.10753051578544104,0.04770771364908811,0.04441235414721444,0.04675880328828967
2.7396096096096096,0.18567719503013477,0.10762304934557267,0.047744512841424946,0.0444501176742057,0.04679744572876415
2.7426026026026027,0.1858306598041072,0.10771227288159028,0.04777917190822112,0.04448568944809832,0.046833814839686835
2.7455955955955957,0.18598203670272817,0.10779865740480937,0.04781272805787557,0.044519227827563304,0.04686808852527642
2.748588588588589,0.18613138078762279,0.10788232568882408,0.04784525884967651,0.04455088467135399,0.04690042706229077
2.751581581581582,0.1862787453555404,0.10796338215158652,0.04787599689652902,0.04458080288316464,0.04693097717125422
2.7545745745745744,0.18642418200919306,0.108041927622378,0.04790509722303261,0.044609115797052276,0.04695987392504647
2.7575675675675675,0.1865677407245502,0.10811937294192486,0.04793264956477015,0.044635947266399384,0.046987241952305386
2.7605605605605605,0.1867094699148028,0.10819527628379735,0.047958751420993526,0.04466141204832241,0.04701319636397007
2.7635535535535536,0.1868494164911974,0.10826833939492474,0.04798350108723202,0.04468561631138971,0.04703784353964601
2.7665465465465466,0.18698968271717478,0.10834183396495914,0.048009353696316266,0.044711007161121495,0.04706364029635107
2.7695395395395397,0.18713027588451175,0.1084158322723864,0.04803631977731464,0.04473758926902264,0.04709059511766765
2.7725325325325327,0.18726912621768133,0.10848764290492753,0.04806197551389377,0.04476293741327029,0.04711628065800501
2.7755255255255253,0.18740626026713927,0.10855731120332249,0.04808634002753424,0.04478706592393422,0.0471407145247393
2.7785185185185184,0.18754172102564115,0.10862491831732722,0.04810950051761053,0.04481006477828414,0.047163985589765256
2.7815115115115114,0.18767555033996253,0.1086917467881158,0.04813154126255506,0.04483202005450424,0.04718617886538708
2.7845045045045045,0.1878077888098344,0.10875737854972449,0.04815254133718098,0.04485397549060245,0.04720801810656913
2.7874974974974975,0.18793847583260023,0.10882061497934048,0.048172574686620506,0.04487575002695197,0.047229560642870004
2.7904904904904906,0.18806970261362668,0.10888467086448132,0.04819406467498655,0.04489874322231022,0.047252574601322865
2.7934834834834836,0.1882014703522955,0.1089496006059968,0.04821699470328426,0.044923158361225485,0.04727704485363053
2.7964764764764767,0.18833170785754735,0.10901270196763767,0.04823892180918969,0.04494657218924846,0.04730051621212717
2.7994694694694697,0.18846043543561042,0.10907400609900993,0.04825984340842672,0.04496897206898968,0.04732296894801904
2.8024624624624623,0.18858768970021386,0.10913357962673036,0.04827982745465402,0.0449904172872725,0.04734445605341591
2.8054554554554554,0.18871350635018908,0.10919148759061015,0.04829893969932362,0.045010970908840556,0.04736503637265008
2.8084484484484484,0.18883792006361752,0.10924870317568548,0.04831724155076661,0.04503069461867109,0.04738476862575201
2.8114414414414415,0.18896096453240574,0.10930497044510716,0.04833479026280554,0.04504964735972288,0.04740370960417468
2.8144344344344345,0.18908267249649224,0.10935939991095706,0.04835163919260338,0.04506788482163142,0.047421913425951416
2.8174274274274276,0.18921118689314625,0.10942295642220487,0.04837712596665809,0.04509470193070603,0.04744871272061281
2.8204204204204206,0.18934640145103426,0.1094955183150116,0.04841214979620463,0.045129830255948813,0.04748385093169964
2.8234134134134132,0.18948002657389873,0.10956617340432029,0.0484465773917126,0.04516347516255719,0.047517520260606384
2.8264064064064063,0.18961203423723838,0.10963482811821014,0.048478998058089494,0.04519543825733817,0.04754953283145352
2.8293993993993993,0.1897424626716228,0.10970154001535289,0.048509771324914325,0.04522582229785179,0.047579985265193275
2.8323923923923924,0.18987134954220805,0.10976637116770588,0.048539004131306046,0.04525473448618843,0.047608978359622064
2.8353853853853854,0.18999873144419094,0.109830052124936,0.048566793097351145,0.045282276092662006,0.04763660772255355
2.8383783783783785,0.19012464393630055,0.10989252959836772,0.0485932318358995,0.04530854214148529,0.04766296343872313
2.8413713713713715,0.19025508710882857,0.10996100517088518,0.04862525326944074,0.04534043096141439,0.04769496755812353
2.8443643643643646,0.1903899977391612,0.11003551246815546,0.0486627320185347,0.045377796807687346,0.04773247979900441
2.8473573573573576,0.1905232939244868,0.11010803518937058,0.04869850104578912,0.04541347003608753,0.047768318394632754
2.8503503503503502,0.1906549659279056,0.11017851543474846,0.04873246898099389,0.045447633883745606,0.04780238570335933
2.8533433433433433,0.19078505152622338,0.11024700738202167,0.04876474135284379,0.045480860319604174,0.047836408415827994
2.8563363363363363,0.19091358780447007,0.11031357109621713,0.048795424836998745,0.04551302068097474,0.047869835358249575
2.8593293293293294,0.19104061080858317,0.11037826795847763,0.04882462073156609,0.04554375251787609,0.047901032832146244
2.8623223223223224,0.1911681251411019,0.11044465598527121,0.04885468881964745,0.04557533467592603,0.0479329486431161
2.8653153153153155,0.19129613379009977,0.1105124485014839,0.04888564903392289,0.04560776783387034,0.04796566305692903
2.8683083083083085,0.1914226522680019,0.11057809340263973,0.048915188480971365,0.04563874419028544,0.04799688816577917
2.871301301301301,0.19154769926903595,0.11064189757119715,0.048943332821948335,0.04566828525163051,0.04802665816536347
2.874294294294294,0.19167130831508436,0.11070392967190529,0.04897016984408417,0.04569647785509988,0.04805506329611806
2.877287287287287,0.19179351213227813,0.11076424797011675,0.04899696813157968,0.045723408326466666,0.04808219093777051
2.8802802802802803,0.19191434255913656,0.11082290974638663,0.04902338879839756,0.045749159205740644,0.04810812360041849
2.8832732732732733,0.19203383057541346,0.11087997091804756,0.04904825070552694,0.0457738086572331,0.048132938875351416
2.8862662662662664,0.1921520063306572,0.11093548597312544,0.04907199336421554,0.045797430314571716,0.04815670957440149
2.8892592592592594,0.19227086518854505,0.11099246562844725,0.04909696837824614,0.04582234433495521,0.04818176420748468
2.8922522522522525,0.19239040536246077,0.11105099884166802,0.04912317902162812,0.04584854301935248,0.04820809726608683
2.8952452452452455,0.19250864186666403,0.11110811952973661,0.049148303177623504,0.045873699412383895,0.048233377926154876
2.898238238238238,0.19262558846602704,0.11116376333602043,0.0491723458409325,0.045897814775939925,0.04825760927443267
2.901231231231231,0.1927412735859546,0.11121794937260138,0.04919536921001765,0.04592095615688601,0.04828085638600967
2.904224224224224,0.19285572502334877,0.11127071353366093,0.04921743491723437,0.0459431884852287,0.04830318226031816
2.9072172172172173,0.19296896985266318,0.1113220974361724,0.04923860183912857,0.04596457258363427,0.04832464604940524
2.9102102102102103,0.19308103444804467,0.11137214422492116,0.04925892582579785,0.04598516532498893,0.04834530320678886
2.9132032032032034,0.19319390489042026,0.11142347047424118,0.049280714758137535,0.04600726354410784,0.048367458704079304
2.9161961961961964,0.19330757652485608,0.11147607412219501,0.04930395085297008,0.046031379922486,0.04839166252520336
2.919189189189189,0.1934200676656497,0.1115273425424472,0.04932629997451779,0.04605526715676963,0.048415615546521414
2.922182182182182,0.1935313889599032,0.11157766182268694,0.04934775490988355,0.04607838717848774,0.04843874174030017
2.925175175175175,0.1936415655308698,0.11162712565635037,0.04936836867198297,0.0461006924233283,0.04846103970138438
2.928168168168168,0.19375062197679843,0.11167541435338639,0.04938819306127913,0.04612219946250553,0.04848253025743001
2.931161161161161,0.19385858227683206,0.11172251945228334,0.049407276950348585,0.04614294395034121,0.048503249356830515
2.9341541541541543,0.19396546980915563,0.11176845917855942,0.04942566635302105,0.046162967729427185,0.048523238165017385
2.9371471471471473,0.19407130736927744,0.11181326247662743,0.04944340455583351,0.04618231346025174,0.048542538406459064
2.9401401401401404,0.19417611718763253,0.11185696249841234,0.04946053225506379,0.046201022851717344,0.048561190831032164
2.9431331331331334,0.19427992094652966,0.11189959349210803,0.049477087693933774,0.046219135943703055,0.04857923458882702
2.946126126126126,0.19438273979647297,0.11194118976446006,0.04949310679742598,0.04623669081161313,0.0485967069719145
2.949119119119119,0.19448459437188534,0.11198178521200855,0.04950862330314398,0.04625372346541629,0.048613643326344096
2.952112112112112,0.1945874630532441,0.11202398235327471,0.04952591774265978,0.0462725059852107,0.04863232463473049
2.955105105105105,0.1946913365317187,0.11206776881829114,0.04954495106275243,0.04629300043362743,0.04865271543720994
2.958098098098098,0.19479423137953386,0.11211052709800409,0.04956377833407932,0.04631286905824657,0.04867247410819387
2.9610910910910913,0.1948961534020614,0.11215239348116,0.04958247855671935,0.046332086808499214,0.0486915778736514
2.9640840840840843,0.1949971226675595,0.11219362134885624,0.04960070085682063,0.04635069235528394,0.04871006409038568
2.967077077077077,0.1950971588685485,0.11223413576059944,0.049618369230178164,0.04636872416647365,0.048727969887380686
2.97007007007007,0.19519628122728808,0.11227375492992109,0.04963548499967714,0.04638621857535108,0.048745330431210356
2.973063063063063,0.1953003168547758,0.11232009537890404,0.04965873309359613,0.04640984303458722,0.048768840284793766
2.976056056056056,0.19540920027477407,0.11237305118407798,0.04968795970096239,0.04643942499584791,0.04879833454663166
2.979049049049049,0.19551701171194424,0.1124248029516326,0.04971618302696022,0.04646797560338038,0.048826813064414935
2.982042042042042,0.19562373070237205,0.11247528098447457,0.049743279549440286,0.046495365745251635,0.048854153529143386
2.985035035035035,0.1957293794993521,0.11252451482535647,0.04976929568796965,0.04652166104619576,0.04888041750632846
2.9880280280280282,0.19583398012527622,0.11257253768424383,0.04979428495575824,0.04654692915779888,0.048905668414187226
2.9910210210210213,0.19593755407322164,0.1126193837825664,0.0498183011958185,0.0465712339048997,0.04892996626742543
2.994014014014014,0.19604012232027815,0.11266508758745472,0.04984139719742944,0.04659463528389347,0.04895336766728844
2.997007007007007,0.19614170534258923,0.11270968338619136,0.049863624028331,0.04661744061816434,0.04897607183238575
3.0,0.19624232312986833,0.1127535727812239,0.04988503069060511,0.04664000909219216,0.048998513591058696
