index,x,y
0,0.7596330275229357,0.3
1,0.9192660550458716,0.4
