index,x,y
0,0.005110732538330498,0.770752427184466
1,0.056218057921635534,0.7743932038834952
2,0.12095400340715506,0.7758495145631068
3,0.1618398637137991,0.7783980582524272
4,0.21635434412265753,0.7809466019417476
5,0.2879045996592845,0.7849514563106796
6,0.3475298126064734,0.7871359223300971
7,0.4293015332197614,0.791504854368932
8,0.5059625212947189,0.7951456310679612
9,0.5724020442930152,0.7987864077669903
