index,x,y
0,0.932377049180328,0.4500000000000002
1,1.0368852459016393,0.5454545454545454
2,2.0081967213114753,1.15
3,2.106557377049181,1.2863636363636366
4,3.0778688524590154,1.813636363636364
5,3.176229508196721,1.9227272727272728
6,4.233606557377049,2.013636363636364
