0.7229948261027195,0.6587065194009687,0.49490168322778055,0.011396597690226265,0.0002585196419889425,0.0002585196419877919,0.0002585196419877919,0.0002585196419877919,0.0002585196419877919,0.0002585196419877919,0.0002585196419877919,0.0002585196419877919,0.0002585196419877919,0.0002585196419877919,0.0002585196419877919,0.0002585196419877919,0.0002585196419877919,0.0002585196419877919,0.0002585196419877919,0.0002585196419877919,0.0002585196419877919,0.0002585196419877919,0.0002585196419877919,0.0002585196419877919,0.0002585196419877919,0.0002585196419877919,0.0002585196419877919,0.0002585196419877919,0.0002585196419877919,0.0002585196419877919,0.0002585196419877919,0.0002585196419877919,0.0002585196419877919,0.0002585196419877919,0.0002585196419877919,0.0002585196419877919,0.0002585196419877919,0.0002585196419877919,0.0002585196419877919,0.0002585196419877919,0.0002585196419877919,0.0002585196419877919,0.0002585196419877919,0.0002585196419877919,0.0002585196419877919,0.0002585196419877919,0.0002585196419877919,0.0002585196419877919,0.0002585196419877919,0.0002585196419877919,0.0002585196419877919,0.0002585196419877919,0.0002585196419877919,0.0002585196419877919,0.0002585196419877919,0.0002585196419877919,0.0002585196419877919,0.0002585196419877919,0.0002585196419877919,0.0002585196419877919,0.0002585196419877919,0.0002585196419877919,0.0002585196419877919,0.0002585196419877919,0.0002585196419877919,0.0002585196419877919,0.0002585196419877919,0.0002585196419877919,0.0002585196419877919,0.0002585196419877919,0.0002585196419877919,0.0002585196419877919,0.0002585196419877919,0.0002585196419877919,0.0002585196419877919,0.0002585196419877919,0.0002585196419877919,0.0002585196419877919,0.0002585196419877919,0.0002585196419877919,0.0002585196419877919,0.0002585196419877919,0.0002585196419877919,0.0002585196419877919,0.0002585196419877919,0.0002585196419877919,0.0002585196419877919,0.0002585196419877919,0.0002585196419877919,0.0002585196419877919,0.0002585196419877919,0.0002585196419877919,0.0002585196419877919,0.0002585196419877919,0.0002585196419877919,0.0002585196419877919,0.0002585196419877919,0.0002585196419877919,0.0002585196419877919,0.0002585196419877919,0.0002585196419877919,0.0002585196419877919,0.0002585196419877919,0.0002585196419877919,0.0002585196419877919,0.0002585196419877919,0.0002585196419877919,0.0002585196419877919,0.0002585196419877919,0.0002585196419877919,0.0002585196419877919,0.0002585196419877919,0.0002585196419877919,0.0002585196419877919,0.0002585196419877919,0.0002585196419877919,0.0002585196419877919,0.0002585196419877919,0.0002585196419877919,0.0002585196419877919,0.0002585196419877919,0.0002585196419877919,0.0002585196419877919,0.0002585196419877919,0.0002585196419877919,0.0002585196419877919,0.0002585196419877919,0.0002585196419877919,0.0002585196419877919,0.0002585196419877919,0.0002585196419877919,0.0002585196419877919,0.0002585196419877919,0.0002585196419877919,0.0002585196419877919,0.0002585196419877919,0.0002585196419877919,0.0002585196419877919,0.0002585196419877919,0.0002585196419877919,0.0002585196419877919,0.0002585196419877919,0.0002585196419877919,0.0002585196419877919,0.0002585196419877919,0.0002585196419877919,0.0002585196419877919,0.0002585196419877919,0.0002585196419877919,0.00025851964198779167
0.7678944544654704,0.7300879056909857,0.6766225077682488,0.5812042518738233,0.04797344195035324,0.00025851972097230293,0.00025851964198779194,0.00025851964198779194,0.00025851964198779194,0.00025851964198779194,0.00025851964198779194,0.00025851964198779194,0.00025851964198779194,0.00025851964198779194,0.00025851964198779194,0.00025851964198779194,0.00025851964198779194,0.00025851964198779194,0.00025851964198779194,0.00025851964198779194,0.00025851964198779194,0.00025851964198779194,0.00025851964198779194,0.00025851964198779194,0.00025851964198779194,0.00025851964198779194,0.00025851964198779194,0.00025851964198779194,0.00025851964198779194,0.00025851964198779194,0.00025851964198779194,0.00025851964198779194,0.00025851964198779194,0.00025851964198779194,0.00025851964198779194,0.00025851964198779194,0.00025851964198779194,0.00025851964198779194,0.00025851964198779194,0.00025851964198779194,0.00025851964198779194,0.00025851964198779194,0.00025851964198779194,0.00025851964198779194,0.00025851964198779194,0.00025851964198779194,0.00025851964198779194,0.00025851964198779194,0.00025851964198779194,0.00025851964198779194,0.00025851964198779194,0.00025851964198779194,0.00025851964198779194,0.00025851964198779194,0.00025851964198779194,0.00025851964198779194,0.00025851964198779194,0.00025851964198779194,0.00025851964198779194,0.00025851964198779194,0.00025851964198779194,0.00025851964198779194,0.00025851964198779194,0.00025851964198779194,0.00025851964198779194,0.00025851964198779194,0.00025851964198779194,0.00025851964198779194,0.00025851964198779194,0.00025851964198779194,0.00025851964198779194,0.00025851964198779194,0.00025851964198779194,0.00025851964198779194,0.00025851964198779194,0.00025851964198779194,0.00025851964198779194,0.00025851964198779194,0.00025851964198779194,0.00025851964198779194,0.00025851964198779194,0.00025851964198779194,0.00025851964198779194,0.00025851964198779194,0.00025851964198779194,0.00025851964198779194,0.00025851964198779194,0.00025851964198779194,0.00025851964198779194,0.00025851964198779194,0.00025851964198779194,0.00025851964198779194,0.00025851964198779194,0.00025851964198779194,0.00025851964198779194,0.00025851964198779194,0.00025851964198779194,0.00025851964198779194,0.00025851964198779194,0.00025851964198779194,0.00025851964198779194,0.00025851964198779194,0.00025851964198779194,0.00025851964198779194,0.00025851964198779194,0.00025851964198779194,0.00025851964198779194,0.00025851964198779194,0.00025851964198779194,0.00025851964198779194,0.00025851964198779194,0.00025851964198779194,0.00025851964198779194,0.00025851964198779194,0.00025851964198779194,0.00025851964198779194,0.00025851964198779194,0.00025851964198779194,0.00025851964198779194,0.00025851964198779194,0.00025851964198779194,0.00025851964198779194,0.00025851964198779194,0.00025851964198779194,0.00025851964198779194,0.00025851964198779194,0.00025851964198779194,0.00025851964198779194,0.00025851964198779194,0.00025851964198779194,0.00025851964198779194,0.00025851964198779194,0.00025851964198779194,0.00025851964198779194,0.00025851964198779194,0.00025851964198779194,0.00025851964198779194,0.00025851964198779194,0.00025851964198779194,0.00025851964198779194,0.00025851964198779194,0.00025851964198779194,0.00025851964198779194,0.00025851964198779194,0.00025851964198779194,0.00025851964198779194,0.00025851964198779194,0.00025851964198779194,0.00025851964198779194,0.00025851964198779167
0.8151591334572099,0.7852712054936436,0.7485167581058102,0.7003948966696473,0.6281693874455262,0.12814637159780196,0.0002587154320816349,0.00025851964198779205,0.00025851964198779205,0.00025851964198779205,0.00025851964198779205,0.00025851964198779205,0.00025851964198779205,0.00025851964198779205,0.00025851964198779205,0.00025851964198779205,0.00025851964198779205,0.00025851964198779205,0.00025851964198779205,0.00025851964198779205,0.00025851964198779205,0.00025851964198779205,0.00025851964198779205,0.00025851964198779205,0.00025851964198779205,0.00025851964198779205,0.00025851964198779205,0.00025851964198779205,0.00025851964198779205,0.00025851964198779205,0.00025851964198779205,0.00025851964198779205,0.00025851964198779205,0.00025851964198779205,0.00025851964198779205,0.00025851964198779205,0.00025851964198779205,0.00025851964198779205,0.00025851964198779205,0.00025851964198779205,0.00025851964198779205,0.00025851964198779205,0.00025851964198779205,0.00025851964198779205,0.00025851964198779205,0.00025851964198779205,0.00025851964198779205,0.00025851964198779205,0.00025851964198779205,0.00025851964198779205,0.00025851964198779205,0.00025851964198779205,0.00025851964198779205,0.00025851964198779205,0.00025851964198779205,0.00025851964198779205,0.00025851964198779205,0.00025851964198779205,0.00025851964198779205,0.00025851964198779205,0.00025851964198779205,0.00025851964198779205,0.00025851964198779205,0.00025851964198779205,0.00025851964198779205,0.00025851964198779205,0.00025851964198779205,0.00025851964198779205,0.00025851964198779205,0.00025851964198779205,0.00025851964198779205,0.00025851964198779205,0.00025851964198779205,0.00025851964198779205,0.00025851964198779205,0.00025851964198779205,0.00025851964198779205,0.00025851964198779205,0.00025851964198779205,0.00025851964198779205,0.00025851964198779205,0.00025851964198779205,0.00025851964198779205,0.00025851964198779205,0.00025851964198779205,0.00025851964198779205,0.00025851964198779205,0.00025851964198779205,0.00025851964198779205,0.00025851964198779205,0.00025851964198779205,0.00025851964198779205,0.00025851964198779205,0.00025851964198779205,0.00025851964198779205,0.00025851964198779205,0.00025851964198779205,0.00025851964198779205,0.00025851964198779205,0.000258519641987792,0.000258519641987792,0.000258519641987792,0.000258519641987792,0.000258519641987792,0.000258519641987792,0.000258519641987792,0.000258519641987792,0.000258519641987792,0.000258519641987792,0.000258519641987792,0.000258519641987792,0.000258519641987792,0.000258519641987792,0.00025851964198779194,0.000258519641987792,0.000258519641987792,0.000258519641987792,0.000258519641987792,0.00025851964198779194,0.000258519641987792,0.000258519641987792,0.000258519641987792,0.000258519641987792,0.000258519641987792,0.00025851964198779194,0.000258519641987792,0.000258519641987792,0.000258519641987792,0.000258519641987792,0.000258519641987792,0.000258519641987792,0.000258519641987792,0.000258519641987792,0.000258519641987792,0.000258519641987792,0.000258519641987792,0.000258519641987792,0.000258519641987792,0.000258519641987792,0.00025851964198779194,0.000258519641987792,0.00025851964198779194,0.000258519641987792,0.000258519641987792,0.00025851964198779194,0.000258519641987792,0.000258519641987792,0.00025851964198779194,0.000258519641987792,0.00025851964198779167
0.8562643769052334,0.8331660695119819,0.8059549196544159,0.7726597988689713,0.7291209577785583,0.6631404489414755,0.3084954074276025,0.00047585835041614734,0.0002585196419877923,0.0002585196419877923,0.0002585196419877923,0.0002585196419877923,0.0002585196419877923,0.0002585196419877923,0.0002585196419877923,0.0002585196419877923,0.0002585196419877923,0.0002585196419877923,0.0002585196419877923,0.0002585196419877923,0.0002585196419877923,0.0002585196419877923,0.0002585196419877923,0.0002585196419877923,0.0002585196419877923,0.0002585196419877923,0.0002585196419877923,0.0002585196419877923,0.0002585196419877923,0.0002585196419877923,0.0002585196419877923,0.0002585196419877923,0.0002585196419877923,0.0002585196419877923,0.0002585196419877923,0.0002585196419877923,0.0002585196419877923,0.0002585196419877923,0.0002585196419877923,0.0002585196419877923,0.0002585196419877923,0.0002585196419877923,0.0002585196419877923,0.0002585196419877923,0.0002585196419877923,0.0002585196419877923,0.0002585196419877923,0.0002585196419877923,0.0002585196419877923,0.0002585196419877923,0.0002585196419877923,0.0002585196419877923,0.0002585196419877923,0.0002585196419877923,0.0002585196419877923,0.0002585196419877923,0.0002585196419877923,0.0002585196419877923,0.0002585196419877923,0.0002585196419877923,0.0002585196419877923,0.0002585196419877923,0.0002585196419877923,0.0002585196419877923,0.0002585196419877923,0.0002585196419877923,0.0002585196419877923,0.0002585196419877923,0.0002585196419877923,0.0002585196419877923,0.0002585196419877923,0.0002585196419877923,0.0002585196419877923,0.0002585196419877923,0.0002585196419877923,0.0002585196419877923,0.0002585196419877923,0.0002585196419877923,0.0002585196419877923,0.0002585196419877923,0.0002585196419877923,0.0002585196419877923,0.0002585196419877923,0.0002585196419877923,0.0002585196419877923,0.0002585196419877923,0.0002585196419877923,0.0002585196419877923,0.0002585196419877923,0.0002585196419877923,0.0002585196419877923,0.0002585196419877923,0.0002585196419877923,0.0002585196419877923,0.0002585196419877923,0.0002585196419877923,0.0002585196419877923,0.0002585196419877923,0.0002585196419877923,0.000258519641987792,0.000258519641987792,0.000258519641987792,0.000258519641987792,0.000258519641987792,0.000258519641987792,0.00025851964198779205,0.000258519641987792,0.000258519641987792,0.000258519641987792,0.000258519641987792,0.000258519641987792,0.000258519641987792,0.00025851964198779205,0.000258519641987792,0.000258519641987792,0.00025851964198779205,0.000258519641987792,0.000258519641987792,0.000258519641987792,0.000258519641987792,0.000258519641987792,0.000258519641987792,0.00025851964198779205,0.00025851964198779205,0.000258519641987792,0.000258519641987792,0.000258519641987792,0.000258519641987792,0.000258519641987792,0.000258519641987792,0.000258519641987792,0.000258519641987792,0.000258519641987792,0.000258519641987792,0.000258519641987792,0.000258519641987792,0.000258519641987792,0.000258519641987792,0.000258519641987792,0.000258519641987792,0.000258519641987792,0.000258519641987792,0.000258519641987792,0.00025851964198779205,0.000258519641987792,0.000258519641987792,0.000258519641987792,0.000258519641987792,0.000258519641987792,0.00025851964198779167
0.8934184676364348,0.8719132548002446,0.8482346442718944,0.821356041956042,0.7892516542995754,0.7479415682496836,0.6873341275724923,0.5515082819864471,0.021669266041894116,0.0002585196421197347,0.00025851964198779243,0.00025851964198779243,0.00025851964198779243,0.00025851964198779243,0.00025851964198779243,0.00025851964198779243,0.00025851964198779243,0.00025851964198779243,0.00025851964198779243,0.00025851964198779243,0.00025851964198779243,0.00025851964198779243,0.00025851964198779243,0.00025851964198779243,0.00025851964198779243,0.00025851964198779243,0.00025851964198779243,0.00025851964198779243,0.00025851964198779243,0.00025851964198779243,0.00025851964198779243,0.00025851964198779243,0.00025851964198779243,0.00025851964198779243,0.00025851964198779243,0.00025851964198779243,0.00025851964198779243,0.00025851964198779243,0.00025851964198779243,0.00025851964198779243,0.00025851964198779243,0.00025851964198779243,0.00025851964198779243,0.00025851964198779243,0.00025851964198779243,0.00025851964198779243,0.00025851964198779243,0.00025851964198779243,0.00025851964198779243,0.00025851964198779243,0.00025851964198779243,0.00025851964198779243,0.00025851964198779243,0.00025851964198779243,0.00025851964198779243,0.00025851964198779243,0.00025851964198779243,0.00025851964198779243,0.00025851964198779243,0.00025851964198779243,0.00025851964198779243,0.00025851964198779243,0.00025851964198779243,0.00025851964198779243,0.00025851964198779243,0.00025851964198779243,0.00025851964198779243,0.00025851964198779243,0.00025851964198779243,0.00025851964198779243,0.00025851964198779243,0.00025851964198779243,0.00025851964198779243,0.00025851964198779243,0.00025851964198779243,0.00025851964198779243,0.00025851964198779243,0.00025851964198779243,0.00025851964198779243,0.00025851964198779243,0.00025851964198779243,0.00025851964198779243,0.00025851964198779243,0.00025851964198779243,0.00025851964198779243,0.00025851964198779243,0.00025851964198779243,0.00025851964198779243,0.00025851964198779243,0.00025851964198779243,0.00025851964198779243,0.00025851964198779243,0.00025851964198779243,0.00025851964198779243,0.00025851964198779243,0.00025851964198779243,0.00025851964198779243,0.00025851964198779243,0.00025851964198779243,0.0002585196419877921,0.0002585196419877921,0.0002585196419877921,0.0002585196419877921,0.0002585196419877921,0.0002585196419877921,0.0002585196419877921,0.0002585196419877921,0.0002585196419877921,0.0002585196419877921,0.0002585196419877921,0.0002585196419877921,0.0002585196419877921,0.0002585196419877921,0.0002585196419877921,0.0002585196419877921,0.0002585196419877921,0.0002585196419877921,0.0002585196419877921,0.0002585196419877921,0.0002585196419877921,0.0002585196419877921,0.0002585196419877921,0.0002585196419877921,0.0002585196419877921,0.0002585196419877921,0.0002585196419877921,0.0002585196419877921,0.0002585196419877921,0.0002585196419877921,0.0002585196419877921,0.0002585196419877921,0.0002585196419877921,0.0002585196419877921,0.0002585196419877921,0.0002585196419877921,0.0002585196419877921,0.0002585196419877921,0.0002585196419877921,0.0002585196419877921,0.0002585196419877921,0.0002585196419877921,0.0002585196419877921,0.0002585196419877921,0.0002585196419877921,0.0002585196419877921,0.0002585196419877921,0.0002585196419877921,0.0002585196419877921,0.0002585196419877921,0.00025851964198779167
0.9491468487046724,0.9301769605306,0.9094035690096574,0.8864415165878607,0.8606220132568504,0.8307833572157638,0.7948178806845975,0.7483476371242649,0.6788776711434308,0.2525262311267066,0.00029314865849274164,0.00025851964198779243,0.00025851964198779243,0.00025851964198779243,0.00025851964198779243,0.00025851964198779243,0.00025851964198779243,0.00025851964198779243,0.00025851964198779243,0.00025851964198779243,0.00025851964198779243,0.00025851964198779243,0.00025851964198779243,0.00025851964198779243,0.00025851964198779243,0.00025851964198779243,0.00025851964198779243,0.00025851964198779243,0.00025851964198779243,0.00025851964198779243,0.00025851964198779243,0.00025851964198779243,0.00025851964198779243,0.00025851964198779243,0.00025851964198779243,0.00025851964198779243,0.00025851964198779243,0.00025851964198779243,0.00025851964198779243,0.00025851964198779243,0.00025851964198779243,0.00025851964198779243,0.00025851964198779243,0.00025851964198779243,0.00025851964198779243,0.00025851964198779243,0.00025851964198779243,0.00025851964198779243,0.00025851964198779243,0.00025851964198779243,0.00025851964198779243,0.00025851964198779243,0.00025851964198779243,0.00025851964198779243,0.00025851964198779243,0.00025851964198779243,0.00025851964198779243,0.00025851964198779243,0.00025851964198779243,0.00025851964198779243,0.00025851964198779243,0.00025851964198779243,0.00025851964198779243,0.00025851964198779243,0.00025851964198779243,0.00025851964198779243,0.00025851964198779243,0.00025851964198779243,0.00025851964198779243,0.00025851964198779243,0.00025851964198779243,0.00025851964198779243,0.00025851964198779243,0.00025851964198779243,0.00025851964198779243,0.00025851964198779243,0.00025851964198779243,0.00025851964198779243,0.00025851964198779243,0.00025851964198779243,0.00025851964198779243,0.00025851964198779243,0.00025851964198779243,0.00025851964198779243,0.00025851964198779243,0.00025851964198779243,0.00025851964198779243,0.00025851964198779243,0.00025851964198779243,0.00025851964198779243,0.00025851964198779243,0.00025851964198779243,0.00025851964198779243,0.00025851964198779243,0.00025851964198779243,0.00025851964198779243,0.00025851964198779243,0.00025851964198779243,0.00025851964198779243,0.00025851964198779205,0.00025851964198779205,0.00025851964198779205,0.00025851964198779205,0.00025851964198779205,0.00025851964198779205,0.00025851964198779205,0.00025851964198779205,0.00025851964198779205,0.00025851964198779205,0.00025851964198779205,0.00025851964198779205,0.00025851964198779205,0.00025851964198779205,0.00025851964198779205,0.00025851964198779205,0.00025851964198779205,0.00025851964198779205,0.00025851964198779205,0.00025851964198779205,0.00025851964198779205,0.00025851964198779205,0.00025851964198779205,0.00025851964198779205,0.00025851964198779205,0.00025851964198779205,0.00025851964198779205,0.00025851964198779205,0.00025851964198779205,0.00025851964198779205,0.00025851964198779205,0.00025851964198779205,0.00025851964198779205,0.00025851964198779205,0.00025851964198779205,0.00025851964198779205,0.00025851964198779205,0.00025851964198779205,0.00025851964198779205,0.00025851964198779205,0.00025851964198779205,0.00025851964198779205,0.00025851964198779205,0.00025851964198779205,0.00025851964198779205,0.00025851964198779205,0.00025851964198779205,0.00025851964198779205,0.00025851964198779205,0.00025851964198779205,0.00025851964198779167
0.9888440569221228,0.9741396734575035,0.9580795754289912,0.9403743551464971,0.9206260352193701,0.8982658220088133,0.8724392136186556,0.8417735693024718,0.8038425741671819,0.7536564316438931,0.6774701822063977,0.14324200690270505,0.0002588133914523085,0.00025851964198779265,0.00025851964198779265,0.00025851964198779265,0.00025851964198779265,0.00025851964198779265,0.00025851964198779265,0.00025851964198779265,0.00025851964198779265,0.00025851964198779265,0.00025851964198779265,0.00025851964198779265,0.00025851964198779265,0.00025851964198779265,0.00025851964198779265,0.00025851964198779265,0.00025851964198779265,0.00025851964198779265,0.00025851964198779265,0.00025851964198779265,0.00025851964198779265,0.00025851964198779265,0.00025851964198779265,0.00025851964198779265,0.00025851964198779265,0.00025851964198779265,0.00025851964198779265,0.00025851964198779265,0.00025851964198779265,0.00025851964198779265,0.00025851964198779265,0.00025851964198779265,0.00025851964198779265,0.00025851964198779265,0.00025851964198779265,0.00025851964198779265,0.00025851964198779265,0.00025851964198779265,0.00025851964198779265,0.00025851964198779265,0.00025851964198779265,0.00025851964198779265,0.00025851964198779265,0.00025851964198779265,0.00025851964198779265,0.00025851964198779265,0.00025851964198779265,0.00025851964198779265,0.00025851964198779265,0.00025851964198779265,0.00025851964198779265,0.00025851964198779265,0.00025851964198779265,0.00025851964198779265,0.00025851964198779265,0.00025851964198779265,0.00025851964198779265,0.00025851964198779265,0.00025851964198779265,0.00025851964198779265,0.00025851964198779265,0.00025851964198779265,0.00025851964198779265,0.00025851964198779265,0.00025851964198779265,0.00025851964198779265,0.00025851964198779265,0.00025851964198779265,0.00025851964198779265,0.00025851964198779265,0.00025851964198779265,0.00025851964198779265,0.00025851964198779265,0.00025851964198779265,0.00025851964198779265,0.00025851964198779265,0.00025851964198779265,0.00025851964198779265,0.00025851964198779265,0.00025851964198779265,0.00025851964198779265,0.00025851964198779265,0.00025851964198779265,0.00025851964198779265,0.00025851964198779265,0.00025851964198779265,0.00025851964198779265,0.00025851964198779216,0.00025851964198779216,0.00025851964198779216,0.00025851964198779216,0.00025851964198779216,0.00025851964198779216,0.00025851964198779216,0.00025851964198779216,0.00025851964198779216,0.00025851964198779216,0.00025851964198779216,0.00025851964198779216,0.00025851964198779216,0.00025851964198779216,0.00025851964198779216,0.00025851964198779216,0.00025851964198779216,0.00025851964198779216,0.00025851964198779216,0.00025851964198779216,0.00025851964198779216,0.00025851964198779216,0.00025851964198779216,0.00025851964198779216,0.00025851964198779216,0.00025851964198779216,0.00025851964198779216,0.00025851964198779216,0.00025851964198779216,0.00025851964198779216,0.00025851964198779216,0.00025851964198779216,0.00025851964198779216,0.00025851964198779216,0.00025851964198779216,0.00025851964198779216,0.00025851964198779216,0.00025851964198779216,0.00025851964198779216,0.00025851964198779216,0.00025851964198779216,0.00025851964198779216,0.00025851964198779216,0.00025851964198779216,0.00025851964198779216,0.00025851964198779216,0.00025851964198779216,0.00025851964198779216,0.00025851964198779216,0.00025851964198779216,0.00025851964198779167
1.0212754916273905,1.0086615526597449,0.9950824194291592,0.9803688413266173,0.9643007457134862,0.9465844421559407,0.9268154294002837,0.9044143224164961,0.8785085099350671,0.8476923571780843,0.8094735977596502,0.7587099948503004,0.6811982821759474,0.135821855256025,0.0002587019161552838,0.00025851964198779265,0.00025851964198779265,0.00025851964198779265,0.00025851964198779265,0.00025851964198779265,0.00025851964198779265,0.00025851964198779265,0.00025851964198779265,0.00025851964198779265,0.00025851964198779265,0.00025851964198779265,0.00025851964198779265,0.00025851964198779265,0.00025851964198779265,0.00025851964198779265,0.00025851964198779265,0.00025851964198779265,0.00025851964198779265,0.00025851964198779265,0.00025851964198779265,0.00025851964198779265,0.00025851964198779265,0.00025851964198779265,0.00025851964198779265,0.00025851964198779265,0.00025851964198779265,0.00025851964198779265,0.00025851964198779265,0.00025851964198779265,0.00025851964198779265,0.00025851964198779265,0.00025851964198779265,0.00025851964198779265,0.00025851964198779265,0.00025851964198779265,0.00025851964198779265,0.00025851964198779265,0.00025851964198779265,0.00025851964198779265,0.00025851964198779265,0.00025851964198779265,0.00025851964198779265,0.00025851964198779265,0.00025851964198779265,0.00025851964198779265,0.00025851964198779265,0.00025851964198779265,0.00025851964198779265,0.00025851964198779265,0.00025851964198779265,0.00025851964198779265,0.00025851964198779265,0.00025851964198779265,0.00025851964198779265,0.00025851964198779265,0.00025851964198779265,0.00025851964198779265,0.00025851964198779265,0.00025851964198779265,0.00025851964198779265,0.00025851964198779265,0.00025851964198779265,0.00025851964198779265,0.00025851964198779265,0.00025851964198779265,0.00025851964198779265,0.00025851964198779265,0.00025851964198779265,0.00025851964198779265,0.00025851964198779265,0.00025851964198779265,0.00025851964198779265,0.00025851964198779265,0.00025851964198779265,0.00025851964198779265,0.00025851964198779265,0.00025851964198779265,0.00025851964198779265,0.00025851964198779265,0.00025851964198779265,0.00025851964198779265,0.00025851964198779265,0.00025851964198779265,0.00025851964198779265,0.0002585196419877921,0.0002585196419877921,0.0002585196419877921,0.0002585196419877921,0.0002585196419877921,0.0002585196419877921,0.0002585196419877921,0.0002585196419877921,0.0002585196419877921,0.0002585196419877921,0.0002585196419877921,0.0002585196419877921,0.0002585196419877921,0.0002585196419877921,0.0002585196419877921,0.0002585196419877921,0.0002585196419877921,0.0002585196419877921,0.0002585196419877921,0.0002585196419877921,0.0002585196419877921,0.0002585196419877921,0.0002585196419877921,0.0002585196419877921,0.00025851964198779216,0.0002585196419877921,0.0002585196419877921,0.0002585196419877921,0.0002585196419877921,0.0002585196419877921,0.0002585196419877921,0.0002585196419877921,0.0002585196419877921,0.0002585196419877921,0.0002585196419877921,0.0002585196419877921,0.0002585196419877921,0.0002585196419877921,0.0002585196419877921,0.0002585196419877921,0.0002585196419877921,0.0002585196419877921,0.0002585196419877921,0.0002585196419877921,0.0002585196419877921,0.0002585196419877921,0.0002585196419877921,0.0002585196419877921,0.0002585196419877921,0.0002585196419877921,0.00025851964198779167
1.0459274028947003,1.0349061472955083,1.023169305308514,1.0106123010393604,0.9971047528911738,0.982481120371923,0.9665267259090702,0.9489560738426958,0.9293777002356111,0.9072339827713704,0.8816905958919719,0.8514135544895711,0.8140556191538124,0.7648009349176219,0.6903006714228342,0.16856256717482548,0.0002595211604867703,0.0002585196419877928,0.0002585196419877928,0.0002585196419877928,0.0002585196419877928,0.0002585196419877928,0.0002585196419877928,0.0002585196419877928,0.0002585196419877928,0.0002585196419877928,0.0002585196419877928,0.0002585196419877928,0.0002585196419877928,0.0002585196419877928,0.0002585196419877928,0.0002585196419877928,0.0002585196419877928,0.0002585196419877928,0.0002585196419877928,0.0002585196419877928,0.0002585196419877928,0.0002585196419877928,0.0002585196419877928,0.0002585196419877928,0.0002585196419877928,0.0002585196419877928,0.0002585196419877928,0.0002585196419877928,0.0002585196419877928,0.0002585196419877928,0.0002585196419877928,0.0002585196419877928,0.0002585196419877928,0.0002585196419877928,0.0002585196419877928,0.0002585196419877928,0.0002585196419877928,0.0002585196419877928,0.0002585196419877928,0.0002585196419877928,0.0002585196419877928,0.0002585196419877928,0.0002585196419877928,0.0002585196419877928,0.0002585196419877928,0.0002585196419877928,0.0002585196419877928,0.0002585196419877928,0.0002585196419877928,0.0002585196419877928,0.0002585196419877928,0.0002585196419877928,0.0002585196419877928,0.0002585196419877928,0.0002585196419877928,0.0002585196419877928,0.0002585196419877928,0.0002585196419877928,0.0002585196419877928,0.0002585196419877928,0.0002585196419877928,0.0002585196419877928,0.0002585196419877928,0.0002585196419877928,0.0002585196419877928,0.0002585196419877928,0.0002585196419877928,0.0002585196419877928,0.0002585196419877928,0.0002585196419877928,0.0002585196419877928,0.0002585196419877928,0.0002585196419877928,0.0002585196419877928,0.0002585196419877928,0.0002585196419877928,0.0002585196419877928,0.0002585196419877928,0.0002585196419877928,0.0002585196419877928,0.0002585196419877928,0.0002585196419877928,0.0002585196419877928,0.00025851964198779216,0.00025851964198779216,0.00025851964198779216,0.00025851964198779216,0.00025851964198779216,0.00025851964198779216,0.0002585196419877922,0.00025851964198779216,0.00025851964198779216,0.00025851964198779216,0.00025851964198779216,0.00025851964198779216,0.00025851964198779216,0.00025851964198779216,0.00025851964198779216,0.00025851964198779216,0.00025851964198779216,0.00025851964198779216,0.00025851964198779216,0.00025851964198779216,0.00025851964198779216,0.00025851964198779216,0.00025851964198779216,0.0002585196419877922,0.00025851964198779216,0.00025851964198779216,0.00025851964198779216,0.00025851964198779216,0.00025851964198779216,0.00025851964198779216,0.00025851964198779216,0.00025851964198779216,0.00025851964198779216,0.00025851964198779216,0.00025851964198779216,0.00025851964198779216,0.00025851964198779216,0.00025851964198779216,0.00025851964198779216,0.00025851964198779216,0.00025851964198779216,0.00025851964198779216,0.00025851964198779216,0.00025851964198779216,0.0002585196419877922,0.00025851964198779216,0.00025851964198779216,0.00025851964198779216,0.00025851964198779216,0.00025851964198779216,0.00025851964198779167
1.080307959012249,1.0693208372580105,1.0578484860327013,1.0458488896224427,1.0332572993888745,1.0199804574422082,1.005890748061273,0.9908189912126012,0.9745437132514637,0.9567734700050442,0.9371164234904146,0.9150261405166309,0.8896998183010841,0.8598702061131306,0.8233195651469634,0.7754725766142448,0.7033295475416684,0.22826047211638428,0.0002697341323801539,0.0002585196419877928,0.0002585196419877928,0.0002585196419877928,0.0002585196419877928,0.0002585196419877928,0.0002585196419877928,0.0002585196419877928,0.0002585196419877928,0.0002585196419877928,0.0002585196419877928,0.0002585196419877928,0.0002585196419877928,0.0002585196419877928,0.0002585196419877928,0.0002585196419877928,0.0002585196419877928,0.0002585196419877928,0.0002585196419877928,0.0002585196419877928,0.0002585196419877928,0.0002585196419877928,0.0002585196419877928,0.0002585196419877928,0.0002585196419877928,0.0002585196419877928,0.0002585196419877928,0.0002585196419877928,0.0002585196419877928,0.0002585196419877928,0.0002585196419877928,0.0002585196419877928,0.0002585196419877928,0.0002585196419877928,0.0002585196419877928,0.0002585196419877928,0.0002585196419877928,0.0002585196419877928,0.0002585196419877928,0.0002585196419877928,0.0002585196419877928,0.0002585196419877928,0.0002585196419877928,0.0002585196419877928,0.0002585196419877928,0.0002585196419877928,0.0002585196419877928,0.0002585196419877928,0.0002585196419877928,0.0002585196419877928,0.0002585196419877928,0.0002585196419877928,0.0002585196419877928,0.0002585196419877928,0.0002585196419877928,0.0002585196419877928,0.0002585196419877928,0.0002585196419877928,0.0002585196419877928,0.0002585196419877928,0.0002585196419877928,0.0002585196419877928,0.0002585196419877928,0.0002585196419877928,0.0002585196419877928,0.0002585196419877928,0.0002585196419877928,0.0002585196419877928,0.0002585196419877928,0.0002585196419877928,0.0002585196419877928,0.0002585196419877928,0.0002585196419877928,0.0002585196419877928,0.0002585196419877928,0.0002585196419877928,0.0002585196419877928,0.0002585196419877928,0.0002585196419877928,0.0002585196419877928,0.0002585196419877928,0.00025851964198779227,0.00025851964198779227,0.00025851964198779227,0.00025851964198779227,0.00025851964198779227,0.00025851964198779227,0.00025851964198779227,0.00025851964198779227,0.00025851964198779227,0.00025851964198779227,0.00025851964198779227,0.00025851964198779227,0.00025851964198779227,0.00025851964198779227,0.0002585196419877922,0.00025851964198779227,0.00025851964198779227,0.00025851964198779227,0.00025851964198779227,0.0002585196419877922,0.00025851964198779227,0.00025851964198779227,0.00025851964198779227,0.00025851964198779227,0.00025851964198779227,0.00025851964198779227,0.00025851964198779227,0.00025851964198779227,0.00025851964198779227,0.00025851964198779227,0.00025851964198779227,0.0002585196419877922,0.00025851964198779227,0.00025851964198779227,0.00025851964198779227,0.00025851964198779227,0.00025851964198779227,0.00025851964198779227,0.00025851964198779227,0.00025851964198779227,0.00025851964198779227,0.00025851964198779227,0.00025851964198779227,0.00025851964198779227,0.00025851964198779227,0.00025851964198779227,0.00025851964198779227,0.00025851964198779227,0.0002585196419877922,0.00025851964198779227,0.00025851964198779167
1.1026579650871293,1.0936977810965904,1.084298347334826,1.0744123175530675,1.063983854537585,1.052946503578282,1.0412202998476225,1.0287077771190973,1.0152883429426474,1.000810138319427,0.9850778714866504,0.9678339121645871,0.948727475906796,0.9272613080426511,0.9026921034926036,0.8738246042388438,0.8385206243801702,0.792243323591612,0.7216416200644987,0.37250985723774416,0.0007959978479457089,0.0002585196419877929,0.0002585196419877929,0.0002585196419877929,0.0002585196419877929,0.0002585196419877929,0.0002585196419877929,0.0002585196419877929,0.0002585196419877929,0.0002585196419877929,0.0002585196419877929,0.0002585196419877929,0.0002585196419877929,0.0002585196419877929,0.0002585196419877929,0.0002585196419877929,0.0002585196419877929,0.0002585196419877929,0.0002585196419877929,0.0002585196419877929,0.0002585196419877929,0.0002585196419877929,0.0002585196419877929,0.0002585196419877929,0.0002585196419877929,0.0002585196419877929,0.0002585196419877929,0.0002585196419877929,0.0002585196419877929,0.0002585196419877929,0.0002585196419877929,0.0002585196419877929,0.0002585196419877929,0.0002585196419877929,0.0002585196419877929,0.0002585196419877929,0.0002585196419877929,0.0002585196419877929,0.0002585196419877929,0.0002585196419877929,0.0002585196419877929,0.0002585196419877929,0.0002585196419877929,0.0002585196419877929,0.0002585196419877929,0.0002585196419877929,0.0002585196419877929,0.0002585196419877929,0.0002585196419877929,0.0002585196419877929,0.0002585196419877929,0.0002585196419877929,0.0002585196419877929,0.0002585196419877929,0.0002585196419877929,0.0002585196419877929,0.0002585196419877929,0.0002585196419877929,0.0002585196419877929,0.0002585196419877929,0.0002585196419877929,0.0002585196419877929,0.0002585196419877929,0.0002585196419877929,0.0002585196419877929,0.0002585196419877929,0.0002585196419877929,0.0002585196419877929,0.0002585196419877929,0.0002585196419877929,0.0002585196419877929,0.0002585196419877929,0.0002585196419877929,0.0002585196419877929,0.0002585196419877929,0.0002585196419877929,0.0002585196419877929,0.0002585196419877929,0.0002585196419877929,0.00025851964198779227,0.00025851964198779227,0.0002585196419877923,0.00025851964198779227,0.00025851964198779227,0.00025851964198779227,0.0002585196419877923,0.00025851964198779227,0.00025851964198779227,0.00025851964198779227,0.00025851964198779227,0.00025851964198779227,0.00025851964198779227,0.0002585196419877923,0.00025851964198779227,0.00025851964198779227,0.0002585196419877923,0.00025851964198779227,0.00025851964198779227,0.00025851964198779227,0.00025851964198779227,0.00025851964198779227,0.00025851964198779227,0.0002585196419877923,0.0002585196419877923,0.00025851964198779227,0.00025851964198779227,0.00025851964198779227,0.00025851964198779227,0.00025851964198779227,0.00025851964198779227,0.00025851964198779227,0.00025851964198779227,0.00025851964198779227,0.00025851964198779227,0.00025851964198779227,0.00025851964198779227,0.00025851964198779227,0.00025851964198779227,0.00025851964198779227,0.00025851964198779227,0.00025851964198779227,0.00025851964198779227,0.00025851964198779227,0.0002585196419877923,0.00025851964198779227,0.00025851964198779227,0.00025851964198779227,0.00025851964198779227,0.00025851964198779227,0.00025851964198779167
1.1317229952424712,1.1234917422533863,1.1149042886699032,1.1059269752417749,1.0965208547978382,1.0866405093778173,1.0762324993541832,1.0652333008064345,1.0535665141523054,1.041139008759726,1.0278354705800297,1.0135104767719116,0.9979765998974764,0.980985861391593,0.9621994652681649,0.941135560639551,0.9170724874322375,0.8888522278290607,0.8544268779649064,0.8095918049098683,0.7430383008989666,0.5828869240514433,0.018581631632090336,0.0002585196420107325,0.0002585196419877928,0.0002585196419877928,0.0002585196419877928,0.0002585196419877928,0.0002585196419877928,0.0002585196419877928,0.0002585196419877928,0.0002585196419877928,0.0002585196419877928,0.0002585196419877928,0.0002585196419877928,0.0002585196419877928,0.0002585196419877928,0.0002585196419877928,0.0002585196419877928,0.0002585196419877928,0.0002585196419877928,0.0002585196419877928,0.0002585196419877928,0.0002585196419877928,0.0002585196419877928,0.0002585196419877928,0.0002585196419877928,0.0002585196419877928,0.0002585196419877928,0.0002585196419877928,0.0002585196419877928,0.0002585196419877928,0.0002585196419877928,0.0002585196419877928,0.0002585196419877928,0.0002585196419877928,0.0002585196419877928,0.0002585196419877928,0.0002585196419877928,0.0002585196419877928,0.0002585196419877928,0.0002585196419877928,0.0002585196419877928,0.0002585196419877928,0.0002585196419877928,0.0002585196419877928,0.0002585196419877928,0.0002585196419877928,0.0002585196419877928,0.0002585196419877928,0.0002585196419877928,0.0002585196419877928,0.0002585196419877928,0.0002585196419877928,0.0002585196419877928,0.0002585196419877928,0.0002585196419877928,0.0002585196419877928,0.0002585196419877928,0.0002585196419877928,0.0002585196419877928,0.0002585196419877928,0.0002585196419877928,0.0002585196419877928,0.0002585196419877928,0.0002585196419877928,0.0002585196419877928,0.0002585196419877928,0.0002585196419877928,0.0002585196419877928,0.0002585196419877928,0.0002585196419877928,0.0002585196419877928,0.0002585196419877928,0.0002585196419877928,0.0002585196419877928,0.0002585196419877928,0.0002585196419877928,0.0002585196419877928,0.0002585196419877923,0.0002585196419877923,0.0002585196419877923,0.0002585196419877923,0.0002585196419877923,0.0002585196419877923,0.0002585196419877923,0.0002585196419877923,0.0002585196419877923,0.0002585196419877923,0.0002585196419877923,0.0002585196419877923,0.0002585196419877923,0.0002585196419877923,0.0002585196419877923,0.0002585196419877923,0.0002585196419877923,0.0002585196419877923,0.0002585196419877923,0.0002585196419877923,0.0002585196419877923,0.0002585196419877923,0.0002585196419877923,0.0002585196419877923,0.0002585196419877923,0.0002585196419877923,0.0002585196419877923,0.0002585196419877923,0.0002585196419877923,0.0002585196419877923,0.0002585196419877923,0.0002585196419877923,0.0002585196419877923,0.0002585196419877923,0.0002585196419877923,0.0002585196419877923,0.0002585196419877923,0.0002585196419877923,0.0002585196419877923,0.0002585196419877923,0.0002585196419877923,0.0002585196419877923,0.0002585196419877923,0.0002585196419877923,0.0002585196419877923,0.0002585196419877923,0.0002585196419877923,0.0002585196419877923,0.0002585196419877923,0.0002585196419877923,0.00025851964198779167
1.1657522227387611,1.1580632090401057,1.1500768911080215,1.1417685806217803,1.1331101541973643,1.1240693695994213,1.1146090064187788,1.1046857708693463,1.0942488804817858,1.0832382084608945,1.071581812185099,1.059192583524051,1.0459636187065382,1.0317616727540064,1.0164176622986425,0.9997124591486795,0.9813548531347867,0.960945824883444,0.9379173515508166,0.9114199282176342,0.8800953459828433,0.8415517978830966,0.7908697172138527,0.7143326029041132,0.18145753479932708,0.00025998416895444006,0.0002585196419877928,0.0002585196419877928,0.0002585196419877928,0.0002585196419877928,0.0002585196419877928,0.0002585196419877928,0.0002585196419877928,0.0002585196419877928,0.0002585196419877928,0.0002585196419877928,0.0002585196419877928,0.0002585196419877928,0.0002585196419877928,0.0002585196419877928,0.0002585196419877928,0.0002585196419877928,0.0002585196419877928,0.0002585196419877928,0.0002585196419877928,0.0002585196419877928,0.0002585196419877928,0.0002585196419877928,0.0002585196419877928,0.0002585196419877928,0.0002585196419877928,0.0002585196419877928,0.0002585196419877928,0.0002585196419877928,0.0002585196419877928,0.0002585196419877928,0.0002585196419877928,0.0002585196419877928,0.0002585196419877928,0.0002585196419877928,0.0002585196419877928,0.0002585196419877928,0.0002585196419877928,0.0002585196419877928,0.0002585196419877928,0.0002585196419877928,0.0002585196419877928,0.0002585196419877928,0.0002585196419877928,0.0002585196419877928,0.0002585196419877928,0.0002585196419877928,0.0002585196419877928,0.0002585196419877928,0.0002585196419877928,0.0002585196419877928,0.0002585196419877928,0.0002585196419877928,0.0002585196419877928,0.0002585196419877928,0.0002585196419877928,0.0002585196419877928,0.0002585196419877928,0.0002585196419877928,0.0002585196419877928,0.0002585196419877928,0.0002585196419877928,0.0002585196419877928,0.0002585196419877928,0.0002585196419877928,0.0002585196419877928,0.0002585196419877928,0.0002585196419877928,0.0002585196419877928,0.0002585196419877928,0.0002585196419877928,0.0002585196419877928,0.0002585196419877928,0.0002585196419877928,0.0002585196419877923,0.0002585196419877923,0.0002585196419877923,0.0002585196419877923,0.0002585196419877923,0.0002585196419877923,0.0002585196419877923,0.0002585196419877923,0.0002585196419877923,0.0002585196419877923,0.0002585196419877923,0.0002585196419877923,0.0002585196419877923,0.0002585196419877923,0.0002585196419877923,0.0002585196419877923,0.0002585196419877923,0.0002585196419877923,0.0002585196419877923,0.0002585196419877923,0.0002585196419877923,0.0002585196419877923,0.0002585196419877923,0.0002585196419877923,0.0002585196419877923,0.0002585196419877923,0.0002585196419877923,0.0002585196419877923,0.0002585196419877923,0.0002585196419877923,0.0002585196419877923,0.0002585196419877923,0.0002585196419877923,0.0002585196419877923,0.0002585196419877923,0.0002585196419877923,0.0002585196419877923,0.0002585196419877923,0.0002585196419877923,0.0002585196419877923,0.0002585196419877923,0.0002585196419877923,0.0002585196419877923,0.0002585196419877923,0.0002585196419877923,0.0002585196419877923,0.0002585196419877923,0.0002585196419877923,0.0002585196419877923,0.0002585196419877923,0.00025851964198779167
1.194589406993779,1.1873439087937254,1.1798499665204032,1.1720896384017905,1.1640427676065792,1.1556866102855836,1.1469953705907474,1.1379396179593528,1.128485551857177,1.1185940650066182,1.1082195355573674,1.097308247950215,1.0857962951614708,1.0736067409097163,1.0606457002553205,1.046796795754868,1.0319130964508545,1.0158050121866293,0.9982214049616578,0.9788187279743406,0.9571076687578182,0.9323540669376974,0.9033768652491704,0.8680791509104642,0.8221255558509991,0.7536799568549961,0.581173991319823,0.016009250256727583,0.00025851964199424387,0.0002585196419877927,0.0002585196419877927,0.0002585196419877927,0.0002585196419877927,0.0002585196419877927,0.0002585196419877927,0.0002585196419877927,0.0002585196419877927,0.0002585196419877927,0.0002585196419877927,0.0002585196419877927,0.0002585196419877927,0.0002585196419877927,0.0002585196419877927,0.0002585196419877927,0.0002585196419877927,0.0002585196419877927,0.0002585196419877927,0.0002585196419877927,0.0002585196419877927,0.0002585196419877927,0.0002585196419877927,0.0002585196419877927,0.0002585196419877927,0.0002585196419877927,0.0002585196419877927,0.0002585196419877927,0.0002585196419877927,0.0002585196419877927,0.0002585196419877927,0.0002585196419877927,0.0002585196419877927,0.0002585196419877927,0.0002585196419877927,0.0002585196419877927,0.0002585196419877927,0.0002585196419877927,0.0002585196419877927,0.0002585196419877927,0.0002585196419877927,0.0002585196419877927,0.0002585196419877927,0.0002585196419877927,0.0002585196419877927,0.0002585196419877927,0.0002585196419877927,0.0002585196419877927,0.0002585196419877927,0.0002585196419877927,0.0002585196419877927,0.0002585196419877927,0.0002585196419877927,0.0002585196419877927,0.0002585196419877927,0.0002585196419877927,0.0002585196419877927,0.0002585196419877927,0.0002585196419877927,0.0002585196419877927,0.0002585196419877927,0.0002585196419877927,0.0002585196419877927,0.0002585196419877927,0.0002585196419877927,0.0002585196419877927,0.0002585196419877927,0.0002585196419877927,0.0002585196419877927,0.0002585196419877927,0.0002585196419877927,0.0002585196419877922,0.0002585196419877922,0.00025851964198779227,0.0002585196419877922,0.0002585196419877922,0.0002585196419877922,0.0002585196419877922,0.0002585196419877922,0.0002585196419877922,0.0002585196419877922,0.0002585196419877922,0.0002585196419877922,0.0002585196419877922,0.00025851964198779227,0.0002585196419877922,0.0002585196419877922,0.00025851964198779227,0.0002585196419877922,0.0002585196419877922,0.0002585196419877922,0.0002585196419877922,0.0002585196419877922,0.0002585196419877922,0.0002585196419877922,0.00025851964198779227,0.0002585196419877922,0.0002585196419877922,0.0002585196419877922,0.0002585196419877922,0.0002585196419877922,0.0002585196419877922,0.0002585196419877922,0.00025851964198779227,0.0002585196419877922,0.0002585196419877922,0.0002585196419877922,0.0002585196419877922,0.0002585196419877922,0.0002585196419877922,0.0002585196419877922,0.0002585196419877922,0.0002585196419877922,0.0002585196419877922,0.00025851964198779227,0.00025851964198779227,0.0002585196419877922,0.0002585196419877922,0.0002585196419877922,0.0002585196419877922,0.0002585196419877922,0.00025851964198779167
1.2093235733036745,1.2029304596662402,1.196335746985463,1.189525693372943,1.1824850454566387,1.175196803753535,1.1676419403630474,1.15979905686931,1.1516439665860525,1.1431491801211855,1.1342832660582292,1.1250100484033891,1.115287587864378,1.105066872685469,1.0942901128870695,1.082888483048311,1.07077908239967,1.0578607577078218,1.0440082286742347,1.029063598699817,1.012823686557805,0.9950203766341861,0.9752886632586061,0.9531115121856316,0.927717192998579,0.8978676778016589,0.861355606207723,0.8135163676870292,0.7406813005370563,0.3489918713262807,0.0005206618230257474,0.0002585196419877929,0.0002585196419877929,0.0002585196419877929,0.0002585196419877929,0.0002585196419877929,0.0002585196419877929,0.0002585196419877929,0.0002585196419877929,0.0002585196419877929,0.0002585196419877929,0.0002585196419877929,0.0002585196419877929,0.0002585196419877929,0.0002585196419877929,0.0002585196419877929,0.0002585196419877929,0.0002585196419877929,0.0002585196419877929,0.0002585196419877929,0.0002585196419877929,0.0002585196419877929,0.0002585196419877929,0.0002585196419877929,0.0002585196419877929,0.0002585196419877929,0.0002585196419877929,0.0002585196419877929,0.0002585196419877929,0.0002585196419877929,0.0002585196419877929,0.0002585196419877929,0.0002585196419877929,0.0002585196419877929,0.0002585196419877929,0.0002585196419877929,0.0002585196419877929,0.0002585196419877929,0.0002585196419877929,0.0002585196419877929,0.0002585196419877929,0.0002585196419877929,0.0002585196419877929,0.0002585196419877929,0.0002585196419877929,0.0002585196419877929,0.0002585196419877929,0.0002585196419877929,0.0002585196419877929,0.0002585196419877929,0.0002585196419877929,0.0002585196419877929,0.0002585196419877929,0.0002585196419877929,0.0002585196419877929,0.0002585196419877929,0.0002585196419877929,0.0002585196419877929,0.0002585196419877929,0.0002585196419877929,0.0002585196419877929,0.0002585196419877929,0.0002585196419877929,0.0002585196419877929,0.0002585196419877929,0.0002585196419877929,0.0002585196419877929,0.0002585196419877929,0.0002585196419877929,0.0002585196419877922,0.0002585196419877922,0.0002585196419877922,0.0002585196419877922,0.0002585196419877922,0.0002585196419877922,0.0002585196419877922,0.0002585196419877922,0.0002585196419877922,0.0002585196419877922,0.0002585196419877922,0.0002585196419877922,0.0002585196419877922,0.0002585196419877922,0.0002585196419877922,0.0002585196419877922,0.0002585196419877922,0.0002585196419877922,0.0002585196419877922,0.0002585196419877922,0.0002585196419877922,0.0002585196419877922,0.0002585196419877922,0.0002585196419877922,0.0002585196419877922,0.0002585196419877922,0.0002585196419877922,0.0002585196419877922,0.0002585196419877922,0.0002585196419877922,0.0002585196419877922,0.0002585196419877922,0.0002585196419877922,0.0002585196419877922,0.0002585196419877922,0.0002585196419877922,0.0002585196419877922,0.0002585196419877922,0.0002585196419877922,0.0002585196419877922,0.0002585196419877922,0.0002585196419877922,0.0002585196419877922,0.0002585196419877922,0.0002585196419877922,0.0002585196419877922,0.0002585196419877922,0.0002585196419877922,0.0002585196419877922,0.0002585196419877922,0.00025851964198779167
1.2314803099514138,1.2254267855859424,1.2192005313232699,1.2127910541281444,1.2061868142411698,1.1993750776205725,1.1923417411964032,1.1850711245840753,1.1775457201197501,1.1697458906967886,1.161649501663918,1.1532314686479657,1.1444631970790577,1.135311880661687,1.125739613886619,1.1157022561037762,1.1051479587944089,1.094015228807583,1.0822303406466114,1.0697038169924926,1.0563255447620121,1.0419578404278504,1.0264253393658487,1.0094997913305797,0.9908763397157448,0.9701348311558812,0.9466731316818726,0.9195838106991961,0.8874037077282297,0.8475335821259707,0.7945886800890279,0.7135487568666797,0.14165895362743353,0.0002587101092467642,0.0002585196419877929,0.0002585196419877929,0.0002585196419877929,0.0002585196419877929,0.0002585196419877929,0.0002585196419877929,0.0002585196419877929,0.0002585196419877929,0.0002585196419877929,0.0002585196419877929,0.0002585196419877929,0.0002585196419877929,0.0002585196419877929,0.0002585196419877929,0.0002585196419877929,0.0002585196419877929,0.0002585196419877929,0.0002585196419877929,0.0002585196419877929,0.0002585196419877929,0.0002585196419877929,0.0002585196419877929,0.0002585196419877929,0.0002585196419877929,0.0002585196419877929,0.0002585196419877929,0.0002585196419877929,0.0002585196419877929,0.0002585196419877929,0.0002585196419877929,0.0002585196419877929,0.0002585196419877929,0.0002585196419877929,0.0002585196419877929,0.0002585196419877929,0.0002585196419877929,0.0002585196419877929,0.0002585196419877929,0.0002585196419877929,0.0002585196419877929,0.0002585196419877929,0.0002585196419877929,0.0002585196419877929,0.0002585196419877929,0.0002585196419877929,0.0002585196419877929,0.0002585196419877929,0.0002585196419877929,0.0002585196419877929,0.0002585196419877929,0.0002585196419877929,0.0002585196419877929,0.0002585196419877929,0.0002585196419877929,0.0002585196419877929,0.0002585196419877929,0.0002585196419877929,0.0002585196419877929,0.0002585196419877929,0.0002585196419877929,0.0002585196419877929,0.0002585196419877929,0.0002585196419877929,0.0002585196419877929,0.0002585196419877929,0.0002585196419877922,0.0002585196419877922,0.0002585196419877922,0.0002585196419877922,0.0002585196419877922,0.0002585196419877922,0.0002585196419877922,0.0002585196419877922,0.0002585196419877922,0.0002585196419877922,0.0002585196419877922,0.0002585196419877922,0.0002585196419877922,0.0002585196419877922,0.0002585196419877922,0.0002585196419877922,0.0002585196419877922,0.0002585196419877922,0.0002585196419877922,0.0002585196419877922,0.0002585196419877922,0.0002585196419877922,0.0002585196419877922,0.0002585196419877922,0.0002585196419877922,0.0002585196419877922,0.0002585196419877922,0.0002585196419877922,0.0002585196419877922,0.0002585196419877922,0.0002585196419877922,0.0002585196419877922,0.0002585196419877922,0.0002585196419877922,0.0002585196419877922,0.0002585196419877922,0.0002585196419877922,0.0002585196419877922,0.0002585196419877922,0.0002585196419877922,0.0002585196419877922,0.0002585196419877922,0.0002585196419877922,0.0002585196419877922,0.0002585196419877922,0.0002585196419877922,0.0002585196419877922,0.0002585196419877922,0.0002585196419877922,0.0002585196419877922,0.00025851964198779167
1.2427259158012056,1.237224116295927,1.231577038943686,1.2257764349754992,1.2198133078448512,1.213677818056886,1.2073591722048136,1.2008454929248447,1.194123665645094,1.1871791569139984,1.1799957976589541,1.1725555228175146,1.1648380562172314,1.1568205260880606,1.1484769917779714,1.1397778555154578,1.1306891235185876,1.1211714669848163,1.1111790132814863,1.1006577673788007,1.0895435172107006,1.0777590039257419,1.065210020744345,1.0517799091918436,1.0373215857314184,1.0216456296607526,1.0045018307865783,0.9855493429623509,0.9643057940017925,0.9400545948007963,0.9116610316095336,0.8771622841139014,0.8326829664213955,0.7686109725421151,0.6417411179294028,0.03723431689638386,0.0002585196464560551,0.000258519641987793,0.000258519641987793,0.000258519641987793,0.000258519641987793,0.000258519641987793,0.000258519641987793,0.000258519641987793,0.000258519641987793,0.000258519641987793,0.000258519641987793,0.000258519641987793,0.000258519641987793,0.000258519641987793,0.000258519641987793,0.000258519641987793,0.000258519641987793,0.000258519641987793,0.000258519641987793,0.000258519641987793,0.000258519641987793,0.000258519641987793,0.000258519641987793,0.000258519641987793,0.000258519641987793,0.000258519641987793,0.000258519641987793,0.000258519641987793,0.000258519641987793,0.000258519641987793,0.000258519641987793,0.000258519641987793,0.000258519641987793,0.000258519641987793,0.000258519641987793,0.000258519641987793,0.000258519641987793,0.000258519641987793,0.000258519641987793,0.000258519641987793,0.000258519641987793,0.000258519641987793,0.000258519641987793,0.000258519641987793,0.000258519641987793,0.000258519641987793,0.000258519641987793,0.000258519641987793,0.000258519641987793,0.000258519641987793,0.000258519641987793,0.000258519641987793,0.000258519641987793,0.000258519641987793,0.000258519641987793,0.000258519641987793,0.000258519641987793,0.000258519641987793,0.000258519641987793,0.000258519641987793,0.000258519641987793,0.000258519641987793,0.000258519641987793,0.00025851964198779227,0.00025851964198779227,0.00025851964198779227,0.00025851964198779227,0.00025851964198779227,0.00025851964198779227,0.00025851964198779227,0.00025851964198779227,0.00025851964198779227,0.00025851964198779227,0.00025851964198779227,0.00025851964198779227,0.00025851964198779227,0.0002585196419877923,0.00025851964198779227,0.00025851964198779227,0.00025851964198779227,0.00025851964198779227,0.00025851964198779227,0.00025851964198779227,0.00025851964198779227,0.00025851964198779227,0.00025851964198779227,0.00025851964198779227,0.00025851964198779227,0.00025851964198779227,0.00025851964198779227,0.00025851964198779227,0.00025851964198779227,0.00025851964198779227,0.00025851964198779227,0.00025851964198779227,0.00025851964198779227,0.00025851964198779227,0.00025851964198779227,0.00025851964198779227,0.00025851964198779227,0.00025851964198779227,0.0002585196419877923,0.00025851964198779227,0.00025851964198779227,0.00025851964198779227,0.00025851964198779227,0.00025851964198779227,0.0002585196419877923,0.00025851964198779227,0.00025851964198779227,0.00025851964198779227,0.00025851964198779227,0.00025851964198779227,0.00025851964198779167
1.2600987240855557,1.254868086557704,1.2495102270771439,1.2440185694214594,1.238385988958149,1.2326047484720104,1.2266664242543925,1.220561820620902,1.2142808706081631,1.20781252007217,1.2011445917353045,1.1942636248579426,1.1871546850770953,1.179801137465763,1.1721843738911901,1.1642834830999063,1.1560748483590442,1.147531652533997,1.1386232635775566,1.1293144636219934,1.1195644707642645,1.1093256819237556,1.0985420340912693,1.0871468336072274,1.0750598279762378,1.062183172799677,1.0483957417977279,1.0335448710631292,1.0174339780227828,0.999803245317359,0.9802980024172898,0.9584137927585181,0.933393407982638,0.9040135124553691,0.8680759454135697,0.8209058323047856,0.7488110418006355,0.4620037927141486,0.002563397155746554,0.0002585196419877929,0.0002585196419877929,0.0002585196419877929,0.0002585196419877929,0.0002585196419877929,0.0002585196419877929,0.0002585196419877929,0.0002585196419877929,0.0002585196419877929,0.0002585196419877929,0.0002585196419877929,0.0002585196419877929,0.0002585196419877929,0.0002585196419877929,0.0002585196419877929,0.0002585196419877929,0.0002585196419877929,0.0002585196419877929,0.0002585196419877929,0.0002585196419877929,0.0002585196419877929,0.0002585196419877929,0.0002585196419877929,0.0002585196419877929,0.0002585196419877929,0.0002585196419877929,0.0002585196419877929,0.0002585196419877929,0.0002585196419877929,0.0002585196419877929,0.0002585196419877929,0.0002585196419877929,0.0002585196419877929,0.0002585196419877929,0.0002585196419877929,0.0002585196419877929,0.0002585196419877929,0.0002585196419877929,0.0002585196419877929,0.0002585196419877929,0.0002585196419877929,0.0002585196419877929,0.0002585196419877929,0.0002585196419877929,0.0002585196419877929,0.0002585196419877929,0.0002585196419877929,0.0002585196419877929,0.0002585196419877929,0.0002585196419877929,0.0002585196419877929,0.0002585196419877929,0.0002585196419877929,0.0002585196419877929,0.0002585196419877929,0.0002585196419877929,0.0002585196419877929,0.0002585196419877929,0.0002585196419877929,0.0002585196419877929,0.0002585196419877922,0.0002585196419877922,0.0002585196419877922,0.0002585196419877922,0.0002585196419877922,0.0002585196419877922,0.0002585196419877922,0.0002585196419877922,0.0002585196419877922,0.0002585196419877922,0.0002585196419877922,0.0002585196419877922,0.0002585196419877922,0.00025851964198779227,0.0002585196419877922,0.0002585196419877922,0.00025851964198779227,0.0002585196419877922,0.0002585196419877922,0.0002585196419877922,0.0002585196419877922,0.0002585196419877922,0.0002585196419877922,0.0002585196419877922,0.0002585196419877922,0.0002585196419877922,0.0002585196419877922,0.0002585196419877922,0.0002585196419877922,0.0002585196419877922,0.0002585196419877922,0.0002585196419877922,0.0002585196419877922,0.0002585196419877922,0.0002585196419877922,0.0002585196419877922,0.0002585196419877922,0.0002585196419877922,0.0002585196419877922,0.0002585196419877922,0.0002585196419877922,0.0002585196419877922,0.0002585196419877922,0.0002585196419877922,0.00025851964198779227,0.0002585196419877922,0.0002585196419877922,0.0002585196419877922,0.0002585196419877922,0.0002585196419877922,0.00025851964198779167
1.273820912122801,1.2687865187959013,1.2636420710480778,1.2583826386481016,1.2530028955124284,1.247497072180091,1.2418589016181392,1.236081557315789,1.2301575823909834,1.2240788081423124,1.2178362601163535,1.2114200493038896,1.2048192454989262,1.1980217291122814,1.1910140167725127,1.1837810547963965,1.1763059729650474,1.1685697888535815,1.1605510500229863,1.152225397390273,1.143565027603269,1.134538024597234,1.1251075196961802,1.1152306240851348,1.1048570547583976,1.0939273411571513,1.082370448025307,1.0701005692066936,1.0570127171525994,1.0429765170507472,1.0278272423056902,1.0113524577794657,0.9932713658842157,0.9732013846239402,0.95060089576491,0.9246636853369194,0.8941040814500273,0.8566536194135811,0.8075952254010903,0.7334046588791884,0.2566373348990152,0.0002806579860560938,0.0002585196419877929,0.0002585196419877929,0.0002585196419877929,0.0002585196419877929,0.0002585196419877929,0.0002585196419877929,0.0002585196419877929,0.0002585196419877929,0.0002585196419877929,0.0002585196419877929,0.0002585196419877929,0.0002585196419877929,0.0002585196419877929,0.0002585196419877929,0.0002585196419877929,0.0002585196419877929,0.0002585196419877929,0.0002585196419877929,0.0002585196419877929,0.0002585196419877929,0.0002585196419877929,0.0002585196419877929,0.0002585196419877929,0.0002585196419877929,0.0002585196419877929,0.0002585196419877929,0.0002585196419877929,0.0002585196419877929,0.0002585196419877929,0.0002585196419877929,0.0002585196419877929,0.0002585196419877929,0.0002585196419877929,0.0002585196419877929,0.0002585196419877929,0.0002585196419877929,0.0002585196419877929,0.0002585196419877929,0.0002585196419877929,0.0002585196419877929,0.0002585196419877929,0.0002585196419877929,0.0002585196419877929,0.0002585196419877929,0.0002585196419877929,0.0002585196419877929,0.0002585196419877929,0.0002585196419877929,0.0002585196419877929,0.0002585196419877929,0.0002585196419877929,0.0002585196419877929,0.0002585196419877929,0.0002585196419877929,0.0002585196419877929,0.0002585196419877929,0.0002585196419877929,0.0002585196419877922,0.0002585196419877922,0.0002585196419877922,0.0002585196419877922,0.0002585196419877922,0.0002585196419877922,0.0002585196419877922,0.0002585196419877922,0.0002585196419877922,0.0002585196419877922,0.0002585196419877922,0.0002585196419877922,0.0002585196419877922,0.0002585196419877922,0.0002585196419877922,0.0002585196419877922,0.0002585196419877922,0.0002585196419877922,0.0002585196419877922,0.0002585196419877922,0.0002585196419877922,0.0002585196419877922,0.0002585196419877922,0.0002585196419877922,0.0002585196419877922,0.0002585196419877922,0.0002585196419877922,0.0002585196419877922,0.0002585196419877922,0.0002585196419877922,0.0002585196419877922,0.0002585196419877922,0.0002585196419877922,0.0002585196419877922,0.0002585196419877922,0.0002585196419877922,0.0002585196419877922,0.0002585196419877922,0.0002585196419877922,0.0002585196419877922,0.0002585196419877922,0.0002585196419877922,0.0002585196419877922,0.0002585196419877922,0.0002585196419877922,0.0002585196419877922,0.0002585196419877922,0.0002585196419877922,0.0002585196419877922,0.0002585196419877922,0.00025851964198779167
1.2901659527349583,1.28523597757598,1.2802105627889924,1.2750861715340907,1.2698589608417776,1.2645247419711927,1.2590789359129897,1.2535165235187444,1.2478319896319592,1.2420192604570242,1.2360716332224495,1.2299816969614938,1.2237412429319459,1.2173411628079578,1.210771332275135,1.2040204770119345,1.1970760172003647,1.1899238856147647,1.1825483129025085,1.1749315717729074,1.1670536692762266,1.1588919729315543,1.1504207517803626,1.1416106069508656,1.1324277571825334,1.122833131695371,1.112781203777185,1.1022184702686055,1.091081439438827,1.0792939236165788,1.0667633278491422,1.0533754539870452,1.0389870491789828,1.0234148183389418,1.0064186867987064,0.987675299223707,0.9667340484204834,0.942939759971488,0.9152862906900355,0.8821105802202496,0.8403578101165075,0.7833899696503344,0.6910491555576348,0.08697756605049796,0.00025852345457094185,0.000258519641987793,0.000258519641987793,0.000258519641987793,0.000258519641987793,0.000258519641987793,0.000258519641987793,0.000258519641987793,0.000258519641987793,0.000258519641987793,0.000258519641987793,0.000258519641987793,0.000258519641987793,0.000258519641987793,0.000258519641987793,0.000258519641987793,0.000258519641987793,0.000258519641987793,0.000258519641987793,0.000258519641987793,0.000258519641987793,0.000258519641987793,0.000258519641987793,0.000258519641987793,0.000258519641987793,0.000258519641987793,0.000258519641987793,0.000258519641987793,0.000258519641987793,0.000258519641987793,0.000258519641987793,0.000258519641987793,0.000258519641987793,0.000258519641987793,0.000258519641987793,0.000258519641987793,0.000258519641987793,0.000258519641987793,0.000258519641987793,0.000258519641987793,0.000258519641987793,0.000258519641987793,0.000258519641987793,0.000258519641987793,0.000258519641987793,0.000258519641987793,0.000258519641987793,0.000258519641987793,0.000258519641987793,0.000258519641987793,0.000258519641987793,0.000258519641987793,0.000258519641987793,0.000258519641987793,0.000258519641987793,0.0002585196419877922,0.0002585196419877922,0.0002585196419877922,0.0002585196419877922,0.0002585196419877922,0.0002585196419877922,0.0002585196419877922,0.0002585196419877922,0.0002585196419877922,0.0002585196419877922,0.0002585196419877922,0.0002585196419877922,0.0002585196419877922,0.0002585196419877922,0.0002585196419877922,0.0002585196419877922,0.0002585196419877922,0.0002585196419877922,0.0002585196419877922,0.0002585196419877922,0.0002585196419877922,0.0002585196419877922,0.0002585196419877922,0.0002585196419877922,0.0002585196419877922,0.0002585196419877922,0.0002585196419877922,0.0002585196419877922,0.0002585196419877922,0.0002585196419877922,0.0002585196419877922,0.0002585196419877922,0.0002585196419877922,0.0002585196419877922,0.0002585196419877922,0.0002585196419877922,0.0002585196419877922,0.0002585196419877922,0.0002585196419877922,0.0002585196419877922,0.0002585196419877922,0.0002585196419877922,0.0002585196419877922,0.0002585196419877922,0.0002585196419877922,0.0002585196419877922,0.0002585196419877922,0.0002585196419877922,0.0002585196419877922,0.0002585196419877922,0.00025851964198779167
1.3117857579053573,1.3070778151722633,1.3022797933118428,1.2973882632263993,1.2923995645986344,1.2873097827013065,1.2821147223214842,1.2768098783732489,1.2713904026978964,1.2658510664601936,1.2601862174392713,1.254389731378284,1.248454956391714,1.2423746492248233,1.2361409019054315,1.2297450570095756,1.2231776093606657,1.216428091470867,1.2094849393789928,1.2023353346937145,1.1949650175488122,1.1873580637266847,1.1794966172774355,1.171360567367027,1.1629271545577315,1.154170486856218,1.145060939056254,1.1355643992319402,1.1256413122649418,1.1152454497220903,1.1043223044954227,1.0928069611056406,1.0806212176398113,1.067669613681635,1.0538338146936745,1.0389644485047795,1.0228688450484624,1.0052918992906659,0.9858847799157322,0.9641507574205647,0.9393444028309805,0.9102653931448423,0.8747776251301879,0.8284421993145427,0.7589926671678604,0.5742335086861744,0.01343982109979574,0.00025851964198939233,0.0002585196419877929,0.0002585196419877929,0.0002585196419877929,0.0002585196419877929,0.0002585196419877929,0.0002585196419877929,0.0002585196419877929,0.0002585196419877929,0.0002585196419877929,0.0002585196419877929,0.0002585196419877929,0.0002585196419877929,0.0002585196419877929,0.0002585196419877929,0.0002585196419877929,0.0002585196419877929,0.0002585196419877929,0.0002585196419877929,0.0002585196419877929,0.0002585196419877929,0.0002585196419877929,0.0002585196419877929,0.0002585196419877929,0.0002585196419877929,0.0002585196419877929,0.0002585196419877929,0.0002585196419877929,0.0002585196419877929,0.0002585196419877929,0.0002585196419877929,0.0002585196419877929,0.0002585196419877929,0.0002585196419877929,0.0002585196419877929,0.0002585196419877929,0.0002585196419877929,0.0002585196419877929,0.0002585196419877929,0.0002585196419877929,0.0002585196419877929,0.0002585196419877929,0.0002585196419877929,0.0002585196419877929,0.0002585196419877929,0.0002585196419877929,0.0002585196419877929,0.0002585196419877929,0.0002585196419877929,0.0002585196419877929,0.0002585196419877929,0.0002585196419877929,0.0002585196419877921,0.0002585196419877921,0.0002585196419877921,0.0002585196419877921,0.0002585196419877921,0.0002585196419877921,0.0002585196419877921,0.0002585196419877921,0.0002585196419877921,0.0002585196419877921,0.0002585196419877921,0.0002585196419877921,0.0002585196419877921,0.0002585196419877921,0.0002585196419877921,0.0002585196419877921,0.0002585196419877921,0.0002585196419877921,0.0002585196419877921,0.00025851964198779205,0.0002585196419877921,0.0002585196419877921,0.0002585196419877921,0.0002585196419877921,0.0002585196419877921,0.0002585196419877921,0.0002585196419877921,0.0002585196419877921,0.0002585196419877921,0.0002585196419877921,0.0002585196419877921,0.0002585196419877921,0.0002585196419877921,0.0002585196419877921,0.0002585196419877921,0.0002585196419877921,0.0002585196419877921,0.0002585196419877921,0.0002585196419877921,0.0002585196419877921,0.00025851964198779205,0.0002585196419877921,0.0002585196419877921,0.0002585196419877921,0.0002585196419877921,0.00025851964198779205,0.0002585196419877921,0.0002585196419877921,0.0002585196419877921,0.0002585196419877921,0.00025851964198779167
1.3288052510590995,1.3243869784151763,1.3198886002741,1.315307213684392,1.3106397203153586,1.30588281164364,1.3010329512484111,1.2960863542185876,1.2910389635433552,1.2858864232435394,1.2806240478955555,1.275246788093674,1.2697491912828378,1.264125357266433,1.2583688875440702,1.2524728274554893,1.2464295998885575,1.2402309290399398,1.2338677523809904,1.2273301185585623,1.2206070684239867,1.2136864956973112,1.2065549828889282,1.1991976069492243,1.1915977076044775,1.1837366093306305,1.175593285225174,1.1671439473844496,1.1583615433715584,1.1492151313576258,1.1396690966038094,1.1296821576709968,1.1192060897873362,1.1081840614018208,1.0965484317921694,1.0842177817809915,1.0710928266943895,1.0570506545998948,1.0419363737179883,1.025550598420533,1.0076299461138418,0.987815146063968,0.9655956835928236,0.9402061053019796,0.9104111395440841,0.8739929071204386,0.8262327066344841,0.753254808334132,0.4398101197316564,0.0017423739926434112,0.00025851964198779303,0.00025851964198779303,0.00025851964198779303,0.00025851964198779303,0.00025851964198779303,0.00025851964198779303,0.00025851964198779303,0.00025851964198779303,0.00025851964198779303,0.00025851964198779303,0.00025851964198779303,0.00025851964198779303,0.00025851964198779303,0.00025851964198779303,0.00025851964198779303,0.00025851964198779303,0.00025851964198779303,0.00025851964198779303,0.00025851964198779303,0.00025851964198779303,0.00025851964198779303,0.00025851964198779303,0.00025851964198779303,0.00025851964198779303,0.00025851964198779303,0.00025851964198779303,0.00025851964198779303,0.00025851964198779303,0.00025851964198779303,0.00025851964198779303,0.00025851964198779303,0.00025851964198779303,0.00025851964198779303,0.00025851964198779303,0.00025851964198779303,0.00025851964198779303,0.00025851964198779303,0.00025851964198779303,0.00025851964198779303,0.00025851964198779303,0.00025851964198779303,0.00025851964198779303,0.00025851964198779303,0.00025851964198779303,0.00025851964198779303,0.00025851964198779303,0.00025851964198779303,0.00025851964198779303,0.00025851964198779303,0.0002585196419877921,0.0002585196419877921,0.0002585196419877921,0.0002585196419877921,0.0002585196419877921,0.0002585196419877921,0.0002585196419877921,0.0002585196419877921,0.0002585196419877921,0.0002585196419877921,0.0002585196419877921,0.0002585196419877921,0.0002585196419877921,0.0002585196419877921,0.0002585196419877921,0.0002585196419877921,0.0002585196419877921,0.00025851964198779205,0.0002585196419877921,0.00025851964198779205,0.0002585196419877921,0.0002585196419877921,0.0002585196419877921,0.0002585196419877921,0.0002585196419877921,0.0002585196419877921,0.0002585196419877921,0.0002585196419877921,0.0002585196419877921,0.0002585196419877921,0.0002585196419877921,0.0002585196419877921,0.0002585196419877921,0.0002585196419877921,0.0002585196419877921,0.0002585196419877921,0.0002585196419877921,0.0002585196419877921,0.0002585196419877921,0.0002585196419877921,0.00025851964198779205,0.0002585196419877921,0.0002585196419877921,0.0002585196419877921,0.0002585196419877921,0.00025851964198779205,0.0002585196419877921,0.0002585196419877921,0.0002585196419877921,0.0002585196419877921,0.00025851964198779167
1.3396136393579365,1.3355687092905513,1.3314525868654112,1.3272626423183917,1.3229960907952596,1.3186499795710027,1.3142211739018574,1.3097063413326748,1.3051019342547947,1.300404170476955,1.2956090115328602,1.2907121384025508,1.2857089242689592,1.2805944038639516,1.2753632388771237,1.2700096788023094,1.2645275164769767,1.2589100374230258,1.2531499619169622,1.247239378494028,1.241169667312713,1.2349314114576637,1.2285142938196327,1.2219069766331365,1.2150969600385275,1.2080704151143211,1.2008119856275876,1.1933045511772404,1.1855289423191522,1.1774635954661792,1.169084131565021,1.1603628373456993,1.1512680206910524,1.1417632014281534,1.1318060841188913,1.1213472378716125,1.1103283759885594,1.0986800790266928,1.0863187276130337,1.0731422866079225,1.0590243738907772,1.043805685531289,1.0272811930105015,1.0091802728023358,0.9891343696864313,0.9666211595210993,0.9408605025877612,0.9105998513783553,0.8736038322802909,0.8251441135375713,0.7513561535742543,0.3606974017582634,0.0005661934715639705,0.0002585196419877931,0.0002585196419877931,0.0002585196419877931,0.0002585196419877931,0.0002585196419877931,0.0002585196419877931,0.0002585196419877931,0.0002585196419877931,0.0002585196419877931,0.0002585196419877931,0.0002585196419877931,0.0002585196419877931,0.0002585196419877931,0.0002585196419877931,0.0002585196419877931,0.0002585196419877931,0.0002585196419877931,0.0002585196419877931,0.0002585196419877931,0.0002585196419877931,0.0002585196419877931,0.0002585196419877931,0.0002585196419877931,0.0002585196419877931,0.0002585196419877931,0.0002585196419877931,0.0002585196419877931,0.0002585196419877931,0.0002585196419877931,0.0002585196419877931,0.0002585196419877931,0.0002585196419877931,0.0002585196419877931,0.0002585196419877931,0.0002585196419877931,0.0002585196419877931,0.0002585196419877931,0.0002585196419877931,0.0002585196419877931,0.0002585196419877931,0.0002585196419877931,0.0002585196419877931,0.0002585196419877931,0.0002585196419877931,0.0002585196419877931,0.0002585196419877931,0.00025851964198779216,0.00025851964198779216,0.00025851964198779216,0.00025851964198779216,0.00025851964198779216,0.00025851964198779216,0.00025851964198779216,0.00025851964198779216,0.00025851964198779216,0.00025851964198779216,0.00025851964198779216,0.00025851964198779216,0.00025851964198779216,0.00025851964198779216,0.00025851964198779216,0.00025851964198779216,0.00025851964198779216,0.00025851964198779216,0.00025851964198779216,0.0002585196419877921,0.00025851964198779216,0.00025851964198779216,0.00025851964198779216,0.00025851964198779216,0.00025851964198779216,0.0002585196419877921,0.00025851964198779216,0.00025851964198779216,0.00025851964198779216,0.00025851964198779216,0.00025851964198779216,0.00025851964198779216,0.00025851964198779216,0.00025851964198779216,0.00025851964198779216,0.00025851964198779216,0.00025851964198779216,0.00025851964198779216,0.00025851964198779216,0.00025851964198779216,0.0002585196419877921,0.0002585196419877921,0.00025851964198779216,0.00025851964198779216,0.00025851964198779216,0.0002585196419877921,0.00025851964198779216,0.00025851964198779216,0.00025851964198779216,0.00025851964198779216,0.00025851964198779167
1.3538606456166171,1.349973372498507,1.3460217544757844,1.3420035763000344,1.3379164993108856,1.3337580519725691,1.3295256193893175,1.3252164316974988,1.3208275512115237,1.3163558581775774,1.3117980349632787,1.307150548481551,1.3024096306123065,1.2975712563448272,1.2926311193155255,1.2875846043584063,1.2824267566168082,1.2771522466822547,1.2717553311260135,1.2662298076669771,1.2605689640701414,1.2547655196861627,1.248811558314897,1.242698450792382,1.236416765345404,1.229956163309429,1.2233052772358632,1.2164515676850243,1.2093811540595685,1.2020786136073782,1.1945267411127414,1.1867062596585545,1.1785954699783108,1.1701698220324073,1.1614013871092352,1.1522582013260416,1.14270344091227,1.1326943745870037,1.1221810162972838,1.111104368680672,1.0993940973827945,1.0869653976959854,1.0737146881896087,1.0595135547704382,1.0442000030486625,1.0275654154666545,1.0093343483270114,0.9891317417333835,0.9664264925612436,0.9404267417970349,0.9098649139725964,0.8724888723605579,0.8235628189795831,0.7492915911511586,0.31930907402671727,0.00037481936827338567,0.0002585196419877931,0.0002585196419877931,0.0002585196419877931,0.0002585196419877931,0.0002585196419877931,0.0002585196419877931,0.0002585196419877931,0.0002585196419877931,0.0002585196419877931,0.0002585196419877931,0.0002585196419877931,0.0002585196419877931,0.0002585196419877931,0.0002585196419877931,0.0002585196419877931,0.0002585196419877931,0.0002585196419877931,0.0002585196419877931,0.0002585196419877931,0.0002585196419877931,0.0002585196419877931,0.0002585196419877931,0.0002585196419877931,0.0002585196419877931,0.0002585196419877931,0.0002585196419877931,0.0002585196419877931,0.0002585196419877931,0.0002585196419877931,0.0002585196419877931,0.0002585196419877931,0.0002585196419877931,0.0002585196419877931,0.0002585196419877931,0.0002585196419877931,0.0002585196419877931,0.0002585196419877931,0.0002585196419877931,0.0002585196419877931,0.0002585196419877931,0.0002585196419877931,0.0002585196419877931,0.0002585196419877931,0.000258519641987792,0.000258519641987792,0.000258519641987792,0.000258519641987792,0.000258519641987792,0.000258519641987792,0.000258519641987792,0.000258519641987792,0.000258519641987792,0.000258519641987792,0.000258519641987792,0.000258519641987792,0.000258519641987792,0.000258519641987792,0.000258519641987792,0.000258519641987792,0.000258519641987792,0.000258519641987792,0.000258519641987792,0.00025851964198779194,0.000258519641987792,0.000258519641987792,0.000258519641987792,0.000258519641987792,0.000258519641987792,0.000258519641987792,0.000258519641987792,0.000258519641987792,0.000258519641987792,0.000258519641987792,0.000258519641987792,0.000258519641987792,0.000258519641987792,0.000258519641987792,0.000258519641987792,0.000258519641987792,0.000258519641987792,0.000258519641987792,0.000258519641987792,0.000258519641987792,0.00025851964198779194,0.000258519641987792,0.000258519641987792,0.000258519641987792,0.000258519641987792,0.00025851964198779194,0.000258519641987792,0.000258519641987792,0.000258519641987792,0.000258519641987792,0.00025851964198779167
1.362878595476387,1.359198188605833,1.3554602653615195,1.3516629636309292,1.3478043196725686,1.3438822612737265,1.3398945999815777,1.3358390223963463,1.3317130804851025,1.3275141808481858,1.3232395728453636,1.3188863354642115,1.3144513627875607,1.3099313478890646,1.3053227649548778,1.3006218493938957,1.2958245756577087,1.2909266324428006,1.285923394889763,1.280809893325176,1.2755807780085109,1.2702302792454867,1.2647521621063187,1.259139674836583,1.2533854898627466,1.2474816360642647,1.241419420697304,1.2351893389952628,1.2287809690168299,1.222182848734457,1.2153823316157835,1.2083654159945227,1.2011165422822423,1.1936183504361124,1.1858513879259507,1.177793755531009,1.1694206743450963,1.1607039519403026,1.151611318081557,1.1421055897039127,1.132143609523952,1.1216748802221062,1.110639782659706,1.0989672155209425,1.0865714138510922,1.0733475752792896,1.0591657086215167,1.0438617496523341,1.0272243208689402,1.0089742411876435,0.9887313166796861,0.9659573087500353,0.9398503893425607,0.9091292201848556,0.8715238883399454,0.8222823908048983,0.7476426005481929,0.2936356390948754,0.0003175190127494282,0.000258519641987793,0.000258519641987793,0.000258519641987793,0.000258519641987793,0.000258519641987793,0.000258519641987793,0.000258519641987793,0.000258519641987793,0.000258519641987793,0.000258519641987793,0.000258519641987793,0.000258519641987793,0.000258519641987793,0.000258519641987793,0.000258519641987793,0.000258519641987793,0.000258519641987793,0.000258519641987793,0.000258519641987793,0.000258519641987793,0.000258519641987793,0.000258519641987793,0.000258519641987793,0.000258519641987793,0.000258519641987793,0.000258519641987793,0.000258519641987793,0.000258519641987793,0.000258519641987793,0.000258519641987793,0.000258519641987793,0.000258519641987793,0.000258519641987793,0.000258519641987793,0.000258519641987793,0.000258519641987793,0.000258519641987793,0.000258519641987793,0.000258519641987793,0.000258519641987793,0.000258519641987792,0.000258519641987792,0.000258519641987792,0.000258519641987792,0.000258519641987792,0.000258519641987792,0.000258519641987792,0.000258519641987792,0.000258519641987792,0.000258519641987792,0.000258519641987792,0.000258519641987792,0.000258519641987792,0.000258519641987792,0.000258519641987792,0.000258519641987792,0.000258519641987792,0.000258519641987792,0.000258519641987792,0.0002585196419877919,0.000258519641987792,0.000258519641987792,0.000258519641987792,0.000258519641987792,0.000258519641987792,0.000258519641987792,0.000258519641987792,0.000258519641987792,0.000258519641987792,0.000258519641987792,0.000258519641987792,0.000258519641987792,0.000258519641987792,0.000258519641987792,0.000258519641987792,0.000258519641987792,0.000258519641987792,0.000258519641987792,0.000258519641987792,0.000258519641987792,0.0002585196419877919,0.000258519641987792,0.000258519641987792,0.000258519641987792,0.000258519641987792,0.0002585196419877919,0.000258519641987792,0.000258519641987792,0.000258519641987792,0.000258519641987792,0.00025851964198779167
1.376099422221064,1.3723889057660357,1.3686275484666914,1.364814052901827,1.3609470444393112,1.3570250635448178,1.3530465574848138,1.349009871392931,1.3449132386601377,1.3407547705998648,1.3365324453291394,1.3322440957955242,1.3278873968668652,1.3234598513860545,1.3189587750757052,1.3143812801572123,1.3097242575244283,1.3049843572833226,1.300157967434501,1.2952411904342276,1.290229817320127,1.2851192990283493,1.279904714457462,1.2745807347479328,1.2691415831413906,1.263580989656436,1.257892139662017,1.2520676152379444,1.2460993279755215,1.2399784415770132,1.2336952822443248,1.227239234382883,1.2205986185569329,1.2137605478774733,1.2067107580295333,1.1994334048764597,1.1919108219108148,1.1841232276068843,1.1760483697580284,1.167661089848181,1.1589327849625501,1.1498307370189809,1.1403172681819127,1.1303486656310857,1.1198737959066762,1.108832294808701,1.0971521665887856,1.0847465444668858,1.071509233048978,1.0573084347686277,1.0419776856354945,1.0253023465094806,1.0069987075215878,0.986680160960504,0.9637992249147697,0.9375405805751175,0.9066032023197046,0.8686896326906755,0.8190179191089276,0.7438663039608111,0.2617682403739555,0.00028211360250186054,0.00025851964198779303,0.00025851964198779303,0.00025851964198779303,0.00025851964198779303,0.00025851964198779303,0.00025851964198779303,0.00025851964198779303,0.00025851964198779303,0.00025851964198779303,0.00025851964198779303,0.00025851964198779303,0.00025851964198779303,0.00025851964198779303,0.00025851964198779303,0.00025851964198779303,0.00025851964198779303,0.00025851964198779303,0.00025851964198779303,0.00025851964198779303,0.00025851964198779303,0.00025851964198779303,0.00025851964198779303,0.00025851964198779303,0.00025851964198779303,0.00025851964198779303,0.00025851964198779303,0.00025851964198779303,0.00025851964198779303,0.00025851964198779303,0.00025851964198779303,0.00025851964198779303,0.00025851964198779303,0.00025851964198779303,0.00025851964198779303,0.00025851964198779303,0.00025851964198779303,0.00025851964198779303,0.0002585196419877918,0.0002585196419877918,0.0002585196419877918,0.0002585196419877918,0.0002585196419877918,0.0002585196419877918,0.0002585196419877918,0.0002585196419877918,0.0002585196419877918,0.0002585196419877918,0.0002585196419877917,0.0002585196419877918,0.0002585196419877918,0.0002585196419877918,0.0002585196419877918,0.0002585196419877918,0.0002585196419877918,0.0002585196419877917,0.0002585196419877918,0.0002585196419877917,0.0002585196419877918,0.0002585196419877918,0.0002585196419877917,0.0002585196419877918,0.0002585196419877918,0.0002585196419877917,0.0002585196419877918,0.0002585196419877918,0.0002585196419877918,0.0002585196419877918,0.0002585196419877918,0.0002585196419877918,0.0002585196419877918,0.0002585196419877918,0.0002585196419877918,0.0002585196419877918,0.0002585196419877918,0.0002585196419877918,0.0002585196419877918,0.0002585196419877918,0.0002585196419877917,0.0002585196419877917,0.0002585196419877917,0.0002585196419877918,0.0002585196419877918,0.0002585196419877917,0.0002585196419877918,0.0002585196419877918,0.0002585196419877918,0.0002585196419877918,0.00025851964198779167
1.395487566420019,1.3918623279196038,1.388187640359906,1.3844622194808878,1.3806847188012512,1.3768537247723893,1.3729677516219259,1.3690252358313486,1.3650245301890045,1.3609638973560203,1.3568415028782044,1.3526554075715047,1.3484035592018773,1.3440837833722747,1.339693773519617,1.3352310799128095,1.3306930975287723,1.3260770526666643,1.32137998814053,1.3165987468668832,1.3117299536355334,1.306769994818348,1.3017149957305332,1.2965607953109308,1.2913029177301127,1.2859365404653929,1.280456458297545,1.2748570425814305,1.2691321950173615,1.263275294996062,1.2572791393999587,1.2511358735074825,1.2448369113522304,1.2383728435182817,1.2317333298841282,1.224906974230334,1.217881176859206,1.21064196038249,1.2031737625381465,1.1954591881917942,1.1874787104102402,1.1792103074460412,1.1706290183279642,1.1617063940489476,1.1524098133880705,1.1427016211433287,1.1325380303565364,1.121867706399919,1.1106299153876755,1.0987520653332168,1.086146383922909,1.0727053407480462,1.0582951958808773,1.0427466672540953,1.0258410086196688,1.0072884632219363,0.986693387540259,0.9634945412681301,0.9368551936402448,0.9054402410709956,0.8668972262135951,0.816358616468155,0.7400233514906308,0.22611186437287573,0.0002657682708193832,0.000258519641987793,0.000258519641987793,0.000258519641987793,0.000258519641987793,0.000258519641987793,0.000258519641987793,0.000258519641987793,0.000258519641987793,0.000258519641987793,0.000258519641987793,0.000258519641987793,0.000258519641987793,0.000258519641987793,0.000258519641987793,0.000258519641987793,0.000258519641987793,0.000258519641987793,0.000258519641987793,0.000258519641987793,0.000258519641987793,0.000258519641987793,0.000258519641987793,0.000258519641987793,0.000258519641987793,0.000258519641987793,0.000258519641987793,0.000258519641987793,0.000258519641987793,0.000258519641987793,0.000258519641987793,0.000258519641987793,0.000258519641987793,0.000258519641987793,0.000258519641987793,0.0002585196419877919,0.00025851964198779183,0.0002585196419877919,0.00025851964198779183,0.00025851964198779183,0.00025851964198779183,0.00025851964198779183,0.00025851964198779183,0.00025851964198779183,0.00025851964198779183,0.00025851964198779183,0.00025851964198779183,0.00025851964198779183,0.0002585196419877919,0.00025851964198779183,0.00025851964198779183,0.00025851964198779183,0.00025851964198779183,0.00025851964198779183,0.0002585196419877918,0.00025851964198779183,0.00025851964198779183,0.00025851964198779183,0.00025851964198779183,0.0002585196419877919,0.00025851964198779183,0.00025851964198779183,0.00025851964198779183,0.00025851964198779183,0.00025851964198779183,0.00025851964198779183,0.00025851964198779183,0.0002585196419877919,0.00025851964198779183,0.00025851964198779183,0.00025851964198779183,0.00025851964198779183,0.00025851964198779183,0.00025851964198779183,0.00025851964198779183,0.0002585196419877918,0.00025851964198779183,0.00025851964198779183,0.0002585196419877919,0.0002585196419877919,0.0002585196419877918,0.0002585196419877919,0.0002585196419877919,0.00025851964198779183,0.00025851964198779183,0.00025851964198779167
1.4105803268605723,1.40711377297463,1.403602367248375,1.4000450016432793,1.3964405142082825,1.3927876848498988,1.3890852308734507,1.38533180225081,1.381525976570021,1.3776662536214228,1.3737510495732896,1.369778690687501,1.3657474065222603,1.3616553225643226,1.3575004522274186,1.353280688146484,1.3489937926887194,1.3446373875921875,1.3402089426303954,1.335705763186705,1.3311249766051585,1.3264635171637955,1.321718109492314,1.3168852502270745,1.3119611876622186,1.3069418991147927,1.3018230656729024,1.2966000439372551,1.2912678342957868,1.2858210451855583,1.2802538526922338,1.2745599547106108,1.2687325187340488,1.2627641221486519,1.256646683669881,1.2503713842619806,1.2439285755072023,1.2373076729196089,1.2304970310968357,1.223483796831416,1.2162537353048017,1.2087910231843864,1.2010780007280861,1.1930948727192676,1.1848193449879167,1.1762261791045245,1.1672866420943586,1.1579678200140853,1.148231752899569,1.1380343322899307,1.1273238786585345,1.1160392804262576,1.1041075218004688,1.0914403415104814,1.077929627459218,1.0634409246293706,1.0478040411453662,1.0307990312554811,1.012134497035921,0.9914124592638937,0.968068206053999,0.9412595816620162,0.9096424689482511,0.8708481766571595,0.8199762688849331,0.7431429543451445,0.2243385441389606,0.00026511330925985864,0.00025851964198779314,0.00025851964198779314,0.00025851964198779314,0.00025851964198779314,0.00025851964198779314,0.00025851964198779314,0.00025851964198779314,0.00025851964198779314,0.00025851964198779314,0.00025851964198779314,0.00025851964198779314,0.00025851964198779314,0.00025851964198779314,0.00025851964198779314,0.00025851964198779314,0.00025851964198779314,0.00025851964198779314,0.00025851964198779314,0.00025851964198779314,0.00025851964198779314,0.00025851964198779314,0.00025851964198779314,0.00025851964198779314,0.00025851964198779314,0.00025851964198779314,0.00025851964198779314,0.00025851964198779314,0.00025851964198779314,0.00025851964198779314,0.00025851964198779314,0.00025851964198779314,0.0002585196419877917,0.0002585196419877917,0.0002585196419877917,0.0002585196419877917,0.0002585196419877917,0.0002585196419877917,0.0002585196419877917,0.0002585196419877917,0.0002585196419877917,0.0002585196419877917,0.0002585196419877917,0.0002585196419877917,0.0002585196419877917,0.0002585196419877917,0.0002585196419877917,0.0002585196419877917,0.0002585196419877917,0.0002585196419877917,0.0002585196419877917,0.00025851964198779167,0.0002585196419877917,0.0002585196419877917,0.0002585196419877917,0.0002585196419877917,0.0002585196419877917,0.0002585196419877917,0.0002585196419877917,0.0002585196419877917,0.0002585196419877917,0.0002585196419877917,0.0002585196419877917,0.0002585196419877917,0.0002585196419877917,0.0002585196419877917,0.0002585196419877917,0.0002585196419877917,0.0002585196419877917,0.0002585196419877917,0.0002585196419877917,0.0002585196419877917,0.00025851964198779167,0.0002585196419877917,0.0002585196419877917,0.0002585196419877917,0.0002585196419877917,0.00025851964198779167,0.0002585196419877917,0.0002585196419877917,0.0002585196419877917,0.0002585196419877917,0.00025851964198779167
1.4206637137779332,1.417464408177072,1.414223697226416,1.4109404757370698,1.4076135915403105,1.4042418426089034,1.4008239739609099,1.3973586743284687,1.3938445725712671,1.3902802338113749,1.3866641552628174,1.3829947617256206,1.3792704007100578,1.3754893371523458,1.3716497476780554,1.3677497143638422,1.363787217941718,1.3597601303827809,1.3556662067889593,1.3515030765117062,1.3472682334054378,1.3429590251106136,1.3385726412463155,1.3341061003746129,1.3295562355784152,1.3249196784702795,1.3201928414210402,1.3153718977632434,1.3104527596840816,1.3054310534744273,1.3003020917429433,1.2950608421348861,1.2897018920114216,1.284219408443488,1.278607092750119,1.2728581286589022,1.2669651229786283,1.2609200374416,1.2547141100830677,1.2483377641613784,1.2417805021628505,1.2350307818508155,1.228075870569189,1.2209016730433337,1.2134925266604668,1.2058309565547403,1.1978973806221425,1.1896697516387045,1.1811231196498637,1.1722290922950136,1.1629551630661126,1.1532638666648334,1.1431117050577653,1.1324477650625302,1.1212119143255679,1.109332410714872,1.096722679040154,1.0832768784284426,1.0688636664825577,1.0533171912200532,1.0364236647680765,1.0179005856157812,0.997363070808282,0.974266064282338,0.9477974730653661,0.916659816659915,0.8785563047847097,0.8286863072516218,0.7531863933623019,0.2860284143258749,0.000303560548467671,0.00025851964198779324,0.00025851964198779324,0.00025851964198779324,0.00025851964198779324,0.00025851964198779324,0.00025851964198779324,0.00025851964198779324,0.00025851964198779324,0.00025851964198779324,0.00025851964198779324,0.00025851964198779324,0.00025851964198779324,0.00025851964198779324,0.00025851964198779324,0.00025851964198779324,0.00025851964198779324,0.00025851964198779324,0.00025851964198779324,0.00025851964198779324,0.00025851964198779324,0.00025851964198779324,0.00025851964198779324,0.00025851964198779324,0.00025851964198779324,0.00025851964198779324,0.00025851964198779324,0.00025851964198779324,0.00025851964198779324,0.00025851964198779194,0.00025851964198779194,0.00025851964198779194,0.00025851964198779194,0.00025851964198779194,0.00025851964198779194,0.00025851964198779194,0.00025851964198779194,0.00025851964198779194,0.00025851964198779194,0.00025851964198779194,0.00025851964198779194,0.00025851964198779194,0.00025851964198779194,0.00025851964198779194,0.00025851964198779194,0.00025851964198779194,0.00025851964198779194,0.00025851964198779194,0.0002585196419877919,0.00025851964198779194,0.00025851964198779194,0.00025851964198779194,0.00025851964198779194,0.00025851964198779194,0.00025851964198779194,0.00025851964198779194,0.00025851964198779194,0.00025851964198779194,0.00025851964198779194,0.00025851964198779194,0.00025851964198779194,0.00025851964198779194,0.00025851964198779194,0.00025851964198779194,0.00025851964198779194,0.00025851964198779194,0.00025851964198779194,0.00025851964198779194,0.00025851964198779194,0.0002585196419877919,0.00025851964198779194,0.00025851964198779194,0.00025851964198779194,0.00025851964198779194,0.0002585196419877919,0.00025851964198779194,0.00025851964198779194,0.00025851964198779194,0.00025851964198779194,0.00025851964198779167
1.4307941367395458,1.427728766640314,1.424625531951304,1.4214834698198793,1.4183015769964997,1.4150788078089411,1.4118140719075505,1.4085062317832322,1.405154100054154,1.401756436512338,1.398311944917043,1.3948192695179422,1.3912769912873353,1.3876836238368837,1.3840376089904662,1.3803373119806015,1.376581016231368,1.3727669176857553,1.368893118629766,1.3649576209592569,1.3609583188282859,1.3568929906094727,1.3527592900873748,1.3485547367949207,1.3442767053902271,1.3399224139563553,1.3354889110893329,1.330973061619597,1.3263715307883295,1.3216807666722528,1.3168969806174524,1.312016125403612,1.3070338708133855,1.301945576225792,1.2967462597854496,1.2914305636185577,1.285992714468467,1.280426479004257,1.2747251129095856,1.268881302679242,1.2628870988283374,1.2567338389421294,1.2504120586476637,1.2439113881511277,1.2372204314296127,1.2303266244556799,1.2232160679170785,1.2158733287022996,1.2082812028579841,1.2004204306491355,1.1922693515711547,1.1838034833891729,1.1749950040957253,1.1658121084550777,1.1562182005851285,1.146170869328989,1.1356205716255898,1.124508916855971,1.112766395788159,1.100309320187338,1.0870356136502097,1.072818884195496,1.0574998438651986,1.0408734761735015,1.0226690781796033,1.0025177016032387,0.9798957761674987,0.9540197495299696,0.9236281697531668,0.8864621400438218,0.8377260678624006,0.7633162407513621,0.4027349045113053,0.0009216615082840151,0.00025851964198779303,0.00025851964198779303,0.00025851964198779303,0.00025851964198779303,0.00025851964198779303,0.00025851964198779303,0.00025851964198779303,0.00025851964198779303,0.00025851964198779303,0.00025851964198779303,0.00025851964198779303,0.00025851964198779303,0.00025851964198779303,0.00025851964198779303,0.00025851964198779303,0.00025851964198779303,0.00025851964198779303,0.00025851964198779303,0.00025851964198779303,0.00025851964198779303,0.00025851964198779303,0.00025851964198779303,0.00025851964198779303,0.00025851964198779303,0.00025851964198779303,0.00025851964198779194,0.00025851964198779194,0.00025851964198779194,0.00025851964198779194,0.00025851964198779194,0.00025851964198779194,0.00025851964198779194,0.00025851964198779194,0.00025851964198779194,0.00025851964198779194,0.00025851964198779194,0.00025851964198779194,0.00025851964198779194,0.00025851964198779194,0.00025851964198779194,0.00025851964198779194,0.00025851964198779194,0.00025851964198779194,0.00025851964198779194,0.00025851964198779194,0.00025851964198779194,0.00025851964198779194,0.00025851964198779194,0.00025851964198779194,0.00025851964198779194,0.00025851964198779194,0.00025851964198779194,0.00025851964198779194,0.00025851964198779194,0.00025851964198779194,0.00025851964198779194,0.00025851964198779194,0.00025851964198779194,0.00025851964198779194,0.00025851964198779194,0.00025851964198779194,0.00025851964198779194,0.00025851964198779194,0.00025851964198779194,0.00025851964198779194,0.00025851964198779194,0.00025851964198779194,0.00025851964198779194,0.00025851964198779194,0.00025851964198779194,0.00025851964198779194,0.00025851964198779194,0.00025851964198779194,0.00025851964198779194,0.00025851964198779194,0.00025851964198779167
1.4396547731318776,1.4366871030542774,1.4336849165512462,1.4306473982726287,1.4275736992489738,1.4244629351245721,1.4213141842236394,1.4181264854472941,1.4148988359959522,1.411630188909075,1.408319450411732,1.404965477055085,1.4015670726355656,1.3981229848751346,1.3946319018425193,1.3910924480926283,1.387503180498434,1.383862583746345,1.3801690654624925,1.3764209509332506,1.372616477378706,1.3687537877325089,1.3648309238755403,1.3608458192639183,1.3567962908839455,1.352680030457438,1.348494594810306,1.3442373953049693,1.3399056862229188,1.33549655196707,1.3310068929340693,1.3264334098838226,1.3217725866065804,1.3170206706560563,1.312173651879306,1.3072272384291241,1.3021768298910015,1.2970174870921933,1.2917438980827467,1.2863503396842106,1.280830633887267,1.2751780982394583,1.2693854891920222,1.2634449371618734,1.2573478717998627,1.2510849356246831,1.2446458837635372,1.2380194670095015,1.2311932947256539,1.2241536732485963,1.216885414301459,1.209371606424346,1.2015933404348913,1.1935293772514657,1.1851557427679074,1.1764452294497005,1.167366777308913,1.1578846969629892,1.1479576831149387,1.137537545656291,1.126567553846272,1.1149802402155098,1.102694433846829,1.0896111676202758,1.0756078940270548,1.0605300779790265,1.0441785678290554,1.0262898658437758,1.0065038083090618,0.9843074253329658,0.958929893578951,0.9291257269147561,0.8926618289157184,0.8448237060978174,0.7720850332058414,0.5365907127946646,0.006556056255214738,0.00025851964198779834,0.00025851964198779286,0.00025851964198779286,0.00025851964198779286,0.00025851964198779286,0.00025851964198779286,0.00025851964198779286,0.00025851964198779286,0.00025851964198779286,0.00025851964198779286,0.00025851964198779286,0.00025851964198779286,0.00025851964198779286,0.00025851964198779286,0.00025851964198779286,0.00025851964198779286,0.00025851964198779286,0.00025851964198779286,0.00025851964198779286,0.00025851964198779286,0.00025851964198779286,0.00025851964198779286,0.0002585196419877921,0.0002585196419877921,0.0002585196419877921,0.0002585196419877921,0.0002585196419877921,0.0002585196419877921,0.0002585196419877921,0.0002585196419877921,0.0002585196419877921,0.0002585196419877921,0.0002585196419877921,0.0002585196419877921,0.0002585196419877921,0.0002585196419877921,0.0002585196419877921,0.0002585196419877921,0.0002585196419877921,0.0002585196419877921,0.0002585196419877921,0.00025851964198779205,0.0002585196419877921,0.0002585196419877921,0.0002585196419877921,0.0002585196419877921,0.0002585196419877921,0.0002585196419877921,0.0002585196419877921,0.0002585196419877921,0.0002585196419877921,0.0002585196419877921,0.0002585196419877921,0.0002585196419877921,0.0002585196419877921,0.0002585196419877921,0.0002585196419877921,0.0002585196419877921,0.0002585196419877921,0.0002585196419877921,0.0002585196419877921,0.0002585196419877921,0.00025851964198779205,0.0002585196419877921,0.0002585196419877921,0.0002585196419877921,0.0002585196419877921,0.00025851964198779205,0.0002585196419877921,0.0002585196419877921,0.0002585196419877921,0.0002585196419877921,0.00025851964198779167
1.4463338461622453,1.4435223510379396,1.4406788022909227,1.437802438371634,1.4348924691405756,1.431948074378225,1.428968402196509,1.4259525673438316,1.4228996493948514,1.4198086908153802,1.4166786948917987,1.4135086235133378,1.4102973947943862,1.4070438805226586,1.4037469034175802,1.4004052341815725,1.3970175883250582,1.393582622743893,1.3900989320255541,1.386565044457733,1.3829794177099268,1.3793404341551803,1.3756463957951994,1.3718955187475783,1.3680859272487824,1.3642156471206732,1.3602825986416585,1.3562845887558286,1.3522193025445495,1.348084293874694,1.3438769751257704,1.3395946058843542,1.335234280478055,1.33079291420237,1.3262672280715773,1.321653731898733,1.3169487054789715,1.312148177613747,1.3072479026700947,1.302243334316959,1.2971295960181592,1.2919014477862463,1.2865532486102749,1.2810789138594372,1.2754718668286094,1.2697249834246127,1.2638305287850284,1.2577800843636668,1.2515644636937182,1.2451736146318872,1.238596505368339,1.2318209908229116,1.2248336551894523,1.2176196252706362,1.2101623477718284,1.2024433217623252,1.1944417748760665,1.18613426823599,1.177494210139725,1.168491251628852,1.1590905272476804,1.149251690130426,1.1389276697341661,1.1280630493142008,1.1165919123749453,1.104434932116987,1.0914953563935,1.0776533381486328,1.0627577114158324,1.0466136830621369,1.0289637205158124,1.0094565352520266,0.9875939575373093,0.962633567361914,0.9333937925115786,0.8978137383531,0.8517645190317276,0.784690407556787,0.6428988811070229,0.030461191775624015,0.0002585196427708635,0.000258519641987793,0.000258519641987793,0.000258519641987793,0.000258519641987793,0.000258519641987793,0.000258519641987793,0.000258519641987793,0.000258519641987793,0.000258519641987793,0.000258519641987793,0.000258519641987793,0.000258519641987793,0.000258519641987793,0.000258519641987793,0.000258519641987793,0.000258519641987793,0.000258519641987793,0.000258519641987793,0.0002585196419877919,0.0002585196419877919,0.0002585196419877919,0.0002585196419877919,0.0002585196419877919,0.0002585196419877919,0.0002585196419877919,0.0002585196419877919,0.0002585196419877919,0.0002585196419877919,0.0002585196419877919,0.0002585196419877919,0.0002585196419877919,0.0002585196419877919,0.0002585196419877919,0.0002585196419877919,0.0002585196419877919,0.00025851964198779183,0.0002585196419877919,0.00025851964198779183,0.0002585196419877919,0.0002585196419877919,0.0002585196419877919,0.0002585196419877919,0.0002585196419877919,0.0002585196419877919,0.0002585196419877919,0.0002585196419877919,0.0002585196419877919,0.0002585196419877919,0.0002585196419877919,0.0002585196419877919,0.0002585196419877919,0.0002585196419877919,0.0002585196419877919,0.0002585196419877919,0.0002585196419877919,0.0002585196419877919,0.0002585196419877919,0.0002585196419877919,0.00025851964198779183,0.0002585196419877919,0.0002585196419877919,0.0002585196419877919,0.0002585196419877919,0.00025851964198779183,0.0002585196419877919,0.0002585196419877919,0.0002585196419877919,0.0002585196419877919,0.00025851964198779167
1.4564850212021614,1.4537370435894705,1.450959149483213,1.4481506659890917,1.4453108960205063,1.4424391170809934,1.4395345799683574,1.436596507394583,1.4336240925150423,1.430616497359884,1.4275728511597876,1.4244922485575051,1.4213737476957595,1.418216368171126,1.4150190888424743,1.4117808454813807,1.4085005282506122,1.405176978995331,1.4018089883300233,1.398395292502327,1.3949345700128541,1.3914254379677897,1.3878664481383964,1.3842560826985892,1.3805927496083559,1.3768747776069605,1.3731004107754887,1.3692678026232965,1.3653750096472126,1.3614199843057773,1.3574005673432648,1.3533144793895455,1.3491593117517826,1.3449325163023234,1.3406313943535868,1.3362530843949718,1.3317945485483254,1.3272525575768481,1.3226236742567778,1.3179042348910393,1.3130903287082745,1.3081777748480625,1.3031620965822255,1.2980384923609547,1.2928018031987638,1.2874464758258994,1.2819665209220428,1.276355465615937,1.2706062992706568,1.2647114113713311,1.2586625200794348,1.2524505897010358,1.246065734916715,1.2394971091128606,1.232732773503421,1.22575954289112,1.2185628028230535,1.2111262914575145,1.2034318375500048,1.1954590434056866,1.187184898171376,1.1785833020689176,1.1696244755322958,1.1602742178387688,1.1504929663879977,1.1402345881901774,1.129444806015917,1.1180591175162915,1.1059999971250363,1.0931730615173505,1.079461700744437,1.0647193746702255,1.0487582424677364,1.0313318157733573,1.0121074353533817,0.9906204777884943,0.9661935457783002,0.9377827216020105,0.9036541864826848,0.8606001924739185,0.8015643431891857,0.7044477330823212,0.0826404927011386,0.0002585217682017317,0.0002585196419877929,0.0002585196419877929,0.0002585196419877929,0.0002585196419877929,0.0002585196419877929,0.0002585196419877929,0.0002585196419877929,0.0002585196419877929,0.0002585196419877929,0.0002585196419877929,0.0002585196419877929,0.0002585196419877929,0.0002585196419877929,0.0002585196419877929,0.0002585196419877929,0.000258519641987792,0.000258519641987792,0.000258519641987792,0.00025851964198779194,0.00025851964198779194,0.000258519641987792,0.000258519641987792,0.00025851964198779194,0.000258519641987792,0.000258519641987792,0.000258519641987792,0.000258519641987792,0.000258519641987792,0.000258519641987792,0.00025851964198779194,0.000258519641987792,0.000258519641987792,0.00025851964198779194,0.000258519641987792,0.00025851964198779194,0.00025851964198779194,0.000258519641987792,0.000258519641987792,0.000258519641987792,0.000258519641987792,0.000258519641987792,0.000258519641987792,0.000258519641987792,0.000258519641987792,0.000258519641987792,0.000258519641987792,0.00025851964198779194,0.000258519641987792,0.000258519641987792,0.00025851964198779194,0.000258519641987792,0.000258519641987792,0.000258519641987792,0.000258519641987792,0.000258519641987792,0.00025851964198779194,0.000258519641987792,0.000258519641987792,0.000258519641987792,0.000258519641987792,0.00025851964198779194,0.000258519641987792,0.000258519641987792,0.00025851964198779194,0.000258519641987792,0.00025851964198779167
1.4723800540152476,1.4696065040426827,1.4668045614668876,1.4639736588937082,1.4611132082914424,1.45822260009517,1.455301202232438,1.4523483590679733,1.449363390264288,1.4463455895542878,1.4432942234212371,1.4402085296806524,1.4370877159579414,1.433930958054752,1.430737398196159,1.4275061431498721,1.4242362622076417,1.420926785017969,1.4175766992579988,1.4141849481311684,1.410750427675708,1.4072719838674603,1.4037484094986485,1.400178440812184,1.3965607538687985,1.3928939606216857,1.3891766046704115,1.3854071566625241,1.3815840093075251,1.3777054719635635,1.3737697647523213,1.3697750121519474,1.365719236011469,1.3616003479227243,1.3574161408773373,1.3531642801264092,1.3488422931491937,1.3444475586237499,1.339977294277111,1.3354285434743984,1.3307981603851098,1.3260827935397927,1.3212788675608127,1.316382562815899,1.3113897927014841,1.3062961782130524,1.3010970193999345,1.2957872632299705,1.290361467302226,1.2848137587398534,1.279137787465455,1.2733266729018444,1.2673729429440388,1.2612684638033211,1.25500435901779,1.2485709155380684,1.2419574743078852,1.2351523021349793,1.2281424408445907,1.220913528665949,1.2134495874388835,1.205732767427155,1.1977430391232626,1.1894578181910398,1.1808515052752897,1.1718949163074603,1.1625545703967624,1.1527917902641647,1.1425615526605466,1.1318110004671385,1.1204774895909295,1.1084859846535413,1.0957455246573253,1.0821443299885152,1.0675428725054052,1.0517637991972864,1.0345768225642524,1.0156752179052688,0.9946376038806808,0.9708622633622322,0.943446006018236,0.9109386430356501,0.8707743245308613,0.8176515164231472,0.7367503802615674,0.16455186008567105,0.0002590553942629321,0.0002585196419877932,0.0002585196419877932,0.0002585196419877932,0.0002585196419877932,0.0002585196419877932,0.0002585196419877932,0.0002585196419877932,0.0002585196419877932,0.0002585196419877932,0.0002585196419877932,0.0002585196419877932,0.0002585196419877932,0.00025851964198779194,0.00025851964198779194,0.00025851964198779194,0.00025851964198779194,0.00025851964198779194,0.00025851964198779194,0.00025851964198779194,0.00025851964198779194,0.00025851964198779194,0.00025851964198779194,0.00025851964198779194,0.00025851964198779194,0.00025851964198779194,0.00025851964198779194,0.00025851964198779194,0.00025851964198779194,0.00025851964198779194,0.00025851964198779194,0.00025851964198779194,0.0002585196419877919,0.00025851964198779194,0.00025851964198779194,0.00025851964198779194,0.00025851964198779194,0.00025851964198779194,0.00025851964198779194,0.00025851964198779194,0.00025851964198779194,0.00025851964198779194,0.00025851964198779194,0.00025851964198779194,0.00025851964198779194,0.00025851964198779194,0.00025851964198779194,0.00025851964198779194,0.00025851964198779194,0.00025851964198779194,0.00025851964198779194,0.00025851964198779194,0.00025851964198779194,0.0002585196419877919,0.00025851964198779194,0.00025851964198779194,0.00025851964198779194,0.00025851964198779194,0.0002585196419877919,0.00025851964198779194,0.00025851964198779194,0.00025851964198779194,0.00025851964198779194,0.00025851964198779167
1.4881135771826361,1.4853666361116495,1.4825928952102376,1.479791856612707,1.4769630057069711,1.4741058102671685,1.4712197195239984,1.468304163173103,1.4653585503205655,1.462382268363503,1.4593746818027473,1.456335130983704,1.453262930760664,1.4501573690790424,1.447017705469265,1.4438431694452558,1.440632958799703,1.4373862377874793,1.4341021351877246,1.4307797422341892,1.4274181104024175,1.4240162490412533,1.4205731228349163,1.4170876490805266,1.4135586947644263,1.409985073418912,1.4063655417390588,1.402698795937104,1.3989834678093858,1.3952181204879943,1.3914012438460936,1.387531249522212,1.383606465524629,1.3796251303722216,1.3755853867226746,1.3714852744326784,1.367322722987539,1.3630955432292948,1.3588014183028145,1.3544378937282133,1.3500023664949397,1.345492073057803,1.3409040760975317,1.336235249887746,1.331482264085867,1.3266415657367132,1.3217093592434643,1.3166815840201762,1.3115538894916714,1.3063216070487134,1.3009797184966672,1.2955228204516203,1.2899450840356614,1.2842402090982603,1.27840137203772,1.2724211661081088,1.2662915328633295,1.2600036830985413,1.2535480052834047,1.246913959019706,1.2400899504683185,1.2330631859374421,1.2258194988513325,1.2183431440514214,1.210616551715533,1.202620030968687,1.1943314102906417,1.1857255977966514,1.1767740389319241,1.1674440414094978,1.1576979263213405,1.1474919486917865,1.1367749078336618,1.1254863336802938,1.1135540830971566,1.1008910985420004,1.0873909500098011,1.0729215625876973,1.0573161543949936,1.0403597283593222,1.0217681661425,1.001154351647202,0.977970024543431,0.9513982794820771,0.9201339895073065,0.8818672869962966,0.8317726378439346,0.7559285666975933,0.28304643451172934,0.0002987650399415715,0.00025851964198779314,0.00025851964198779314,0.00025851964198779314,0.00025851964198779314,0.00025851964198779314,0.00025851964198779314,0.00025851964198779314,0.00025851964198779314,0.00025851964198779314,0.00025851964198779194,0.00025851964198779194,0.00025851964198779194,0.00025851964198779194,0.00025851964198779194,0.00025851964198779194,0.00025851964198779194,0.00025851964198779194,0.00025851964198779194,0.00025851964198779194,0.00025851964198779194,0.00025851964198779194,0.00025851964198779194,0.00025851964198779194,0.00025851964198779194,0.00025851964198779194,0.00025851964198779194,0.00025851964198779194,0.00025851964198779194,0.0002585196419877919,0.00025851964198779194,0.00025851964198779194,0.00025851964198779194,0.00025851964198779194,0.00025851964198779194,0.00025851964198779194,0.00025851964198779194,0.00025851964198779194,0.00025851964198779194,0.00025851964198779194,0.00025851964198779194,0.00025851964198779194,0.00025851964198779194,0.00025851964198779194,0.00025851964198779194,0.00025851964198779194,0.00025851964198779194,0.00025851964198779194,0.00025851964198779194,0.00025851964198779194,0.0002585196419877919,0.00025851964198779194,0.00025851964198779194,0.00025851964198779194,0.00025851964198779194,0.0002585196419877919,0.00025851964198779194,0.00025851964198779194,0.00025851964198779194,0.00025851964198779194,0.00025851964198779167
1.4968878117477888,1.4943231170477158,1.4917334250576904,1.4891182431842522,1.4864770622968049,1.4838093562173182,1.4811145811239466,1.4783921748767785,1.4756415562711291,1.4728621242215731,1.470053256878135,1.4672143106746023,1.4643446193077208,1.4614434926449975,1.4585102155579375,1.4555440466767082,1.4525442170614662,1.4495099287848052,1.4464403534190566,1.443334630421377,1.4401918654087509,1.4370111283141642,1.4337914514142636,1.430531827217782,1.427231206202882,1.42388849439031,1.4205025507378624,1.4170721843401028,1.41359615141553,1.4100731520614342,1.4065018267544882,1.4028807525726201,1.3992084391109272,1.395483324061199,1.3917037684210134,1.3878680512942754,1.3839743642403706,1.3800208051237846,1.376005371409892,1.3719259528456076,1.367780323455488,1.3635661327745454,1.3592808962282237,1.3549219845574554,1.3504866121721413,1.3459718242993692,1.3413744827727736,1.3366912502860488,1.3319185729060696,1.3270526606084971,1.3220894655600883,1.317024657825892,1.3118535981244672,1.3065713071881593,1.3011724312057689,1.2956512027284033,1.2900013963017718,1.2842162779444186,1.2782885474145744,1.2722102719896033,1.2659728102099215,1.2595667236985615,1.2529816747380762,1.2462063067412077,1.2392281040541593,1.2320332266315195,1.2246063139510588,1.2169302509987034,1.2089858871132209,1.2007516957422066,1.19220335944368,1.1833132593547964,1.1740498412169404,1.1643768199417823,1.1542521701412813,1.1436268286620064,1.1324430031038941,1.1206319311028523,1.1081108576567043,1.0947788720498255,1.0805110350279947,1.0651498592110222,1.0484925355468473,1.0302710112228388,1.010119391636774,0.9875173277273757,0.9616839373347109,0.9313580135308962,0.8942739030217292,0.8456123961413934,0.771233718737734,0.46596930527285424,0.002236759517851591,0.00025851964198779314,0.00025851964198779314,0.00025851964198779314,0.00025851964198779314,0.00025851964198779314,0.00025851964198779314,0.000258519641987792,0.000258519641987792,0.000258519641987792,0.000258519641987792,0.000258519641987792,0.000258519641987792,0.000258519641987792,0.000258519641987792,0.000258519641987792,0.000258519641987792,0.000258519641987792,0.000258519641987792,0.000258519641987792,0.000258519641987792,0.000258519641987792,0.000258519641987792,0.000258519641987792,0.000258519641987792,0.000258519641987792,0.00025851964198779194,0.000258519641987792,0.000258519641987792,0.000258519641987792,0.000258519641987792,0.000258519641987792,0.000258519641987792,0.000258519641987792,0.000258519641987792,0.000258519641987792,0.000258519641987792,0.000258519641987792,0.000258519641987792,0.000258519641987792,0.000258519641987792,0.000258519641987792,0.000258519641987792,0.000258519641987792,0.000258519641987792,0.000258519641987792,0.000258519641987792,0.00025851964198779194,0.000258519641987792,0.000258519641987792,0.000258519641987792,0.000258519641987792,0.00025851964198779194,0.000258519641987792,0.000258519641987792,0.00025851964198779194,0.000258519641987792,0.00025851964198779167
1.5063393072564517,1.5038649415789846,1.5013673379092456,1.4988460497434448,1.496300616853699,1.4937305646948609,1.4911354037792035,1.48851462901681,1.4858677190193492,1.4831941353647329,1.4804933218199579,1.4777647035192059,1.4750076860940464,1.4722216547523195,1.4694059733019904,1.4665599831159528,1.4636830020334124,1.4607743231930983,1.4578332137931342,1.4548589137719363,1.4518506344039928,1.4488075568038135,1.4457288303307203,1.4426135708864438,1.4394608590967246,1.4362697383672678,1.4330392128034362,1.429768244982008,1.4264557535621356,1.4231006107213178,1.4197016394007023,1.4162576103423692,1.4127672388993695,1.4092291815971771,1.4056420324228254,1.4020043188153115,1.3983144973277917,1.3945709489286335,1.3907719739044537,1.3869157863237824,1.3830005080148768,1.3790241620053423,1.3749846653644988,1.3708798213816937,1.3667073110048513,1.3624646834532377,1.358149345906479,1.3537585521579805,1.349289390104698,1.3447387679262834,1.3401033987843922,1.335379783846785,1.3305641934099348,1.325652645857199,1.3206408841459543,1.315524349464939,1.310298151640402,1.3049570357941473,1.2994953446650561,1.2939069758942905,1.2881853334380198,1.2823232721037543,1.2763130339986581,1.270146175419566,1.2638134823901397,1.2573048726412857,1.250609281310411,1.243714526968015,1.2366071537179442,1.2292722439935195,1.2216931951918997,1.213851451321042,1.2057261781874484,1.1972938670525888,1.1885278467244955,1.179397677118741,1.1698683874902729,1.1598995083603179,1.1494438253509314,1.1384457519795712,1.1268391707808416,1.1145445173521489,1.101464761440939,1.087479738990849,1.0724379445038976,1.0561442755667123,1.03834106113709,1.0186773994000935,0.9966569270251923,0.9715427969182686,0.9421694146508786,0.906523512941909,0.8606387962247753,0.7947131166132586,0.6650223445648431,0.03947446609053123,0.0002585196476365569,0.000258519641987793,0.000258519641987793,0.00025851964198779216,0.00025851964198779216,0.00025851964198779216,0.00025851964198779216,0.00025851964198779216,0.00025851964198779216,0.00025851964198779216,0.00025851964198779216,0.00025851964198779216,0.00025851964198779216,0.00025851964198779216,0.00025851964198779216,0.00025851964198779216,0.00025851964198779216,0.00025851964198779216,0.00025851964198779216,0.00025851964198779216,0.00025851964198779216,0.00025851964198779216,0.0002585196419877921,0.00025851964198779216,0.00025851964198779216,0.00025851964198779216,0.00025851964198779216,0.00025851964198779216,0.00025851964198779216,0.00025851964198779216,0.00025851964198779216,0.00025851964198779216,0.00025851964198779216,0.00025851964198779216,0.00025851964198779216,0.00025851964198779216,0.00025851964198779216,0.00025851964198779216,0.00025851964198779216,0.00025851964198779216,0.00025851964198779216,0.00025851964198779216,0.00025851964198779216,0.0002585196419877921,0.00025851964198779216,0.00025851964198779216,0.00025851964198779216,0.00025851964198779216,0.0002585196419877921,0.00025851964198779216,0.00025851964198779216,0.0002585196419877921,0.00025851964198779216,0.00025851964198779167
1.5145137024731945,1.5120547883523896,1.5095758091619593,1.5070764810672403,1.5045565021135094,1.5020155513829347,1.499453288108537,1.4968693507582984,1.4942633561006462,1.491634898260711,1.4889835477750024,1.4863088506504187,1.4836103274318513,1.4808874722810113,1.4781397520675235,1.475366605471809,1.4725674420977843,1.469741641591995,1.466888552764429,1.464007492704969,1.4610977458882097,1.4581585632582095,1.4551891612836576,1.4521887209729083,1.4491563868373614,1.4460912657907659,1.4429924259711213,1.4398588954710234,1.4366896609614492,1.4334836661931278,1.430239810358787,1.4269569462986265,1.4236338785303928,1.4202693610843216,1.4168620951219983,1.4134107263167865,1.4099138419718886,1.4063699678502535,1.4027775646884268,1.3991350243639646,1.3954406656831568,1.3916927297524744,1.3878893748932661,1.3840286710547183,1.3801085936748365,1.3761270169331117,1.372081706331418,1.3679703105314318,1.3637903523672201,1.3595392189404194,1.3552141506922883,1.350812229331566,1.3463303644790396,1.3417652788685441,1.3371134919191396,1.3323713014636858,1.3275347633839907,1.3225996688610242,1.3175615188988565,1.31241549572122,1.3071564305676093,1.301778767328737,1.2962765213552865,1.2906432326445985,1.284871912451119,1.278954982170424,1.2728842031032133,1.2666505954016156,1.2602443441178761,1.2536546897916585,1.2468698003953973,1.2398766206648464,1.232660693816024,1.2252059493097325,1.217494448558452,1.2095060781188867,1.201218176749644,1.1926050784078481,1.1836375473258705,1.1742820730242478,1.1644999813753247,1.1542463009220305,1.1434682988663485,1.1321035640787884,1.1200774578385264,1.1072996642938577,1.093659429741476,1.0790188422501277,1.0632030934150847,1.045985926489239,1.0270670786835092,1.0060357155697757,0.9823077630259623,0.9550105256704172,0.9227488491426133,0.8830620314649898,0.8308649822039688,0.751828190663288,0.20434759995354135,0.0004960614485283246,0.00025851964205096797,0.0002585196419877921,0.0002585196419877921,0.0002585196419877921,0.0002585196419877921,0.0002585196419877921,0.0002585196419877921,0.0002585196419877921,0.0002585196419877921,0.0002585196419877921,0.0002585196419877921,0.0002585196419877921,0.0002585196419877921,0.0002585196419877921,0.0002585196419877921,0.0002585196419877921,0.0002585196419877921,0.0002585196419877921,0.00025851964198779205,0.0002585196419877921,0.0002585196419877921,0.0002585196419877921,0.0002585196419877921,0.0002585196419877921,0.0002585196419877921,0.0002585196419877921,0.0002585196419877921,0.0002585196419877921,0.0002585196419877921,0.0002585196419877921,0.0002585196419877921,0.0002585196419877921,0.0002585196419877921,0.0002585196419877921,0.0002585196419877921,0.0002585196419877921,0.0002585196419877921,0.0002585196419877921,0.0002585196419877921,0.00025851964198779205,0.0002585196419877921,0.0002585196419877921,0.0002585196419877921,0.0002585196419877921,0.00025851964198779205,0.0002585196419877921,0.0002585196419877921,0.00025851964198779205,0.0002585196419877921,0.00025851964198779167
1.5219792838696278,1.5196612982813673,1.5173229653147577,1.5149639225964924,1.5125837967771343,1.5101822031751957,1.507758745388307,1.5053130148718756,1.502844590485244,1.5003530380050416,1.4978379096050831,1.4952987433018932,1.4927350623646398,1.4901463746879935,1.4875321721261578,1.4848919297860492,1.4822251052773296,1.4795311379167146,1.4768094478836882,1.4740594353244447,1.4712804794005543,1.468471937278493,1.4656331430558018,1.4627634066192303,1.4598620124297688,1.4569282182289822,1.4539612536605273,1.4509603188001317,1.4479245825866631,1.4448531811461904,1.4417452160001296,1.4385997521476699,1.4354158160116788,1.4321923932361638,1.4289284263221138,1.425622812087154,1.4222743989328575,1.418881983901794,1.415444309504394,1.4119600602934448,1.4084278591614847,1.404846263333454,1.4012137600236674,1.3975287617224135,1.3937896010732045,1.389994525296779,1.3861416901123402,1.3822291531000355,1.3782548664412129,1.374216668964371,1.3701122774147156,1.365939276853611,1.3616951100806733,1.3573770659554096,1.352982266476721,1.3485076524567299,1.3439499675995654,1.3393057407651416,1.3345712661615532,1.3297425811662513,1.3248154414240183,1.3197852928069895,1.314647239746019,1.3093960093503827,1.3040259106200711,1.2985307879164794,1.2929039676864058,1.287138197222025,1.2812255739743472,1.2751574636042098,1.2689244045326245,1.2625159962137316,1.2559207676613158,1.2491260218624651,1.2421176505384397,1.23487991216348,1.2273951640858143,1.2196435368083542,1.2116025346835368,1.2032465420195029,1.1945462062246799,1.1854676591262894,1.175971522410678,1.1660116207374478,1.15553329237118,1.1444711352709338,1.132745944589689,1.1202604642384244,1.1068933512229304,1.0924903607588792,1.0768510479918914,1.059707915150267,1.040692141545062,1.0192738856787777,0.994650257383494,0.9655132411266347,0.9294972988952641,0.8815521105985851,0.8068693757682429,0.18225706100274516,0.04426856808441362,0.0007114031662287768,0.0002585196421819643,0.00025851964198779216,0.00025851964198779216,0.00025851964198779216,0.00025851964198779216,0.00025851964198779216,0.00025851964198779216,0.0002585196419877921,0.00025851964198779216,0.00025851964198779216,0.00025851964198779216,0.0002585196419877921,0.00025851964198779216,0.00025851964198779216,0.0002585196419877921,0.00025851964198779216,0.0002585196419877921,0.00025851964198779216,0.00025851964198779216,0.0002585196419877921,0.00025851964198779216,0.00025851964198779216,0.0002585196419877921,0.00025851964198779216,0.00025851964198779216,0.00025851964198779216,0.00025851964198779216,0.00025851964198779216,0.00025851964198779216,0.00025851964198779216,0.00025851964198779216,0.00025851964198779216,0.00025851964198779216,0.00025851964198779216,0.00025851964198779216,0.00025851964198779216,0.00025851964198779216,0.0002585196419877921,0.0002585196419877921,0.00025851964198779216,0.00025851964198779216,0.00025851964198779216,0.0002585196419877921,0.00025851964198779216,0.00025851964198779216,0.0002585196419877921,0.00025851964198779216,0.00025851964198779167
1.5335073341328962,1.5311739893911458,1.528821187190926,1.5264486077091501,1.5240559214310652,1.5216427887156962,1.51920885933819,1.516753772007665,1.5142771538590598,1.51177861991737,1.5092577725325367,1.5067142007831287,1.504147479846807,1.5015571703354136,1.4989428175923492,1.496303950949725,1.4936400829425658,1.490950708477119,1.48823530395008,1.4854933263152748,1.4827242120940425,1.4799273763252394,1.477102211450419,1.4742480861293525,1.4713643439806086,1.468450302241436,1.4655052503406407,1.4625284483775656,1.4595191254996074,1.4564764781699784,1.4533996683165866,1.4502878213520063,1.4471400240534702,1.443955322290687,1.4407327185879888,1.4374711695058826,1.434169582825456,1.430826814517261,1.4274416654742483,1.4240128779859904,1.420539131928802,1.4170190406433796,1.4134511464681734,1.4098339158928521,1.4061657342917784,1.4024449001923758,1.398669619027454,1.394837996313894,1.390948030192409,1.3869976032542137,1.3829844735701393,1.3789062648257817,1.3747604554523225,1.370544366626386,1.3662551489931938,1.3618897679448116,1.3574449872587677,1.3529173508709063,1.3483031625189883,1.3435984629489697,1.338799004322431,1.3339002213993318,1.3288971989924567,1.3237846350954534,1.3185567989709959,1.3132074833440486,1.3077299496705042,1.3021168652346629,1.296360230558248,1.290451295263341,1.2843804601009146,1.2781371623075617,1.2717097407475428,1.2650852763833356,1.2582494024232913,1.2511860769187262,1.2438773084814958,1.2363028229609894,1.2284396550567653,1.220261643506434,1.211738801011574,1.2028365194278432,1.193514555358055,1.1837257186125194,1.1734141518992103,1.162513037639179,1.1509414849972723,1.138600215721588,1.1253654416655552,1.1110799335442678,1.0955395645062473,1.078472240012453,1.0595033289882236,1.038095565890579,1.0134365515127646,0.9842064518061817,0.9480275647610185,0.8998543734532145,0.8250753500935064,0.33415606191072533,0.30299289774770094,0.25294524523728734,0.07143516775649777,0.0013039321347548065,0.0002585196436971736,0.00025851964198779216,0.00025851964198779216,0.00025851964198779216,0.00025851964198779216,0.00025851964198779216,0.00025851964198779216,0.00025851964198779216,0.00025851964198779216,0.00025851964198779216,0.00025851964198779216,0.00025851964198779216,0.0002585196419877921,0.00025851964198779216,0.0002585196419877921,0.00025851964198779216,0.00025851964198779216,0.00025851964198779216,0.00025851964198779216,0.00025851964198779216,0.00025851964198779216,0.00025851964198779216,0.00025851964198779216,0.00025851964198779216,0.00025851964198779216,0.00025851964198779216,0.00025851964198779216,0.00025851964198779216,0.00025851964198779216,0.00025851964198779216,0.00025851964198779216,0.00025851964198779216,0.00025851964198779216,0.00025851964198779216,0.00025851964198779216,0.0002585196419877921,0.00025851964198779216,0.00025851964198779216,0.00025851964198779216,0.00025851964198779216,0.0002585196419877921,0.00025851964198779216,0.00025851964198779216,0.0002585196419877921,0.00025851964198779216,0.00025851964198779167
1.5416706613058908,1.539395621354091,1.537101440184928,1.5347877932821876,1.5324543456266804,1.530100751319625,1.5277266531721916,1.525331682261486,1.5229154574529118,1.5204775848885161,1.5180176574406383,1.5155352541298874,1.5130299395062072,1.5105012629915162,1.5079487581821494,1.5053719421090563,1.5027703144534432,1.5001433567152518,1.4974905313315907,1.494811280741897,1.4921050263962938,1.489371167703233,1.4866090809121295,1.4838181179262733,1.480997605040833,1.4781468416002663,1.4752650985688913,1.4723516170077544,1.4694056064502532,1.4664262431682153,1.4634126683192972,1.460363985965629,1.457279260952599,1.4541575166354983,1.4509977324404508,1.447798841244593,1.4445597265588308,1.4412792194946493,1.4379560954943824,1.4345890708019937,1.4311767986487665,1.4277178651252846,1.424210784707672,1.4206539954021429,1.4170458534674932,1.413384627670052,1.4096684930198013,1.40589552392966,1.4020636867322138,1.3981708314792647,1.3942146829392317,1.3901928306954632,1.3861027182345431,1.3819416308973496,1.3777066825465145,1.3733948007814254,1.369002710505385,1.3645269156181163,1.3599636785694509,1.3553089974654737,1.3505585803650046,1.3457078163400495,1.3407517427962077,1.3356850084547387,1.3305018312829282,1.3251959505182564,1.3197605717577938,1.314188303868291,1.3084710862029074,1.3026001042719104,1.2965656915864319,1.2903572148487028,1.2839629389616063,1.277369867423378,1.2705635524886618,1.263527867915205,1.2562447350350976,1.2486937900880533,1.2408519769371296,1.2326930440192576,1.2241869170106947,1.21529890821276,1.2059887085307304,1.1962090856535172,1.1859041786112705,1.1750072275490608,1.163437496698371,1.151096017505392,1.1378595595740177,1.1235718561209134,1.1080304196624846,1.0909659650866457,1.0720087835734533,1.0506305724702543,1.0260362385262523,0.99694239925282,0.9610590262028642,0.9136032623465447,0.8411829622656217,0.46156901386957455,0.4447624508247966,0.4235657439627112,0.39553595252331386,0.354784051513597,0.2728596639756298,0.04933945737737259,0.0005591787249237426,0.0002585196420079541,0.00025851964198779216,0.00025851964198779216,0.00025851964198779216,0.00025851964198779216,0.00025851964198779216,0.0002585196419877921,0.00025851964198779216,0.00025851964198779216,0.0002585196419877921,0.00025851964198779216,0.0002585196419877921,0.0002585196419877921,0.00025851964198779216,0.00025851964198779216,0.00025851964198779216,0.00025851964198779216,0.00025851964198779216,0.00025851964198779216,0.00025851964198779216,0.00025851964198779216,0.00025851964198779216,0.00025851964198779216,0.0002585196419877921,0.00025851964198779216,0.00025851964198779216,0.0002585196419877921,0.00025851964198779216,0.00025851964198779216,0.0002585196419877921,0.00025851964198779216,0.00025851964198779216,0.0002585196419877921,0.00025851964198779216,0.00025851964198779216,0.00025851964198779216,0.00025851964198779216,0.0002585196419877921,0.00025851964198779216,0.00025851964198779216,0.0002585196419877921,0.00025851964198779216,0.00025851964198779167
1.5473981699845882,1.545180399446738,1.5429436310610107,1.5406875278836032,1.5384117421121928,1.536115914750948,1.5337996752362375,1.531462641024432,1.529104417142646,1.5267245957027527,1.5243227553785808,1.5218984608457868,1.5194512621835317,1.5169806942367423,1.5144862759374083,1.511967509583041,1.5094238800701048,1.506854854079915,1.5042598792141602,1.5016383830768862,1.4989897722994059,1.4963134315042348,1.4936087222037504,1.490874981628835,1.4881115214822926,1.4853176266113273,1.4824925535927893,1.479635529224306,1.4767457489137035,1.4738223749583963,1.4708645347055727,1.4678713185830783,1.4648417779898704,1.4617749230337533,1.4586697201028191,1.4555250892555691,1.4523399014130685,1.4491129753346552,1.445843074356672,1.4425289028713597,1.4391691025204267,1.4357622480748207,1.432306842968854,1.4288013144529705,1.4252440083250528,1.4216331831951405,1.4179670042326717,1.4142435363387404,1.4104607366782513,1.406616446498043,1.402708382146884,1.3987341252014023,1.3946911115882576,1.3905766195767812,1.3863877564974736,1.3821214440196203,1.3777744017951763,1.3733431292451719,1.3688238852282035,1.364212665286801,1.3595051761150658,1.3546968068279763,1.3497825965366614,1.3447571976416182,1.3396148341432708,1.3343492541312967,1.3289536754441094,1.3234207232791746,1.3177423582720753,1.3119097932325348,1.3059133963090255,1.2997425778234828,1.293385657337855,1.2868297066353422,1.2800603631529537,1.2730616068930491,1.265815491835037,1.2583018201713172,1.250497744023693,1.2423772742450157,1.233910668857703,1.2250636636843415,1.2157964933234013,1.2060626294959058,1.1958071321724317,1.1849644605161178,1.1734555148068855,1.1611835581445755,1.1480284630075983,1.1338383760227493,1.118417260925349,1.1015055812645647,1.082748979053864,1.0616446188043847,1.037442636144114,1.0089477719816193,0.9740662597924037,0.9285555816253576,0.8612492456775209,0.5740614738413455,0.5627683565784146,0.5493088205306523,0.5330443060712533,0.5130032570546057,0.4875665162406221,0.4536014795423385,0.40299409777427686,0.26417979445369794,0.027913226306086825,0.0002783064736579534,0.00025851964198795186,0.0002585196419877921,0.0002585196419877921,0.0002585196419877921,0.0002585196419877921,0.0002585196419877921,0.00025851964198779205,0.0002585196419877921,0.00025851964198779205,0.0002585196419877921,0.0002585196419877921,0.00025851964198779205,0.0002585196419877921,0.0002585196419877921,0.00025851964198779205,0.0002585196419877921,0.0002585196419877921,0.0002585196419877921,0.0002585196419877921,0.0002585196419877921,0.0002585196419877921,0.0002585196419877921,0.0002585196419877921,0.0002585196419877921,0.0002585196419877921,0.0002585196419877921,0.0002585196419877921,0.0002585196419877921,0.0002585196419877921,0.00025851964198779205,0.0002585196419877921,0.0002585196419877921,0.0002585196419877921,0.0002585196419877921,0.00025851964198779205,0.0002585196419877921,0.0002585196419877921,0.00025851964198779205,0.0002585196419877921,0.00025851964198779167
1.5529670849409718,1.550759849579467,1.548533839206894,1.546288719868376,1.5440241472196763,1.541739766110401,1.5394352101413735,1.5371101011952713,1.5347640489394443,1.5323966502996733,1.5300074889034456,1.5275961344911722,1.5251621422935708,1.5227050523732761,1.5202243889285143,1.5177196595564975,1.5151903544739527,1.5126359456919654,1.5100558861420592,1.5074496087501548,1.5048165254547399,1.502156026165252,1.4994674776563115,1.496750222393039,1.49400357728225,1.4912268323438393,1.488419249296121,1.4855800600483096,1.4827084650926559,1.4798036317880372,1.4768646925259739,1.4738907427691577,1.4708808389515546,1.4678339962280322,1.4647491860601975,1.4616253336237193,1.4584613150208297,1.455255954279913,1.4520080201220948,1.4487162224724626,1.4453792086910071,1.4419955594954605,1.4385637845449188,1.4350823176493868,1.4315495115661196,1.427963632338741,1.4243228531295433,1.4206252474889496,1.4168687819987331,1.4130513082170768,1.4091705538436934,1.4052241130117957,1.401209435600412,1.3971238154450136,1.3929643773062705,1.388728062435417,1.3844116125495838,1.3800115520007554,1.3755241678867547,1.370945487810679,1.366271254944997,1.3614968999962225,1.3566175095933464,1.351627790535083,1.3465220292236773,1.3412940454816964,1.3359371397866624,1.330444032758454,1.324806795485586,1.31901676896477,1.3130644705351566,1.3069394846895406,1.3006303350062132,1.2941243331214236,1.2874073995908561,1.2804638500816217,1.2732761384708862,1.2658245459276376,1.2580868016661615,1.2500376164107738,1.2416481031457833,1.2328850506003404,1.2237100018341458,1.2140780711965387,1.2039364045225114,1.1932221442407218,1.18185969381537,1.1697569683502616,1.156800140703275,1.142846089275372,1.1277112143570744,1.1111542842539293,1.0928489888103143,1.0723376908607052,1.0489482542427486,1.0216312698575836,0.9886026610898938,0.9464158584758408,0.8867925050730143,0.6747376045906538,0.6662729273466046,0.6563922204395016,0.6447772474700763,0.6310000277295855,0.6144632980517065,0.5942926022170448,0.5691232976882632,0.5366301257756804,0.4923121499135222,0.4255248576856957,0.15245742403086565,0.003725890458155535,0.00025851971109387077,0.00025851964198779205,0.00025851964198779205,0.00025851964198779205,0.000258519641987792,0.00025851964198779205,0.000258519641987792,0.00025851964198779205,0.00025851964198779205,0.00025851964198779205,0.00025851964198779205,0.00025851964198779205,0.00025851964198779205,0.00025851964198779205,0.00025851964198779205,0.00025851964198779205,0.00025851964198779205,0.00025851964198779205,0.00025851964198779205,0.00025851964198779205,0.00025851964198779205,0.00025851964198779205,0.00025851964198779205,0.00025851964198779205,0.00025851964198779205,0.00025851964198779205,0.00025851964198779205,0.000258519641987792,0.00025851964198779205,0.00025851964198779205,0.00025851964198779205,0.00025851964198779205,0.000258519641987792,0.00025851964198779205,0.00025851964198779205,0.000258519641987792,0.00025851964198779205,0.00025851964198779167
1.558388956039965,1.5561897893105083,1.5539719334475357,1.5517350542923334,1.5494788075050276,1.5472028381370408,1.5449067801811673,1.5425902560979348,1.5402528763168157,1.5378942387107584,1.535513928042371,1.533111515379987,1.5306865574816813,1.528238596145169,1.5257671575213465,1.5232717513890528,1.5207518703884344,1.5182069892100813,1.5156365637368578,1.5130400301350975,1.5104168038915453,1.5077662787921113,1.5050878258381604,1.5023807920956764,1.4996444994722244,1.4968782434161643,1.4940812915320631,1.4912528821056805,1.4883922225312738,1.485498487633271,1.4825708178735852,1.479608317434972,1.4766100521698768,1.4735750474031386,1.470502285575708,1.4673907037152016,1.4642391907175898,1.4610465844226248,1.457811668463698,1.454533168870661,1.4512097504017056,1.447840012577641,1.4444224853887735,1.4409556246410455,1.4374378069040252,1.433867324018734,1.4302423771179897,1.4265610701058924,1.422821402536098,1.4190212618204967,1.4151584146906249,1.4112304978233805,1.4072350075301332,1.4031692883937357,1.3990305207209504,1.3948157066578408,1.3905216547922168,1.386144963039518,1.3816819995757137,1.377128881541779,1.372481451197735,1.3677352491484238,1.3628854841960027,1.3579269992928904,1.3528542329702051,1.3476611754962327,1.342341318871562,1.3368875995850327,1.331292332828079,1.3255471365821507,1.3196428436382275,1.313569399157304,1.307315740806754,1.3008696577699346,1.2942176239707355,1.2873445996054,1.2802337934250352,1.2728663760135168,1.265221131341284,1.2572740298312806,1.2489977005839334,1.2403607725739019,1.2313270434812238,1.2218544186807974,1.2118935391183803,1.201385980988675,1.1902618549883603,1.1784365458097585,1.1658061909072064,1.152241259575498,1.13757717806013,1.1216001890699197,1.1040251795508773,1.0844592381526093,1.0623381498199453,1.0368071358345015,1.0064734680090153,0.9688162210298039,0.9184393142004347,0.7645621431598765,0.757883472527442,0.7501734741208119,0.7412349483630669,0.7308179708419079,0.7185990082336445,0.7041480535634179,0.6868741639452757,0.6659290725317948,0.6400209401650602,0.6070061543805612,0.5627951701283077,0.49704793598791835,0.26808340084277055,0.01568781501229889,0.0002587478163797225,0.00025851964198779243,0.0002585196419877919,0.00025851964198779194,0.00025851964198779194,0.00025851964198779194,0.00025851964198779194,0.00025851964198779194,0.00025851964198779194,0.00025851964198779194,0.00025851964198779194,0.00025851964198779194,0.00025851964198779194,0.00025851964198779194,0.00025851964198779194,0.00025851964198779194,0.00025851964198779194,0.00025851964198779194,0.00025851964198779194,0.00025851964198779194,0.00025851964198779194,0.00025851964198779194,0.00025851964198779194,0.00025851964198779194,0.00025851964198779194,0.00025851964198779194,0.00025851964198779194,0.00025851964198779194,0.00025851964198779194,0.00025851964198779194,0.00025851964198779194,0.00025851964198779194,0.00025851964198779194,0.0002585196419877919,0.00025851964198779194,0.00025851964198779167
1.5637466194141243,1.5615544909403638,1.5593437808244701,1.557114156869507,1.554865276900565,1.5525967883463248,1.5503083277995435,1.547999520555148,1.5456699801245102,1.543319307724395,1.5409470917389503,1.538552907152995,1.5361363149547282,1.5336968615058446,1.5312340778768825,1.5287474791454625,1.5262365636548902,1.5237008122303957,1.521139687350052,1.5185526322671803,1.5159390700807767,1.5132984027501986,1.5106300100500303,1.5079332484606858,1.5052074499899115,1.5024519209199267,1.499665940474445,1.496848759399299,1.4939995984498002,1.4911176467773108,1.4882020602067756,1.4852519593961688,1.4822664278678939,1.4792445099011866,1.4761852082734526,1.4730874818372004,1.4699502429178606,1.4667723545161684,1.4635526272970543,1.4602898163449611,1.4569826176632796,1.453629664393042,1.4502295227231274,1.4467806874609777,1.4432815772290915,1.4397305292483387,1.4361257936642908,1.4324655273672302,1.4287477872501406,1.4249705228416742,1.421131568242656,1.4172286332849424,1.4132592938201456,1.409220981032591,1.4051109696555608,1.4009263649519348,1.3966640882993198,1.392320861194976,1.3878931874665992,1.383377333440302,1.3787693057758506,1.3740648266298356,1.3692593057482416,1.3643478090184888,1.3593250229245932,1.35418521424396,1.3489221841957717,1.3435292160929346,1.3379990153542496,1.3323236404906482,1.3264944233755465,1.3205018767267485,1.3143355862420911,1.307984084210969,1.301434700625307,1.2946733867762692,1.287684504963377,1.280450576143233,1.2729519749383245,1.2651665581710345,1.2570692086308617,1.2486312695989212,1.2398198369498592,1.230596863205875,1.2209180098123786,1.210731157059139,1.199974440414793,1.1885736190029224,1.1764384815780426,1.163457830693215,1.1494923061985662,1.1343638155223252,1.1178394252593122,1.0996057858276214,1.0792264431857417,1.056065984881126,1.0291439022734514,0.9968205990189484,0.9560081744817318,0.8455163549828116,0.8400291662752012,0.8337345585768539,0.8264924167945388,0.8181306378317491,0.8084347803873495,0.7971329852135229,0.7838732247522417,0.7681875107607745,0.7494325985214447,0.7266850657306427,0.6985385280458749,0.6626585720249232,0.6145850486261218,0.5429795089603399,0.29532946691614703,0.017109059860107263,0.00025877428821942513,0.00025851964198779227,0.0002585196419877919,0.0002585196419877919,0.0002585196419877919,0.0002585196419877919,0.0002585196419877919,0.0002585196419877919,0.0002585196419877919,0.0002585196419877919,0.0002585196419877919,0.0002585196419877919,0.0002585196419877919,0.0002585196419877919,0.0002585196419877919,0.0002585196419877919,0.0002585196419877919,0.0002585196419877919,0.0002585196419877919,0.0002585196419877919,0.0002585196419877919,0.0002585196419877919,0.0002585196419877919,0.0002585196419877919,0.0002585196419877919,0.0002585196419877919,0.0002585196419877919,0.0002585196419877919,0.0002585196419877919,0.0002585196419877919,0.0002585196419877919,0.0002585196419877919,0.0002585196419877919,0.00025851964198779167
1.5703978636973268,1.5681931312117716,1.5659699906090405,1.5637281205605087,1.561467190084728,1.5591868581524593,1.55688677327042,1.5545665730426397,1.5522258837082406,1.5498643196543274,1.5474814829025718,1.5450769625679484,1.542650334287947,1.5402011596204512,1.5377289854083185,1.5352333431085319,1.5327137480836248,1.5301696988528781,1.5276006763005894,1.525006142838477,1.5223855415190455,1.5197382950964502,1.5170638050311176,1.5143614504340364,1.5116305869462838,1.5088705455489488,1.50608063129818,1.5032601219796051,1.5004082666758307,1.4975242842401435,1.4946073616688786,1.491656652364199,1.4886712742782093,1.4856503079284438,1.4825927942737531,1.4794977324384986,1.4763640772717133,1.4731907367264774,1.4699765690431912,1.4667203797186446,1.4634209182408024,1.4600768745669666,1.456686875320434,1.4532494796778976,1.4497631749165627,1.4462263715862396,1.4426373982674454,1.4389944958717131,1.435295811434768,1.4315393913468997,1.4277231739575476,1.4238449814827117,1.4199025111340733,1.415893325377429,1.411814841214948,1.4076643183704711,1.4034388462392111,1.3991353294422442,1.394750471801512,1.3902807585219112,1.3857224363324887,1.3810714912976627,1.3763236239602705,1.3714742214193318,1.3665183258744398,1.361450599082797,1.3562652820704473,1.3509561493115971,1.345516456433072,1.3399388803071601,1.334215450155285,1.3283374679837794,1.3222954162939677,1.3160788505282486,1.3096762731002496,1.3030749850673105,1.2962609104783216,1.289218387087082,1.2819299153453463,1.2743758552163178,1.2665340571418344,1.2583794091088627,1.249883275679548,1.241012796298627,1.2317299979805054,1.221990659736134,1.2117428398294459,1.2009249372301647,1.1894630971429594,1.1772676727841571,1.164228295624418,1.1502068354365695,1.1350270544747039,1.1184588809328864,1.1001935166759693,1.079802044651445,1.0566622215085428,1.0298182925936024,0.9976822659971767,0.9181440044253792,0.9135008001681826,0.9081954411683767,0.9021200353395252,0.8951445215439919,0.8871104219489316,0.8778221455568254,0.8670345543069516,0.8544346239064934,0.8396133899050497,0.8220211328682998,0.8008919476165272,0.7751083412867155,0.7429375457300013,0.7014597123035148,0.6451244593013762,0.5610821184531528,0.21318044502080538,0.0052404039206079235,0.00025851978756658657,0.0002585196419877919,0.0002585196419877919,0.0002585196419877919,0.0002585196419877919,0.0002585196419877919,0.0002585196419877919,0.0002585196419877919,0.0002585196419877919,0.0002585196419877919,0.0002585196419877919,0.0002585196419877919,0.0002585196419877919,0.0002585196419877919,0.0002585196419877919,0.0002585196419877919,0.0002585196419877919,0.0002585196419877919,0.0002585196419877919,0.0002585196419877919,0.0002585196419877919,0.0002585196419877919,0.0002585196419877919,0.0002585196419877919,0.0002585196419877919,0.0002585196419877919,0.0002585196419877919,0.0002585196419877919,0.0002585196419877919,0.0002585196419877919,0.0002585196419877919,0.00025851964198779167
1.579024100153907,1.5767993527437323,1.5745563846412634,1.5722948872544493,1.570014542905241,1.5677150244517295,1.5653959948914118,1.5630571069444528,1.5606980026157449,1.5583183127344722,1.5559176564698043,1.5534956408212426,1.5510518600820369,1.548585895273969,1.546097313551685,1.5435856675746003,1.5410504948442716,1.5384913170049515,1.5359076391048638,1.533298948815545,1.5306647156063782,1.5280043898712072,1.5253174020036706,1.5226031614175892,1.5198610555084553,1.517090448551704,1.5142906805330818,1.5114610659060024,1.508600892270325,1.50570941896647,1.5027858755782357,1.4998294603370377,1.4968393384196146,1.4938146401304595,1.490754458959383,1.4876578495036596,1.4845238252431323,1.481351356155468,1.4781393661574138,1.474886730356403,1.4715922720951868,1.4682547597702658,1.464872903402768,1.4614453509380039,1.457970684247214,1.4544474148019262,1.450873978987838,1.4472487330211394,1.4435699474256474,1.4398358010239065,1.4360443743894498,1.432193642700566,1.42828146792802,1.424305590280078,1.4202636188176416,1.4161530211400621,1.4119711120279654,1.4077150409127939,1.4033817780232944,1.3989680990363043,1.3944705680322111,1.3898855185235515,1.3852090322873019,1.3804369156862524,1.3755646731107558,1.3705874771071607,1.365500134680748,1.3602970491658088,1.3549721769394665,1.3495189781137056,1.3439303601649595,1.3381986132436714,1.3323153356358781,1.3262713475096892,1.3200565906512396,1.3136600113498704,1.3070694228939639,1.3002713432364459,1.293250802212599,1.2859911111449573,1.2784735856128964,1.2706772094008025,1.2625782238823313,1.2541496219278434,1.2453605182072878,1.2361753575415582,1.2265529082418416,1.216444965807374,1.205794660097471,1.1945342097809581,1.1825818905842986,1.1698378593201202,1.1561782685233113,1.1414467492052214,1.125441696411742,1.1078965772132736,1.0884480446008435,1.0665813932491555,1.04153053258942,0.9833244654152529,0.9793177527121937,0.9747524942099327,0.9695418373731932,0.9635824956278731,0.9567506200131353,0.9488962493472152,0.9398356827366886,0.929340723945412,0.9171230493891167,0.9028106533878136,0.885910759793221,0.8657481384866467,0.8413550776174914,0.8112560863833468,0.772989101924901,0.7218187597016431,0.645969817385455,0.482723296996329,0.06801593124991277,0.00043295735739588945,0.00025851964198809357,0.0002585196419877919,0.0002585196419877919,0.0002585196419877919,0.0002585196419877919,0.0002585196419877919,0.0002585196419877919,0.0002585196419877919,0.0002585196419877919,0.0002585196419877919,0.0002585196419877919,0.0002585196419877919,0.0002585196419877919,0.0002585196419877919,0.0002585196419877919,0.0002585196419877919,0.0002585196419877919,0.0002585196419877919,0.0002585196419877919,0.0002585196419877919,0.0002585196419877919,0.0002585196419877919,0.0002585196419877919,0.0002585196419877919,0.0002585196419877919,0.0002585196419877919,0.0002585196419877919,0.0002585196419877919,0.0002585196419877919,0.00025851964198779167
1.5874112122761006,1.5852038380197067,1.5829785275719843,1.5807349800098578,1.578472885669747,1.5761919258246595,1.5738917723416326,1.5715720873189098,1.5692325227021324,1.5668727198786956,1.564492309249316,1.5620909097757363,1.5596681285033662,1.557223560057544,1.554756786111959,1.5522673748276539,1.5497548802608632,1.5472188417378039,1.544658783194359,1.542074212478419,1.5394646206124583,1.5368294810137084,1.5341682486690713,1.5314803592616655,1.5287652282456332,1.5260222498655434,1.5232507961164024,1.5204502156399406,1.5176198325524466,1.514758945199005,1.5118668248285192,1.508942714183393,1.5059858259971575,1.5029953413927144,1.4999704081731586,1.4969101389963573,1.4938136094236092,1.4906798558317362,1.4875078731768798,1.4842966125970845,1.4810449788393905,1.4777518274956627,1.4744159620296808,1.471036130576116,1.467611022489869,1.46413926462183,1.460619417294369,1.4570499699467676,1.4534293364172823,1.4497558498244965,1.4460277570060702,1.4422432124677427,1.4384002717894644,1.4344968844286519,1.4305308858526349,1.4264999889232304,1.4224017744457915,1.418233680782807,1.4139929924178398,1.4096768273389138,1.4052821230909274,1.40080562132374,1.3962438506355246,1.3915931074790042,1.3868494348602107,1.3820085985141475,1.3770660601875768,1.372016947594077,1.3668560205279645,1.3615776325284183,1.3561756873690936,1.3506435895063449,1.3449741874441397,1.3391597087569522,1.333191685241832,1.327060866332169,1.3207571184781528,1.3142693076553547,1.3075851614664398,1.3006911064015192,1.2935720746506794,1.2862112733210302,1.2785899068635151,1.2706868407662937,1.2624781908384934,1.253936817273719,1.2450316955239127,1.2357271258833151,1.2259817291102026,1.2157471540753235,1.2049663915540516,1.1935715396169804,1.1814807899270277,1.1685942817537212,1.1547882671659417,1.1399066809327798,1.1237485808713188,1.106048741706436,1.0864463239974989,1.0428320791393961,1.0392954500490912,1.0352735201618282,1.0306932298063145,1.0254684750322165,1.0194970954456828,1.0126569237509513,1.004800509431923,0.9957479239969513,0.9852767147361159,0.9731074878069117,0.9588825500215754,0.942133060549522,0.9222262087193357,0.8982755704674447,0.8689785365941809,0.8322957249315484,0.7847458495202223,0.7196063299090658,0.6212565984982592,0.21125007876310337,0.0038574274282578824,0.0002585196553779767,0.0002585196419877919,0.0002585196419877919,0.0002585196419877919,0.0002585196419877919,0.0002585196419877919,0.0002585196419877919,0.0002585196419877919,0.0002585196419877919,0.0002585196419877919,0.0002585196419877919,0.0002585196419877919,0.0002585196419877919,0.0002585196419877919,0.0002585196419877919,0.0002585196419877919,0.0002585196419877919,0.0002585196419877919,0.0002585196419877919,0.0002585196419877919,0.0002585196419877919,0.0002585196419877919,0.0002585196419877919,0.0002585196419877919,0.0002585196419877919,0.0002585196419877919,0.0002585196419877919,0.0002585196419877919,0.00025851964198779167
1.5970012694271254,1.5947910011093094,1.5925633567784758,1.590318059355518,1.5880548237918528,1.5857733567718502,1.5834733563977925,1.581154511856836,1.5788165030693513,1.5764590003179266,1.5740816638562274,1.571684143496809,1.5692660781768808,1.56682709550092,1.5643668112589273,1.5618848289190097,1.5593807390928494,1.5568541189725038,1.5543045317368431,1.551731525925787,1.5491346347803574,1.546513375546385,1.543867248739546,1.5411957373691894,1.538498306118225,1.5357744004760923,1.5330234458215954,1.530244846452096,1.5274379845552717,1.5246022191193038,1.5217368847769943,1.518841290578919,1.5159147186902757,1.512956423005598,1.5099656276749702,1.506941525534778,1.5038832764353771,1.5007900054573138,1.4976608010069368,1.4944947127813104,1.491290749591352,1.4880478770309669,1.484765014978708,1.4814410349170717,1.4780747570529529,1.4746649472210116,1.4712103135496961,1.4677095028674114,1.4641610968237773,1.4605636076980284,1.456915473863347,1.4532150548721954,1.4494606261234884,1.445650373067621,1.4417823848998397,1.4378546476861238,1.4338650368584696,1.4298113090080926,1.4256910928953934,1.421501879584326,1.417241011595801,1.412905670959605,1.4084928660266123,1.4039994168823275,1.399421939178408,1.3947568261700376,1.3900002287129638,1.3851480329335162,1.3801958352366335,1.3751389142590487,1.3699721993051912,1.3646902347192256,1.3592871395445238,1.35375656169724,1.348091625727814,1.342284873055718,1.3363281933289581,1.3302127452680106,1.3239288649873435,1.317465959324077,1.3108123811126982,1.3039552825864336,1.2968804421041231,1.2895720581191847,1.2820125026165157,1.274182023991045,1.2660583863086332,1.2576164277567037,1.2488275153864676,1.2396588652621952,1.2300726857822952,1.2200250855333603,1.2094646628928243,1.1983306583248068,1.1865504945813783,1.1740364421896046,1.1606810051751153,1.1463503833833746,1.1308749529092572,1.0974547625544142,1.0942941502731207,1.0907050735006687,1.086624654884136,1.0819793164247822,1.0766824852177734,1.070631647924824,1.0637045112193815,1.0557539104551215,1.046600926345743,1.036025371155106,1.0237523013999763,1.0094323266485856,0.9926118494741063,0.9726861903308855,0.948821924631965,0.9198197082196085,0.8838504769151388,0.8378823303200824,0.7761648028299281,0.6843435194927228,0.3457278914411054,0.014947092378737011,0.00025855335377695615,0.0002585196419877919,0.0002585196419877919,0.0002585196419877919,0.0002585196419877919,0.0002585196419877919,0.0002585196419877919,0.0002585196419877919,0.0002585196419877919,0.0002585196419877919,0.0002585196419877919,0.0002585196419877919,0.0002585196419877919,0.0002585196419877919,0.0002585196419877919,0.0002585196419877919,0.0002585196419877919,0.0002585196419877919,0.0002585196419877919,0.0002585196419877919,0.0002585196419877919,0.0002585196419877919,0.0002585196419877919,0.0002585196419877919,0.0002585196419877919,0.00025851964198779183,0.0002585196419877919,0.00025851964198779167
1.6050213081418794,1.6028613475571627,1.600684661925293,1.5984909854866671,1.5962800452641848,1.5940515607916463,1.5918052438291792,1.5895407980650722,1.5872579188033442,1.5849562926363157,1.5826355971014094,1.5802955003213368,1.5779356606267725,1.5755557261605486,1.5731553344623324,1.570734112032669,1.5682916738752006,1.5658276230157642,1.5633415499970007,1.5608330323469766,1.5583016340202287,1.5557469048095094,1.553168379726377,1.5505655783486372,1.5479380041324802,1.5452851436869857,1.5426064660084848,1.5399014216720632,1.5371694419772601,1.5344099380447864,1.5316222998607991,1.5288058952649952,1.5259600688784496,1.5230841409667746,1.520177406233787,1.517239132540435,1.5142685595432699,1.5112648972462104,1.5082273244587823,1.5051549871533585,1.5020469967132273,1.4989024280625083,1.4957203176680742,1.4924996614026393,1.4892394122570976,1.4859384778889608,1.4825957179923939,1.4792099414738018,1.475779903415221,1.4723043018058244,1.4687817740196827,1.4652108930154752,1.4615901632310628,1.4579180161427059,1.454192805455136,1.4504128018846518,1.4465761874927787,1.442681049522763,1.4387253736851355,1.4347070368316415,1.4306237989488713,1.4264732943937228,1.4222530222821994,1.4179603359307171,1.413592431234757,1.4091463338529713,1.4046188850452916,1.400006725990622,1.3953062803826477,1.3905137350703385,1.385625018471806,1.380635776445035,1.3755413452450638,1.370336721132393,1.3650165261193383,1.3595749692464314,1.354005802665885,1.3483022716683077,1.3424570576157113,1.3364622125296939,1.3303090838172753,1.3239882272833203,1.3174893061581594,1.3108009733354946,1.3039107333334432,1.2968047796120883,1.289467801737457,1.2818827553815113,1.2740305861596932,1.2658898956453548,1.2574365342944915,1.2486431010695718,1.2394783226795496,1.2299062756631354,1.219885400658698,1.209367237960452,1.1982947833674746,1.186600317627977,1.1742024916863734,1.1479732608808966,1.1451163140616591,1.1418757232612546,1.1381962880164496,1.1340137545342417,1.1292529829572757,1.1238256302585163,1.1176271815165333,1.110533089086018,1.1023936662926725,1.0930272035794453,1.082210483427977,1.0696653776317795,1.05503934323255,1.0378760312418644,1.0175690832172748,0.9932855734964369,0.9638302293457324,0.9273813221334496,0.8809032313671007,0.818529070754212,0.7249545224645264,0.4282347503173166,0.02708207487824235,0.0002594146858266715,0.00025851964198779205,0.00025851964198779183,0.00025851964198779183,0.00025851964198779183,0.0002585196419877919,0.00025851964198779183,0.00025851964198779183,0.00025851964198779183,0.00025851964198779183,0.00025851964198779183,0.00025851964198779183,0.00025851964198779183,0.00025851964198779183,0.0002585196419877919,0.00025851964198779183,0.00025851964198779183,0.00025851964198779183,0.00025851964198779183,0.00025851964198779183,0.0002585196419877919,0.00025851964198779183,0.00025851964198779183,0.00025851964198779183,0.00025851964198779183,0.00025851964198779183,0.00025851964198779167
1.6116699004679667,1.6095756657438631,1.6074655055903602,1.6053391713951097,1.6031964078574465,1.6010369527982322,1.5988605369543594,1.5966668837581042,1.5944557091014024,1.5922267210849856,1.5899796197522225,1.5877140968073944,1.58542983531804,1.5831265094009124,1.5808037838909939,1.5784613139929278,1.5760987449141377,1.573715711478807,1.5713118377218096,1.5688867364615815,1.5664400088508252,1.5639712439038433,1.5614800179991808,1.5589658943561497,1.5564284224836893,1.5538671375998803,1.5512815600202965,1.5486711945132352,1.5460355296196946,1.5433740369358047,1.5406861703552255,1.537971365268817,1.5352290377186741,1.5324585835033673,1.5296593772309646,1.5268307713161275,1.5239720949172486,1.5210826528092514,1.5181617241872878,1.5152085613961517,1.5122223885797528,1.5092024002444921,1.5061477597298045,1.503057597578512,1.4999310097989347,1.4967670560099369,1.4935647574592272,1.4903230949042854,1.4870410063442177,1.4837173845896683,1.48035107465659,1.4769408709681902,1.473485514347717,1.469983688782878,1.466434017940597,1.4628350614084402,1.4591853106363777,1.4554831845495353,1.4517270247991552,1.4479150906151061,1.4440455532188634,1.4401164897508156,1.4361258766600087,1.4320715824978019,1.4279513600493394,1.423762837727972,1.419503510147687,1.4151707277768997,1.4107616855634002,1.4062734104044443,1.4017027473175334,1.3970463441458103,1.3923006346066118,1.3874618194617512,1.3825258455526752,1.3774883824015265,1.372344796028949,1.3670901195793619,1.3617190202721734,1.3562257621101255,1.3506041636700952,1.3448475501725778,1.3389486988678951,1.332899776582266,1.3266922680253788,1.3203168931600768,1.3137635115571555,1.3070210111814498,1.3000771784490088,1.2929185456183094,1.2855302105753263,1.277895622766194,1.2699963273155987,1.2618116570946944,1.2533183594575832,1.2444901402475934,1.2352971020459178,1.2257050458567593,1.215674594554345,1.1947621138867088,1.1921570182724144,1.189204618172345,1.1858556880785547,1.1820531563762517,1.1777305878390985,1.1728102878941273,1.1672009061466353,1.1607943664565326,1.1534618753154589,1.1450486438658434,1.1353667746621807,1.1241854636470439,1.1112171597564158,1.096097429957041,1.0783546234061911,1.0573621830575917,1.032259597175352,1.0018120590110013,0.9641369431810675,0.9160934614365677,0.8515952756943842,0.754698827807187,0.4558906224264903,0.03036531564441885,0.0002599473420173348,0.0002585196419877921,0.00025851964198779183,0.00025851964198779183,0.0002585196419877919,0.00025851964198779183,0.00025851964198779183,0.00025851964198779183,0.00025851964198779183,0.00025851964198779183,0.00025851964198779183,0.00025851964198779183,0.00025851964198779183,0.0002585196419877919,0.00025851964198779183,0.00025851964198779183,0.00025851964198779183,0.00025851964198779183,0.00025851964198779183,0.0002585196419877919,0.00025851964198779183,0.00025851964198779183,0.00025851964198779183,0.00025851964198779183,0.00025851964198779183,0.00025851964198779167
1.6211841820364286,1.6190853579033468,1.6169717549237208,1.6148431687689433,1.6126993897326025,1.6105402025207207,1.6083653860333804,1.606174713137366,1.6039679504294506,1.6017448579899163,1.599505189125891,1.5972486901040501,1.5949750998722014,1.5926841497692557,1.5903755632230405,1.5880490554353874,1.5857043330538874,1.5833410938296615,1.5809590262604618,1.57855780921836,1.5761371115612388,1.5736965917272365,1.5712358973112486,1.5687546646225108,1.5662525182222276,1.5637290704401288,1.5611839208687555,1.558616655834184,1.5560268478418025,1.553414054995639,1.5507778203896367,1.548117671469128,1.5454331193606385,1.5427236581679886,1.5399887642324985,1.5372278953549317,1.5344404899766009,1.5316259663168614,1.528783721463973,1.5259131304160587,1.5230135450686098,1.5200842931446747,1.5171246770635365,1.514133972743308,1.5111114283324696,1.5080562628649268,1.5049676648326658,1.50184479066954,1.498686763139127,1.4954926696189137,1.4922615602723446,1.4889924460994397,1.485684296855783,1.4823360388286773,1.4789465524581251,1.475514669789054,1.472039171739795,1.4685187851702524,1.4649521797314586,1.4613379644762214,1.4576746842083597,1.4539608155455224,1.4501947626677696,1.4463748527208904,1.4424993308398322,1.438566354753498,1.4345739889275009,1.4305201981961304,1.4264028408286986,1.4222196609684445,1.4179682803741605,1.4136461893854726,1.409250737022038,1.4047791201145814,1.4002283713513775,1.3955953461070751,1.390876707901311,1.3860689123117023,1.3811681891390097,1.3761705225905974,1.3710716292108867,1.3658669332430011,1.3605515390527403,1.3551202001824896,1.3495672845262503,1.3438867350246884,1.3380720251670606,1.332116108450266,1.3260113607777666,1.3197495145746525,1.3133215831391443,1.3067177734315323,1.2999273851006885,1.2929386930415987,1.2857388101322085,1.2783135259701013,1.2706471163585795,1.262722116893991,1.2545190521645608,1.2375957108474052,1.2352052755232978,1.232497930223821,1.2294292801426032,1.2259480118262462,1.2219946033736597,1.2174997283782494,1.2123822596341287,1.2065467422606941,1.1998801522695652,1.1922476758220393,1.1834871198682497,1.1734013676360648,1.1617479706516474,1.1482244255570837,1.1324467288262932,1.1139170421350137,1.0919728654933818,1.0657029144958337,1.0337983554056713,0.9942650620123066,0.9437895496863603,0.8760149897991135,0.7745656045875072,0.42988394010107184,0.022228947389234123,0.00025870671222312416,0.0002585196419877919,0.0002585196419877919,0.0002585196419877919,0.00025851964198779183,0.00025851964198779183,0.0002585196419877919,0.00025851964198779183,0.00025851964198779183,0.00025851964198779183,0.00025851964198779183,0.00025851964198779183,0.0002585196419877919,0.00025851964198779183,0.00025851964198779183,0.00025851964198779183,0.00025851964198779183,0.00025851964198779183,0.0002585196419877919,0.00025851964198779183,0.0002585196419877919,0.0002585196419877919,0.00025851964198779183,0.00025851964198779183,0.00025851964198779167
1.631340242587948,1.6292838566374213,1.6272136446786964,1.6251294284197197,1.6230310249255449,1.6209182464471568,1.6187909002429286,1.6166487883925955,1.6144917076036034,1.6123194490096688,1.6101317979613692,1.6079285338085516,1.6057094296743417,1.6034742522204906,1.6012227614037897,1.5989547102232515,1.5966698444577243,1.5943679023935844,1.5920486145421184,1.5897117033461698,1.5873568828755953,1.5849838585110354,1.5825923266154598,1.58018197419291,1.577752478533809,1.5753035068461614,1.5728347158719025,1.5703457514876105,1.5678362482887145,1.5653058291562767,1.562754104805337,1.5601806733137427,1.557585119630282,1.5549670150608603,1.5523259167313412,1.5496613670255768,1.5469728929970163,1.5442600057521707,1.541522199804047,1.5387589523935352,1.5359697227765494,1.5331539514745494,1.5303110594858749,1.5274404474551089,1.5245414947974558,1.5216135587748671,1.5186559735203717,1.5156680490067675,1.5126490699555,1.509598294681199,1.5065149538669422,1.5033982492648883,1.5002473523164446,1.497061402685609,1.493839506698558,1.4905807356819025,1.4872841241913533,1.4839486681217369,1.4805733226884656,1.4771570002695946,1.473698568096552,1.4701968457804357,1.4666506026594683,1.4630585549517232,1.4594193626955982,1.4557316264586693,1.4519938837934976,1.4482046054166344,1.4443621910844575,1.440464965136518,1.4365111716737418,1.4324989693350472,1.428426425631643,1.4242915107933907,1.4200920910760488,1.415825921471837,1.4114906377584902,1.4070837478135791,1.4026026221112622,1.3980444833074979,1.393406394806903,1.38868524818951,1.383877749358325,1.3789804032483386,1.3739894969139268,1.3689010807837674,1.3637109478396054,1.3584146104364676,1.3530072744359765,1.3474838102697193,1.3418387204842752,1.3360661032411156,1.3301596111501777,1.3241124047017516,1.3179170994226672,1.311565705713664,1.3050495601176995,1.2983592465141267,1.291484505418881,1.2774049596231591,1.275193230778805,1.2726897374276858,1.2698540249881112,1.266639456308862,1.2629920950625453,1.2588493347215197,1.254138198438848,1.2487732075285944,1.242653676097803,1.2356602299215291,1.2276502576783657,1.2184518632508539,1.2078556659929933,1.1956034323087992,1.1813719054878415,1.164749114313071,1.1451984376438458,1.1220018053018168,1.0941653271529164,1.0602524288060882,1.0180639075880196,0.9639509840352158,0.8910519155227544,0.7828461223600026,0.35598006439657226,0.010981537932412744,0.0002585220817104795,0.00025851964198779183,0.0002585196419877919,0.00025851964198779183,0.00025851964198779183,0.00025851964198779183,0.00025851964198779183,0.00025851964198779183,0.00025851964198779183,0.00025851964198779183,0.00025851964198779183,0.0002585196419877919,0.00025851964198779183,0.00025851964198779183,0.00025851964198779183,0.00025851964198779183,0.00025851964198779183,0.0002585196419877919,0.00025851964198779183,0.00025851964198779183,0.00025851964198779183,0.00025851964198779183,0.00025851964198779183,0.00025851964198779167
1.6399335227557317,1.637966923636328,1.6359873833380225,1.633994736828295,1.6319888148361628,1.629969443758853,1.6279364455587746,1.6258896376513856,1.623828832784453,1.6217538389091142,1.6196644590430678,1.6175604911261614,1.6154417278685624,1.6133079565916582,1.6111589590617554,1.6089945113166184,1.6068143834848165,1.604618339597821,1.6024061373947383,1.6001775281195227,1.5979322563104783,1.5956700595817996,1.5933906683968821,1.5910938058330695,1.5887791873374768,1.5864465204734775,1.584095504657398,1.5817258308849236,1.579337181446662,1.57692922963227,1.574501639422491,1.5720540651684047,1.5695861512571185,1.5670975317630924,1.5645878300842053,1.5620566585616158,1.5595036180823982,1.5569282976638588,1.5543302740183538,1.551709111097356,1.5490643596134144,1.546395556538563,1.543702224577627,1.5409838716147688,1.5382399901314834,1.5354700565941448,1.532673530809047,1.5298498552427426,1.5269984543053226,1.5241187335940942,1.5212100790949374,1.518271856338406,1.5153034095074078,1.5123040604930766,1.5092731078951493,1.5062098259629009,1.5031134634723473,1.4999832425350943,1.4968183573338185,1.493617972778948,1.4903812230806521,1.4871072102297396,1.483795002380508,1.480443632127969,1.4770520946711907,1.4736193458537539,1.4701443000714784,1.4666258280366584,1.4630627543870103,1.4594538551264178,1.4557978548832686,1.452093423970785,1.448339175232162,1.444533660651573,1.4406753677101345,1.4367627154637077,1.4327940503169443,1.4287676414651986,1.424681675972791,1.4205342534525804,1.4163233803078132,1.4120469634927098,1.4077028037431432,1.4032885882229862,1.3988018825251296,1.3942401219587275,1.3896006020457354,1.384880468140183,1.380076704072649,1.3751861197099697,1.3702053373060943,1.3651307765040663,1.359958637831201,1.3546848845095993,1.3493052223822564,1.3438150777315379,1.3382095727425087,1.3324834983401188,1.3266312841095367,1.3147094977842508,1.3126497331488933,1.3103193870357848,1.3076812662074169,1.3046925871770951,1.301303993951544,1.2974583599527645,1.2930893131779293,1.2881194019286675,1.2824577872108172,1.2759973021761009,1.268610650633635,1.2601454121675937,1.2504173575464221,1.2392013137586904,1.2262183776077766,1.2111175157966352,1.1934482182114217,1.172618277648492,1.1478255777205204,1.117941654452238,1.0812989768004992,1.0352675758231333,0.975313198409609,0.8925645256101071,0.7662002602559865,0.2404112004671123,0.003194195490906563,0.00025851964338223477,0.0002585196419877919,0.00025851964198779183,0.00025851964198779183,0.00025851964198779183,0.00025851964198779183,0.00025851964198779183,0.00025851964198779183,0.00025851964198779183,0.00025851964198779183,0.0002585196419877919,0.00025851964198779183,0.00025851964198779183,0.00025851964198779183,0.00025851964198779183,0.00025851964198779183,0.0002585196419877919,0.00025851964198779183,0.00025851964198779183,0.00025851964198779183,0.00025851964198779183,0.00025851964198779183,0.00025851964198779167
1.6469152833083383,1.6450468789307298,1.6431664889584303,1.64127395864871,1.6393691301532083,1.6374518424331728,1.6355219311717935,1.6335792286835096,1.631623563820166,1.6296547618738841,1.627672644476515,1.6256770294955216,1.6236677309261447,1.6216445587796913,1.6196073189677758,1.6175558131823387,1.6154898387712582,1.6134091886093611,1.611313650964625,1.609203009359358,1.6070770424261314,1.604935523758223,1.6027782217543223,1.6006048994572304,1.5984153143862785,1.596209218363167,1.5939863573309188,1.5917464711656137,1.5894892934805653,1.587214551422567,1.5849219654598283,1.5826112491611883,1.5802821089661783,1.5779342439454753,1.5755673455512653,1.5731810973570022,1.5707751747860244,1.568349244828452,1.565902965745759,1.5634359867623704,1.5609479477436055,1.5584384788592351,1.5559072002318817,1.5533537215694422,1.5507776417806591,1.5481785485729134,1.5455560180312458,1.5429096141775593,1.5402388885088787,1.5375433795134679,1.534822612163535,1.5320760973831604,1.5293033314899913,1.5265037956091554,1.5236769550577252,1.5208222586979616,1.5179391382574314,1.515027007613962,1.5120852620432503,1.5091132774267835,1.5061104094175597,1.5030759925609094,1.5000093393675191,1.4969097393355397,1.4937764579184267,1.4906087354349007,1.487405785917137,1.4841667958929927,1.4808909230977412,1.4775772951104347,1.4742250079096084,1.4708331243426227,1.467400672502465,1.4639266440053216,1.4604099921616716,1.4568496300330385,1.4532444283658708,1.4495932133932783,1.4458947644945466,1.4421478117014728,1.4383510330395821,1.4345030516912183,1.4306024329663285,1.4266476810654611,1.422637235618067,1.4185694679776313,1.4144426772534116,1.4102550860566603,1.4060048359370867,1.4016899824829812,1.3973084900558521,1.3928582261275755,1.3883369551849147,1.3837423321627909,1.379071895363858,1.3743230588176967,1.3694931040282765,1.36457917105321,1.3595782488526573,1.34943256871845,1.3475099883810062,1.3453356874251117,1.3428753090352732,1.340089404937427,1.3369325627005164,1.3333523480116218,1.3292880118277082,1.3246688952147543,1.3194124404408751,1.313421681892397,1.3065820388700988,1.2987571548372527,1.2897834082685389,1.2794625310464174,1.267551461049411,1.2537480313723828,1.2376701722378038,1.218824582199152,1.1965574422077931,1.1699726055349238,1.1377862659383051,1.0980449492728153,1.0475088805439805,0.9800512310524719,0.8811710620033081,0.6917745975625638,0.11577994020466645,0.000588411834952344,0.00025851964198797404,0.00025851964198779183,0.00025851964198779183,0.0002585196419877919,0.00025851964198779183,0.00025851964198779183,0.00025851964198779183,0.00025851964198779183,0.00025851964198779183,0.0002585196419877919,0.00025851964198779183,0.00025851964198779183,0.00025851964198779183,0.00025851964198779183,0.00025851964198779183,0.0002585196419877919,0.00025851964198779183,0.0002585196419877919,0.0002585196419877919,0.00025851964198779183,0.00025851964198779183,0.00025851964198779167
1.6531588331121705,1.6513752251939753,1.6495807792272528,1.647775363825174,1.6459588451354592,1.644131086782935,1.6422919498098496,1.6404412926139182,1.6385789708840655,1.6367048375338187,1.6348187426323029,1.632920533332783,1.6310100537986867,1.6290871451270421,1.6271516452692514,1.6252033889491195,1.6232422075780517,1.621267929167322,1.6192803782373149,1.6172793757236303,1.6152647388799433,1.6132362811774912,1.6111938122010692,1.6091371375413914,1.607066058683687,1.6049803728923704,1.6028798730916411,1.6007643477418372,1.5986335807113776,1.5964873511441078,1.5943254333218544,1.5921475965219947,1.589953604869822,1.5877432171854886,1.5855161868252925,1.5832722615170622,1.58101118318938,1.5787326877943737,1.576436505123793,1.5741223586180673,1.571789965168033,1.5694390349089962,1.567069271006782,1.564680369435404,1.5622720187459667,1.559843899826394,1.557395685651553,1.5549270410233262,1.5524376223001524,1.549927077115533,1.547395044084983,1.5448411525008636,1.5422650220145058,1.5396662623050168,1.5370444727341022,1.5343992419862238,1.5317301476933616,1.5290367560436091,1.5263186213727964,1.5235752857382776,1.520806278473985,1.518011115725787,1.5151892999661443,1.5123403194869998,1.509463647869769,1.506558743431244,1.5036250486441538,1.500661989531048,1.4976689750300995,1.4946453963313442,1.4915906261817868,1.488504018157717,1.4853849059024864,1.4822326023279009,1.4790463987772782,1.475825564148117,1.4725693439722092,1.4692769594509136,1.465947606443191,1.4625804544038707,1.4591746452694998,1.4557292922889946,1.4522434787961775,1.4487162569211676,1.4451466462374478,1.4415336323413264,1.4378761653603864,1.4341731583874195,1.4304234858362617,1.4266259817158906,1.4227794378191243,1.4188826018223013,1.414934175292406,1.4109328115983049,1.4068771137230502,1.402765631974689,1.3985968615936717,1.3943692402559338,1.390081145472057,1.3814093875959301,1.3796095527185501,1.3775746601875927,1.3752727996315386,1.3726673831883591,1.369716359519018,1.3663712661324465,1.362576077887263,1.35826579577736,1.3533647008725063,1.3477841709646523,1.3414199179945223,1.334148446192123,1.3258224434087225,1.3162646834058178,1.3052598037500438,1.2925429763813165,1.2777839007725984,1.2605635161711979,1.2403389193217331,1.2163882273282256,1.187719210176231,1.1529071255288816,1.1097786810168182,1.0547065071545851,0.9806559989165448,0.8691673927967588,0.5245640346886191,0.03290944455434567,0.0002594755433310179,0.0002585196419877919,0.00025851964198779183,0.0002585196419877919,0.00025851964198779183,0.00025851964198779183,0.00025851964198779183,0.0002585196419877919,0.00025851964198779183,0.0002585196419877919,0.00025851964198779183,0.00025851964198779183,0.00025851964198779183,0.00025851964198779183,0.0002585196419877919,0.0002585196419877919,0.00025851964198779183,0.0002585196419877919,0.0002585196419877919,0.0002585196419877918,0.00025851964198779183,0.00025851964198779167
1.6605812856041633,1.6588622903265653,1.6571335380254946,1.6553949228449991,1.6536463369022734,1.6518876702713288,1.6501188109621518,1.6483396448957328,1.6465500558752943,1.6447499255540006,1.6429391333993872,1.6411175566547138,1.6392850702974104,1.6374415469947627,1.6355868570569463,1.6337208683875084,1.6318434464313698,1.6299544541204012,1.628053751816615,1.6261411972529949,1.6242166454719795,1.6222799487615984,1.6203309565892465,1.618369515533086,1.6163954692110356,1.6144086582073203,1.6124089199965288,1.6103960888651325,1.6083699958304016,1.6063304685566613,1.604277331268804,1.602210404662996,1.6001295058144798,1.5980344480823947,1.5959250410115153,1.5938010902308084,1.5916623973487043,1.5895087598449693,1.5873399709590628,1.5851558195748556,1.5829560901015838,1.5807405623508963,1.5785090114098632,1.5762612075097924,1.5739969158907032,1.571715896661294,1.5694179046542398,1.5671026892766424,1.5647699943554536,1.5624195579776798,1.5600511123251728,1.5576643835038009,1.5552590913667845,1.5528349493319786,1.5503916641928674,1.5479289359230297,1.54544645747383,1.542943914565073,1.5404209854683524,1.5378773407828157,1.5353126432030562,1.532726547278828,1.5301186991662827,1.5274887363703948,1.5248362874782537,1.5221609718828752,1.5194623994971812,1.516740170457782,1.5139938748181918,1.5112230922310894,1.50842739161924,1.5056063308346697,1.5027594563056945,1.499886302671389,1.4969863924030773,1.494059235412437,1.491104328645795,1.4881211556642118,1.4851091862089527,1.4820678757519639,1.478996665030995,1.4758949795690355,1.4727622291777807,1.469597807444897,1.4664010912049301,1.4631714399937936,1.4599081954869046,1.4566106809211883,1.453278200501389,1.4499100387913832,1.4465054600915657,1.443063707803804,1.4395840037860959,1.436065547699833,1.4325075163536385,1.4289090630491474,1.4252693169359858,1.4215873823857352,1.4178623383981408,1.4103473402270796,1.408657822421552,1.4067481554273862,1.40458859263512,1.4021450664517094,1.3993784732743126,1.3962438144449911,1.3926891565157007,1.3886543624425658,1.3840695290546274,1.3788530431812633,1.3729091358868322,1.3661247661466795,1.3583655935917665,1.349470690672143,1.3392454738863697,1.3274520595611619,1.313795795351113,1.297905938601256,1.2793070580243986,1.257375121943186,1.2312670651074926,1.1998017088609454,1.1612449902925397,1.1128898093512214,1.0501425798055706,0.9642299175296981,0.835081689333951,0.29109268091805585,0.004575576376054001,0.0002585196497918867,0.00025851964198779183,0.00025851964198779183,0.00025851964198779183,0.00025851964198779183,0.00025851964198779183,0.00025851964198779183,0.00025851964198779183,0.0002585196419877919,0.00025851964198779183,0.0002585196419877918,0.00025851964198779183,0.00025851964198779183,0.00025851964198779183,0.0002585196419877919,0.0002585196419877918,0.00025851964198779183,0.00025851964198779183,0.0002585196419877918,0.00025851964198779183,0.00025851964198779167
1.6670699290965891,1.6654335485606946,1.6637884062619375,1.66213441189211,1.660471473753202,1.6587994987294776,1.6571183922588733,1.6554280583037047,1.6537283993206604,1.6520193162300645,1.6503007083843833,1.6485724735359635,1.646834507803975,1.6450867056405363,1.643328959796002,1.6415611612833902,1.639783199341924,1.6379949613996614,1.6361963330351914,1.6343871979383728,1.6325674378700805,1.6307369326209398,1.6288955599690207,1.627043195636458,1.6251797132449717,1.6233049842702585,1.6214188779952197,1.619521261461997,1.617611999422781,1.6156909542893638,1.6137579860813922,1.6118129523732987,1.609855708239864,1.6078861062003802,1.605903996161377,1.6039092253578677,1.6019016382930853,1.5998810766766574,1.5978473793611923,1.5958003822772215,1.5937399183664704,1.5916658175134015,1.5895779064750006,1.5874760088087485,1.585359944798746,1.5832295313799416,1.5810845820604162,1.5789249068416857,1.5767503121369695,1.5745606006873858,1.5723555714760238,1.5701350196398534,1.5678987363794241,1.565646508866312,1.563378120148275,1.5610933490520675,1.5587919700838877,1.5564737533274076,1.5541384643393579,1.551785864042636,1.5494157086169027,1.5470277493866464,1.5446217327066922,1.5421973998451421,1.539754486863731,1.5372927244956,1.5348118380204887,1.532311547137356,1.5297915658344574,1.5272516022569038,1.524691358571754,1.5221105308306941,1.5195088088303825,1.516885875970548,1.5142414091099556,1.5115750784203763,1.5088865472387076,1.5061754719174458,1.5034415016737148,1.500684278437106,1.497903436696622,1.4950986033470495,1.4922693975351464,1.4894154305060763,1.4865363054505776,1.4836316173534339,1.4807009528438722,1.4777438900486048,1.4747599984483215,1.4717488387385396,1.4687099626958302,1.4656429130505706,1.462547223367504,1.459422417935555,1.4562680116685085,1.4530835100183657,1.4498684089033973,1.4466221946531523,1.4433443439729485,1.4367434938305879,1.4351540987721196,1.433358050412691,1.43132755433922,1.4290308162354441,1.4264313910823359,1.4234874045862338,1.420150615313061,1.4163652762780599,1.4120667413501802,1.4071797431325894,1.4016162424564522,1.3952727113309493,1.3880266548280762,1.3797320925952972,1.3702135900083514,1.359258221907279,1.346604513204768,1.3319268261975017,1.3148126475085262,1.2947283344646707,1.2709651371248747,1.2425493450232583,1.208081832087436,1.165423616985381,1.1109952804887187,1.0378907762415819,0.9288912447949185,0.6942771094589426,0.0916256782566456,0.00038596711703476206,0.0002585196419878082,0.00025851964198779183,0.00025851964198779183,0.00025851964198779183,0.00025851964198779183,0.00025851964198779183,0.00025851964198779183,0.0002585196419877919,0.00025851964198779183,0.0002585196419877918,0.00025851964198779183,0.00025851964198779183,0.00025851964198779183,0.0002585196419877919,0.0002585196419877918,0.00025851964198779183,0.00025851964198779183,0.0002585196419877918,0.00025851964198779183,0.00025851964198779167
1.67210670470174,1.6705637464986005,1.6690129602020123,1.6674542694130332,1.6658875966703672,1.6643128634357007,1.6627299900784642,1.6611388958600497,1.6595394989174936,1.657931716246643,1.6563154636848172,1.6546906558929764,1.6530572063373983,1.651415027270881,1.6497640297134626,1.648104123432672,1.6464352169233065,1.644757217386738,1.6430700307097494,1.6413735614428981,1.6396677127784043,1.6379523865275618,1.6362274830976713,1.634492901468487,1.632748539168175,1.6309942922487806,1.629230055261198,1.6274557212296363,1.6256711816255809,1.6238763263412401,1.622071043662477,1.6202552202412186,1.6184287410673361,1.6165914894399982,1.6147433469384853,1.6128841933924674,1.6110139068517382,1.6091323635554047,1.6072394379005306,1.6053350024102297,1.6034189277012134,1.6014910824507866,1.5995513333632996,1.5975995451360558,1.595635580424679,1.593659299807946,1.5916705617520952,1.5896692225746145,1.5876551364075233,1.5856281551601608,1.5835881284814957,1.5815349037219768,1.5794683258949436,1.577388237637621,1.5752944791717274,1.5731868882637277,1.5710653001847614,1.568929547670292,1.5667794608795174,1.5646148673545923,1.56243559197972,1.5602414569401695,1.558032281681293,1.5558078828676132,1.5535680743420675,1.551312667085497,1.5490414691764902,1.5467542857516776,1.5444509189666182,1.5421311679573952,1.5397948288030812,1.5374416944892253,1.5350715548725464,1.5326841966470195,1.5302794033115714,1.5278569551396155,1.525416629150679,1.522958199084396,1.520481435377174,1.5179861051418562,1.5154719721507424,1.5129387968223618,1.5103863362124204,1.5078143440093996,1.5052225705353053,1.502610762752135,1.4999786642746669,1.497326015390239,1.4946525530862516,1.4919580110861896,1.4892421198950487,1.4865046068551286,1.4837451962132608,1.4809636092006522,1.4781595641266407,1.475332776487825,1.4724829590941781,1.469609822213969,1.4667130737395335,1.4608877956130495,1.4593854733764742,1.4576881161304707,1.4557695766009022,1.4535999691338408,1.4511450686487435,1.4483655937292312,1.4452163459236973,1.4416451689297387,1.4375916798677442,1.4329857089749876,1.4277453617576594,1.4217745858207778,1.4149600783905825,1.407167302135499,1.398235273438608,1.387969627082093,1.376133206616801,1.3624330125557942,1.346501633895071,1.327870044158605,1.3059263511236285,1.2798506358651422,1.2485067834392778,1.2102514360581578,1.1625681399757486,1.1012825613366564,1.018546410284809,0.8954199105951914,0.4083323137901619,0.01159824398516726,0.00025852117092531454,0.00025851964198779183,0.00025851964198779183,0.00025851964198779183,0.00025851964198779183,0.00025851964198779183,0.00025851964198779183,0.0002585196419877919,0.00025851964198779183,0.0002585196419877918,0.00025851964198779183,0.00025851964198779183,0.00025851964198779183,0.0002585196419877919,0.0002585196419877918,0.00025851964198779183,0.00025851964198779183,0.0002585196419877918,0.00025851964198779183,0.00025851964198779167
1.6765147494631971,1.6750548429045578,1.6735880086235952,1.6721141853901607,1.6706333110983496,1.6691453227721884,1.667650156569201,1.6661477477821034,1.6646380308388486,1.6631209393012059,1.661596405862045,1.660064362341473,1.6585247396819478,1.6569774679424871,1.6554224762920662,1.653859693002296,1.6522890454394532,1.6507104600559355,1.6491238623811935,1.6475291770121978,1.645926327603483,1.6443152368568106,1.6426958265104885,1.6410680173283743,1.639431729088598,1.637786880572022,1.6361333895504682,1.6344711727747314,1.6328001459623964,1.6311202237854805,1.6294313198579153,1.6277333467228865,1.6260262158400458,1.6243098375726113,1.622584121174369,1.6208489747765928,1.619104305374898,1.6173500188160392,1.615586019784677,1.6138122117901181,1.612028497153057,1.6102347769923284,1.6084309512116957,1.6066169184866876,1.604792576251513,1.6029578206860673,1.6011125467030618,1.5992566479352945,1.5973900167230954,1.5955125441019695,1.5936241197904741,1.5917246321783596,1.5898139683150088,1.5878920138982175,1.5859586532633516,1.5840137693729264,1.5820572438066567,1.580088956752025,1.5781087869954225,1.576116611913919,1.5741123074677272,1.572095748193421,1.5700668071979837,1.568025356153757,1.565971265294376,1.5639044034117728,1.5618246378543428,1.5597318345263704,1.5576258578888253,1.5555065709616358,1.553373835327564,1.5512275111378158,1.5490674571195169,1.546893530585212,1.5447055874445443,1.5425034822182848,1.5402870680549001,1.5380561967498558,1.5358107187678696,1.533550483268345,1.5312753381342372,1.5289851300046209,1.5266797043112545,1.524358905319467,1.5220225761737138,1.5196705589481947,1.5173026947029633,1.5149188235460045,1.5125187847018196,1.5101024165871244,1.5076695568943501,1.505220042683742,1.5027537104849813,1.5002703964094002,1.49776993627408,1.4952521657393527,1.492716920461553,1.4901640362632775,1.487593349323921,1.4824295725383572,1.4810128837251846,1.4794125550564725,1.4776040451318861,1.4755593260735196,1.473246329405023,1.4706282869694356,1.467662942126146,1.4643015991884405,1.4604879691802608,1.456156756394252,1.4512319112568484,1.445624448095747,1.4392296875754649,1.4319237264359594,1.423558851275495,1.4139574807964954,1.4029040113902416,1.390133598520874,1.3753163262514776,1.3580341923866641,1.3377464350124737,1.3137349859053664,1.2850139452999887,1.2501688287722055,1.2070448425299827,1.152066104249733,1.0784726358611787,0.970310138268033,0.7636931647844619,0.12799375753553136,0.0005769479165770327,0.0002585196419878762,0.00025851964198779183,0.00025851964198779183,0.00025851964198779183,0.00025851964198779183,0.00025851964198779183,0.0002585196419877919,0.00025851964198779183,0.0002585196419877918,0.00025851964198779183,0.00025851964198779183,0.00025851964198779183,0.0002585196419877919,0.0002585196419877918,0.00025851964198779183,0.00025851964198779183,0.0002585196419877918,0.00025851964198779183,0.00025851964198779167
1.6779466558406277,1.6766227932896378,1.6752918710096398,1.673953809159745,1.6726085300359184,1.671255958156132,1.6698960203218838,1.6685286456566866,1.667153765622356,1.6657713140141461,1.6643812269359335,1.6629834427567929,1.661577902050402,1.6601645475187967,1.6587433239020268,1.657314177875311,1.6558770579352609,1.6544319142767532,1.6529786986619828,1.6515173642831815,1.6500478656204327,1.6485701582959431,1.647084198926052,1.645589944972181,1.6440873545918355,1.6425763864906837,1.6410569997766442,1.6395291538168253,1.6379928080980608,1.6364479220917092,1.6348944551232847,1.6333323662474115,1.63176161412851,1.6301821569275496,1.6285939521951251,1.6269969567710543,1.6253911266906265,1.6237764170975764,1.6221527821638024,1.620520175015811,1.6188785476678071,1.6172278509613363,1.6155680345113312,1.6138990466584016,1.6122208344271687,1.6105333434904443,1.6088365181390125,1.6071303012567872,1.6054146343010887,1.6036894572877878,1.6019547087810604,1.6002103258874905,1.59845624425427,1.5966923980712446,1.5949187200765529,1.5931351415656305,1.5913415924033458,1.5895380010390492,1.5877242945243344,1.5859003985333164,1.584066237385245,1.5822217340692937,1.5803668102713708,1.5785013864028155,1.5766253816308633,1.5747387139107738,1.5728413000195325,1.5709330555910517,1.5690138951528187,1.56708373216394,1.565142479054562,1.5631900472666567,1.5612263472961683,1.5592512887365477,1.557264780323704,1.5552667299824197,1.553257044874293,1.551235631447283,1.5492023954869478,1.5471572421694784,1.5451000761166525,1.54303080145283,1.5409493218641508,1.5388555406600843,1.5367493608375125,1.5346306851475384,1.5324994161652246,1.5303554563624844,1.52819870818437,1.5260290741290081,1.523846456831468,1.521650759151851,1.5194418842679256,1.517219735772643,1.5149842177769053,1.5127352350179746,1.5104726929739443,1.508196497984733,1.5059065573800843,1.5013105458890978,1.4999695498736056,1.498454897680274,1.496743431536789,1.4948087182934955,1.4926205332208964,1.4901442473656774,1.487340096139498,1.4841623003990432,1.4805580026258625,1.4764659690079602,1.47181499189522,1.466521904181959,1.4604890844947822,1.4536012846580482,1.4457215408067796,1.4366858236302544,1.4262959194786526,1.414309774064356,1.4004281052149812,1.384275371641456,1.3653719192647624,1.343091798112789,1.3165962214442375,1.284723264781457,1.2457932871821062,1.19723643751769,1.134792055999899,1.0504365745901987,0.9246160264105978,0.4325001381033459,0.012796814320701146,0.00025852186773468516,0.00025851964198779183,0.00025851964198779183,0.00025851964198779183,0.00025851964198779183,0.00025851964198779183,0.0002585196419877919,0.00025851964198779183,0.0002585196419877918,0.00025851964198779183,0.00025851964198779183,0.00025851964198779183,0.0002585196419877919,0.0002585196419877918,0.00025851964198779183,0.00025851964198779183,0.0002585196419877918,0.00025851964198779183,0.00025851964198779167
1.6811396862723837,1.6798507923596038,1.6785565573371735,1.6772569405180382,1.6759519008284454,1.6746413968070013,1.673325386603604,1.6720038279782752,1.6706766782999105,1.669343894544966,1.6680054332960914,1.6666612507407326,1.665311302669707,1.6639555444757739,1.6625939311522024,1.6612264172913553,1.6598529570832927,1.6584735043144103,1.6570880123661202,1.655696434213579,1.6542987224244792,1.6528948291579078,1.6514847061632796,1.650068304779358,1.6486455759333676,1.6472164701402081,1.6457809375017785,1.644338927706419,1.6428903900284815,1.6414352733280309,1.6399735260506976,1.6385050962276757,1.6370299314758905,1.6355479789983354,1.6340591855845898,1.6325634976115344,1.631060861044264,1.6295512214372203,1.6280345239355463,1.6265107132766807,1.6249797337922034,1.6234415294099405,1.6218960436563514,1.6203432196592014,1.6187830001505434,1.6172153274700167,1.6156401435684864,1.6140573900120312,1.6124670079863055,1.6108689383012862,1.6092631213964301,1.607649497346254,1.6060280058663676,1.6043985863199675,1.602761177724829,1.6011157187608087,1.5994621477778854,1.5978004028047672,1.5961304215580854,1.5944521414522095,1.5927654996097076,1.5910704328724836,1.5893668778136236,1.5876547707499815,1.5859340477555417,1.5842046446755915,1.5824664971417424,1.5807195405878363,1.5789637102667835,1.5771989412683645,1.57542516853805,1.5736423268968787,1.5718503510624438,1.5700491756710355,1.5682387353009972,1.5664189644973416,1.564589797797693,1.5627511697596084,1.5609030149893424,1.5590452681721212,1.5571778641039924,1.5553007377253227,1.5534138241560185,1.5515170587325446,1.5496103770468297,1.547693714987136,1.545767008780991,1.5438301950402769,1.5418832108085732,1.5399259936108685,1.5379584815057492,1.5359806131401958,1.5339923278071086,1.5319935655057149,1.5299842670050074,1.5279643739103834,1.525933828733672,1.5238925749667545,1.5218405571590115,1.517724844053009,1.5164588159453694,1.5150290257030388,1.5134136870730173,1.5115879472106957,1.5095234076249673,1.5071875568406277,1.504543094693852,1.501547122512813,1.4981501658363106,1.4942949860038182,1.4899151227534637,1.4849330901490634,1.4792581200654773,1.4727833069327991,1.4653819478291743,1.4569027824135155,1.4471636991897687,1.4359432560812224,1.4229690061632525,1.407901014027416,1.3903078775408784,1.3696305789950174,1.3451255611168307,1.3157700920575117,1.2800936734798787,1.2358491585710736,1.1792865194128852,1.103232465411885,0.9902526391869246,0.7610272373566824,0.11280811268126023,0.0004533012239950904,0.0002585196419878143,0.00025851964198779183,0.00025851964198779183,0.00025851964198779183,0.00025851964198779183,0.0002585196419877919,0.00025851964198779183,0.0002585196419877918,0.00025851964198779183,0.00025851964198779183,0.00025851964198779183,0.0002585196419877919,0.0002585196419877918,0.00025851964198779183,0.00025851964198779183,0.0002585196419877918,0.00025851964198779183,0.00025851964198779167
1.6834371972232471,1.6822306124786297,1.6810191848106535,1.6798028776520506,1.678581654130755,1.6773554770797428,1.6761243090459619,1.6748881122984713,1.6736468488359049,1.672400480393345,1.6711489684486975,1.6698922742286357,1.6686303587141773,1.6673631826459503,1.666090706529199,1.6648128906385684,1.6635296950227063,1.6622410795087192,1.6609470037065042,1.6596474270129882,1.6583423086162943,1.657031607499854,1.6557152824464851,1.6543932920424507,1.6530655946815092,1.6517321485689758,1.6503929117257978,1.6490478419926615,1.6476968970341361,1.6463400343428658,1.6449772112438155,1.6436083848985839,1.642233512309786,1.6408525503255151,1.639465455643894,1.6380721848177164,1.6366726942591976,1.635266940244829,1.633854878920355,1.6324364663058744,1.6310116583010787,1.629580410690635,1.6281426791497209,1.6266984192497262,1.6252475864641276,1.6237901361745506,1.6223260236770258,1.6208552041884596,1.6193776328533236,1.6178932647505844,1.6164020549008817,1.614903958273976,1.6133989297964768,1.611886924359874,1.610367896828885,1.6088418020501412,1.6073085948612296,1.6057682301001162,1.6042206626149667,1.6026658472743938,1.6011037389781506,1.5995342926682992,1.5979574633408788,1.596373206058105,1.5947814759611239,1.593182228283355,1.59157541836446,1.5899610016649581,1.588338933781537,1.5867091704630865,1.5850716676274976,1.583426381379264,1.581773268027931,1.5801122841074313,1.5784433863963567,1.5767665319392126,1.5750816780687014,1.5733887824290929,1.5716878030007324,1.5699786981257478,1.5682614265350123,1.5665359473764355,1.564802220244645,1.563060205212137,1.5613098628619784,1.5595511543221456,1.5577840413015973,1.5560084861281898,1.554224451788552,1.552431901970058,1.5506308011050496,1.5488211144174862,1.5470028079722293,1.545175848727205,1.543340204588731,1.5414958444703553,1.5396427383556224,1.5377808573652707,1.5359101738294847,1.532159945599279,1.530954894180126,1.5295941190819935,1.528056945590639,1.5263198007371859,1.5243557639081986,1.522134035591766,1.5196193059053902,1.516770999456725,1.5135423662811294,1.5098793793992171,1.5057193869459773,1.5009894493529758,1.495604267469824,1.4894635723164322,1.4824487958988504,1.4744187663933022,1.465204055469695,1.4545994259303225,1.442353541064488,1.4281546251732622,1.411609961020464,1.3922156867717805,1.3693107183454145,1.342003472892076,1.3090493529228762,1.2686328585477684,1.2179484211951428,1.1523045400652268,1.062886933760441,0.9293062860183531,0.37033567566834985,0.007228871207022442,0.0002585197080204181,0.00025851964198779183,0.00025851964198779183,0.00025851964198779183,0.00025851964198779183,0.0002585196419877919,0.00025851964198779183,0.0002585196419877918,0.00025851964198779183,0.00025851964198779183,0.00025851964198779183,0.0002585196419877919,0.0002585196419877918,0.00025851964198779183,0.00025851964198779183,0.0002585196419877918,0.00025851964198779183,0.00025851964198779167
1.68723568125187,1.6860687598886737,1.6848976243579916,1.6837222485796595,1.6825426062901958,1.6813586710424981,1.6801704162055795,1.6789778149643504,1.6777808403194425,1.676579465087082,1.6753736618990107,1.6741634032024573,1.6729486612601638,1.6717294081504648,1.670505615767427,1.6692772558210478,1.6680442998375156,1.666806719159537,1.6655644849467308,1.6643175681760936,1.6630659396425376,1.6618095699595068,1.660548429559672,1.6592824886957078,1.6580117174411573,1.6567360856913855,1.6554555631646275,1.654170119403131,1.6528797237744017,1.6515843454725538,1.6502839535197666,1.6489785167678577,1.6476680038999716,1.6463523834323912,1.6450316237164757,1.643705692940731,1.6423745591330172,1.6410381901628968,1.639696553744133,1.6383496174373393,1.6369973486527891,1.635639714653391,1.634276682557834,1.6329082193439155,1.6315342918520463,1.6301548667889563,1.6287699107315934,1.6273793901312315,1.625983271317792,1.62458152050439,1.6231741037921095,1.6217609871750172,1.620342136545429,1.6189175176994297,1.6174870963426646,1.6160508380964045,1.6146087085039014,1.613160673037042,1.6117066971033105,1.610246746053072,1.60878078518719,1.607308779764988,1.6058306950125705,1.6043464961315124,1.6028561483079367,1.6013596167219877,1.5998568665577206,1.5983478630134158,1.5968325713123426,1.595310956713978,1.5937829845257068,1.5922486201150123,1.5907078289221834,1.5891605764735488,1.5876068283952647,1.5860465504276677,1.5844797084402245,1.5829062684470854,1.5813261966232788,1.5797394593215555,1.578146023089916,1.5765458546898408,1.5749389211152467,1.5733251896122016,1.5717046276994162,1.570077203189546,1.5684428842113296,1.5668016392325923,1.5651534370841473,1.563498246984622,1.5618360385662453,1.560166781901626,1.55849044753156,1.5568070064938946,1.5551164303534961,1.5534186912333483,1.5517137618468262,1.5500016155311824,1.5482822262822866,1.544836780998427,1.5436904347901723,1.542396115136398,1.5409342219756659,1.5392824205056583,1.537415220795608,1.5353034818553009,1.5329138235228326,1.530207925008006,1.527141682915745,1.5236641934967539,1.5197165128926966,1.5152301340201604,1.5101250976152953,1.5043076249933989,1.4976671168284708,1.4900722986378792,1.481366198054314,1.4713594918084214,1.4598215275537376,1.446467945685735,1.4309431831136128,1.4127950047301443,1.3914360964828862,1.3660835794889155,1.3356584018369624,1.2986056690774945,1.2525414446105108,1.1934570594885299,1.1135133077117898,0.9922495911200595,0.6800829473706536,0.06257862946860329,0.0002724764229227521,0.00025851964198779227,0.00025851964198779183,0.00025851964198779183,0.00025851964198779183,0.0002585196419877919,0.00025851964198779183,0.0002585196419877918,0.00025851964198779183,0.00025851964198779183,0.00025851964198779183,0.0002585196419877919,0.0002585196419877918,0.00025851964198779183,0.00025851964198779183,0.0002585196419877918,0.00025851964198779183,0.00025851964198779167
1.6914772935388318,1.6903537949625567,1.6892264951049767,1.6880953732751758,1.6869604086449468,1.6858215802498546,1.6846788669902024,1.6835322476319157,1.6823817008073632,1.681227205016121,1.6800687386256974,1.678906279872221,1.677739806861113,1.6765692975677393,1.6753947298380627,1.674216081389292,1.6730333298105422,1.6718464525635086,1.6706554269831604,1.6694602302784614,1.6682608395331218,1.6670572317063845,1.6658493836338535,1.6646372720283646,1.6634208734809097,1.6622001644616096,1.6609751213207469,1.6597457202898596,1.6585119374828998,1.65727374889746,1.6560311304160746,1.6547840578075952,1.6535325067286477,1.6522764527251745,1.6510158712340615,1.649750737584859,1.648481027001599,1.6472067146047105,1.64592777541304,1.6446441843459787,1.6433559162257043,1.6420629457795366,1.6407652476424168,1.6394627963595108,1.6381555663889442,1.636843532104672,1.6355266677994893,1.6342049476881872,1.6328783459108593,1.6315468365363661,1.630210393565958,1.6288689909370708,1.6275226025272918,1.626171202158506,1.6248147636012322,1.6234532605791465,1.6220866667738114,1.6207149558296086,1.6193381013588866,1.6179560769473316,1.6165688561595648,1.6151764125449828,1.6137787196438362,1.6123757509935712,1.6109674801354272,1.609553880621312,1.6081349260209563,1.6067105899293612,1.6052808459745473,1.6038456678256152,1.6024050292011318,1.600958903877848,1.5995072656997646,1.598050088587555,1.596587346548359,1.5951190136859603,1.593645064211359,1.5921654724537577,1.59068021287197,1.5891892600662703,1.587692588790699,1.5861901739658402,1.584681990692087,1.5831680142634148,1.581648220181679,1.5801225841714592,1.5785910821954658,1.577053690470537,1.5755103854842443,1.5739611440121337,1.572405943135628,1.5708447602606181,1.5692775731367747,1.5677043598776135,1.5661250989813493,1.5645397693525789,1.5629483503248391,1.5613508216840866,1.5597471636931552,1.5565347204384585,1.555436563134246,1.5541968005004978,1.5527967160405565,1.551214992606635,1.5494273154858968,1.5474059048865125,1.545118962446358,1.5425300122431376,1.5395971112881528,1.5362718971141471,1.5324984300635716,1.5282117741287522,1.5233362410196016,1.517783194983617,1.5114482768084558,1.5042078480842922,1.4959143709024003,1.4863903065002806,1.4754199092444875,1.4627379568504875,1.4480138959343702,1.4308289047561558,1.410641599024337,1.386734710292832,1.3581281702335384,1.3234289927733665,1.2805525564551805,1.2261549618353085,1.1543265541847907,1.0530336800083122,0.8919953839554584,0.23972221468740756,0.0019012884388854118,0.0002585196420110998,0.00025851964198779183,0.00025851964198779183,0.00025851964198779183,0.0002585196419877919,0.00025851964198779183,0.0002585196419877918,0.00025851964198779183,0.00025851964198779183,0.00025851964198779183,0.0002585196419877919,0.0002585196419877918,0.00025851964198779183,0.00025851964198779183,0.0002585196419877918,0.00025851964198779183,0.00025851964198779167
1.6946146652148912,1.693549888521992,1.6924815772809985,1.6914097118543532,1.6903342724781707,1.689255239271169,1.688172592242786,1.6870863113005923,1.685996376257087,1.6849027668359622,1.6838054626779029,1.682704443345992,1.6815996883307642,1.6804911770549709,1.6793788888780814,1.6782628031005737,1.6771428989680341,1.6760191556751014,1.674891552369277,1.673760068154624,1.6726246820953747,1.6714853732194606,1.6703421205219815,1.6691949029686302,1.668043699499075,1.6668884890303206,1.6657292504600483,1.6645659626699496,1.6633986045290554,1.6622271548970724,1.6610515926277267,1.6598718965721264,1.6586880455821449,1.6575000185138276,1.656307794230834,1.655111351607908,1.6539106695343953,1.6527057269177963,1.6514965026873714,1.6502829757977957,1.6490651252328683,1.647842930009284,1.6466163691804652,1.6453854218404635,1.644150067127936,1.6429102842301946,1.6416660523873392,1.6404173508964788,1.6391641591160429,1.637906456470191,1.6366442224533253,1.6353774366347105,1.6341060786632118,1.6328301282721502,1.6315495652842882,1.630264369616949,1.6289745212872775,1.6276800004176508,1.626380787241246,1.6250768621077702,1.6237682054893685,1.62245479798671,1.6211366203352644,1.6198136534117822,1.6184858782409808,1.6171532760024523,1.6158158280378008,1.6144735158580186,1.6131263211511164,1.611774225790014,1.6104172118407079,1.609055261570722,1.6076883574578613,1.606316482199275,1.6049396187208482,1.6035577501869303,1.6021708600104203,1.600778931863222,1.5993819496870838,1.597979897704844,1.5965727604320947,1.5951605226892884,1.5937431696143047,1.5923206866755018,1.5908930596852757,1.589460274814153,1.5880223186054523,1.5865791779905398,1.5851308403047264,1.58367729330384,1.582218525181534,1.580754524587377,1.579285280645809,1.577810782976026,1.5763310217129058,1.5748459875290803,1.5733556716582957,1.5718600659202295,1.570359162746964,1.567353316569066,1.5662977149113717,1.5651061083598807,1.5637605525966025,1.5622406191531857,1.5605230189781916,1.558581159849765,1.556384623466721,1.5538985443103381,1.5510828674348454,1.5478914557673604,1.5442710086325593,1.5401597411195243,1.5354857571845584,1.5301650259294028,1.5240988370865605,1.5171705633370411,1.5092414856140495,1.5001453297973613,1.4896809969495297,1.47760270595554,1.463606338000539,1.4473100479219694,1.428225936789331,1.4057172459514946,1.378931000028994,1.346686594741763,1.3072793762775388,1.258103260479174,1.1948289589065302,1.1092088332813272,0.9803528150318384,0.5066593268371827,0.018841402175741682,0.00025853367041314327,0.00025851964198779183,0.00025851964198779183,0.00025851964198779183,0.0002585196419877919,0.00025851964198779183,0.0002585196419877918,0.00025851964198779183,0.00025851964198779183,0.00025851964198779183,0.0002585196419877919,0.0002585196419877918,0.00025851964198779183,0.00025851964198779183,0.0002585196419877918,0.00025851964198779183,0.00025851964198779167
1.6970835663684,1.6960696868704936,1.6950526133901518,1.6940323289228358,1.6930088164116435,1.6919820587491856,1.6909520387795132,1.6899187393000883,1.688882143063805,1.6878422327810583,1.6867989911218615,1.685752400718012,1.6847024441653076,1.6836491040258121,1.6825923628301722,1.681532203079984,1.6804686072502117,1.6794015577916597,1.6783310371334943,1.6772570276858232,1.6761795118423235,1.6750984719829285,1.6740138904765693,1.6729257496839691,1.6718340319604992,1.6707387196590893,1.6696397951331983,1.6685372407398427,1.6674310388426883,1.6663211718152,1.6652076220438572,1.664090371931431,1.662969403900328,1.6618447003959993,1.6607162438904153,1.6595840168856135,1.6584480019173131,1.6573081815586022,1.656164538423699,1.6550170551717882,1.653865714510933,1.652710499202067,1.651551392063065,1.6503883759728981,1.649221433875871,1.6480505487859476,1.6468757037911639,1.645696882058134,1.644514066836646,1.6433272414643572,1.6421363893715857,1.640941494086203,1.6397425392386316,1.638539508566946,1.6373323859220876,1.6361211552731878,1.6349058007130082,1.6336863064635,1.6324626568814837,1.6312348364644544,1.6300028298565163,1.6287666218544483,1.6275261974139057,1.6262815416557603,1.6250326398725852,1.6237794775352832,1.6225220402998697,1.6212603140144066,1.6199942847260973,1.6187239386885426,1.6174492623691632,1.6161702424567956,1.6148868658694582,1.6135991197623023,1.6123069915357418,1.6110104688437734,1.6097095396024885,1.6084041919987804,1.6070944144992534,1.605780195859336,1.6044615251326046,1.6031383916803186,1.6018107851811756,1.6004786956412869,1.5991421134043802,1.5978010291622307,1.5964554339653283,1.59510531923378,1.593750676768458,1.592391498762388,1.591027777812389,1.5896595069309671,1.5882866795584598,1.5869092895754422,1.5855273313153933,1.5841407995776258,1.5827496896404811,1.5813539972747954,1.5799537187576318,1.5771499923950643,1.576137457691348,1.574994560676738,1.5737041276768697,1.57224661493533,1.57059975156353,1.5687381203368673,1.5666326631948526,1.5642500948815168,1.561552203664911,1.558495012101188,1.5550277627878715,1.5510916831483021,1.5466184682780308,1.5415283999148084,1.535727989841047,1.5291069930709773,1.5215345729441923,1.5128543051414733,1.5028775610618204,1.4913745787650292,1.47806214990699,1.462586206913945,1.4444964542917305,1.4232080646834875,1.3979412599263004,1.367620651428872,1.33069533064678,1.2847858946843196,1.225896543393601,1.146286885075998,1.0265386960340952,0.7632482324261742,0.09647810713856401,0.0003442417784926515,0.0002585196419877952,0.00025851964198779183,0.00025851964198779183,0.0002585196419877919,0.00025851964198779183,0.0002585196419877918,0.00025851964198779183,0.00025851964198779183,0.00025851964198779183,0.0002585196419877919,0.0002585196419877918,0.00025851964198779183,0.00025851964198779183,0.0002585196419877918,0.00025851964198779183,0.00025851964198779167
1.6993365980487471,1.698370634960743,1.6974017534103207,1.6964299384969221,1.6954551752877307,1.6944774488204464,1.693496744106023,1.6925130461313842,1.6915263398621168,1.690536610245151,1.6895438422114326,1.6885480206785912,1.6875491305536054,1.6865471567354737,1.6855420841178894,1.684533897591925,1.683522582048728,1.6825081223822278,1.6814905034918592,1.6804697102853021,1.6794457276812391,1.67841854061213,1.6773881340270111,1.676354492894312,1.675317602204696,1.6742774469739263,1.6732340122457499,1.6721872830948146,1.671137244629604,1.6700838819954054,1.6690271803772996,1.6679671250031813,1.6669037011468086,1.665836894130878,1.6647666893301363,1.6636930721745151,1.6626160281523055,1.6615355428133585,1.6604516017723236,1.6593641907119203,1.6582732953862462,1.6571789016241198,1.656080995332466,1.6549795624997359,1.6538745891993698,1.6527660615933035,1.6516539659355167,1.650538288575625,1.6494190159625237,1.6482961346480751,1.6471696312908493,1.6460394926599171,1.6449057056386955,1.6437682572288532,1.6426271345542696,1.6414823248650598,1.6403338155416607,1.6391815940989811,1.6380256481906228,1.63686596561317,1.6357025343105545,1.6345353423784932,1.6333643780690095,1.63218962979503,1.6310110861350722,1.6298287358380146,1.62864256782796,1.6274525712091923,1.6262587352712286,1.625061049493972,1.6238595035529682,1.6226540873247668,1.6214447908923932,1.6202316045509328,1.6190145188132323,1.6177935244157193,1.6165686123243455,1.6153397737406552,1.6141070001079851,1.6128702831177957,1.6116296147161386,1.6103849871102662,1.6091363927753812,1.6078838244615374,1.6066272752006867,1.605366738313883,1.6041022074186446,1.6028336764364775,1.601561139600564,1.6002845914636268,1.5990040269059633,1.5977194411436653,1.5964308297370227,1.5951381885991234,1.5938415140046531,1.5925408025989054,1.5912360514070087,1.5899272578433912,1.5886144197214827,1.5859861858846542,1.5850114621646094,1.5839113152286564,1.582669241490872,1.581266465081782,1.5796815969795757,1.5778902351896542,1.5758644936064001,1.5735724439972338,1.5709774513579249,1.5680373773319844,1.5647036189410124,1.5609199397734772,1.5566210369073372,1.5517307675163725,1.5461599317752508,1.5398034693590832,1.532536869217502,1.5242115061273982,1.5146484856558378,1.5036303721409299,1.4908898398202268,1.4760937289778011,1.4588200220597107,1.4385235072000666,1.4144825787742186,1.385712950839941,1.350819681936147,1.3077252584028025,1.2531242210176632,1.1812571614233354,1.0806988728809022,0.9241837577630047,0.2710057764610648,0.0024729984038122025,0.00025851964207572307,0.00025851964198779183,0.00025851964198779183,0.0002585196419877919,0.00025851964198779183,0.0002585196419877918,0.00025851964198779183,0.00025851964198779183,0.00025851964198779183,0.0002585196419877919,0.0002585196419877918,0.00025851964198779183,0.00025851964198779183,0.0002585196419877918,0.00025851964198779183,0.00025851964198779167
1.700216802005664,1.6993371167390259,1.6984540586680337,1.697567599157914,1.6966777103581718,1.6957843652300406,1.6948875375722212,1.6939872020447733,1.6930833341910305,1.692175910457429,1.691264908211155,1.690350305755529,1.6894320823430553,1.6885102181860943,1.6875846944651076,1.686655493334462,1.6857225979257733,1.6847859923487998,1.6838456616898967,1.6829015920080603,1.681953770328605,1.681002184634517,1.6800468238555575,1.6790876778551762,1.6781247374153223,1.6771579942192416,1.6761874408323554,1.6752130706813275,1.674234878031428,1.6732528579623098,1.6722670063423215,1.6712773198014719,1.6702837957031875,1.669286432114978,1.6682852277781508,1.6672801820767014,1.6662712950055139,1.6652585671380014,1.664241999593318,1.6632215940032684,1.6621973524790452,1.6611692775779126,1.6601373722699588,1.659101639905035,1.6580620841799865,1.6570187091062927,1.6559715189782092,1.6549205183415177,1.653865711962969,1.6528071048005128,1.6517447019743887,1.65067850873916,1.6496085304567558,1.6485347725705886,1.647457240580803,1.6463759400207116,1.645290876434463,1.6442020553559813,1.6431094822892214,1.642013162689761,1.640913101947764,1.6398093053723342,1.6387017781772715,1.637590525468254,1.6364755522314431,1.6353568633235285,1.6342344634632033,1.633108357224077,1.6319785490290204,1.6308450431459318,1.629707843684923,1.6285669545969097,1.6274223796735958,1.6262741225488437,1.625122186701409,1.623966575459035,1.6228072920038876,1.6216443393793172,1.6204777204979428,1.6193074381510348,1.6181334950192001,1.6169558936843482,1.615774636642945,1.6145897263205404,1.6134011650875781,1.6122089552764851,1.611013099200052,1.609813599171113,1.6086104575235465,1.6074036766346156,1.6061932589486767,1.6049792070023,1.6037615234508382,1.6025402110965035,1.601315272918017,1.6000867121019078,1.5988545320755565,1.5976187365420935,1.5963793295172792,1.5938984460530488,1.5929584919187698,1.5918976633874222,1.5907000763732122,1.5893476657536743,1.5878198599001325,1.586093199414678,1.5841408885142816,1.5819322645612588,1.5794321673947536,1.576600185043758,1.5733897456358,1.5697470161891645,1.5656095565211483,1.5609046592798346,1.555547282948769,1.5494374502631767,1.5424569346228638,1.5344649834961894,1.5252927168975814,1.5147356679374948,1.502543661569441,1.488406785928042,1.4719354655407686,1.4526313387283003,1.4298432411447695,1.4026979385168687,1.3699855697941798,1.3299577963091274,1.2799405538538253,1.2154934596531488,1.128177612794456,0.9967584453956448,0.5049259570241748,0.01743067720013393,0.0002585269922278639,0.00025851964198779183,0.00025851964198779183,0.0002585196419877919,0.00025851964198779183,0.0002585196419877918,0.00025851964198779183,0.00025851964198779183,0.00025851964198779183,0.0002585196419877919,0.0002585196419877918,0.00025851964198779183,0.00025851964198779183,0.0002585196419877918,0.00025851964198779183,0.00025851964198779167
1.7006719470048823,1.6998476892691157,1.6990183888858068,1.6981840937201094,1.6973448649381169,1.6965007741409779,1.6956519008698288,1.6947983304462522,1.6939401521149704,1.6930774574576135,1.6922103390485803,1.6913388893261965,1.690463199654524,1.689583359553267,1.688699456075216,1.6878115733125911,1.6869197920154282,1.686024189306845,1.685124838481592,1.6842218088757348,1.6833151657966703,1.6824049705038837,1.6814912802319961,1.68057414824865,1.679653623940725,1.6787297529231922,1.6778025771656757,1.676872135132463,1.6759384619322977,1.6750015894748391,1.6740615466311295,1.6731183593958474,1.6721720510494817,1.6712226423188945,1.670270151535021,1.6693145947867027,1.6683559860698662,1.6673943374314366,1.6664296591075491,1.6654619596557414,1.6644912460809307,1.6635175239550792,1.6625407975305269,1.6615610698470389,1.6605783428326693,1.6595926173985875,1.6586038935280452,1.657612170359691,1.6566174462654604,1.655619718923275,1.6546189853848088,1.6536152421385661,1.6526084851685328,1.6515987100086518,1.6505859117933723,1.649570085304521,1.6485512250147252,1.6475293251276286,1.6465043796151075,1.6454763822517078,1.6444453266464973,1.6434112062725281,1.642374014494086,1.6413337445918972,1.6402903897864531,1.6392439432596038,1.638194398174555,1.6371417476944075,1.636085984999353,1.635027103302645,1.6339650958654452,1.6328999560106507,1.6318316771357795,1.6307602527250107,1.6296856763604464,1.6286079417326722,1.6275270426506763,1.6264429730511905,1.6253557270075052,1.6242652987378117,1.6231716826131128,1.622074873164751,1.6209748650915827,1.619871653266845,1.618765232744736,1.6176555987667478,1.6165427467677704,1.6154266723819977,1.6143073714486516,1.6131848400175528,1.6120590743545489,1.6109300709468202,1.6097978265080835,1.6086623379837006,1.6075236025557131,1.6063816176478123,1.6052363809302579,1.6040878903247586,1.6029361440093253,1.6006308461954737,1.5997291940121698,1.5987116227236533,1.5975629081406078,1.5962657382899643,1.5948004026942029,1.593144428658403,1.5912721536788894,1.5891542203503495,1.5867569765835783,1.5840417592592035,1.580964033218923,1.5774723491385099,1.5735070724741937,1.5689988200494782,1.5638665190420644,1.5580149722150887,1.5513317686457375,1.543683313638815,1.534909653002358,1.524817615201773,1.5131715548607945,1.4996805888722478,1.4839805515882942,1.4656077192248236,1.4439591632416113,1.4182302555543789,1.3873105893116897,1.3495978521056458,1.3026316020540627,1.2422691641819879,1.1604160270446948,1.0361628901193305,0.7334984265446036,0.07542692280014075,0.00028256958111138274,0.0002585196419877923,0.00025851964198779183,0.0002585196419877919,0.00025851964198779183,0.0002585196419877918,0.00025851964198779183,0.00025851964198779183,0.00025851964198779183,0.0002585196419877919,0.0002585196419877918,0.00025851964198779183,0.00025851964198779183,0.0002585196419877918,0.00025851964198779183,0.00025851964198779167
1.7009670558719938,1.7001450908413116,1.6993209243149505,1.698494545888147,1.6976659451431173,1.696835111650803,1.6960020349726048,1.695166704662104,1.6943291102667817,1.6934892413297324,1.6926470873913786,1.691802637991188,1.6909558826693964,1.6901068109687356,1.6892554124361676,1.6884016766246321,1.6875455930948025,1.6866871514168529,1.6858263411722387,1.6849631519554915,1.6840975733760257,1.683229595059962,1.6823592066519648,1.6814863978170953,1.6806111582426804,1.6797334776401984,1.6788533457471797,1.6779707523291238,1.6770856871814348,1.6761981401313701,1.6753081010400086,1.6744155598042327,1.6735205063587277,1.6726229306779978,1.6717228227783965,1.6708201727201735,1.6699149706095373,1.669007206600734,1.6680968708981372,1.6671839537583564,1.6662684454923586,1.6653503364676039,1.6644296171101927,1.6635062779070289,1.662580309407995,1.6616517022281385,1.660720447049871,1.6597865346251794,1.6588499557778458,1.6579107014056813,1.6569687624827654,1.6560241300616987,1.6550767952758634,1.6541267493416891,1.6531739835609323,1.652218489322955,1.651260258107018,1.6502992814845745,1.6493355511215697,1.648369058780748,1.6473997963239595,1.6464277557144735,1.6454529290192925,1.6444753084114676,1.6434948861724166,1.6425116546942404,1.6415256064820398,1.6405367341562311,1.63954503045486,1.6385504882359105,1.6375531004796124,1.6365528602907444,1.635549760900929,1.6345437956709254,1.6335349580929117,1.6325232417927615,1.631508640532312,1.6304911482116218,1.6294707588712192,1.6284474666943403,1.6274212660091543,1.6263921512909776,1.625360117164475,1.6243251584058476,1.6232872699450076,1.6222464468677367,1.6212026844178342,1.6201559779992472,1.6191063231781875,1.6180537156852355,1.6169981514174303,1.6159396264403452,1.6148781369901548,1.6138136794756899,1.6127462504804868,1.6116758467648287,1.6106024652677873,1.6095261031092678,1.6084467575920596,1.6062864523421492,1.6054193209014247,1.6044407432733774,1.6033360922391011,1.6020887372696984,1.6006797470874228,1.5990875416888846,1.5972874834970112,1.5952513947228468,1.5929469846539168,1.590337166167034,1.5873792349014997,1.5840238766657324,1.580213957981132,1.5758830399999597,1.5709535355880284,1.5653344004155039,1.5589182072068037,1.5515773910987076,1.5431593622835913,1.533480041181006,1.5223151490528193,1.5093882254064328,1.4943537347605886,1.4767725587967342,1.4560752134278596,1.4315043432556371,1.40202023422098,1.3661356894397447,1.321604040418951,1.2647665823496526,1.1889851858459777,1.0800350712542999,0.8972318395792481,0.2050577722941349,0.0011116597992325678,0.0002585196419886696,0.00025851964198779183,0.0002585196419877919,0.00025851964198779183,0.0002585196419877918,0.00025851964198779183,0.00025851964198779183,0.00025851964198779183,0.0002585196419877919,0.0002585196419877918,0.00025851964198779183,0.00025851964198779183,0.0002585196419877918,0.00025851964198779183,0.00025851964198779167
1.7028767148565593,1.7020714934853127,1.7012642832187477,1.7004550766702584,1.6996438664088516,1.6988306449626118,1.6980154048217873,1.6971981384415487,1.6963788382444631,1.695557496622718,1.69473410594013,1.6939086585339653,1.693081146716601,1.6922515627770423,1.6914198989823221,1.690586147578796,1.6897503007933452,1.6889123508345094,1.6880722898935485,1.6872301101454539,1.6863858037499124,1.6855393628522306,1.6846907795842312,1.6838400460651182,1.6829871544023283,1.6821320966923596,1.6812748650215954,1.680415451467112,1.679553848097489,1.678690046973611,1.677824040149474,1.6769558196729897,1.6760853775867983,1.6752127059290827,1.6743377967343949,1.6734606420344849,1.6725812338591461,1.671699564237068,1.6708156251967008,1.6699294087671352,1.6690409069789935,1.6681501118653383,1.6672570154625932,1.6663616098114817,1.665463886957983,1.6645638389543025,1.6636614578598647,1.6627567357423187,1.6618496646785674,1.6609402367558135,1.6600284440726267,1.6591142787400306,1.658197732882611,1.6572787986396442,1.6563574681662505,1.655433733634565,1.6545075872349364,1.6535790211771457,1.6526480276916498,1.6517145990308506,1.6507787274703871,1.6498404053104534,1.6488996248771437,1.6479563785238232,1.6470106586325268,1.6460624576153833,1.645111767916071,1.6441585820113014,1.6432028924123319,1.64224469166651,1.6412839723588493,1.6403207271136357,1.6393549485960708,1.6383866295139453,1.6374157626193506,1.636442340710426,1.635466356633143,1.6344878032831318,1.6335066736075448,1.6325229606069667,1.6315366573373669,1.6305477569121003,1.6295562525039586,1.6285621373472727,1.6275654047400732,1.6265660480463104,1.6255640606981399,1.6245594361982794,1.6235521681224412,1.62254225012185,1.6215296759258553,1.620514439344644,1.6194965342720742,1.6184759546886358,1.617452694664561,1.6164267483631056,1.6153981100440187,1.6143667740672436,1.6133327348968716,1.6112633725133294,1.610424047209935,1.6094769185285358,1.6084078559660062,1.6072007987171213,1.6058374703862737,1.6042970455591317,1.6025557584721328,1.600586441594627,1.5983579787913178,1.5958346536072594,1.592975367757515,1.5897326975987598,1.5860517464790438,1.5818687373289246,1.5771092710773562,1.5716861500341768,1.5654966275568085,1.558418890260183,1.5503074973214697,1.540987377551931,1.5302457925477642,1.5178213674245014,1.5033887862877147,1.4865368916017443,1.4667364086985921,1.4432907069204848,1.415257525061726,1.3813181886412818,1.3395452442712406,1.2869559956292043,1.2185597389210714,1.12498246078445,0.984550311521741,0.3913269740197838,0.006938758396372198,0.00025851967227387467,0.0002585196419877918,0.0002585196419877919,0.00025851964198779183,0.0002585196419877918,0.0002585196419877918,0.0002585196419877918,0.0002585196419877918,0.0002585196419877919,0.0002585196419877918,0.0002585196419877918,0.0002585196419877918,0.0002585196419877918,0.0002585196419877918,0.00025851964198779167
1.7042827699099086,1.7035147543740143,1.7027446219740614,1.701972361135806,1.7011979605309036,1.700421409085352,1.699642695987288,1.6988618106941116,1.6980787429389146,1.6972934827361856,1.6965060203867814,1.695716346482144,1.694924451907755,1.6941303278458213,1.6933339657771853,1.692535357482464,1.6917344950424185,1.690931370837561,1.6901259775470132,1.689318308146626,1.6885083559063836,1.687696114387106,1.686881577436481,1.6860647391844419,1.6852455940379323,1.6844241366750747,1.6836003620387863,1.6827742653298723,1.6819458419996332,1.6811150877420218,1.6802819984853925,1.6794465703838795,1.6786087998084438,1.6777686833376304,1.6769262177480746,1.676081400004803,1.675234227251361,1.6743846967998142,1.6735328061206614,1.6726785528326942,1.6718219346928458,1.670962949586062,1.6701015955152323,1.6692378705912125,1.668371773022976,1.6675033011079197,1.666632453222358,1.6657592278122306,1.6648836233840538,1.6640056384961353,1.6631252717500788,1.6622425217825993,1.661357387257666,1.6604698668589923,1.6595799592828913,1.658687663231502,1.6577929774064126,1.6568959005026767,1.655996431203243,1.6550945681738012,1.6541903100580488,1.65328365547339,1.6523746030070614,1.6514631512126954,1.6505492986073158,1.6496330436687694,1.6487143848335921,1.6477933204953046,1.6468698490031402,1.6459439686611954,1.6450156777280058,1.6440849744165358,1.643151856894582,1.642216323285582,1.6412783716698254,1.640338000086058,1.6393952065334745,1.638449988974095,1.6375023453355155,1.6365522735140299,1.6355997713781147,1.634644836772272,1.6336874675212258,1.6327276614344641,1.6317654163111242,1.6308007299452145,1.6298336001311726,1.6288640246697477,1.6278920013742153,1.6269175280769141,1.6259406026361007,1.6249612229431292,1.6239793869299457,1.6229950925769019,1.6220083379208856,1.621019121063769,1.6200274401811727,1.6190332935315508,1.6180366794655947,1.61604246227111,1.6152279793918278,1.6143089539161037,1.6132717020807272,1.612100676219337,1.610778190782409,1.6092841025371112,1.6075954357667546,1.6056859410412798,1.6035255732192293,1.601079870538596,1.5983092116385718,1.5951679206706546,1.5916031816554512,1.5875537109699351,1.5829481199085256,1.5777028755446059,1.5717197344079594,1.5648824747676553,1.5570526815629362,1.5480642301748224,1.5377159493066852,1.525761681184339,1.5118965308000343,1.4957373773782954,1.4767944604893877,1.4544285314654246,1.4277835254429727,1.3956751724347103,1.3563939119107125,1.3073225646654154,1.2440875962330853,1.1582207791026644,1.027550158951815,0.5970385000398103,0.03063446384270094,0.0002586633572883225,0.0002585196419877918,0.0002585196419877919,0.0002585196419877918,0.0002585196419877917,0.0002585196419877918,0.0002585196419877918,0.0002585196419877918,0.0002585196419877919,0.0002585196419877917,0.0002585196419877918,0.0002585196419877918,0.0002585196419877917,0.0002585196419877918,0.00025851964198779167
1.703870614848028,1.7031486356428025,1.7024246495883442,1.7016986447964124,1.700970609486244,1.700240531989452,1.6995084007548518,1.6987742043532066,1.69803793148189,1.697299570969455,1.6965591117801073,1.6958165430180805,1.6950718539318996,1.6943250339185392,1.6935760725274611,1.692824959464535,1.692071684595834,1.6913162379513007,1.690558609728283,1.6897987902949332,1.6890367701934696,1.6882725401432954,1.6875060910439728,1.686737413978053,1.6859665002137563,1.685193341207499,1.6844179286062755,1.6836402542498796,1.682860310172977,1.6820780886070248,1.6812935819820312,1.6805067829281677,1.6797176842772237,1.6789262790639103,1.6781325605270143,1.6773365221103989,1.6765381574638607,1.6757374604438395,1.674934425113986,1.6741290457455873,1.673321316817861,1.6725112330181104,1.6716987892417552,1.6708839805922335,1.6700668023807863,1.6692472501261244,1.668425319553984,1.6676010065965796,1.666774307391952,1.6659452182832275,1.6651137358177823,1.6642798567463313,1.663443578021934,1.6626048967989366,1.661763810431848,1.660920316474159,1.6600744126771154,1.6592260969884445,1.6583753675510486,1.657522222701671,1.6566666609695375,1.6558086810749872,1.654948281928094,1.6540854626272894,1.6532202224579908,1.6523525608912466,1.6514824775823977,1.6506099723697718,1.6497350452734059,1.6488576964938153,1.647977926410803,1.6470957355823264,1.64621112474342,1.6453240948051824,1.64443464685383,1.6435427821498287,1.6426485021270987,1.6417518083923046,1.6408527027242295,1.6399511870732413,1.6390472635608462,1.638140934479343,1.6372322022915664,1.636321069630737,1.635407539300403,1.634491614274486,1.633573297697425,1.63265259288442,1.6317295033217738,1.6308040326673299,1.6298761847510075,1.6289459635754258,1.628013373316619,1.6270784183248392,1.6261411031254378,1.6252014324198283,1.62425941108652,1.623315044182225,1.6223683369430233,1.620473969249774,1.6196852557493608,1.618795332688719,1.6177909601088285,1.6166570969094227,1.6153766368241338,1.6139301004746078,1.6122952747785604,1.610446788873321,1.6083556129870833,1.605988463133789,1.6033070898299635,1.6002674228143452,1.5968185353973328,1.5929013807049943,1.5884472364272242,1.5833757727989988,1.577592627479008,1.5709863261188166,1.5634243213474472,1.554747823513648,1.5447649433858839,1.5332414244789216,1.5198878463141736,1.5043415081009142,1.4861400138411078,1.4646813679041493,1.4391610145587534,1.4084669318658454,1.3709921040536956,1.3242664173549012,1.2641338585636466,1.1825228988517253,1.0590725325998251,0.7822059334795429,0.0952504911069626,0.0003174153037202611,0.000258519641987793,0.0002585196419877919,0.0002585196419877918,0.0002585196419877917,0.0002585196419877918,0.0002585196419877918,0.0002585196419877918,0.0002585196419877919,0.0002585196419877917,0.0002585196419877918,0.0002585196419877918,0.0002585196419877917,0.0002585196419877918,0.00025851964198779167
1.7047352957277024,1.7040205284360825,1.703304113726248,1.702586045313445,1.7018663168936932,1.7011449221461457,1.7004218547352374,1.6996971083126529,1.6989706765191332,1.6982425529861473,1.6975127313374392,1.696781205190474,1.696047968157794,1.6953130138482941,1.694576335868433,1.6938379278233824,1.693097783318131,1.6923558959585407,1.6916122593523686,1.6908668671102571,1.6901197128466963,1.6893707901809643,1.6886200927380486,1.687867614149549,1.68711334805457,1.6863572881006001,1.6855994279443811,1.6848397612527701,1.6840782817035982,1.6833149829865184,1.6825498588038543,1.681782902871445,1.6810141089194863,1.6802434706933704,1.679470981954526,1.6786966364812557,1.6779204280695756,1.6771423505340524,1.6763623977086413,1.6755805634475254,1.6747968416259535,1.674011226141081,1.6732237109128092,1.6724342898846247,1.6716429570244418,1.6708497063254426,1.6700545318069195,1.6692574275151166,1.6684583875240717,1.6676574059364584,1.6668544768844267,1.6660495945304459,1.6652427530681442,1.6644339467231495,1.663623169753928,1.6628104164526234,1.6619956811458925,1.6611789581957412,1.6603602420003594,1.6595395269949504,1.6587168076525642,1.657892078484922,1.6570653340432437,1.6562365689190695,1.6554057777450792,1.6545729551959114,1.6537380959889751,1.6529011948852614,1.6520622466901507,1.6512212462542164,1.650378188474025,1.6495330682929334,1.6486858807018818,1.6478366207401836,1.646985283496311,1.6461318641086788,1.6452763577664238,1.644418759710182,1.6435590652328635,1.6426972696804252,1.6418333684526425,1.6409673570038814,1.6400992308438704,1.6392289855384747,1.6383566167104733,1.637482120040343,1.6366054912670498,1.6357267261888486,1.6348458206641003,1.6339627706121032,1.6330775720139499,1.6321902209134107,1.6313007134178532,1.6304090456992058,1.6295152139949736,1.628619214609321,1.6277210439142324,1.6268206983507727,1.6259181744304598,1.6241122768205845,1.6233483586296176,1.6224864413880906,1.6215137125907595,1.620415618633879,1.6191756100507695,1.6177748444699092,1.616191838917982,1.6144020610654493,1.612377446398741,1.6100858249002858,1.6074902363458499,1.6045481073914718,1.601210255656088,1.5974196751888015,1.5931100428347027,1.5882038642691296,1.5826101490926245,1.5762214620600503,1.5689101353899535,1.5605233339410105,1.550876521990976,1.5397446547252498,1.5268500506975167,1.511845284093071,1.4942883544133458,1.473605409125738,1.449032461882545,1.4195196535651382,1.3835640568347567,1.3388942092516394,1.281811912177763,1.2056182500702015,1.0960256323925675,0.9127800047350655,0.21149811944509614,0.001124769541558671,0.00025851964198857495,0.0002585196419877919,0.0002585196419877918,0.0002585196419877917,0.0002585196419877918,0.0002585196419877918,0.0002585196419877918,0.0002585196419877919,0.0002585196419877917,0.0002585196419877918,0.0002585196419877918,0.0002585196419877917,0.0002585196419877918,0.00025851964198779167
1.7061693247974268,1.705466471605598,1.7047620900901437,1.7040561752137302,1.7033487219274053,1.7026397251708003,1.7019291798723388,1.7012170809494485,1.7005034233087764,1.6997882018464112,1.6990714114481096,1.6983530469895274,1.6976331033364556,1.6969115753450605,1.6961884578621325,1.6954637457253343,1.6947374337634598,1.6940095167966946,1.6932799896368849,1.6925488470878078,1.6918160839454512,1.691081694998297,1.690345675027611,1.6896080188077367,1.6888687211063977,1.6881277766850042,1.6873851802989646,1.686640926698005,1.6858950106264947,1.6851474268237765,1.6843981700245052,1.68364723495899,1.682894616353545,1.6821403089308473,1.6813843074102999,1.6806266065084012,1.6798672009391233,1.6791060854142956,1.6783432546439963,1.6775787033369496,1.6768124262009336,1.676044417943191,1.6752746732708512,1.6745031868913578,1.6737299535129044,1.6729549678448796,1.6721782245983168,1.6713997184863558,1.67061944422471,1.6698373965321434,1.6690535701309548,1.6682679597474728,1.6674805601125573,1.6666913659621112,1.665900372037601,1.6651075730865872,1.664312963863262,1.6635165391289997,1.6627182936529141,1.6619182222124274,1.66111631959385,1.6603125805929673,1.6595070000156398,1.6586995726784135,1.6578902934091402,1.65707915704761,1.6562661584461937,1.6554512924704985,1.654634554000033,1.653815937928886,1.6529954391664174,1.6521730526379605,1.6513487732855372,1.6505225960685865,1.649694515964706,1.6488645279704073,1.6480326271018826,1.6471988083957896,1.646363066910046,1.6455253977246422,1.6446857959424666,1.6438442566901463,1.643000775118905,1.6421553464054348,1.6413079657527847,1.6404586283912652,1.6396073295793707,1.6387540646047187,1.6378988287850063,1.637041617468984,1.63618242603745,1.635321249904261,1.6344580845173635,1.6335929253598442,1.6327257679510008,1.6318566078474326,1.630985440644153,1.630112261975724,1.6292370675174108,1.6274860241745481,1.6267416985263419,1.625901936614362,1.6249542742974539,1.623884557239872,1.6226766945343825,1.621312371678094,1.6197707149034677,1.618027896947028,1.6160566718635705,1.613825823276083,1.6112995062300444,1.6084364572257095,1.605189039510249,1.6015020805631928,1.5973114447934638,1.592542265129122,1.5871067299143438,1.5809012824616906,1.5738030336400017,1.565665103172267,1.556310476609121,1.5455237645874762,1.5330399305155957,1.5185285243069526,1.5015710573382177,1.4816275504726477,1.457985305002088,1.4296770960603349,1.395343760742696,1.352988561795299,1.2995021817197845,1.2296441342748339,1.1335140650283757,0.9885025533677149,0.3667180803378766,0.005305697846606491,0.00025851964731450514,0.0002585196419877919,0.0002585196419877918,0.0002585196419877917,0.0002585196419877918,0.0002585196419877918,0.0002585196419877918,0.0002585196419877919,0.0002585196419877917,0.0002585196419877918,0.0002585196419877918,0.0002585196419877917,0.0002585196419877918,0.00025851964198779167
1.706601952096225,1.7059269886655695,1.7052505091064156,1.7045725073796067,1.7038929774573206,1.7032119133242953,1.7025293089790388,1.7018451584350216,1.7011594557218588,1.7004721948864792,1.699783369994282,1.6990929751302835,1.6984010044002538,1.6977074519318422,1.697012311875695,1.6963155784065622,1.6956172457243954,1.6949173080554376,1.6942157596533027,1.693512594800046,1.6928078078072248,1.6921013930169515,1.691393344802936,1.6906836575715167,1.6899723257626853,1.6892593438510963,1.6885447063470715,1.687828407797589,1.687110442787265,1.686390805939321,1.6856694919165418,1.6849464954222215,1.6842218112010952,1.6834954340402606,1.6827673587700862,1.6820375802651064,1.681306093444903,1.680572893274973,1.6798379747675856,1.679101332982619,1.67836296302839,1.6776228600624652,1.6768810192924564,1.6761374359768053,1.675392105425549,1.6746450230010732,1.6738961841188484,1.6731455842481497,1.6723932189127648,1.67163908369168,1.6708831742197567,1.670125486188387,1.669366015346134,1.6686047574993592,1.6678417085128285,1.6670768643103062,1.6663102208751286,1.665541774250764,1.6647715205413554,1.6639994559122449,1.6632255765904846,1.6624498788653275,1.661672359088704,1.6608930136756805,1.6601118391049035,1.659328831919022,1.6585439887251003,1.657757306195008,1.6569687810657963,1.6561784101400583,1.6553861902862705,1.6545921184391197,1.653796191599812,1.6529984068363666,1.6521987612838924,1.651397252144849,1.6505938766892894,1.6497886322550896,1.6489815162481594,1.648172526142638,1.6473616594810738,1.646548913874588,1.6457342870030225,1.6449177766150718,1.6440993805283999,1.6432790966297413,1.642456922874987,1.6416328572892573,1.6408068979669561,1.639979043071816,1.639149290836926,1.6383176395647479,1.6374840876271195,1.636648633465248,1.6358112755896892,1.634972012580321,1.6341308430863064,1.6332877658260518,1.632442779587159,1.630752234882972,1.6300269065794921,1.629208610267199,1.628285213368688,1.6272429407395679,1.6260661360221844,1.624736983863716,1.6232351853697968,1.6215375773552712,1.6196176836282847,1.6174451835303625,1.6149852790150878,1.6121979363456649,1.6090369715538708,1.6054489394455647,1.6013717731673711,1.5967331036922425,1.591448163821185,1.5854171460370883,1.5785218324721173,1.5706212398768749,1.561545908922628,1.5510902920988727,1.5390024174993753,1.5249695545903073,1.5085978479255433,1.4893825531623992,1.4666630663810671,1.4395521955296755,1.40681925191888,1.3666840514615375,1.3164210391224023,1.2514954640120783,1.1632437991918736,1.0295768192742878,0.540252922911317,0.020000536529293,0.0002585302530414403,0.0002585196419877919,0.0002585196419877918,0.0002585196419877917,0.0002585196419877918,0.0002585196419877918,0.0002585196419877918,0.0002585196419877919,0.0002585196419877917,0.0002585196419877918,0.0002585196419877918,0.0002585196419877917,0.0002585196419877918,0.00025851964198779167
1.7077928735126875,1.707127606418108,1.706460959027428,1.70579292708843,1.7051235063303685,1.7044526924658274,1.7037804811923793,1.7031068681940766,1.702431849142789,1.7017554196994127,1.7010775755149645,1.7003983122315791,1.699717625483418,1.6990355108975057,1.6983519640945022,1.697666980689417,1.6969805562922782,1.696292686508757,1.6956033669407604,1.6949125931869886,1.6942203608434714,1.6935266655040784,1.6928315027610128,1.6921348682052881,1.691436757427194,1.6907371660167476,1.6900360895641402,1.6893335236601736,1.6886294638966923,1.687923905867011,1.6872168451663403,1.6865082773922089,1.6857981981448857,1.685086603027801,1.6843734876479675,1.6836588476164054,1.682942678548564,1.6822249760647507,1.681505735790559,1.6807849533572983,1.6800626244024326,1.679338744570015,1.6786133095111329,1.6778863148843517,1.6771577563561666,1.6764276296014555,1.6756959303039398,1.6749626541566467,1.6742277968623795,1.6734913541341887,1.6727533216958532,1.672013695282363,1.6712724706404083,1.6705296435288755,1.6697852097193457,1.6690391649966034,1.6682915051591454,1.6675422260197006,1.6667913234057532,1.6660387931600726,1.6652846311412501,1.6645288332242407,1.6637713953009123,1.6630123132806023,1.6622515830906786,1.6614892006771105,1.6607251620050436,1.659959463059385,1.659192099845393,1.6584230683892773,1.657652364738803,1.6568799849639078,1.656105925157324,1.65533018143521,1.6545527499377897,1.6537736268300052,1.6529928083021732,1.6522102905706575,1.6514260698785468,1.6506401424963497,1.6498525047226975,1.6490631528850614,1.6482720833404827,1.6474792924763204,1.6466847767110122,1.6458885324948556,1.6450905563108067,1.6442908446753026,1.6434893941391058,1.6426862012881769,1.6418812627445778,1.6410745751674063,1.6402661352537742,1.6394559397398247,1.6386439854018056,1.6378302690571962,1.637014787565906,1.63619753783155,1.6353785168028159,1.6337400557138535,1.633033452452679,1.6322363231879162,1.631336865346279,1.6303216815082968,1.629175548504877,1.6278811488580909,1.6264187572785032,1.624765873215866,1.6228967882592262,1.6207820743355406,1.6183879749410808,1.615675676745428,1.6126004323961938,1.6091104965927485,1.6051458255762006,1.6006364737513878,1.595500598190432,1.5896419491732117,1.5829466778709416,1.5752792230722497,1.5664769348774652,1.556342933312375,1.5446364469042664,1.531059463778047,1.5152378302981,1.4966937014672417,1.474803962432147,1.4487347294127022,1.4173324267244727,1.3789293819693849,1.3309618695816015,1.2691092523808494,1.1848990111015214,1.0560498155770273,0.7067660132332527,0.05815601330244957,0.00026260311537173303,0.00025851964198779194,0.0002585196419877917,0.0002585196419877917,0.0002585196419877917,0.0002585196419877917,0.0002585196419877917,0.0002585196419877919,0.0002585196419877917,0.0002585196419877917,0.0002585196419877917,0.0002585196419877917,0.0002585196419877917,0.00025851964198779167
1.7087822958107823,1.7081490589540875,1.707513696360793,1.7068762007173803,1.706236569062056,1.7055948023776835,1.7049509051891933,1.7043048851704652,1.703656752764629,1.7030065208208611,1.702354204249954,1.7016998197002977,1.7010433852553262,1.7003849201530175,1.6997244445276276,1.6990619791735104,1.6983975453306122,1.697731164491003,1.697062858225651,1.696392648030506,1.6957205551908754,1.6950466006630038,1.6943708049717359,1.6936931881231225,1.693013769530827,1.6923325679552121,1.6916496014540088,1.6909648873434997,1.6902784421692105,1.6895902816851254,1.6889004208405218,1.6882088737735501,1.6875156538107603,1.68682077347182,1.6861242444787297,1.6854260777688999,1.6847262835114953,1.6840248711265244,1.683321849306176,1.6826172260379755,1.681911008629363,1.6812032037333395,1.6804938173748747,1.679782854977794,1.6790703213919074,1.678356220920163,1.67764055734565,1.6769233339582867,1.6762045535810643,1.6754842185957357,1.6747623309678539,1.674038892271088,1.6733139037107567,1.672587366146532,1.6718592801142855,1.6711296458470473,1.6703984632950721,1.6696657321450028,1.6689314518381364,1.668195621587801,1.6674582403958564,1.666719307068338,1.665978820230261,1.6652367783396202,1.664493179700597,1.663748022476016,1.6630013046990721,1.6622530242843643,1.661503179038264,1.6607517666686507,1.6599987847940494,1.6592442309521944,1.6584881026080578,1.6577303971613684,1.6569711119536517,1.6562102442748214,1.6554477913693484,1.654683750442035,1.6539181186634193,1.6531508931748384,1.652382071093171,1.65161164951528,1.6508396255221867,1.6500659961829853,1.6492907585585275,1.6485139097048895,1.6477354466766463,1.6469553665299639,1.6461736663255306,1.6453903431313424,1.6446053940253558,1.6438188160980258,1.643030606454741,1.642240762218169,1.641449280530529,1.6406561585557997,1.6398613934818793,1.6390649825227082,1.638266922920368,1.6366705343201766,1.6359800264402786,1.6352010955012053,1.634322224112878,1.6333303415180083,1.632210599466424,1.6309461117331725,1.6295176502893347,1.6279032894981889,1.6260779876119071,1.6240130921327518,1.6216757520675371,1.619028215449236,1.6160269843101132,1.6126217909681397,1.6087543481664137,1.60435681000305,1.5993498587836725,1.5936403019793626,1.5871180187853775,1.5796520300084573,1.5710853661245874,1.5612282560332613,1.54984891788871,1.5366608394202161,1.5213047677394735,1.5033224492101904,1.4821169696397605,1.45689022996137,1.4265389638904558,1.3894696256472177,1.3432381232801234,1.2837583355172864,1.203230769725899,1.0829307130753656,0.8432628075438372,0.13064811383813132,0.00042817032744994776,0.00025851964198779747,0.0002585196419877917,0.00025851964198779167,0.0002585196419877917,0.0002585196419877917,0.0002585196419877917,0.0002585196419877919,0.0002585196419877917,0.0002585196419877917,0.0002585196419877917,0.0002585196419877917,0.0002585196419877917,0.00025851964198779167
1.7092764041355897,1.708647035033407,1.708016389765325,1.707384464114455,1.7067512538662668,1.7061167548092375,1.7054809627354883,1.7048438734414089,1.7042054827282687,1.703565786402823,1.7029247802779068,1.7022824601730213,1.7016388219149174,1.7009938613381683,1.7003475742857415,1.6996999566095614,1.6990510041710725,1.6984007128417948,1.697749078503876,1.6970960970506441,1.6964417643871508,1.6957860764307169,1.6951290291114713,1.6944706183728906,1.6938108401723322,1.6931496904815668,1.6924871652873081,1.6918232605917372,1.6911579724130281,1.6904912967858665,1.6898232297619677,1.6891537674105896,1.688482905819044,1.6878106410932028,1.687136969358002,1.6864618867579413,1.6857853894575794,1.6851074736420244,1.6844281355174242,1.6837473713114448,1.683065177273752,1.6823815496764818,1.6816964848147111,1.6810099790069182,1.6803220285954412,1.6796326299469295,1.6789417794527899,1.6782494735296265,1.6775557086196733,1.6768604811912224,1.6761637877390438,1.675465624784799,1.6747659888774473,1.6740648765936446,1.6733622845381366,1.6726582093441411,1.6719526476737239,1.6712455962181685,1.6705370516983347,1.6698270108650102,1.6691154704992524,1.6684024274127234,1.6676878784480134,1.6669718204789576,1.6662542504109412,1.6655351651811972,1.664814561759092,1.6640924371464036,1.663368788377589,1.6626436125200381,1.661916906674326,1.6611886679744436,1.660458893588027,1.6597275807165703,1.6589947265956324,1.6582603284950284,1.6575243837190141,1.656786889606456,1.656047843530994,1.6553072429011897,1.6545650851606661,1.6538213677882356,1.6530760882980164,1.6523292442395388,1.6515808331978403,1.6508308527935511,1.6500793006829677,1.6493261745581171,1.6485714721468112,1.6478151912126908,1.6470573295552615,1.6462978850099204,1.6455368554479735,1.6447742387766477,1.644010032939095,1.6432442359143897,1.6424768457175245,1.6417078603993978,1.6409372780468041,1.639395828268441,1.6387211409301468,1.6379600693279368,1.637101365284645,1.636132264621334,1.6350382687345095,1.6338028908354052,1.6324073600840339,1.6308302752751833,1.6290471977165788,1.6270301703358028,1.6247471466624708,1.622161308874923,1.6192302481830887,1.6159049728746564,1.612128698561478,1.6078353603183664,1.6029477656952893,1.5973752782406534,1.5910108788877626,1.5837273904632634,1.5753725574675865,1.5657625303582319,1.5546730783549347,1.5418274892357628,1.5268795009872986,1.5093885398744544,1.4887825881149905,1.4643002582421745,1.4348960083940723,1.399075659262645,1.3545891250539055,1.2977992421765872,1.2222101043816826,1.114369060351758,0.9392151919361037,0.23809009335932288,0.0014237162290807383,0.0002585196419901633,0.0002585196419877917,0.0002585196419877917,0.0002585196419877917,0.0002585196419877917,0.0002585196419877917,0.0002585196419877919,0.0002585196419877917,0.0002585196419877917,0.0002585196419877917,0.0002585196419877917,0.0002585196419877917,0.00025851964198779167
1.7091878313246351,1.7085815320393114,1.7079739925459234,1.7073652083482609,1.7067551749531185,1.70614388787177,1.7055313426213419,1.7049175347261012,1.7043024597186693,1.7036861131411671,1.7030684905463032,1.7024495874984105,1.701829399574435,1.7012079223648888,1.7005851514747639,1.6999610825244145,1.6993357111504135,1.6987090330063805,1.698081043763789,1.6974517391127522,1.6968211147627899,1.6961891664435778,1.6955558899056817,1.6949212809212764,1.694285335284849,1.6936480488138927,1.6930094173495847,1.6923694367574535,1.691728102928034,1.6910854117775125,1.6904413592483591,1.6897959413099495,1.6891491539591772,1.688500993221053,1.687851455149295,1.6872005358269067,1.6865482313667457,1.6858945379120807,1.6852394516371345,1.6845829687476208,1.6839250854812657,1.6832657981083186,1.68260510293205,1.6819429962892403,1.6812794745506519,1.6806145341214922,1.679948171441862,1.6792803829871903,1.678611165268658,1.6779405148336042,1.6772684282659234,1.6765949021864435,1.6759199332532941,1.6752435181622565,1.6745656536471005,1.6738863364799057,1.6732055634713672,1.672523331471086,1.6718396373678435,1.67115447808986,1.6704678506050359,1.6697797519211772,1.669090179086204,1.6683991291883427,1.6677065993562998,1.6670125867594197,1.6663170886078236,1.6656201021525314,1.6649216246855674,1.664221653540045,1.6635201860902349,1.662817219751618,1.6621127519809138,1.6614067802760972,1.6606993021763943,1.6599903152622588,1.6592798171553333,1.6585678055183912,1.6578542780552612,1.6571392325107344,1.6564226666704556,1.6557045783607964,1.6549849654487132,1.654263825841591,1.6535411574870702,1.6528169583728634,1.652091226526557,1.651363960015404,1.6506351569461069,1.6499048154645959,1.6491729337557972,1.6484395100434086,1.647704542589668,1.6469680296951341,1.6462299696984775,1.6454903609762856,1.6447492019428955,1.6440064910502556,1.6432622267878316,1.6417733876391263,1.6411141003193825,1.6403704114065878,1.6395313340234665,1.6385844014335889,1.6375154541074803,1.6363083924268778,1.634944888474877,1.6334040488435246,1.631662018452622,1.6296915128766887,1.6274612634326313,1.6249353550246224,1.6220724311063897,1.6188247325754483,1.6151369271975402,1.610944672154243,1.6061728328455962,1.6007332536350622,1.594521936887316,1.5874154292506002,1.5792661287108356,1.5698960960008528,1.5590887514186227,1.5465775137642583,1.5320299026087545,1.5150247099953071,1.495018221109957,1.471292438098482,1.4428723274595112,1.4083867157686452,1.3658195032627132,1.3120284768442183,1.241713637355232,1.1448574243758558,0.9985847070916687,0.36974180067270535,0.005162636850338843,0.0002585196458360326,0.0002585196419877917,0.0002585196419877917,0.0002585196419877917,0.0002585196419877917,0.0002585196419877917,0.0002585196419877919,0.0002585196419877917,0.0002585196419877917,0.0002585196419877917,0.0002585196419877917,0.0002585196419877917,0.00025851964198779167
1.7095662107236782,1.7090101922576826,1.708449668596016,1.7078848320961775,1.7073158744135375,1.7067429841463828,1.7061663450179407,1.7055861345050285,1.7050025228364214,1.7044156722956032,1.7038257367725074,1.703232861517387,1.7026371830572933,1.7020388292419,1.7014379193907971,1.7008345645189644,1.7002288676210506,1.6996209239984235,1.6990108216157878,1.6983986414765813,1.6977844580083898,1.6971683394513397,1.6965503482438757,1.6959305414015426,1.6953089708853992,1.6946856839575413,1.6940607235219003,1.693434128449067,1.6928059338843449,1.6921761715386352,1.6915448699620441,1.6909120548003593,1.6902777490347194,1.68964197320496,1.6890047456172095,1.6883660825364097,1.687725998364468,1.6870845058047932,1.686441616013982,1.685797338741422,1.6851516824575765,1.6845046544716928,1.68385626103966,1.6832065074627167,1.682555398177673,1.6819029368392837,1.6812491263953757,1.6805939691553,1.6799374668522375,1.679279620699864,1.678620431443838,1.6779598994085492,1.6772980245395306,1.6766348064419088,1.675970244415237,1.6753043374850363,1.6746370844313343,1.6739684838144722,1.6732985339984354,1.6726272331719276,1.6719545793674047,1.6712805704782543,1.6706052042742998,1.669928478415785,1.669250390465989,1.6685709379025964,1.6678901181279524,1.667207928478305,1.6665243662321367,1.665839428617676,1.66515311281967,1.6644654159854895,1.6637763352306412,1.6630858676437372,1.6623940102909862,1.661700760220249,1.661006114464707,1.6603100700461846,1.6596126239781555,1.6589137732684767,1.6582135149218689,1.6575118459421774,1.656808763334433,1.6561042641067385,1.6553983452719965,1.6546910038495,1.6539822368663981,1.6532720413590536,1.6525604143743047,1.6518473529706412,1.6511328542193107,1.6504169152053552,1.6496995330285997,1.6489807048045884,1.6482604276654833,1.6475386987609324,1.6468155152589092,1.6460908743465332,1.6453647732308778,1.6439123644809586,1.6432673058877156,1.6425396978974018,1.6417188030006165,1.6407924396356222,1.6397467749954429,1.6385660845517793,1.6372324719870834,1.6357255417757286,1.6340220148041908,1.632095275038937,1.629914832162148,1.6274456810520668,1.6246475336428516,1.621473891566971,1.6178709183583515,1.6137760568500614,1.609116319216922,1.6038061516050979,1.5977447389527661,1.590812562958993,1.5828669484431226,1.5737362162122397,1.5632118798905072,1.5510380381314157,1.5368966472131058,1.5203865723696706,1.5009929367916224,1.4780407552308634,1.450621929801184,1.4174745011899736,1.3767700085156611,1.3257062213190238,1.2596261651980698,1.1696931203273595,1.0338062655732887,0.5126729188191598,0.01581033015205346,0.00025852193820508323,0.0002585196419877917,0.00025851964198779167,0.0002585196419877917,0.0002585196419877917,0.0002585196419877917,0.0002585196419877919,0.0002585196419877917,0.0002585196419877917,0.0002585196419877917,0.0002585196419877917,0.0002585196419877917,0.00025851964198779167
1.708562035816481,1.7079980248116073,1.7074328487129316,1.7068665026379648,1.7062989817199739,1.7057302811088797,1.7051603959721562,1.7045893214957208,1.7040170528848226,1.7034435853649226,1.7028689141825697,1.7022930346062737,1.701715941927368,1.70113763146087,1.700558098546334,1.6999773385486978,1.699395346859123,1.6988121188958265,1.6982276501049083,1.6976419359611672,1.6970549719689112,1.6964667536627591,1.6958772766084327,1.6952865364035405,1.69469452867835,1.6941012490965515,1.6935066933560132,1.6929108571895202,1.6923137363655079,1.6917153266887803,1.6911156240012177,1.6905146241824696,1.6899123231506383,1.6893087168629453,1.6887038013163858,1.6880975725483698,1.687490026637345,1.6868811597034077,1.6862709679088983,1.6856594474589757,1.6850465946021822,1.6844324056309872,1.6838168768823125,1.6832000047380444,1.682581785625522,1.6819622160180103,1.6813412924351534,1.6807190114434087,1.6800953696564587,1.6794703637356045,1.6788439903901395,1.678216246377698,1.677587128504586,1.6769566336260886,1.6763247586467531,1.6756915005206536,1.675056856251627,1.6744208228934903,1.6737833975502303,1.6731445773761722,1.6725043595761202,1.6718627414054752,1.6712197201703285,1.6705752932275253,1.669929457984706,1.6692822119003219,1.6686335524836202,1.6679834772946067,1.667331983943977,1.6666790700930252,1.6660247334535196,1.665368971787556,1.664711782907378,1.6640531646751735,1.663393115002838,1.6627316318517138,1.6620687132322978,1.6614043572039205,1.6607385618743982,1.6600713253996526,1.6594026459833051,1.6587325218762379,1.6580609513761309,1.6573879328269636,1.656713464618494,1.6560375451857037,1.6553601730082166,1.6546813466096892,1.6540010645571717,1.6533193254604406,1.652636127971305,1.6519514707828842,1.6512653526288594,1.6505777722827002,1.649888728556862,1.6491982203019637,1.6485062464059377,1.6478128057931585,1.6471178974235512,1.6457277337063485,1.6450992303161995,1.6443902906451975,1.6435904509949921,1.6426878403412528,1.6416689784633614,1.6405185416930719,1.6392190901698733,1.6377507490968568,1.636090834716503,1.6342134134496833,1.632088779697992,1.62968283396943,1.6269563379321421,1.6238640162768379,1.6203534662291257,1.616363823256343,1.6118241145690029,1.6066512083361062,1.6007472329183035,1.5939962918768857,1.5862602290546972,1.5773730905677277,1.5671337650670978,1.5552960218770218,1.5415547397638703,1.5255263981697773,1.5067206341351072,1.4844973235008412,1.457999043556464,1.426039037682038,1.3869021039786507,1.3379556738984038,1.2747782048674388,1.1887341598132677,1.0570004592119802,0.6547489737180743,0.04079476712511336,0.0002589838182169962,0.0002585196419877917,0.0002585196419877917,0.0002585196419877917,0.0002585196419877917,0.0002585196419877917,0.0002585196419877919,0.0002585196419877917,0.0002585196419877917,0.0002585196419877917,0.0002585196419877917,0.0002585196419877917,0.00025851964198779167
1.7090419803284103,1.708481663155354,1.7079202944011613,1.7073578706740036,1.7067943885720716,1.7062298446844069,1.7056642355916538,1.7050975578667382,1.7045298080754867,1.7039609827771904,1.7033910785251236,1.7028200918670204,1.7022480193455163,1.7016748574985583,1.7011006028597895,1.7005252519589094,1.6999488013220143,1.6993712474719198,1.6987925869284695,1.6982128162088268,1.6976319318277608,1.697049930297919,1.6964668081300898,1.6958825618334623,1.6952971879158767,1.694710682884069,1.6941230432439136,1.6935342655006589,1.6929443461591613,1.692353281724117,1.6917610687002878,1.6911677035927295,1.6905731829070156,1.6899775031494593,1.6893806608273356,1.688782652449102,1.6881834745246171,1.687583123565361,1.686981596084652,1.6863788885978637,1.6857749976226446,1.6851699196791325,1.684563651290172,1.6839561889815313,1.683347529282117,1.6827376687241902,1.6821266038435834,1.6815143311799148,1.6809008472768032,1.6802861486820853,1.679670231948029,1.6790530936315493,1.6784347302944234,1.6778151385035052,1.677194314830941,1.6765722558543827,1.6759489581572038,1.6753244183287137,1.6746986329643718,1.6740715986660022,1.6734433120420076,1.6728137697075844,1.6721829682849363,1.6715509044034886,1.6709175747001033,1.6702829758192907,1.6696471044134271,1.6690099571429666,1.6683715306766564,1.6677318216917514,1.6670908268742286,1.6664485429190028,1.6658049665301413,1.665160094421081,1.6645139233148436,1.6638664499442537,1.6632176710521567,1.6625675833916376,1.661916183726242,1.661263468830198,1.6606094354886396,1.659954080497833,1.6592974006654049,1.6586393928105738,1.6579800537643854,1.657319380369952,1.6566573694826963,1.6559940179706016,1.6553293227144683,1.6546632806081796,1.6539958885589765,1.653327143487741,1.6526570423292983,1.6519855820327285,1.651312759561701,1.650638571894827,1.6499630160260406,1.6492860889650067,1.6486077877375667,1.6472509510763427,1.6466367749504012,1.64594402743199,1.645162495653689,1.6442805952855273,1.643285174338287,1.6421612856177803,1.640891921936814,1.6394577068511258,1.6378365319795407,1.6360031297803288,1.6339285678264757,1.6315796469314203,1.6289181806184085,1.6259001269661184,1.6224745351817524,1.6185822574502529,1.614154360358439,1.609110147507715,1.6033546727703516,1.5967755772725096,1.589239015032239,1.5805843298368734,1.5706169884747279,1.5590990263284281,1.5457358544867874,1.5301575880196139,1.5118918348411372,1.4903226117592294,1.4646255526743523,1.4336599640165566,1.3957757601288057,1.3484338190326706,1.287353932372727,1.2041859553808836,1.077593046786561,0.7811559426660918,0.08730062982756452,0.0002861615028034171,0.00025851964198779205,0.0002585196419877917,0.0002585196419877917,0.0002585196419877917,0.0002585196419877917,0.0002585196419877919,0.0002585196419877917,0.0002585196419877917,0.0002585196419877917,0.0002585196419877917,0.0002585196419877917,0.00025851964198779167
1.707571307779629,1.7070464656997564,1.7065204637616174,1.705993296049682,1.7054649566962512,1.7049354398830905,1.7044047398430455,1.7038728508616412,1.7033397672786597,1.7028054834896968,1.7022699939476997,1.7017332931644786,1.7011953757121963,1.7006562362248316,1.7001158693996188,1.6995742699984584,1.6990314328493008,1.6984873528475006,1.6979420249571406,1.697395444212328,1.6968476057184545,1.6962985046534276,1.6957481362688658,1.6951964958912618,1.6946435789231094,1.6940893808439932,1.6935338972116456,1.6929771236629618,1.69241905591498,1.6918596897658216,1.69129902109559,1.6907370458672337,1.6901737601273648,1.6896091600070364,1.68904324172248,1.6884760015758002,1.6879074359556232,1.6873375413377056,1.6867663142854985,1.6861937514506637,1.6856198495735513,1.685044605483626,1.6844680160998506,1.6838900784310256,1.6833107895760766,1.6827301467243025,1.6821481471555713,1.681564788240471,1.6809800674404136,1.6803939823076917,1.6798065304854857,1.6792177097078245,1.6786275177994994,1.6780359526759285,1.6774430123429722,1.6768486948967023,1.6762529985231223,1.6756559214978384,1.675057462185683,1.6744576190402898,1.6738563906036197,1.673253775505439,1.6726497724627492,1.6720443802791674,1.67143759784426,1.6708294241328254,1.6702198582041323,1.6696088992011051,1.6689965463494638,1.6683827989568165,1.6677676564117,1.6671511181825773,1.6665331838167816,1.6659138529394175,1.6652931252522096,1.6646710005323062,1.664047478631033,1.663422559472602,1.6627962430527672,1.6621685294374389,1.661539418761244,1.660908911226043,1.660277007099397,1.6596437067129874,1.6590090104609863,1.6583729187983818,1.6577354322392528,1.657096551354998,1.6564562767725146,1.6558146091723305,1.655171549286688,1.6545270978975801,1.6538812558347362,1.6532340239735632,1.652585403233035,1.6519353945735358,1.6512839989946542,1.6506312175329279,1.6499770512595429,1.6486683732035232,1.6480678582158568,1.6473905177773152,1.6466263658828326,1.6457640756688912,1.6447907876972916,1.643691887657991,1.6424507477644783,1.6410484248209865,1.6394633062963022,1.6376706936330228,1.6356423093025467,1.6333457105745561,1.6307435883141317,1.627792922934857,1.6244439613302835,1.6206389673157222,1.6163106825618248,1.6113804132728353,1.6057556270161435,1.5993268995496597,1.5919639858696863,1.583510690970645,1.5737780636794563,1.5625351961435248,1.5494965186195837,1.5343038150038455,1.516500014681775,1.4954896535030324,1.4704766609783573,1.4403612408135535,1.4035573138014215,1.3576405166466696,1.2985871578460448,1.2188394166685121,1.1009561046343215,0.8816876285234398,0.15821665394112455,0.0005446394103824473,0.000258519641987806,0.0002585196419877917,0.0002585196419877917,0.0002585196419877917,0.0002585196419877917,0.0002585196419877919,0.0002585196419877917,0.0002585196419877917,0.0002585196419877917,0.0002585196419877917,0.0002585196419877917,0.00025851964198779167
1.706365562971671,1.705854853921282,1.7053431126150373,1.704830334432308,1.7043165147621149,1.7038016490037402,1.7032857325673378,1.702768760874542,1.7022507293590725,1.7017316334673378,1.7012114686590327,1.700690230407735,1.7001679142014945,1.6996445155434186,1.699120029952254,1.6985944529629582,1.698067780127271,1.6975400070142734,1.6970111292109449,1.696481142322709,1.6959500419739748,1.6954178238086672,1.6948844834907517,1.6943500167047487,1.6938144191562376,1.693277686572355,1.6927398147022785,1.6922007993177048,1.6916606362133142,1.6911193212072242,1.690576850141433,1.6900332188822527,1.6894884233207255,1.6889424593730347,1.688395322980897,1.6878470101119447,1.6872975167600952,1.686746838945904,1.686194972716907,1.685641914147947,1.6850876593414859,1.6845322044278994,1.6839755455657637,1.6834176789421176,1.6828586007727155,1.6822983073022613,1.6817367948046265,1.6811740595830515,1.6806100979703305,1.6800449063289786,1.6794784810513808,1.6789108185599249,1.6783419153071146,1.677771767775665,1.6772003724785796,1.6766277259592088,1.6760538247912882,1.6754786655789575,1.674902244956762,1.6743245595896334,1.6737456061728475,1.6731653814319665,1.6725838821227588,1.6720011050310972,1.6714170469728384,1.6708317047936798,1.6702450753689955,1.6696571556036526,1.6690679424318045,1.6684774328166634,1.6678856237502506,1.667292512253126,1.6666980953740933,1.6661023701898885,1.6655053338048396,1.6649069833505092,1.6643073159853135,1.663706328894118,1.663104019287813,1.662500384402866,1.6618954215008506,1.6612891278679556,1.6606815008144713,1.6600725376742522,1.65946223580416,1.6588505925834836,1.6582376054133376,1.65762327171604,1.6570075889344673,1.6563905545313902,1.6557721659887874,1.6551524208071393,1.6545313165047024,1.6539088506167623,1.6532850206948695,1.652659824306056,1.6520332590320328,1.6514053224683718,1.6507760122236692,1.6495169621366221,1.6489313353933497,1.6482707867665904,1.6475255772896784,1.6466846601684597,1.6457354937387403,1.644663824572169,1.6434534351361685,1.6420858491485777,1.640539986160638,1.6387917548448248,1.6368135718101429,1.634573789313287,1.63203601069888,1.6291582663870217,1.6258920151652223,1.6221809246123464,1.6179593694750458,1.6131505659226624,1.607664230063538,1.6013936066154963,1.5942116513395348,1.5859660575947319,1.5764726744131776,1.5655066384461895,1.552790177163776,1.5379754286011205,1.5206195565346625,1.5001474990262509,1.475793971891982,1.446508795244117,1.4107931229098067,1.3663948849414276,1.3096874558973897,1.2342367204886102,1.1268872324508616,0.954367118784017,0.25145905836324733,0.0015528003543276696,0.00025851964199106916,0.0002585196419877917,0.0002585196419877917,0.0002585196419877917,0.0002585196419877918,0.0002585196419877919,0.0002585196419877917,0.0002585196419877918,0.0002585196419877918,0.0002585196419877917,0.0002585196419877917,0.00025851964198779167
1.7064599230893887,1.7059499201547794,1.7054389764461517,1.7049270885356917,1.7044142529857036,1.703900466348947,1.703385725168945,1.702870025980268,1.7023533653087939,1.7018357396719506,1.7013171455789415,1.7007975795309571,1.700277038021372,1.6997555175359331,1.6992330145529355,1.6987095255433944,1.6981850469712045,1.697659575293296,1.6971331069597844,1.696605638414115,1.696077166093204,1.6955476864275743,1.6950171958414888,1.6944856907530819,1.6939531675744852,1.6934196227119547,1.6928850525659926,1.6923494535314694,1.6918128219977435,1.6912751543487785,1.6907364469632606,1.6901966962147141,1.6896558984716155,1.6891140500975055,1.6885711474511023,1.688027186886412,1.6874821647528382,1.6869360773952913,1.6863889211542964,1.6858406923661007,1.6852913873627802,1.6847410024723437,1.684189534018839,1.6836369783224563,1.6830833316996296,1.6825285904631408,1.6819727509222198,1.681415809382644,1.6808577621468392,1.6802986055139777,1.6797383357800753,1.6791769492380881,1.6786144421780096,1.6780508108869645,1.6774860516493033,1.676920160746695,1.6763531344582203,1.6757849690604623,1.6752156608275965,1.6746452060314816,1.674073600941747,1.6735008418258823,1.6729269249493224,1.6723518465755343,1.6717756029661026,1.671198190380813,1.670619605077738,1.6700398433133168,1.6694589013424392,1.6688767754185267,1.668293461793613,1.6677089567184236,1.667123256442457,1.6665363572140615,1.6659482552805154,1.6653589468881047,1.6647684282822015,1.6641766957073416,1.6635837454073028,1.6629895736251832,1.6623941766034798,1.6617975505841673,1.6611996918087792,1.6606005965184876,1.6600002609541862,1.6593986813565762,1.6587958539662508,1.6581917750237853,1.6575864407698315,1.6569798474452118,1.656371991291023,1.6557628685487435,1.6551524754603468,1.6545408082684248,1.6539278632163197,1.6533136365482684,1.652698124509559,1.6520813233467047,1.6514632293076366,1.650226724628792,1.649652624466526,1.6490051051004397,1.6482746302698024,1.6474503850112454,1.6465200932542623,1.6454698064138131,1.6442836575659663,1.6429435745713534,1.641428943959964,1.6397162154052347,1.6377784340539814,1.635584684645357,1.633099426976535,1.6302816964722686,1.6270841358474946,1.6234518133325135,1.6193207685110254,1.614616206795163,1.6092502353430493,1.603118992823314,1.596098966557442,1.5880422030782504,1.5787699852356494,1.5680643420634208,1.5556564264526171,1.5412102488530512,1.5242993198200956,1.5043720883331348,1.4806989554945857,1.4522875273805127,1.417739945967161,1.3749971071620652,1.3208423113963335,1.2498333485136233,1.1516503515044998,1.002798643153037,0.36003259794221604,0.0045072689183111025,0.0002585196434685794,0.0002585196419877917,0.0002585196419877917,0.0002585196419877917,0.0002585196419877917,0.00025851964198779194,0.0002585196419877917,0.0002585196419877917,0.0002585196419877917,0.0002585196419877917,0.0002585196419877917,0.00025851964198779167
1.70676960695056,1.7062619326623167,1.7057533590671305,1.7052438832022496,1.7047335020959113,1.704222212767377,1.7037100122269666,1.7031968974760954,1.7026828655073105,1.7021679133043288,1.701652037842076,1.7011352360867262,1.7006175049957424,1.7000988415179175,1.6995792425934189,1.6990587051538293,1.6985372261221925,1.6980148024130597,1.697491430932534,1.6969671085783193,1.6964418322397679,1.6959155987979306,1.6953884051256076,1.6948602480873987,1.6943311245397574,1.6938010313310439,1.6932699653015804,1.6927379232837065,1.6922049021018375,1.6916708985725213,1.6911359095044993,1.6905999316987654,1.6900629619486298,1.6895249970397803,1.6889860337503477,1.6884460688509713,1.6879050991048647,1.687363121267885,1.686820132088603,1.6862761283083716,1.6857311066613996,1.685185063874826,1.6846379966687932,1.6840899017565234,1.6835407758443985,1.6829906156320373,1.682439417812377,1.6818871790717551,1.6813338960899942,1.680779565540487,1.6802241840902832,1.6796677484001767,1.6791102551247992,1.67855170091271,1.6779920824064896,1.6774313962428358,1.676869639052661,1.6763068074611915,1.675742898088068,1.675177907547448,1.6746118324481114,1.674044669393567,1.6734764149821606,1.6729070658071867,1.6723366184570003,1.6717650695151323,1.6711924155604065,1.670618653167059,1.6700437789048588,1.6694677893392327,1.6688906810313904,1.6683124505384543,1.6677330944135886,1.667152609206134,1.6665709914617421,1.6659882377225164,1.6654043445271505,1.6648193084110732,1.6642331259065946,1.6636457935430555,1.6630573078469797,1.662467665342228,1.6618768625501565,1.661284895989779,1.660691762177929,1.6600974576294265,1.6595019788572514,1.6589053223727135,1.6583074846856318,1.6577084623045142,1.657108251736742,1.6565068494887556,1.6559042520662486,1.6553004559743592,1.6546954577178712,1.6540892538014158,1.6534818407296774,1.6528732150076058,1.6522633731406284,1.6510434924287285,1.6504790786037244,1.649842512786338,1.6491244309833817,1.64831421565728,1.647399817455599,1.6463675487348701,1.645201843647368,1.643884978387254,1.6423967437051712,1.6407140598989174,1.638810522038032,1.6366558599962309,1.6342152936923038,1.6314487584160842,1.6283099677312816,1.6247452714659032,1.620692252651229,1.6160779883641463,1.610816872873424,1.6048078636212995,1.5979309556502372,1.5900426089373887,1.5809697306939936,1.5705016257220246,1.5583790285037322,1.5442788420670757,1.52779238395022,1.5083934925773128,1.485390190974502,1.4578484589259595,1.4244660216674208,1.3833501510737176,1.331593488287031,1.2643655992836174,1.1725711941323993,1.034096325508029,0.4767092757748144,0.011688615314183394,0.0002585199834586562,0.0002585196419877917,0.0002585196419877917,0.0002585196419877917,0.0002585196419877917,0.0002585196419877919,0.0002585196419877917,0.0002585196419877917,0.0002585196419877917,0.0002585196419877917,0.0002585196419877917,0.00025851964198779167
1.707182723089303,1.7066781520080656,1.706172713373964,1.7056664045580334,1.7051592229232626,1.704651165824675,1.7041422306094043,1.7036324146167687,1.7031217151783398,1.7026101296180058,1.702097655252037,1.7015842893891444,1.701070029330538,1.7005548723699848,1.7000388157938637,1.69952185688122,1.699003992903821,1.698485221126207,1.6979655388057464,1.6974449431926897,1.6969234315302206,1.6964010010545114,1.695877648994776,1.695353372573325,1.69482816900562,1.6943020355003302,1.6937749692593889,1.69324696747805,1.6927180273449478,1.6921881460421555,1.691657320745246,1.6911255486233543,1.6905928268392385,1.6900591525493462,1.6895245229038793,1.6889889350468599,1.6884523861162002,1.6879148732437708,1.687376393555473,1.6868369441713114,1.6862965222054673,1.685755124766376,1.685212748956804,1.6846693918739277,1.6841250506094165,1.6835797222495128,1.6830334038751185,1.6824860925618812,1.6819377853802824,1.681388479395728,1.6808381716686411,1.680286859254554,1.6797345392042071,1.6791812085636455,1.6786268643743207,1.6780715036731921,1.6775151234928318,1.6769577208615325,1.6763992928034153,1.6758398363385427,1.6752793484830306,1.6747178262491664,1.6741552666455255,1.673591666677095,1.6730270233453939,1.6724613336486032,1.6718945945816908,1.671326803136545,1.670757956302108,1.6701880510645124,1.6696170844072213,1.6690450533111705,1.6684719547549125,1.667897785714767,1.6673225431649705,1.6667462240778312,1.666168825423886,1.6655903441720612,1.665010777289837,1.6644301217434139,1.6638483744978836,1.6632655325174033,1.6626815927653733,1.662096552204618,1.6615104077975718,1.6609231565064668,1.660334795293527,1.6597453211211648,1.6591547309521832,1.6585630217499798,1.6579701904787585,1.6573762341037437,1.6567811495914013,1.6561849339096626,1.6555875840281549,1.6549890969184389,1.6543894695542496,1.6537886989117454,1.6531867819697639,1.6519828584294944,1.6514274792024857,1.6508011291003228,1.6500946045144278,1.6492974716862523,1.6483978922817613,1.6473824215051465,1.646235773693245,1.6449405492070996,1.6434769150117639,1.6418222295160512,1.639950599903668,1.6378323571506268,1.6354334299507793,1.6327145935221299,1.6296305622630962,1.6261288857823528,1.6221485949380383,1.6176185267155503,1.61245523183086,1.6065603334806258,1.599817154390038,1.5920863538212062,1.5832002027638135,1.572954951096687,1.5611004652304918,1.5473258672193502,1.5312391533801224,1.5123374516271457,1.4899621532317742,1.463228433409088,1.4309087805581888,1.3912273673103754,1.3414625428219418,1.2770687868438904,1.1892715597384793,1.0552146653472694,0.5952121051977185,0.027005447935653543,0.00025855731528271543,0.0002585196419877917,0.0002585196419877917,0.0002585196419877917,0.0002585196419877918,0.00025851964198779194,0.0002585196419877917,0.0002585196419877918,0.0002585196419877918,0.0002585196419877917,0.0002585196419877917,0.00025851964198779167
1.706868385972432,1.706384587189185,1.705899761331032,1.7054139032239826,1.7049270078067214,1.7044390701326633,1.7039500853719145,1.7034600488131295,1.7029689558652508,1.7024768020591259,1.7019835830489884,1.701489294613797,1.7009939326584285,1.7004974932147159,1.699999972442327,1.6995013666294827,1.6990016721935095,1.6985008856812225,1.6979990037691404,1.6974960232635297,1.6969919411002778,1.6964867543445967,1.695980460190555,1.6954730559604436,1.6949645391039745,1.6944549071973163,1.6939441579419678,1.6934322891634765,1.6929192988100028,1.6924051849507347,1.6918899457741599,1.6913735795861988,1.6908560848082028,1.6903374599748275,1.6898177037317812,1.6892968148334626,1.688774792140487,1.6882516346171121,1.687727341328571,1.6872019114383168,1.6866753442051876,1.6861476389805024,1.6856187952050898,1.6850888124062622,1.6845576901947408,1.6840254282615412,1.6834920263748252,1.6829574843767285,1.682421802180172,1.6818849797656623,1.6813470171780927,1.6808079145235497,1.680267671966133,1.6797262897247969,1.6791837680702195,1.6786401073217079,1.6780953078441445,1.6775493700449835,1.6770022943713,1.6764540813069038,1.6759047313695166,1.6753542451080257,1.674802623099812,1.6742498659481653,1.6736959742797841,1.67314094874237,1.6725847900023194,1.6720274987425134,1.6714690756602146,1.6709095214650693,1.6703488368772221,1.6697870226255414,1.669224079445962,1.668660008079944,1.6680948092730516,1.6675284837736493,1.6669610323317232,1.6663924556978218,1.665822754622118,1.6652519298535968,1.6646799821393616,1.664106912224062,1.663532720849445,1.662957408754023,1.6623809766728608,1.6618034253374776,1.6612247554758677,1.6606449678126274,1.6600640630691987,1.6594820419642162,1.658898905213962,1.658314653532923,1.6577292876344476,1.6571428082315025,1.6565552160375214,1.6559665117673505,1.6553766961382816,1.654785769871177,1.6541937336916799,1.6530096112683434,1.6524629662488584,1.651846483842143,1.6511511123142355,1.6503665914745533,1.6494812817287476,1.6484819663343129,1.6473536219551037,1.6460791515288478,1.644639072092924,1.6430111484689893,1.6411699614660598,1.6390863963578386,1.6367270335953965,1.6340534187085043,1.6310211816744935,1.6275789670404381,1.623667123825283,1.6192160873060968,1.6141443611111992,1.6083559744039158,1.601737240361459,1.5941525706980066,1.5854389936812252,1.5753988581432297,1.563789945518131,1.550311787692031,1.534586272080999,1.516129353283497,1.4943083516456492,1.4682747087153023,1.4368522600380529,1.3983380860011083,1.3501117959349325,1.2877557321479436,1.2026050725276614,1.0718143578455392,0.7070321360616096,0.05467256584272237,0.0002604164870015004,0.0002585196419877917,0.0002585196419877917,0.0002585196419877917,0.0002585196419877917,0.00025851964198779194,0.0002585196419877917,0.0002585196419877917,0.0002585196419877917,0.0002585196419877917,0.0002585196419877917,0.00025851964198779167
1.704914135118135,1.7044619128316192,1.7040086154951113,1.7035542366725844,1.703098770022415,1.7026422092997247,1.7021845483586646,1.7017257811546425,1.701265901746486,1.700804904298543,1.7003427830827174,1.6998795324804363,1.6994151469845495,1.6989496212011574,1.6984829498513683,1.6980151277729785,1.6975461499220819,1.6970760113746006,1.6966047073277377,1.6961322331013517,1.695658584139254,1.6951837560104195,1.694707744410123,1.694230545160988,1.6937521542139558,1.6932725676491698,1.6927917816767772,1.6923097926376462,1.6918265970039974,1.6913421913799545,1.690856572502008,1.6903697372393949,1.6898816825943954,1.689392405702546,1.6889019038327675,1.6884101743874125,1.687917214902229,1.6874230230462441,1.6869275966215653,1.686430933563102,1.6859330319382098,1.6854338899462546,1.6849335059181014,1.6844318783155259,1.6839290057305532,1.683424886884722,1.6829195206282774,1.6824129059392945,1.6819050419227295,1.6813959278094066,1.6808855629549388,1.6803739468385825,1.6798610790620296,1.6793469593481412,1.678831587539618,1.6783149635976158,1.677797087600304,1.6772779597413703,1.6767575803284716,1.6762359497816348,1.6757130686316093,1.6751889375181703,1.674663557188378,1.6741369284947896,1.673609052393634,1.673079929942939,1.6725495623006246,1.6720179507225545,1.6714850965605539,1.6709510012603888,1.6704156663597147,1.6698790934859913,1.6693412843543636,1.668802240765518,1.6682619646035035,1.6677204578335258,1.6671777224997175,1.6666337607228772,1.6660885746981842,1.6655421666928873,1.6649945390439702,1.6644456941557888,1.6638956344976867,1.6633443626015876,1.6627918810595594,1.662238192521358,1.6616832996919444,1.6611272053289792,1.6605699122402895,1.6600114232813132,1.6594517413525154,1.6588908693967788,1.6583288103967675,1.6577655673722604,1.6572011433774576,1.6566355414982543,1.6560687648494872,1.6555008165721419,1.654931699830533,1.6537932147534444,1.6532577546311977,1.6526538676814175,1.6519726804835462,1.6512041339423047,1.6503368153704605,1.6493577642322752,1.6482522467365566,1.6470034934136208,1.6455923924795575,1.6439971300991898,1.6421927664917697,1.6401507340229202,1.6378382397768898,1.6352175502997672,1.6322451298173561,1.6288705946420812,1.625035434789725,1.6206714376942397,1.6156987263272697,1.610023291918009,1.6035338550128062,1.596097820119979,1.5875559860564854,1.5777155151356257,1.566340412601513,1.553138356553048,1.5377420222152085,1.5196818132928036,1.4983446228562984,1.4729087170568844,1.4422351877293262,1.404673886251404,1.3576825394023635,1.2969757668258102,1.2142211682735446,1.0884029397073895,0.8051951815997784,0.09775944284636033,0.0002978242395798074,0.00025851964198779205,0.0002585196419877917,0.0002585196419877917,0.0002585196419877917,0.00025851964198779194,0.0002585196419877917,0.0002585196419877917,0.0002585196419877917,0.0002585196419877917,0.0002585196419877917,0.00025851964198779167
1.7035575647017576,1.7031183456806858,1.7026781121954078,1.7022368582988185,1.701794578142385,1.7013512659782484,1.7009069161612271,1.7004615231507205,1.7000150815125084,1.6995675859204367,1.6991190311579953,1.698669412119775,1.6982187238128081,1.6977669613577866,1.6973141199901565,1.6968601950610855,1.6964051820383068,1.695949076506831,1.6954918741695324,1.6950335708476048,1.6945741624808868,1.6941136451280607,1.6936520149667216,1.6931892682933176,1.6927254015229654,1.69226041118914,1.6917942939432409,1.6913270465540375,1.690858665906994,1.69038914900348,1.689918492959864,1.6894466950065008,1.6889737524866053,1.688499662855028,1.6880244236769248,1.6875480326263343,1.6870704874846605,1.6865917861390656,1.6861119265807827,1.6856309069033433,1.6851487253007353,1.6846653800654863,1.6841808695866822,1.6836951923479277,1.6832083469252483,1.6827203319849413,1.6822311462813835,1.681740788654795,1.6812492580289724,1.680756553408984,1.680262673878849,1.679767618599187,1.679271386804858,1.678773977802592,1.6782753909686092,1.6777756257462428,1.6772746816435642,1.6767725582310176,1.6762692551390659,1.6757647720558573,1.6752591087249091,1.6747522649428201,1.6742442405570122,1.6737350354635028,1.6732246496047172,1.6727130829673393,1.6722003355802058,1.6716864075122462,1.6711712988704734,1.6706550097980233,1.6701375404722505,1.6696188911028793,1.6690990619302122,1.668578053223398,1.6680558652787605,1.6675324984181903,1.6670079529875987,1.6664822293554356,1.66595532791127,1.6654272490644382,1.6648979932427528,1.6643675608912767,1.6638359524711612,1.6633031684585458,1.6627692093435191,1.6622340756291416,1.6616977678305247,1.6611602864739676,1.6606216320961513,1.6600818052433806,1.6595408064708805,1.6589986363421383,1.6584552954282894,1.6579107843075465,1.6573651035646662,1.6568182537904497,1.6562702355812768,1.6557210495386645,1.655170696268851,1.6540696629932656,1.653546155151364,1.652955746076791,1.6522897595825108,1.6515383599517737,1.6506903876491719,1.6497331692353814,1.6486522967650492,1.6474313709100625,1.6460517007409645,1.6444919514341785,1.6427277290396174,1.6407310886875262,1.6384699490240013,1.6359073909444126,1.6330008124259625,1.6297009028469753,1.625950388753763,1.6216824873179836,1.6168189818007155,1.6112678022730798,1.6049199500597762,1.59764553855369,1.589288624182858,1.579660349089093,1.5685296760418022,1.555610602070278,1.5405440692757364,1.522871610624297,1.501995578892569,1.4771165097677086,1.4471291450178068,1.410438041798512,1.3646014768972272,1.3055605570459476,1.2256766771255119,1.107273741380562,0.8857443880035527,0.1574320809105182,0.0005125047079006028,0.00025851964198780035,0.0002585196419877917,0.0002585196419877917,0.0002585196419877918,0.00025851964198779194,0.0002585196419877917,0.0002585196419877918,0.0002585196419877918,0.0002585196419877917,0.0002585196419877917,0.00025851964198779167
1.6984419898652665,1.6980572613993954,1.6976714222778118,1.6972844644690757,1.6968963800498285,1.6965071612052227,1.6961168002295308,1.6957252895268975,1.6953326216122144,1.694938789112089,1.6945437847658933,1.6941476014268666,1.6937502320632651,1.6933516697595363,1.6929519077175137,1.692550939257615,1.6921487578200385,1.691745356965947,1.6913407303786343,1.690934871864664,1.6905277753549794,1.6901194349059774,1.6897098447005414,1.6892989990490304,1.6888868923902194,1.6884735192921916,1.6880588744531737,1.6876429527023176,1.6872257490004237,1.686807258440605,1.6863874762488877,1.6859663977847494,1.6855440185415955,1.6851203341471659,1.6846953403638787,1.684269033089105,1.6838414083553768,1.6834124623305236,1.6829821913177425,1.6825505917555978,1.6821176602179495,1.6816833934138116,1.6812477881871415,1.6808108415165555,1.6803725505149758,1.6799329124292057,1.6794919246394326,1.6790495846586615,1.6786058901320764,1.6781608388363323,1.6777144286787746,1.677266657696588,1.6768175240558767,1.6763670260506747,1.6759151621018822,1.675461930756137,1.6750073306846163,1.6745513606817652,1.674094019663962,1.6736353066681122,1.6731752208501762,1.6727137614836278,1.6722509279578481,1.6717867197764509,1.6713211365555425,1.6708541780219175,1.670385844011187,1.6699161344658422,1.6694450494332573,1.668972589063624,1.668498753607825,1.6680235434152462,1.6675469589315228,1.6670690006962274,1.6665896693404956,1.6661089655845889,1.6656268902354021,1.6651434441839055,1.664658628402533,1.6641724439425098,1.6636848919311207,1.6631959735689241,1.6627056901269093,1.6622140429435945,1.661721033422076,1.6612266630270172,1.6607309332815876,1.660233845764351,1.659735402106099,1.659235603986637,1.658734453131521,1.6582319513087482,1.6577281003254019,1.6572229020242524,1.6567163582803193,1.6562084709973919,1.6556992421045182,1.6551886735524601,1.65467676731012,1.6536521454735178,1.6531443241723562,1.652571549039052,1.6519253816078219,1.6511962519272807,1.6503732973656886,1.6494441759252123,1.6483948493754343,1.6472093304876194,1.6458693873556078,1.6443541961463295,1.6426399315252382,1.6406992813018089,1.638500868337062,1.6360085581669699,1.633180624727633,1.629968738453787,1.626316730038238,1.6221590680696993,1.6174189677779351,1.6120060183962586,1.6058131737964927,1.5987128880068966,1.590552082425973,1.5811454855507991,1.5702666552074696,1.5576356174935602,1.5429014244481074,1.5256168280133866,1.505200251652524,1.4808763641723637,1.4515786293531538,1.4157797234007772,1.3711734993497677,1.3140178839078769,1.2375886288497029,1.1278037887669867,0.9469763849759261,0.23141348387140592,0.001177810163035895,0.00025851964198840105,0.0002585196419877918,0.0002585196419877918,0.0002585196419877918,0.00025851964198779194,0.0002585196419877917,0.0002585196419877918,0.0002585196419877918,0.0002585196419877917,0.0002585196419877918,0.00025851964198779167
1.6934452434552063,1.6930933774362389,1.6927404722383714,1.6923865203234258,1.6920315142081686,1.6916754464655996,1.6913183097262146,1.6909600966792449,1.6906008000738704,1.6902404127204067,1.689878927491465,1.6895163373230841,1.6891526352158353,1.6887878142358965,1.6884218675160987,1.6880547882569403,1.687686569727572,1.6873172052667489,1.6869466882837512,1.6865750122592715,1.686202170746269,1.6858281573707903,1.6854529658327546,1.6850765899067026,1.6846990234425128,1.6843202603660778,1.683940294679948,1.6835591204639322,1.6831767318756656,1.682793123151135,1.6824082886051694,1.6820222226318855,1.6816349197050988,1.6812463743786903,1.6808565812869336,1.6804655351447817,1.680073230748108,1.6796796629739112,1.679284826780471,1.6788887172074658,1.678491329376043,1.6780926584888491,1.6776926998300121,1.6772914487650807,1.6768889007409198,1.6764850512855596,1.6760798960079974,1.6756734305979581,1.675265650825603,1.6748565525411971,1.6744461316747266,1.674034384235471,1.6736213063115275,1.6732068940692886,1.6727911437528717,1.6723740516835022,1.6719556142588465,1.6715358279523005,1.6711146893122266,1.670692194961146,1.6702683415948787,1.669843125981641,1.6694165449610883,1.668988595443314,1.6685592744077993,1.6681285789023128,1.667696506041766,1.6672630530070143,1.6668282170436177,1.6663919954605462,1.6659543856288417,1.665515384980231,1.6650749910056921,1.664633201253971,1.6641900133300531,1.6637454248935872,1.6632994336572633,1.6628520373851425,1.6624032338909427,1.6619530210362774,1.661501396728849,1.661048358920597,1.6605939056058032,1.66013803481915,1.6596807446337367,1.6592220331590515,1.658761898538902,1.6583003389493023,1.6578373525963181,1.657372937713872,1.6569070925615068,1.6564398154221094,1.6559711045995962,1.6555009584165583,1.6550293752118712,1.6545563533382646,1.6540818911598587,1.6536059870496624,1.6531286393870392,1.6521727886295074,1.651682571320704,1.6511296129157935,1.6505057519826822,1.6498017299786805,1.6490070342330791,1.6481097159216713,1.6470961783928326,1.6459509301799187,1.644656295743465,1.6431920753493534,1.641535143399341,1.6396589718428738,1.63753306181764,1.63512226211663,1.6323859470801543,1.6292770185191885,1.6257406855085503,1.6217129611966818,1.617118795447108,1.6118697335394594,1.605860950241758,1.5989674488323418,1.5910391255108876,1.5818942633687931,1.5713108061902563,1.5590144167425632,1.5446617477065172,1.527816357000121,1.5079129064419778,1.4842019033752238,1.4556605169024492,1.4208407020117093,1.3775929807876763,1.3225208729318687,1.2497820543970024,1.1480507519247831,0.9912484209821801,0.31620607862318967,0.0028595281023182932,0.0002585196420788996,0.0002585196419877918,0.0002585196419877918,0.0002585196419877918,0.00025851964198779194,0.0002585196419877917,0.0002585196419877918,0.0002585196419877918,0.0002585196419877917,0.0002585196419877918,0.00025851964198779167
1.6917937141214958,1.691430074058752,1.6910655938991193,1.6907002683888925,1.6903340922713097,1.6899670602866503,1.689599167172351,1.6892304076631262,1.6888607764911023,1.6884902683859548,1.6881188780750536,1.6877466002836095,1.687373429734828,1.6869993611500629,1.68662438924897,1.6862485087496648,1.6858717143688777,1.6854940008221104,1.6851153628237883,1.6847357950874144,1.6843552923257201,1.683973849250811,1.6835914605743132,1.6832081210075147,1.6828238252615038,1.682438568047302,1.6820523440759965,1.6816651480588634,1.6812769747074907,1.6808878187338943,1.680497674850629,1.680106537770897,1.6797144022086465,1.67932126287867,1.6789271144966924,1.6785319517794575,1.678135769444806,1.6777385622117482,1.677340324800532,1.676941051932702,1.6765407383311564,1.676139378720193,1.675736967825553,1.6753335003744543,1.674928971095623,1.6745233747193138,1.6741167059773265,1.673708959603014,1.6733001303312853,1.6728902128986007,1.6724792020429582,1.6720670925038779,1.6716538790223736,1.6712395563409215,1.6708241192034197,1.6704075623551413,1.669989880542681,1.6695710685138925,1.669151121017821,1.6687300328046262,1.6683077986255008,1.6678844132325792,1.6674598713788398,1.6670341678180007,1.6666072973044068,1.6661792545929108,1.6657500344387461,1.6653196315973928,1.6648880408244369,1.66445525687542,1.6640212745056855,1.6635860884702127,1.663149693523449,1.6627120844191317,1.662273255910101,1.661833202748111,1.6613919196836293,1.6609494014656305,1.6605056428413834,1.660060638556231,1.6596143833533634,1.6591668719735835,1.6587180991550659,1.6582680596331094,1.6578167481398833,1.6573641594041646,1.656910288151072,1.6564551291017902,1.6559986769732886,1.6555409264780354,1.6550818723237026,1.654621509212865,1.654159831842695,1.6536968349046484,1.653232513084144,1.6527668610602406,1.6522998735053018,1.6518315450846597,1.651361870456268,1.6504215270806477,1.6499435000998546,1.649404321773486,1.648796044931196,1.6481096558871609,1.6473349221884501,1.646460216178136,1.6454723098870248,1.644356135772396,1.6430945065652478,1.6416677858901008,1.6400534992775524,1.6382258725547834,1.6361552811774243,1.6338075895847721,1.6311433537408424,1.6281168521299483,1.6246748998399054,1.6207553858737789,1.6162854538349976,1.6111792181535949,1.6053348682614692,1.598630955618596,1.5909215736529136,1.582030012678595,1.5717402738050312,1.5597855105622591,1.5458319487763983,1.529455952523826,1.5101103386878347,1.4870731375761639,1.459366315402185,1.425620152745452,1.3838324385840468,1.3309059824625333,1.2616621134506905,1.1663801503111364,1.0225369548681777,0.40872459454967,0.0065778655141745974,0.00025851965280312316,0.0002585196419877918,0.0002585196419877918,0.0002585196419877918,0.00025851964198779194,0.0002585196419877917,0.0002585196419877918,0.0002585196419877918,0.0002585196419877917,0.0002585196419877918,0.00025851964198779167
1.6907044142150156,1.690332948962787,1.6899607109134687,1.6895876956439244,1.6892138987244785,1.6888393157182084,1.6884639421803374,1.6880877736577165,1.6877108056883778,1.6873330338011574,1.6869544535153704,1.6865750603405383,1.6861948497761565,1.685813817311501,1.6854319584254631,1.685049268586416,1.6846657432520997,1.6842813778695316,1.6838961678749313,1.683510108693662,1.6831231957401844,1.6827354244180222,1.6823467901197362,1.681957288226909,1.681566914110132,1.6811756631290058,1.6807835306321384,1.6803905119571512,1.6799966024306885,1.67960179736843,1.6792060920751037,1.678809481844504,1.6784119619595104,1.6780135276921049,1.677614174303395,1.6772138970436332,1.6768126911522407,1.6764105518578283,1.6760074743782194,1.6756034539204725,1.6751984856809041,1.67479256484511,1.674385686587988,1.6739778460737589,1.6735690384559883,1.6731592588776063,1.672748502470929,1.6723367643576763,1.6719240396489916,1.6715103234454598,1.6710956108371249,1.6706798969035062,1.6702631767136138,1.6698454453259646,1.669426697788596,1.6690069291390799,1.6685861344045343,1.6681643086016362,1.6677414467366316,1.6673175438053467,1.666892594793196,1.6664665946751915,1.6660395384159499,1.6656114209696988,1.665182237280284,1.6647519822811725,1.6643206508954582,1.6638882380358637,1.6634547386047445,1.6630201474940889,1.662584459585519,1.6621476697502913,1.6617097728492947,1.6612707637330484,1.6608306372417,1.6603893882050214,1.6599470114424033,1.6595035017628503,1.6590588539649749,1.658613062836988,1.658166123156693,1.657718029691473,1.6572687771982826,1.656818360423634,1.6563667741035835,1.655914012963718,1.6554600717191352,1.655004945074429,1.6545486277236654,1.6540911143503614,1.653632399627459,1.6531724782172963,1.6527113447715762,1.652248993931329,1.6517854203268731,1.6513206185777674,1.6508545832927592,1.650387309069725,1.649918790495601,1.6489809609858175,1.6485112531441946,1.64798149307136,1.6473838856500151,1.646709592044074,1.6459485812998071,1.6450894585126767,1.6441192652407242,1.6430232468908517,1.6417845805991231,1.640384055594192,1.638799696072087,1.6370063140812265,1.6349749766297472,1.632672366919265,1.6300600139141435,1.6270933568548496,1.6237206010769172,1.619881307529028,1.6155046391125882,1.6105071600228538,1.6047900460468703,1.598235508647005,1.5907021546834497,1.5820188821976517,1.5719767262617874,1.5603177749937187,1.5467197981671397,1.5307744270084105,1.5119553156453984,1.489570129947023,1.4626851949350337,1.4300012253966947,1.3896350441417151,1.3387025949450577,1.272420481560117,1.1817526458161518,1.0443318075594603,0.5044218399465434,0.013977944422110583,0.00025852041179258157,0.0002585196419877918,0.0002585196419877918,0.0002585196419877918,0.00025851964198779194,0.0002585196419877917,0.0002585196419877918,0.0002585196419877918,0.0002585196419877917,0.0002585196419877918,0.00025851964198779167
1.689267840999581,1.6889091290016884,1.6885493624120416,1.6881885338073654,1.6878266360943803,1.6874636625142447,1.6870996066460238,1.6867344624091682,1.6863682240650018,1.6860008862172147,1.6856324438113754,1.6852628921334651,1.6848922268074547,1.6845204437919474,1.6841475393759109,1.6837735101735292,1.6833983531182093,1.6830220654557824,1.6826446447369374,1.6822660888089347,1.6818863958066437,1.681505564142958,1.6811235924986327,1.6807404798116026,1.6803562252658273,1.6799708282797257,1.6795842884942458,1.6791966057606311,1.6788077801279293,1.678417811830307,1.6780267012742123,1.6776344490254416,1.6772410557961608,1.6768465224319258,1.6764508498987492,1.676054039270259,1.675656091714989,1.675257008483841,1.6748567908977556,1.6744554403356273,1.6740529582224943,1.6736493460180333,1.6732446052053866,1.672838737280345,1.6724317437409078,1.67202362607724,1.6716143857620434,1.6712040242413526,1.6707925429257726,1.6703799431821644,1.6699662263257848,1.6695513936128876,1.6691354462337895,1.6687183853063987,1.668300211870208,1.6678809268807513,1.6674605312045159,1.667039025614307,1.6666164107850596,1.6661926872900856,1.6657678555977522,1.6653419160685758,1.6649148689527276,1.6644867143879307,1.664057452397747,1.6636270828902302,1.6631956056569415,1.662763020372306,1.6623293265933043,1.6618945237594784,1.6614586111932435,1.661021588100487,1.6605834535714459,1.6601442065818446,1.6597038459942806,1.6592623705598502,1.6588197789199917,1.658376069608542,1.65793124105399,1.6574852915819178,1.6570382194176159,1.6565900226888628,1.6561406994288606,1.6556902475793125,1.6552386649936375,1.6547859494403114,1.6543320986063252,1.653877110100755,1.6534209814584353,1.6529637101437282,1.6525052935543854,1.652045729025493,1.6515850138334964,1.651123145200301,1.6506601202974431,1.6501959362503242,1.6497305901425132,1.6492640790201016,1.6487963998961188,1.6478604057331963,1.647397373673619,1.6468751716246208,1.646286126731163,1.6456215408629835,1.6448715453834943,1.6440249331220327,1.6430689633796007,1.6419891348829665,1.6407689204473033,1.6393894556407078,1.6378291718675293,1.636063361867995,1.6340636624885871,1.6317974354588274,1.6292270214657616,1.6263088355521789,1.622992262070552,1.6192182940768365,1.6149178436388771,1.6100096238104145,1.6043974665545089,1.5979668883662566,1.5905806382905456,1.5820728476980208,1.572241224545321,1.5608364571366806,1.547547542438233,1.5319809989732065,1.5136306042810703,1.491831873184884,1.465690770328142,1.4339662418091397,1.3948632925373023,1.3456334794179847,1.2816924789266184,1.1942004033466,1.060136560567636,0.5994050704836918,0.027183003736406197,0.0002585513084939205,0.0002585196419877918,0.0002585196419877918,0.0002585196419877918,0.00025851964198779194,0.0002585196419877917,0.0002585196419877918,0.0002585196419877918,0.0002585196419877917,0.0002585196419877918,0.00025851964198779167
1.6873505852643778,1.6870012026347867,1.6866507649000881,1.6862992644766714,1.6859466940741792,1.6855930466994034,1.6852383156594766,1.684882494564344,1.6845255773285042,1.6841675581720215,1.6838084316208002,1.6834481925061282,1.6830868359634983,1.6827243574307111,1.6823607526452782,1.681996017641139,1.6816301487447136,1.68126314257031,1.6808949960149144,1.680525706252391,1.6801552707271186,1.6797836871470997,1.6794109534765713,1.6790370679281552,1.6786620289545804,1.6782858352400198,1.6779084856910715,1.6775299794274308,1.6771503157722851,1.6767694942424733,1.6763875145384477,1.6760043765340769,1.6756200802663244,1.6752346259248445,1.6748480138415272,1.674460244480029,1.6740713184253242,1.6736812363733067,1.673289999120475,1.672897607553732,1.6725040626403231,1.6721093654179429,1.6717135169850343,1.6713165184913026,1.6709183711284654,1.6705190761212603,1.670118634718725,1.6697170481857668,1.6693143177950396,1.6689104448191336,1.6685054305230946,1.6680992761572795,1.667691982950556,1.6672835521038536,1.666873984784066,1.6664632821183158,1.6660514451885757,1.6656384750266489,1.6652243726095113,1.6648091388550088,1.6643927746179084,1.6639752806863009,1.6635566577783467,1.6631369065393629,1.6627160275392407,1.6622940212701918,1.6618708881448094,1.661446628494442,1.6610212425678643,1.6605947305302438,1.660167092462388,1.659738328360264,1.6593084381347822,1.6588774216118323,1.6584452785325632,1.6580120085538947,1.6575776112492535,1.6571420861095219,1.6567054325441894,1.6562676498826974,1.655828737375971,1.6553886941981217,1.6549475194483196,1.6545052121528185,1.654061771267133,1.6536171956783565,1.6531714842076064,1.6527246356125989,1.6522766485903388,1.6518275217799203,1.6513772537654292,1.6509258430789433,1.6504732882036248,1.6500195875768926,1.6495647395936766,1.649108742609745,1.648651594945098,1.6481932948874223,1.6477338406956072,1.6468142976220295,1.6463588775095823,1.6458452668303805,1.6452659216917644,1.6446122907461698,1.6438746726663782,1.6430420513065438,1.642101904485681,1.641039981444174,1.6398400429077116,1.638483556277585,1.6369493366587269,1.635213122110445,1.6332470684880898,1.6310191452977845,1.6284924087793182,1.6256241214950302,1.6223646783640506,1.6186562863693181,1.614431327647231,1.609610311202597,1.6040992838033412,1.5977865206071635,1.5905382426433723,1.582192998172526,1.572554175941311,1.56137985193312,1.548368738252064,1.5331402738094284,1.5152056166808543,1.4939239349524476,1.468433751257,1.4375392468732588,1.3995083733989009,1.3516782582343865,1.2895691002677656,1.204415983661446,1.0730842470165425,0.6904506056983509,0.048567328119739434,0.00025931612167441425,0.0002585196419877918,0.0002585196419877918,0.0002585196419877918,0.00025851964198779194,0.0002585196419877917,0.0002585196419877918,0.0002585196419877918,0.0002585196419877917,0.0002585196419877918,0.00025851964198779167
1.6867914826629242,1.686414864986407,1.686037703731986,1.685659997139746,1.6852817433271827,1.6849029402873643,1.6845235858872538,1.6841436778662042,1.6837632138346261,1.6833821912728288,1.6830006075300437,1.6826184598236242,1.68223574523843,1.6818524607263934,1.6814686031062684,1.681084169063567,1.680699155150673,1.6803135577871435,1.6799273732601885,1.6795405977253306,1.6791532272072416,1.6787652576007523,1.6783766846720352,1.677987504059952,1.6775977112775653,1.6772073017138103,1.676816270635317,1.6764246131883846,1.6760323244010962,1.6756393991855707,1.675245832340347,1.6748516185528894,1.6744567524022134,1.6740612283616185,1.6736650408015263,1.6732681839924135,1.6728706521078296,1.6724724392274997,1.6720735393404924,1.6716739463484582,1.6712736540689184,1.6708726562386036,1.6704709465168306,1.6700685184889115,1.6696653656695835,1.6692614815064548,1.6688568593834574,1.6684514926242966,1.6680453744958925,1.6676384982118035,1.667230856935628,1.6668224437843693,1.6664132518317656,1.6660032741115713,1.6655925036207861,1.6651809333228247,1.6647685561506191,1.6643553650096523,1.6639413527809108,1.6635265123237568,1.6631108364787106,1.6626943180701395,1.6622769499088528,1.661858724794589,1.661439635518404,1.6610196748649442,1.6605988356146115,1.6601771105456113,1.6597544924358818,1.6593309740649058,1.6589065482153986,1.6584812076748732,1.658054945237081,1.6576277537033262,1.6571996258836574,1.6567705545979285,1.6563405326767375,1.655909552962238,1.655477608308826,1.6550446915837038,1.6546107956673208,1.6541759134536937,1.6537400378506086,1.6533031617797063,1.6528652781764517,1.6524263799899956,1.6519864601829248,1.651545511730907,1.6511035276222354,1.6506605008572743,1.6502164244478086,1.6497712914163036,1.6493250947950777,1.6488778276253924,1.6484294829564623,1.6479800538443907,1.6475295333510362,1.6470779145428103,1.6466251904894125,1.6457191714728214,1.6452714155574,1.6447664603068017,1.6441968933567725,1.6435543131891845,1.6428291893638722,1.6420107009019485,1.6410865488481063,1.6400427381742897,1.638863323097999,1.6375301085082437,1.6360222984312423,1.6343160802041683,1.6323841300939348,1.630195022269936,1.6277125179977763,1.6248947052169636,1.6216929496588346,1.6180506064230225,1.613901424091938,1.609167549967998,1.6037570117229663,1.5975605027410915,1.5904472278675132,1.5822594602802533,1.5728052971231214,1.5618488436945024,1.5490966354319917,1.5341783957516617,1.5166189728464725,1.4957959683755129,1.4708729687176139,1.4406884815952286,1.4035576906376959,1.3568832454668251,1.2962814509841272,1.2131823693952808,1.0855040363223782,0.7730092852754401,0.07970402678418553,0.0002703132125960329,0.0002585196419877919,0.0002585196419877918,0.0002585196419877918,0.00025851964198779194,0.0002585196419877917,0.0002585196419877918,0.0002585196419877918,0.0002585196419877917,0.0002585196419877918,0.00025851964198779167
1.6865324905594175,1.6861539927966163,1.6857748493079139,1.6853950572849372,1.6850146139010431,1.6846335163111634,1.6842517616516568,1.6838693470401611,1.6834862695754491,1.6831025263372865,1.6827181143862966,1.6823330307638225,1.6819472724917965,1.6815608365726138,1.681173719989006,1.6807859197039219,1.680397432660408,1.6800082557814993,1.6796183859701055,1.6792278201089081,1.6788365550602593,1.6784445876660838,1.6780519147477866,1.6776585331061642,1.6772644395213212,1.6768696307525899,1.6764741035384563,1.6760778545964887,1.6756808806232744,1.6752831782943562,1.6748847442641792,1.674485575166039,1.6740856676120368,1.6736850181930378,1.673283623478638,1.6728814800171317,1.6724785843354897,1.672074932939338,1.6716705223129456,1.6712653489192153,1.670859409199682,1.6704526995745157,1.6700452164425306,1.6696369561811997,1.6692279151466747,1.6688180896738136,1.6684074760762122,1.667996070646243,1.6675838696550978,1.6671708693528402,1.6667570659684612,1.6663424557099409,1.6659270347643185,1.6655107992977665,1.6650937454556711,1.6646758693627217,1.6642571671230009,1.6638376348200878,1.6634172685171618,1.6629960642571149,1.6625740180626722,1.6621511259365152,1.6617273838614128,1.6613027878003608,1.6608773336967229,1.6604510174743832,1.6600238350379017,1.6595957822726772,1.6591668550451153,1.6587370492028055,1.6583063605747008,1.6578747849713056,1.6574423181848703,1.657008955989591,1.656574694141815,1.6561395283802522,1.655703454426195,1.6552664679837406,1.6548285647400223,1.6543897403654446,1.6539499905139248,1.653509310823141,1.6530676969147844,1.652625144394819,1.6521816488537453,1.6517372058668702,1.651291810994582,1.650845459782632,1.6503981477624197,1.6499498704512827,1.6495006233527953,1.6490504019570678,1.6485992017410525,1.648147018168856,1.6476938466920523,1.6472396827500055,1.6467845217701929,1.646328359168534,1.6458711903497245,1.64495650255893,1.64451283476863,1.644012525507232,1.6434482441648315,1.6428116843652967,1.6420934267179808,1.6412827802630299,1.6403675987661572,1.63933406718542,1.638166452583004,1.6368468124238917,1.6353546515030324,1.6336665165533724,1.6317555147467688,1.6295907385821078,1.6271365747460627,1.624351867987607,1.6211889022327293,1.6175921491615648,1.6134967179241209,1.6088264165620507,1.6034913029549949,1.5973845559379332,1.5903784280292839,1.58231893753416,1.5730187987135988,1.562247837797391,1.549719733949545,1.535073233379322,1.517844764689661,1.49742711610465,1.473004359299674,1.4434437061916472,1.407102957874471,1.3614550508775172,1.302259169461911,1.2213686999614328,1.0989200058984172,0.8442551759336451,0.12121846590564064,0.00034424885108219524,0.0002585196419877926,0.0002585196419877918,0.0002585196419877918,0.00025851964198779194,0.0002585196419877917,0.0002585196419877918,0.0002585196419877918,0.0002585196419877917,0.0002585196419877918,0.00025851964198779167
1.6862016867948113,1.6858207771296334,1.685439226322518,1.6850570316678066,1.6846741904490854,1.6842906999391234,1.6839065573998142,1.6835217600821208,1.683136305226025,1.6827501900604798,1.682363411803364,1.68197596766144,1.681587854830315,1.6811990704944009,1.6808096118268812,1.6804194759896753,1.6800286601334073,1.6796371613973748,1.6792449769095206,1.6788521037864044,1.678458539133176,1.6780642800435523,1.6776693235997913,1.67727366687267,1.676877306921464,1.676480240793926,1.6760824655262674,1.675683978143138,1.6752847756576121,1.6748848550711697,1.6744842133736824,1.6740828475433989,1.6736807545469325,1.6732779313392478,1.6728743748636505,1.672470082051778,1.6720650498235878,1.6716592750873525,1.6712527547396496,1.6708454856653587,1.6704374647376534,1.6700286888179994,1.6696191547561505,1.6692088593901466,1.668797799546314,1.6683859720392635,1.6679733736718945,1.6675600012353942,1.667145851509243,1.6667309212612187,1.666315207247402,1.6658987062121826,1.6654814148882686,1.6650633299966937,1.6646444482468286,1.664224766336391,1.6638042809514595,1.6633829887664864,1.6629608864443117,1.6625379706361805,1.6621142379817588,1.6616896851091525,1.6612643086349264,1.6608381051641254,1.6604110712902964,1.6599832035955104,1.6595544986503872,1.6591249530141217,1.6586945632345103,1.658263325847978,1.657831237379608,1.6573982943431727,1.6569644932411651,1.6565298305648304,1.6560943027942026,1.6556579063981376,1.6552206378343508,1.6547824935494553,1.6543434699789994,1.6539035635475083,1.6534627706685256,1.6530210877446554,1.6525785111676063,1.652135037318237,1.6516906625666035,1.6512453832720033,1.650799195783029,1.650352096437615,1.6499040815630883,1.6494551474762238,1.6490052904832946,1.6485545068801282,1.648102792952162,1.647650144974499,1.6471965592119664,1.6467420319191743,1.6462865593405753,1.6458301377105242,1.6453727632533406,1.6444577742213162,1.64401784469082,1.643521770025375,1.6429622890004147,1.6423311752454965,1.6416191018576887,1.6408154850923,1.6399083033789539,1.6388838871026319,1.6377266735721259,1.6364189203092991,1.6349403681472796,1.6332678435084833,1.6313747864877766,1.6292306877733327,1.6268004126941435,1.6240433843580089,1.620912589320464,1.617353357608818,1.6133018528971608,1.6086831862122606,1.6034090347325152,1.5973746013319385,1.5904546830509922,1.5824985154578686,1.5733229044329,1.5627029117885116,1.5503589625644254,1.5359385703929653,1.5189896985958329,1.4989206029760385,1.4749367663344868,1.4459366911055704,1.4103282682727685,1.3656771016415443,1.3079539571893901,1.229653411533217,1.1138133202643867,0.9033181684747736,0.17303510183080892,0.0005767798204643364,0.0002585196419878046,0.0002585196419877918,0.0002585196419877918,0.00025851964198779194,0.0002585196419877917,0.0002585196419877918,0.0002585196419877918,0.0002585196419877917,0.0002585196419877918,0.00025851964198779167
1.685940507633492,1.68555768963951,1.685174244805352,1.684790170620626,1.6844054645670863,1.6840201241184272,1.6836341467401033,1.6832475298891698,1.682860271014146,1.682472367554892,1.682083816942504,1.6816946165992188,1.681304763938332,1.680914256364125,1.6805230912718003,1.6801312660474241,1.679738778067876,1.6793456247008027,1.6789518033045785,1.6785573112282686,1.6781621458115956,1.677766304384912,1.6773697842691724,1.6769725827759097,1.676574697207213,1.6761761248557083,1.6757768630045393,1.675376908927352,1.6749762598882776,1.6745749131419199,1.6741728659333417,1.6737701154980522,1.673366659061997,1.6729624938415464,1.6725576170434862,1.6721520258650093,1.6717457174937072,1.671338689107561,1.6709309378749366,1.6705224609545763,1.6701132554955933,1.6697033186374663,1.6692926475100343,1.6688812392334915,1.6684690909183837,1.668056199665605,1.6676425625663926,1.6672281767023258,1.6668130391453235,1.6663971469576406,1.6659804971918675,1.6655630868909292,1.665144913088084,1.6647259728069228,1.6643062630613705,1.6638857808556848,1.6634645231844585,1.6630424870326204,1.6626196693754367,1.6621960671785136,1.6617716773978006,1.6613464969795924,1.6609205228605335,1.6604937519676215,1.6600661812182123,1.6596378075200253,1.6592086277711475,1.6587786388600405,1.658347837665547,1.657916221056897,1.6574837858937157,1.6570505290260311,1.6566164472942828,1.6561815375293305,1.6557457965524636,1.655309221175411,1.654871808200351,1.654433554419924,1.6539944566172415,1.6535545115659005,1.653113716029994,1.652672066764125,1.6522295605134205,1.6517861940135439,1.651341963990712,1.6508968671617077,1.6504509002338972,1.6500040599052448,1.6495563428643305,1.649107745790367,1.6486582653532147,1.6482078982134034,1.647756641022147,1.647304490421363,1.6468514430436916,1.6463974955125138,1.6459426444419705,1.6454868864369814,1.6450302180932626,1.644116724866577,1.6436803014871897,1.6431881954014935,1.6426332092202,1.6420071899742088,1.6413008953564807,1.6405038393666613,1.6396041136826844,1.6385881802956206,1.6374406299533044,1.6361438997037703,1.6346779412295176,1.6330198296061373,1.6311432994524975,1.6290181919528406,1.6266097916300228,1.6238780256171694,1.6207764899158479,1.6172512558773515,1.6132393946246155,1.6086671354364843,1.6034475433325037,1.5974775566998596,1.590634160602197,1.5827693736939303,1.5737035768469947,1.5632164759077092,1.5510346091901421,1.5368136706679068,1.5201128059506774,1.5003560093155235,1.476771855389415,1.4482948436249308,1.4133941288787537,1.3697532319837114,1.3136104025307576,1.238212114662413,1.129457787656511,0.949880305378488,0.23336839178566618,0.0011436801533047647,0.00025851964198823663,0.0002585196419877918,0.0002585196419877918,0.00025851964198779194,0.0002585196419877917,0.0002585196419877918,0.0002585196419877918,0.0002585196419877917,0.0002585196419877918,0.00025851964198779167
1.6857540326745069,1.6853698511875599,1.6849850569065932,1.6845996475239842,1.6842136207237317,1.683826974181446,1.6834397055643382,1.6830518125312095,1.682663292732441,1.6822741438099842,1.6818843633973501,1.6814939491195997,1.6811028985933338,1.6807112094266856,1.6803188792193082,1.6799259055623672,1.679532286038532,1.6791380182219662,1.6787430996783184,1.6783475279647153,1.6779513006297517,1.6775544152134831,1.6771568692474177,1.6767586602545084,1.676359785749146,1.6759602432371503,1.6755600302157647,1.6751591441736478,1.6747575825908665,1.6743553429388918,1.673952422680589,1.6735488192702137,1.6731445301534063,1.672739552767184,1.672333884539938,1.671927522891427,1.6715204652327718,1.6711127089664513,1.670704251486298,1.6702950901774936,1.669885222416565,1.6694746455713805,1.6690633570011464,1.6686513540564043,1.6682386340790274,1.6678251944022187,1.6674110323505082,1.6669961452397515,1.6665805303771264,1.6661641850611342,1.6657471065815954,1.6653292922196525,1.6649107392477664,1.6644914449297177,1.6640714065206073,1.6636506212668554,1.6632290864062045,1.6628067991677187,1.6623837567717858,1.6619599564301204,1.661535395345765,1.661110070713093,1.6606839797178123,1.6602571195369678,1.659829487338946,1.65940108028348,1.6589718955216524,1.6585419301959021,1.6581111814400291,1.657679646379201,1.6572473221299582,1.6568142058002229,1.6563802944893047,1.6559455852879092,1.6555100752781462,1.6550737615335387,1.6546366411190316,1.6541987110910028,1.6537599684972721,1.6533204103771135,1.6528800337612652,1.6524388356719422,1.6519968131228493,1.6515539631191933,1.6511102826576978,1.6506657687266153,1.6502204183057452,1.6497742283664465,1.6493271958716553,1.6488793177759011,1.6484305910253247,1.6479810125576948,1.6475305793024286,1.6470792881806098,1.6466271361050087,1.6461741199801039,1.645720236702103,1.6452654831589661,1.644809856230426,1.6438985166663294,1.6434653927743879,1.642977020138656,1.6424262609668625,1.6418050307430205,1.641104165960557,1.6403132715532458,1.6394205444170313,1.6384125686463404,1.6372740771418515,1.635987673023731,1.6345335027259382,1.6328888706449258,1.6310277826236061,1.6289204021641956,1.6265323987979856,1.6238241620944176,1.6207498467916257,1.617256203643617,1.6132811355807715,1.608751897840445,1.6035828310596576,1.5976724736182244,1.590899836947516,1.5831195340097035,1.5741553083013964,1.5637912870490802,1.5517599220831064,1.5377249832177262,1.521256937171038,1.5017961909387003,1.4785961813728263,1.4506313116205771,1.4164398300918433,1.373837239416361,1.3193475557290308,1.2469437674767838,1.1448185191233664,0.9854434390773352,0.3002682822994242,0.0023412661912500595,0.0002585196420126188,0.0002585196419877918,0.0002585196419877918,0.00025851964198779194,0.0002585196419877917,0.0002585196419877918,0.0002585196419877918,0.0002585196419877917,0.0002585196419877918,0.00025851964198779167
1.6846027001465531,1.6842334766028468,1.6838635423673634,1.6834928937607265,1.683121527137466,1.682749438886736,1.682376625433026,1.6820030832368518,1.6816288087954336,1.6812537986433547,1.6808780493532005,1.680501557536178,1.6801243198427125,1.6797463329630242,1.6793675936276773,1.678988098608108,1.6786078447171262,1.6782268288093907,1.6778450477818585,1.677462498574208,1.677079178169231,1.6766950835932,1.6763102119162065,1.6759245602524684,1.6755381257606092,1.6751509056439082,1.6747628971505188,1.6743740975736603,1.6739845042517736,1.6735941145686537,1.6732029259535457,1.6728109358812129,1.6724181418719748,1.6720245414917119,1.6716301323518439,1.671234912109273,1.670838878466301,1.6704420291705122,1.6700443620146295,1.6696458748363385,1.6692465655180835,1.6688464319868321,1.6684454722138125,1.6680436842142203,1.6676410660468988,1.6672376158139874,1.6668333316605477,1.666428211774155,1.6660222543844683,1.6656154577627722,1.66520782022149,1.6647993401136736,1.664390015832467,1.6639798458105444,1.6635688285195245,1.6631569624693585,1.6627442462076993,1.6623306783192418,1.6619162574250437,1.6615009821818254,1.6610848512812437,1.66066786344915,1.660250017444823,1.6598313120601835,1.6594117461189906,1.658991318476016,1.6585700280162026,1.6581478736538007,1.6577248543314924,1.6573009690194929,1.6568762167146394,1.6564505964394605,1.6560241072412318,1.6555967481910159,1.655168518382685,1.6547394169319323,1.6543094429752665,1.6538785956689939,1.653446874188186,1.6530142777256354,1.6525808054907967,1.652146456708717,1.6517112306189525,1.6512751264744752,1.6508381435405657,1.6504002810936969,1.649961538420404,1.649521914816147,1.6490814095841593,1.6486400220342883,1.648197751481824,1.6477545972463188,1.6473105586503984,1.64686563501856,1.6464198256759643,1.6459731299472165,1.6455255471551387,1.6450770766195342,1.6446277176559425,1.6437288655351443,1.643299794429427,1.6428159895543533,1.6422703793550915,1.641654954361213,1.6409606361983418,1.6401771265231244,1.6392927323283597,1.638294163312565,1.637166296064731,1.6358918986238087,1.6344513074577471,1.6328220469649604,1.6309783790920331,1.628890767389666,1.6265252355232243,1.6238425945304096,1.6207975054265111,1.6173373333002312,1.6134007346469292,1.6089158995996442,1.6037983422829316,1.5979480916262805,1.591246075172456,1.5835493993165195,1.5746850939094463,1.5644416782981032,1.552557569055943,1.538704795274037,1.5224655426821083,1.5032973728705996,1.48047985374468,1.4530292453026716,1.4195551749231772,1.3780046140004976,1.3251675329420574,1.2556191992192336,1.1591020825001994,1.0122254126687742,0.3723102185221794,0.004659639241760359,0.0002585196432590586,0.0002585196419877918,0.0002585196419877918,0.00025851964198779194,0.0002585196419877917,0.0002585196419877918,0.0002585196419877918,0.0002585196419877917,0.0002585196419877918,0.00025851964198779167
1.6829748316051898,1.6826171179093838,1.6822587168291978,1.6818996247159252,1.681539837943581,1.6811793529088306,1.6808181660309898,1.6804562737520847,1.6800936725369622,1.6797303588734402,1.6793663292724932,1.679001580268466,1.6786361084193084,1.6782699103068286,1.6779029825369591,1.6775353217400306,1.6771669245710559,1.6767977877100115,1.6764279078621265,1.6760572817581634,1.6756859061547018,1.6753137778344125,1.6749408936063261,1.6745672503060973,1.6741928447962542,1.6738176739664423,1.6734417347336545,1.6730650240424523,1.6726875388651705,1.6723092762021114,1.671930233081726,1.671550406560776,1.6711697937244867,1.670788391686681,1.670406197589898,1.6700232086054967,1.6696394219337418,1.669254834803874,1.6688694444741614,1.6684832482319365,1.6680962433936124,1.6677084273046838,1.6673197973397083,1.66693035090227,1.6665400854249255,1.6661489983691318,1.6657570872251528,1.6653643495119508,1.6649707827770566,1.6645763845964212,1.6641811525742505,1.6637850843428177,1.6633881775622592,1.6629904299203488,1.6625918391322567,1.662192402940285,1.6617921191135865,1.6613909854478628,1.6609889997650455,1.660586159912955,1.6601824637649427,1.659777909219513,1.6593724941999253,1.658966216653779,1.6585590745525782,1.6581510658912777,1.6577421886878096,1.6573324409825922,1.6569218208380208,1.6565103263379373,1.6560979555870843,1.65568470671054,1.655270577853134,1.6548555671788474,1.6544396728701924,1.6540228931275778,1.653605226168653,1.653186670227638,1.6527672235546367,1.65234688441493,1.651925651088257,1.651503521868076,1.6510804950608131,1.6506565689850927,1.6502317419709545,1.649806012359054,1.6493793784998492,1.6489518387527735,1.6485233914853947,1.6480940350725592,1.6476637678955262,1.647232588341086,1.6468004948006707,1.6463674856694483,1.6459335593454125,1.6454987142284563,1.645062948719441,1.6446262612192553,1.6441886501278664,1.643313177975228,1.6428903394633334,1.6424135506208093,1.6418758380947824,1.64126930288052,1.6405849908659584,1.6398127434981544,1.6389410250494196,1.6379567222160534,1.6368449108500231,1.6355885834484816,1.6341683295344145,1.6325619591541363,1.6307440572598966,1.6286854535522006,1.626352588169798,1.6237067480733098,1.6207031415550703,1.6172897682776852,1.6134060285031981,1.6089809960930617,1.6039312529623209,1.5981581441378312,1.5915442563774613,1.5839488397667818,1.5752017648781986,1.565095411054967,1.5533735674971572,1.5397159144549906,1.5237157814388473,1.5048473506792948,1.482415668704289,1.4554774022823884,1.4227090820093824,1.3821745582271925,1.3308812572446433,1.2638356926964749,1.1716540265507591,1.032018090351406,0.44697241320230274,0.008822803396244788,0.0002585196895493423,0.0002585196419877918,0.0002585196419877918,0.00025851964198779194,0.0002585196419877918,0.0002585196419877918,0.0002585196419877918,0.0002585196419877918,0.0002585196419877918,0.00025851964198779167
1.6798973330533893,1.6795874040422591,1.679274020164935,1.678957505549109,1.6786381444356653,1.6783161860104976,1.6779918486532037,1.6776653236729573,1.6773367785933846,1.6770063600407963,1.6766741962835863,1.6763403994648325,1.6760050675650826,1.6756682861278476,1.6753301297764123,1.6749906635471332,1.6746499440613531,1.674308020555411,1.6739649357858732,1.6736207268250491,1.6732754257600504,1.6729290603070384,1.6725816543509235,1.6722332284195218,1.6718838001001033,1.6715333844053026,1.6711819940945245,1.670829639956234,1.6704763310558697,1.6701220749535532,1.6697668778952512,1.6694107449806157,1.6690536803103326,1.6686956871154643,1.6683367678709755,1.6679769243953635,1.6676161579380815,1.6672544692562388,1.6668918586818826,1.6665283261810035,1.6661638714052773,1.665798493737419,1.665432192330934,1.6650649661449393,1.6646968139746625,1.6643277344781364,1.6639577261995562,1.6635867875897052,1.6632149170237986,1.6628421128170652,1.6624683732383376,1.662093696521892,1.6617180808777479,1.661341524500617,1.6609640255776597,1.6605855822951934,1.660206192844479,1.6598258554266947,1.6594445682571934,1.6590623295691271,1.6586791376165173,1.6582949906768307,1.657909887053119,1.657523825075777,1.6571368031039573,1.6567488195266824,1.6563598727636906,1.6559699612660403,1.6555790835165043,1.6551872380297725,1.6547944233524856,1.6544006380631167,1.6540058807717162,1.6536101501195353,1.6532134447785358,1.652815763450802,1.6524171048678609,1.6520174677899206,1.65161685100503,1.651215253328175,1.6508126736003044,1.6504091106873036,1.650004563478911,1.6495990308875836,1.6491925118473205,1.6487850053124389,1.6483765102563115,1.647967025670066,1.6475565505612502,1.647145083952461,1.646732624879947,1.6463191723921757,1.6459047255483785,1.6454892834170651,1.6450728450745167,1.6446554096032533,1.6442369760904796,1.6438175436265128,1.6433971113031878,1.6425557823203298,1.642141024348627,1.6416733239041796,1.6411458319240886,1.6405507886944457,1.6398793961410492,1.6391216704385803,1.638266271441242,1.6373003046993801,1.6362090909034332,1.6349758964351457,1.6335816172355568,1.632004406323664,1.6302192328905485,1.6281973577731523,1.6259057060355249,1.623306112009617,1.6203544049845862,1.6169992940801312,1.6131809976656022,1.6088295444595686,1.6038626478409448,1.598183018338455,1.5916749261009486,1.5841997463355757,1.5755901013848728,1.565642028341939,1.5541043077683783,1.5406636102752191,1.5249233108542233,1.5063724090653827,1.4843384088692089,1.457913013151231,1.425829134338017,1.386244313195454,1.3363260709415807,1.2713549829644257,1.1823534063078138,1.0467762862691952,0.5223356627998541,0.015773139960859873,0.0002585208797660877,0.0002585196419877918,0.0002585196419877918,0.00025851964198779194,0.0002585196419877918,0.0002585196419877918,0.0002585196419877918,0.0002585196419877918,0.0002585196419877918,0.00025851964198779167
1.6779717069261024,1.677647916287082,1.6773234174039309,1.6769982059298096,1.6766722775379503,1.6763456279220725,1.676018252796799,1.6756901478980755,1.6753613089835884,1.6750317318331802,1.6747014122492632,1.6743703460572248,1.6740385291058306,1.6737059572676178,1.6733726264392823,1.6730385325420556,1.6727036715220727,1.6723680393507303,1.6720316320250332,1.6716944455679288,1.67135647602863,1.6710177194829263,1.6706781720334802,1.670337829810111,1.6699966889700657,1.6696547456982715,1.66931199620758,1.66896843673899,1.668624063561861,1.668278872974105,1.6679328613023678,1.6675860249021917,1.6672383601581613,1.6668898634840341,1.6665405313228547,1.6661903601470502,1.6658393464585104,1.665487486788649,1.66513477769845,1.6647812157784916,1.6644267976489597,1.6640715199596363,1.6637153793898742,1.6633583726485524,1.6630004964740137,1.6626417476339828,1.6622821229254685,1.6619216191746449,1.661560233236716,1.6611979619957609,1.6608348023645605,1.660470751284406,1.660105805724889,1.6597399626836722,1.659373219186242,1.6590055722856418,1.6586370190621897,1.6582675566231717,1.6578971821025235,1.6575258926604877,1.6571536854832563,1.6567805577825938,1.6564065067954408,1.6560315297835013,1.6556556240328106,1.6552787868532866,1.6549010155782589,1.6545223075639877,1.6541426601891565,1.6537620708543537,1.6533805369815333,1.6529980560134594,1.6526146254131333,1.6522302426632036,1.6518449052653605,1.6514586107397125,1.651071356624145,1.6506831404736682,1.6502939598597415,1.6499038123695882,1.6495126956054917,1.649120607184078,1.648727544735581,1.6483335059030948,1.6479384883418111,1.6475424897182425,1.6471455077094301,1.6467475400021405,1.6463485842920464,1.6459486382828967,1.6455476996856706,1.6451457662177238,1.6447428356019171,1.644338905565739,1.643933973840411,1.6435280381599873,1.6431210962604392,1.6427131458787327,1.6423041847518933,1.6414857322805656,1.6410789779311574,1.6406202985694014,1.6401029755834053,1.6395193967190327,1.638860930659007,1.63811778224542,1.6372788248987977,1.6363314060571648,1.6352611205460184,1.6340515456418765,1.6326839301381677,1.6311368278680516,1.629385663758114,1.6274022174056784,1.6251540051525555,1.6226035363363096,1.6197074123662356,1.6164152278220854,1.6126682199297484,1.6083975950817868,1.6035224363617024,1.5979470609533182,1.5915576456258012,1.584217863776207,1.5757631649870103,1.5659931544579608,1.5546612546288732,1.5414603823578297,1.5260026169147014,1.5077895024542778,1.4861671773709249,1.4602557443319197,1.428832282911542,1.3901238702403027,1.3414068219723838,1.2781206113061427,1.191439386630761,1.0583208219228466,0.5971122389800196,0.026674241539187415,0.00025854285025481345,0.0002585196419877918,0.0002585196419877918,0.00025851964198779194,0.0002585196419877918,0.0002585196419877918,0.0002585196419877918,0.0002585196419877918,0.0002585196419877918,0.00025851964198779167
1.6770831787147518,1.6767529864605037,1.6764221711670495,1.6760907294533283,1.6757586579387695,1.6754259532428173,1.6750926119845289,1.6747586307822484,1.6744240062533335,1.674088735013937,1.6737528136788296,1.6734162388612606,1.6730790071728503,1.6727411152235117,1.6724025596213914,1.6720633369728355,1.6717234438823678,1.671382876952685,1.6710416327846631,1.670699707977374,1.6703570991281091,1.6700138028324134,1.6696698156841205,1.6693251342753965,1.6689797551967842,1.6686336750372515,1.6682868903842436,1.6679393978237318,1.6675911939402686,1.6672422753170402,1.6668926385359186,1.6665422801775163,1.666191196821236,1.6658393850453241,1.6654868414269186,1.665133562542099,1.6647795449659328,1.664424785272521,1.6640692800350403,1.6637130258257868,1.6633560192162133,1.6629982567769672,1.662639735077924,1.662280450688222,1.6619204001762895,1.6615595801098741,1.6611979870560678,1.6608356175813273,1.6604724682514957,1.6601085356318184,1.659743816286957,1.6593783067810022,1.6590120036774816,1.6586449035393653,1.65827700292907,1.657908298408459,1.6575387865388393,1.6571684638809574,1.6567973269949896,1.6564253724405325,1.6560525967765882,1.6556789965615484,1.6553045683531737,1.654929308708573,1.6545532141841761,1.6541762813357068,1.6537985067181526,1.653419886885729,1.653040418391845,1.6526600977890618,1.652278921629052,1.6518968864625543,1.6515139888393249,1.6511302253080877,1.650745592416481,1.6503600867110002,1.649973704736941,1.649586443038335,1.6491982981578877,1.64880926663691,1.6484193450152496,1.6480285298312163,1.647636817621508,1.6472442049211318,1.646850688263323,1.6464562641794611,1.6460609291989827,1.6456646798492909,1.6452675126556615,1.6448694241411475,1.644470410826478,1.644070469229955,1.6436695958673442,1.6432677872517643,1.6428650398935687,1.642461350300225,1.6420567149761862,1.6416511304227568,1.6412445931379522,1.6404310943730112,1.640030167160058,1.639578076585751,1.6390682071744396,1.6384930646718114,1.6378441529783319,1.6371118321440625,1.6362851540600416,1.635351671768626,1.6342972174230406,1.6331056428025366,1.6317585148649,1.6302347569987186,1.6285102242988843,1.6265571981576268,1.6243437815042303,1.6218331708103106,1.618982774040793,1.6157431344132196,1.6120566071740543,1.6078557192060945,1.603061117045699,1.597578974610294,1.5912976826253358,1.5840835694330975,1.5757752945163648,1.5661763896664693,1.5550451599088764,1.542080727755968,1.5269032795662374,1.5090252939772038,1.4878081607690283,1.4623939276949858,1.4315919997813986,1.3936774579020894,1.3459962223189657,1.2840780505461777,1.1991647782475248,1.0680575979350997,0.6687753259954989,0.04250539124734857,0.0002588293204278393,0.00025851964198779183,0.00025851964198779183,0.00025851964198779194,0.0002585196419877918,0.00025851964198779183,0.00025851964198779183,0.0002585196419877918,0.00025851964198779183,0.00025851964198779167
1.6764468252637732,1.676112031691744,1.6757766495950333,1.675440676071178,1.6751041082104714,1.6747669430960008,1.6744291778036866,1.6740908094023175,1.6737518349535896,1.6734122515121426,1.673072056125598,1.6727312458345953,1.6723898176728285,1.672047768667084,1.6717050958372766,1.671361796196486,1.6710178667509934,1.670673304500317,1.670328106437249,1.6699822695478908,1.6696357908116874,1.669288667201466,1.668940895683468,1.668592473217386,1.6682433967563979,1.667893663247201,1.6675432696300483,1.66719221283878,1.666840489800859,1.6664880974374057,1.666135032663228,1.665781292386858,1.665426873510583,1.665071772930479,1.664715987536442,1.6643595142122218,1.6640023498354526,1.6636444912776847,1.6632859354044163,1.6629266790751243,1.662566719143295,1.6622060524564548,1.661844675856199,1.6614825861782239,1.6611197802523545,1.6607562549025743,1.6603920069470548,1.6600270331981837,1.6596613304625925,1.6592948955411857,1.6589277252291676,1.6585598163160709,1.6581911655857817,1.6578217698165694,1.6574516257811092,1.6570807302465118,1.6567090799743474,1.6563366717206713,1.6559635022360502,1.6555895682655855,1.6552148665489395,1.6548393938203592,1.6544631468086994,1.654086122237448,1.6537083168247482,1.6533297272834222,1.652950350320994,1.6525701826397117,1.6521892209365705,1.6518074619033343,1.651424902226557,1.6510415385876052,1.6506573676626781,1.6502723861228297,1.6498865906339888,1.64949997785698,1.6491125444475443,1.6487242870563585,1.6483352023290554,1.6479452869062432,1.6475545374235259,1.6471629505115215,1.646770522795883,1.6463772508973147,1.645983131431593,1.6455881610095846,1.6451923362372658,1.6447956537157395,1.6443981100412548,1.6439997018052244,1.643600425594244,1.6432002779901098,1.6427992555698356,1.642397354905673,1.6419945725651268,1.6415909051109754,1.6411863491012881,1.6407809010894427,1.6403745576241433,1.6395615617649117,1.6391649085215738,1.6387176560851038,1.638213266886341,1.6376443362175657,1.637002471121646,1.6362781507203121,1.6354605646995983,1.634537425977622,1.6334947527126085,1.6323166137164806,1.6309848299538294,1.629478623035927,1.627774199342242,1.6258442554482893,1.6236573866770756,1.6211773754980205,1.6183623297158911,1.6151636312723312,1.6115246440821813,1.6073791122627845,1.6026491563199268,1.5972427411830536,1.5910504415426732,1.5839412589473403,1.5757571388372809,1.5663056726893885,1.5553502133895858,1.542596213287418,1.5276718864979766,1.510100046385799,1.4892556418997465,1.464298907168937,1.434064186397886,1.3968613218408987,1.3500847972115537,1.2893316920532987,1.2059512511720176,1.077253853823204,0.7355404205729329,0.06407443689810247,0.0002614993966045026,0.00025851964198779183,0.00025851964198779183,0.00025851964198779194,0.0002585196419877918,0.00025851964198779183,0.00025851964198779183,0.0002585196419877918,0.00025851964198779183,0.00025851964198779167
1.6752002480242885,1.6748799262668883,1.674558798147342,1.6742368583316334,1.673914101648908,1.6735905230937707,1.6732661178283188,1.6729408811839115,1.6726148086626618,1.6722878959386474,1.671960138858842,1.6716315334437584,1.6713020758878057,1.6709717625593563,1.6706405900005274,1.670308554926677,1.6699756542256117,1.6696418849565193,1.6693072443486208,1.6689717297995528,1.6686353388734838,1.6682980692989733,1.6679599189665748,1.667620885926201,1.6672809683842496,1.6669401647005062,1.6665984733848316,1.6662558930936449,1.6659124226262108,1.6655680609207468,1.665222807050359,1.66487666021882,1.6645296197562016,1.6641816851143718,1.663832855862377,1.6634831316817118,1.6631325123614988,1.6627809977935861,1.662428587967577,1.662075282965808,1.6617210829582831,1.661365988197581,1.6610099990137484,1.6606531158091875,1.6602953390535564,1.6599366692786897,1.6595771070735514,1.6592166530792356,1.6588553079840191,1.6584930725184852,1.6581299474507196,1.6577659335815957,1.6574010317401555,1.657035242779093,1.656668567570352,1.656301007000846,1.6559325619683025,1.6555632333772472,1.6551930221351232,1.6548219291485633,1.65444995531981,1.6540771015432942,1.6537033687023743,1.6533287576662403,1.6529532692869866,1.6525769043968515,1.652199663805634,1.6518215482982823,1.651442558632657,1.6510626955374728,1.6506819597104125,1.6503003518164225,1.6499178724861785,1.6495345223147284,1.6491503018603082,1.6487652116433287,1.6483792521455294,1.6479924238093024,1.6476047270371763,1.6472161621914627,1.646826729594059,1.6464364295264036,1.646045262229581,1.6456532279045697,1.6452603267126322,1.6448665587758393,1.6444719241777233,1.6440764229640572,1.6436800551437512,1.6432828206898655,1.6428847195407277,1.6424857516011517,1.6420859167437534,1.6416852148103536,1.6412836456134607,1.6408812089378333,1.6404779045421058,1.6400737321604786,1.6396686915044578,1.6388583582661436,1.6384653369323985,1.6380221917821824,1.6375224500060055,1.6369587811753146,1.6363228777196241,1.6356053171563025,1.6347954028642921,1.6338809795194578,1.6328482184667115,1.631681367243026,1.6303624561202512,1.6288709528178484,1.627183354323717,1.6252727018904425,1.623108001517355,1.6206535272676057,1.6178679781551055,1.6147034504279965,1.6111041749456767,1.6070049526332602,1.6023291976660248,1.5969864649907324,1.590869291214462,1.5838491081130446,1.575770883476008,1.5664459835483768,1.5556424980697936,1.5430718561165493,1.5283698625602429,1.511069050592424,1.4905569481788041,1.4660103061365148,1.4362856200862126,1.3997235108959738,1.3537644634596395,1.294087921888551,1.2122687134263688,1.086894528622455,0.7963959520795076,0.0920935879293546,0.00027902279101488936,0.0002585196419877919,0.00025851964198779183,0.00025851964198779194,0.0002585196419877918,0.00025851964198779183,0.00025851964198779183,0.0002585196419877918,0.00025851964198779183,0.00025851964198779167
1.6742632801511503,1.6739361809948148,1.67360848243252,1.6732801813033842,1.6729512744551296,1.6726217587437777,1.6722916310334164,1.6719608881960264,1.6716295271113593,1.6712975446668576,1.6709649377576126,1.6706317032863516,1.6702978381634517,1.6699633393069735,1.6696282036427155,1.6692924281042767,1.6689560096331377,1.6686189451787452,1.6682812316986044,1.6679428661583786,1.667603845531989,1.6672641668017174,1.6669238269583104,1.6665828230010813,1.6662411519380127,1.665898810785853,1.6655557965702148,1.6652121063256664,1.6648677370958183,1.664522685933409,1.664176949900381,1.6638305260679536,1.6634834115166908,1.66313560333656,1.6627870986269868,1.6624378944969023,1.6620879880647819,1.6617373764586802,1.6613860568162566,1.661034026284792,1.6606812820212011,1.6603278211920351,1.6599736409734758,1.659618738551324,1.659263111120978,1.658906755887405,1.658549670065104,1.6581918508780593,1.6578332955596895,1.657474001352782,1.6571139655094256,1.6567531852909287,1.6563916579677356,1.6560293808193267,1.6556663511341174,1.655302566209344,1.6549380233509412,1.6545727198734148,1.654206653099701,1.6538398203610214,1.6534722189967255,1.6531038463541283,1.6527346997883388,1.652364776662076,1.651994074345484,1.6516225902159312,1.651250321657806,1.6508772660623028,1.650503420827199,1.6501287833566252,1.649753351060826,1.6493771213559152,1.6490000916636185,1.6486222594110134,1.6482436220302579,1.647864176958313,1.6474839216366572,1.647102853510993,1.6467209700309462,1.6463382686497585,1.6459547468239717,1.645570402013105,1.6451852316793265,1.6447992332871155,1.64441240430292,1.6440247421948055,1.6436362444320987,1.6432469084850236,1.642856731824332,1.642465711920925,1.642073846245473,1.6416811322680231,1.6412875674576055,1.640893149281831,1.6404978752064812,1.6401017426950952,1.6397047492085484,1.6393068922046228,1.638908169137574,1.6381104483423545,1.637722178948008,1.6372843909746253,1.63679068954918,1.6362338324474024,1.6356056119890654,1.6348967189014947,1.634096584981904,1.6331932007251915,1.6321729032540848,1.63102012884496,1.629717123021493,1.6282435995031506,1.6265763371310302,1.6246887010902,1.62255007108701,1.6201251543160378,1.6173731546322947,1.6142467607119142,1.6106909042400115,1.6066412229814298,1.6020221409756867,1.5967444460013849,1.590702198109201,1.5837687348040026,1.5757914358718923,1.5665847528415753,1.5559207580273382,1.5435160600157598,1.5290132422420206,1.5119537639480143,1.4917370058792616,1.467555699872314,1.438288573511501,1.40230926121057,1.3571141448310815,1.2985027857627416,1.218421931802586,1.0973766298836412,0.8497635998914917,0.12642328131422823,0.00034737725951577855,0.0002585196419877925,0.00025851964198779183,0.00025851964198779194,0.0002585196419877918,0.00025851964198779183,0.00025851964198779183,0.0002585196419877918,0.00025851964198779183,0.00025851964198779167
1.6737141605016392,1.6733830773781229,1.6730514382665123,1.6727192405647926,1.6723864816656682,1.672053158956614,1.6717192698199288,1.6713848116327843,1.671049781767279,1.6707141775904848,1.6703779964644991,1.6700412357464924,1.669703892788756,1.66936596493875,1.669027449539149,1.6686883439278881,1.6683486454382086,1.6680083513987007,1.6676674591333478,1.6673259659615693,1.6669838691982601,1.6666411661538336,1.6662978541342603,1.6659539304411064,1.6656093923715718,1.665264237218528,1.6649184622705517,1.6645720648119617,1.6642250421228526,1.6638773914791256,1.663529110152523,1.663180195410656,1.6628306445170367,1.6624804547311056,1.662129623308258,1.661778147499872,1.6614260245533317,1.661073251712052,1.6607198262155014,1.6603657452992235,1.6600110061948565,1.6596556061301528,1.6592995423289976,1.6589428120114236,1.6585854123936283,1.6582273406879875,1.657868594103067,1.6575091698436364,1.6571490651106777,1.6567882771013946,1.656426803009221,1.6560646400238257,1.6557017853311198,1.6553382361132594,1.654973989548647,1.6546090428119353,1.6542433930740246,1.653877037502063,1.6535099732594425,1.6531421975057967,1.6527737073969928,1.6524045000851275,1.6520345727185173,1.65166392244169,1.651292546395375,1.6509204417164882,1.6505476055381232,1.6501740349895329,1.6497997271961162,1.649424679279401,1.6490488883570231,1.6486723515427109,1.6482950659462612,1.647917028673518,1.6475382368263514,1.6471586875026296,1.646778377796196,1.6463973047968405,1.6460154655902741,1.6456328572580967,1.6452494768777688,1.6448653215225795,1.644480388261614,1.64409467415972,1.6437081762774735,1.6433208916711428,1.6429328173926516,1.6425439504895418,1.6421542880049347,1.641763826977491,1.641372564441372,1.6409804974261952,1.6405876229569953,1.640193938054179,1.639799439733482,1.639404125005924,1.639007990877763,1.6386110343504505,1.6382132524205835,1.6374174917957327,1.6370327761201657,1.6365990079203339,1.636109855863744,1.6355581505439714,1.634935767879013,1.634233494754266,1.6334408737978687,1.6325460235249432,1.6315354292732904,1.6303936993289212,1.629103279342598,1.6276441164830149,1.625993262644494,1.6241244032695032,1.6220072947433077,1.61960708856776,1.6168835141978204,1.6137898839195675,1.6102718715798385,1.6062660010463856,1.6016977580374387,1.5964792074406635,1.5905059528117451,1.5836532080110044,1.5757706507975116,1.566675574250387,1.5561436086182494,1.5438958895588495,1.5295808784181328,1.5127478596012411,1.4928069584199053,1.4689662566512238,1.440127657012908,1.4047028661041285,1.3602597741712803,1.3027623819873668,1.2246579610279558,1.1087210644481067,0.8952611454802377,0.16664684419986214,0.0005135576356948935,0.0002585196419877977,0.00025851964198779183,0.00025851964198779194,0.0002585196419877918,0.00025851964198779183,0.00025851964198779183,0.0002585196419877918,0.00025851964198779183,0.00025851964198779167
1.6733031038323336,1.672969029251512,1.6726344195210352,1.672299272313204,1.6719635852939634,1.671627356122881,1.6712905824531272,1.6709532619314618,1.6706153921982219,1.6702769708873155,1.6699379956262155,1.6695984640359585,1.6692583737311433,1.668917722319933,1.6685765074040584,1.6682347265788215,1.667892377433103,1.6675494575493663,1.6672059645036683,1.6668618958656662,1.6665172491986264,1.6661720220594347,1.665826211998607,1.6654798165602995,1.6651328332823196,1.664785259696138,1.6644370933269,1.6640883316934356,1.6637389723082747,1.663389012677657,1.6630384503015445,1.662687282673634,1.6623355072813701,1.6619831216059562,1.6616301231223687,1.6612765092993675,1.6609222775995103,1.660567425479163,1.6602119503885138,1.6598558497715843,1.6594991210662424,1.6591417617042141,1.6587837691110956,1.658425140706365,1.6580658739033955,1.6577059661094653,1.657345414725771,1.6569842171474376,1.656622370763532,1.6562598729570726,1.6558967211050424,1.655532912578398,1.6551684447420827,1.654803314955036,1.654437520570206,1.654071058934558,1.6537039273890872,1.6533361232688288,1.6529676439028678,1.6525984866143488,1.6522286487204885,1.651858127532582,1.6514869203560174,1.6511150244902812,1.650742437228971,1.6503691558598046,1.6499951776646276,1.6496204999194257,1.6492451198943325,1.6488690348536381,1.6484922420557993,1.6481147387534478,1.6477365221934006,1.6473575896166668,1.6469779382584573,1.6465975653481941,1.6462164681095175,1.645834643760295,1.6454520895126303,1.6450688025728715,1.6446847801416178,1.6443000194137298,1.6439145175783354,1.6435282718188398,1.6431412793129314,1.6427535372325912,1.6423650427440988,1.6419757930080414,1.641585785179321,1.6411950164071607,1.6408034838351135,1.6404111846010672,1.6400181158372538,1.6396242746702545,1.6392296582210066,1.63883426360481,1.6384380879313332,1.6380411283046183,1.6376433818230876,1.636847770124337,1.6364658448208607,1.6360352354303296,1.6355496615369443,1.6350020122732063,1.6343842310045258,1.6336871825090338,1.632900499596133,1.6320124054698422,1.63100950734636,1.6298765558330142,1.6285961633064157,1.6271484729074255,1.625510767687888,1.623657006744114,1.6215572716430147,1.6191771017917602,1.6164766912020851,1.6134099107574427,1.6099231087373649,1.6059536267120071,1.6014279460805745,1.5962593495797974,1.5903449375056296,1.5835617729721112,1.5757618325291445,1.5667652881678167,1.5563514100434341,1.544245994981828,1.5301035799506695,1.5134815698093982,1.4938013386771292,1.470287362104302,1.4418671915599672,1.406996747036592,1.363330619798269,1.30703383821401,1.2311339810707636,1.1207031130701255,0.9333865808586244,0.2124280367582108,0.0008604501468294128,0.0002585196419878748,0.00025851964198779183,0.00025851964198779194,0.0002585196419877918,0.00025851964198779183,0.00025851964198779183,0.0002585196419877918,0.00025851964198779183,0.00025851964198779167
1.6729819113857107,1.672645494044885,1.6723085562552873,1.6719710958804093,1.6716331107788975,1.6712945988043146,1.6709555578049362,1.6706159856235752,1.670275880097431,1.6699352390579616,1.669594060330772,1.6692523417355198,1.6689100810858357,1.668567276189254,1.668223924847154,1.6678800248547105,1.667535574000852,1.6671905700682255,1.6668450108331672,1.666498894065677,1.6661522175293992,1.6658049789816052,1.6654571761731807,1.6651088068486144,1.66475986874599,1.6644103595969804,1.664060277126842,1.6637096190544134,1.6633583830921133,1.6630065669459397,1.662654168315472,1.6623011848938711,1.6619476143678822,1.6615934544178392,1.6612387027176665,1.6608833569348853,1.6605274147306157,1.6601708737595846,1.6598137316701291,1.6594559861042044,1.6590976346973878,1.6587386750788868,1.6583791048715448,1.6580189216918488,1.6576581231499359,1.6572967068496007,1.6569346703883039,1.6565720113571785,1.6562087273410384,1.6558448159183863,1.6554802746614226,1.6551151011360516,1.654749292901893,1.6543828475122875,1.6540157625143084,1.6536480354487681,1.6532796638502287,1.6529106452470095,1.6525409771611987,1.6521706571086607,1.651799682599046,1.6514280511358022,1.6510557602161817,1.650682807331254,1.6503091899659137,1.6499349055988919,1.649559951702766,1.6491843257439702,1.6488080251828074,1.6484310474734576,1.6480533900639904,1.6476750503963753,1.6472960259064937,1.6469163140241492,1.6465359121730794,1.6461548177709675,1.6457730282294534,1.6453905409541456,1.6450073533446343,1.644623462794501,1.6442388666913321,1.643853562416731,1.6434675473463292,1.6430808188497985,1.6426933742908643,1.642305211027316,1.6419163264110195,1.6415267177879298,1.6411363824981007,1.6407453178756988,1.640353521249011,1.6399609899404577,1.6395677212666013,1.6391737125381545,1.6387789610599908,1.638383464131148,1.6379872190448381,1.6375902230884465,1.6371924735435366,1.636396923308572,1.6360173758916041,1.635589458531592,1.6351069342896603,1.634562742307751,1.6339488836047433,1.6332562895877778,1.6324746702726238,1.6315923385823599,1.6305960063134928,1.629470546377595,1.6281987146844923,1.6267608234482256,1.6251343556603202,1.6232935078350648,1.6212086446814309,1.6188456448058046,1.6161651104894073,1.6131214064291828,1.609661481233056,1.6057234101731952,1.6012345763609024,1.5961093772799233,1.5902463001033431,1.583524145449886,1.575797083880926,1.5668880835963017,1.5565800189488046,1.5446033997556552,1.5306190441881709,1.5141929475816815,1.494758659930037,1.4715587874002847,1.443549752988889,1.4092377113951928,1.3663751097730183,1.3113464077822556,1.2377673514088998,1.132729142140753,0.9644134876287533,0.2625332272405898,0.0015175990398877614,0.0002585196419896359,0.00025851964198779183,0.00025851964198779194,0.0002585196419877918,0.00025851964198779183,0.00025851964198779183,0.0002585196419877918,0.00025851964198779183,0.00025851964198779167
1.672729916247194,1.6723916588981322,1.6720528929859482,1.6717136165519615,1.6713738276312515,1.671033524252658,1.670692704438781,1.6703513662059832,1.6700095075643904,1.669667126517892,1.6693242210641426,1.6689807891945638,1.6686368288943452,1.6682923381424455,1.6679473149115953,1.667601757168297,1.6672556628728294,1.666909029979247,1.666561856435384,1.666214140182856,1.665865879157062,1.6655170712871874,1.6651677144962065,1.6648178067008843,1.664467345811782,1.664116329733257,1.6637647563634672,1.6634126235943758,1.6630599293117518,1.6627066713951761,1.662352847718044,1.661998456147569,1.661643494544787,1.661287960764561,1.6609318526555839,1.660575168060384,1.6602179048153296,1.6598600607506333,1.659501633690357,1.6591426214524163,1.658783021848587,1.6584228326845092,1.6580620517596931,1.6577006768675249,1.6573387057952724,1.656976136324091,1.6566129662290294,1.656249193279037,1.6558848152369696,1.6555198298595957,1.6551542348976045,1.6547880280956113,1.6544212071921667,1.6540537699197615,1.6536857140048369,1.6533170371677908,1.652947737122985,1.6525778115787562,1.652207258237421,1.651836074795286,1.6514642589426582,1.6510918083638506,1.6507187207371936,1.650344993735044,1.6499706250237958,1.6495956122638866,1.6492199531098117,1.6488436452101323,1.648466686207486,1.6480890737385983,1.647710805434294,1.6473318789195066,1.6469522918132926,1.6465720417288403,1.6461911262734847,1.645809543048718,1.6454272896502031,1.645044363667785,1.644660762685506,1.6442764842816189,1.643891526028598,1.6435058854931563,1.643119560236259,1.642732547813137,1.6423448457733028,1.6419564516605658,1.641567363013048,1.6411775773631985,1.6407870922378114,1.640395905158041,1.6400040136394207,1.6396114151918775,1.639218107319752,1.6388240875218159,1.6384293532912886,1.6380339021158579,1.6376377314776989,1.6372408388534923,1.6368432217144455,1.6360479948283624,1.6356706051338021,1.635245130164101,1.634765372288782,1.6342243158473466,1.6336140139457231,1.6329254581665225,1.632148428232903,1.6312713180533236,1.630280933809884,1.629162258792079,1.6278981784620232,1.6264691576868227,1.6248528600824608,1.6230236968339262,1.6209522889866772,1.6186048227624645,1.6159422715396434,1.6129194501857245,1.6094838566143506,1.6055742405508333,1.6011188187250558,1.5960330263288611,1.5902166523380452,1.583550144509626,1.5758897776923764,1.5670612385586782,1.5568509602836993,1.5449941879351008,1.5311581704500543,1.5149178697459016,1.495719776494144,1.4728260375264668,1.445224374395993,1.4114749982453538,1.3694329343687297,1.3157011484249297,1.2444322598238577,1.1443007050810037,0.9892778551801338,0.3159824828643244,0.002659582843244756,0.0002585196420319633,0.00025851964198779183,0.00025851964198779194,0.0002585196419877918,0.00025851964198779183,0.00025851964198779183,0.0002585196419877918,0.00025851964198779183,0.00025851964198779167
1.6733363720903138,1.6729788288022693,1.6726209991197993,1.67226288386395,1.6719044837177905,1.671545799224263,1.6711868307842033,1.6708275786545408,1.6704680429466818,1.67010822362508,1.6697481205059985,1.6693877332564626,1.6690270613934137,1.6686661042830564,1.6683048611404083,1.6679433310290468,1.6675815128610572,1.6672194053971794,1.666857007247152,1.6664943168702533,1.6661313325760359,1.6657680525252538,1.6654044747309755,1.665040597059883,1.66467641723375,1.6643119328310976,1.6639471412890166,1.6635820399051577,1.6632166258398808,1.662850896118554,1.6624848476340017,1.662118477149091,1.6617517812994487,1.6613847565963047,1.661017399429451,1.6606497060703094,1.6602816726750989,1.6599132952880982,1.6595445698449895,1.6591754921762787,1.658806058010782,1.658436262979171,1.6580661026175667,1.6576955723711753,1.6573246675979554,1.656953383572308,1.6565817154887839,1.6562096584657955,1.6558372075493277,1.6554643577166404,1.6550911038799512,1.654717440890096,1.6543433635401514,1.6539688665690238,1.6535939446649857,1.65321859246916,1.6528428045789445,1.6524665755513686,1.6520898999063773,1.6517127721300386,1.6513351866776633,1.6509571379768413,1.650578620430382,1.6501996284191558,1.6498201563048385,1.649440198432546,1.6490597491333645,1.6486788027267671,1.6482973535229195,1.6479153958248673,1.6475329239306076,1.6471499321350411,1.6467664147318057,1.6463823660149857,1.6459977802807049,1.6456126518285965,1.64522697496315,1.644840743994943,1.6444539532417495,1.644066597029533,1.6436786696933228,1.6432901655779766,1.6429010790388308,1.64251140444224,1.6421211361660148,1.641730268599749,1.6413387961450545,1.6409467132156925,1.6405540142376178,1.640160693648931,1.6397667458997496,1.639372165451997,1.6389769467791189,1.6385810843657278,1.6381845727071855,1.6377874063091258,1.6373895796869222,1.6369910873651097,1.6365919238767634,1.635793711147267,1.6354181807732802,1.634994816425412,1.6345174565796439,1.6339791273817783,1.633371930456345,1.6326869138311666,1.631913923061507,1.631041429035726,1.6300563281930869,1.6289437099406487,1.6276865848627415,1.6262655657957499,1.6246584918894995,1.622839983251549,1.620780910477115,1.6184477590326463,1.615801862701327,1.6127984725666171,1.6093856175126784,1.6055026977942206,1.6010787331355,1.596030158423084,1.5902580192867068,1.5836443603041916,1.576047509904269,1.567295831277018,1.557179298945949,1.5454379257852258,1.5317455140433458,1.515686264669115,1.4967201139122215,1.4741295751730525,1.4469348124361547,1.4137510503669672,1.3725340076052825,1.3200886151118123,1.2510182965603927,1.155124252175055,1.0091414931861156,0.3722861842637657,0.0045716386575927765,0.00025851964294997546,0.00025851964198779183,0.00025851964198779194,0.0002585196419877918,0.00025851964198779183,0.00025851964198779183,0.0002585196419877918,0.00025851964198779183,0.00025851964198779167
1.6710418025852134,1.6707385384608489,1.6704342927989142,1.6701290582524295,1.6698228277880487,1.669515594688651,1.6692073525557254,1.668898095311507,1.668587817200832,1.6682765127926835,1.667964176981402,1.6676508049875411,1.6673363923583553,1.6670209349679022,1.6667044290167567,1.6663868710313252,1.6660682578627588,1.665748586685464,1.6654278549952144,1.665106060606863,1.6647832016516642,1.6644592765742068,1.664134284128977,1.6638082233765483,1.6634810936794215,1.6631528946975205,1.6628236263833605,1.6624932889769024,1.6621618830001088,1.6618294092512202,1.6614958687987658,1.6611612629753252,1.660825593371066,1.660488861827068,1.6601510704284541,1.659812221497353,1.6594723175857036,1.6591313614679264,1.65878935613348,1.658446304779318,1.6581022108022694,1.6577570777913573,1.6574109095200769,1.6570637099386492,1.6567154831662654,1.6563662334833436,1.6560159653238105,1.655664683267424,1.6553123920321533,1.6549590964666314,1.6546048015426902,1.6542495123479972,1.6538932340788,1.6535359720327973,1.6531777316021394,1.652818518266576,1.652458337586757,1.652097195197696,1.6517350968024023,1.6513720481656962,1.6510080551082036,1.6506431235005457,1.6502772592577206,1.6499104683336907,1.649542756716168,1.6491741304216132,1.64880459549044,1.6484341579824342,1.6480628239723838,1.6476905995459246,1.647317490795599,1.6469435038171267,1.64656864470589,1.6461929195536276,1.6458163344453387,1.645438895456393,1.645060608649842,1.6446814800739338,1.6443015157598202,1.6439207217194582,1.6435391039436984,1.6431566684005554,1.6427734210336573,1.6423893677608652,1.6420045144730617,1.641618867033098,1.6412324312748967,1.640845213002703,1.6404572179904775,1.6400684519814241,1.6396789206876465,1.639288629789928,1.638897584937625,1.6385057917486707,1.6381132558096785,1.6377199826761435,1.6373259778727316,1.6369312468936514,1.6365357952031059,1.6357449152964842,1.6353709555726514,1.6349493567730706,1.6344739816661462,1.6339378839075256,1.633333196387969,1.6326510028359282,1.6318811898081629,1.6310122756186356,1.6300312120304277,1.628923153626397,1.6276711886271007,1.6262560234644747,1.6246556115468793,1.622844714225888,1.6207943788056252,1.6184713142512295,1.6158371396711544,1.6128474731208515,1.60945081801039,1.605587190238138,1.601186409404929,1.5961659495253264,1.5904282046451348,1.583856966652153,1.5763128267351056,1.5676270827366396,1.5575935356315458,1.5459572433385402,1.5323987852279903,1.5165117181496244,1.4977693651842632,1.475474237023285,1.4486778657147172,1.416047421445148,1.3756299931796219,1.3244023195479135,1.2573133847442644,1.1648799839529218,1.024791297899123,0.4300796390136533,0.007610067368883188,0.00025851965914105887,0.00025851964198779183,0.00025851964198779194,0.0002585196419877918,0.00025851964198779183,0.00025851964198779183,0.0002585196419877918,0.00025851964198779183,0.00025851964198779167
1.6677301786666896,1.6674502549372674,1.6671694966967354,1.666887897879236,1.6666054525294616,1.6663221548044653,1.6660379989754137,1.6657529794292771,1.665467090670457,1.6651803273223518,1.6648926841288574,1.6646041559558005,1.6643147377923084,1.6640244247521097,1.6637332120747648,1.6634410951268304,1.663148069402952,1.6628541305268851,1.6625592742524473,1.6622634964643959,1.6619667931792332,1.6616691605459397,1.661370594846633,1.6610710924971543,1.6607706500475774,1.6604692641826446,1.66016693172213,1.6598636496211243,1.6595594149702477,1.659254224995785,1.6589480770597471,1.6586409686598587,1.6583328974294673,1.6580238611373823,1.6577138576876356,1.6574028851191704,1.6570909416054551,1.6567780254540239,1.656464135105945,1.6561492691352147,1.6558334262480798,1.6555166052822914,1.655198805206282,1.6548800251182774,1.654560264245337,1.6542395219423238,1.6539177976908093,1.6535950910979083,1.6532714018950474,1.65294672993667,1.6526210751988724,1.6522944377779798,1.6519668178890567,1.6516382158643557,1.6513086321517048,1.6509780673128347,1.650646522021648,1.6503139970624257,1.6499804933279827,1.6496460118177614,1.649310553635873,1.6489741199890837,1.648636712184747,1.6482983316286852,1.6479589798230185,1.6476186583639445,1.6472773689394673,1.646935113327082,1.6465918933914065,1.6462477110817744,1.6459025684297743,1.6455564675467538,1.6452094106212731,1.6448613999165218,1.644512437767691,1.6441625265793074,1.6438116688225275,1.6434598670323932,1.6431071238050494,1.6427534417949274,1.6423988237118903,1.6420432723183447,1.6416867904263186,1.641329380894506,1.6409710466252785,1.640611790561668,1.6402516156843154,1.639890525008392,1.6395285215804907,1.6391656084754889,1.6388017887933848,1.6384370656561054,1.6380714422042901,1.6377049215940471,1.6373375069936869,1.6369692015804305,1.636600008537096,1.6362299310487596,1.6358589722994004,1.635116661547007,1.6347505034000989,1.634337649146565,1.6338720697283757,1.6333469378356833,1.6327545169255089,1.6320860334146527,1.6313315291365944,1.6304796905599233,1.6295176505317068,1.6284307573938375,1.6272023051721662,1.6258132170874635,1.6242416727919018,1.622462667367463,1.6204474870598384,1.6181630827194735,1.6155713166354795,1.6126280513827838,1.6092820397345062,1.6054735615486386,1.6011327352094367,1.5961774052329725,1.59051047023094,1.5840164605954716,1.576557093481998,1.5679654083910146,1.5580378939751538,1.5465237111592889,1.5331096202759633,1.5173983846631531,1.4988769672890667,1.4768681824784218,1.4504543511108556,1.4183509598147168,1.378684601101833,1.3285696687290942,1.2632009824108115,1.1734995631799594,1.0371668692313905,0.4884586448119692,0.012208004608191879,0.00025851988466719456,0.00025851964198779183,0.00025851964198779194,0.0002585196419877918,0.00025851964198779183,0.00025851964198779183,0.0002585196419877918,0.00025851964198779183,0.00025851964198779167
1.6653803284952693,1.6651071827810007,1.6648333179801444,1.6645587290899948,1.6642834111649492,1.6640073593173517,1.6637305687183224,1.663453034598571,1.6631747522491918,1.6628957170224377,1.6626159243324719,1.6623353696560934,1.6620540485334379,1.6617719565686477,1.6614890894305157,1.661205442853097,1.6609210126362874,1.6606357946463737,1.6603497848165445,1.6600629791473718,1.6597753737072554,1.6594869646328316,1.6591977481293463,1.6589077204709912,1.6586168780012032,1.6583252171329266,1.6580327343488355,1.6577394262015228,1.6574452893136455,1.657150320378037,1.6568545161577761,1.6565578734862212,1.656260389267004,1.6559620604739849,1.6556628841511714,1.655362857412595,1.6550619774421527,1.6547602414934093,1.6544576468893597,1.6541541910221567,1.6538498713527994,1.653544685410783,1.6532386307937128,1.6529317051668817,1.6526239062628103,1.6523152318807504,1.652005679886154,1.651695248210104,1.6513839348487132,1.6510717378624866,1.6507586553756484,1.6504446855754369,1.6501298267113658,1.64981407709445,1.6494974350964031,1.6491798991487985,1.6488614677422015,1.64854213942527,1.648221912803823,1.6479007865398807,1.6475787593506752,1.64725583000763,1.6469319973353143,1.6466072602103652,1.6462816175603863,1.6459550683628175,1.6456276116437782,1.6452992464768847,1.6449699719820436,1.6446397873242193,1.6443086917121768,1.643976684397202,1.6436437646717976,1.6433099318683584,1.6429751853578212,1.6426395245482959,1.6423029488836747,1.6419654578422198,1.6416270509351327,1.6412877277051021,1.640947487724833,1.6406063305955592,1.6402642559455356,1.6399212634285132,1.6395773527221966,1.639232523526687,1.6388867755629055,1.6385401085710039,1.6381925223087574,1.6378440165499448,1.6374945910827123,1.6371442457079255,1.6367929802375039,1.6364407944927484,1.6360876883026494,1.635733661502188,1.6353787139306215,1.635022845429761,1.6346660558422352,1.6339519454481533,1.633593798673484,1.6331899625074648,1.6327345337075847,1.632220826267042,1.6316412622554464,1.6309872460168995,1.6302490188216414,1.6294154904702447,1.6284740436077636,1.6274103055792832,1.6262078814955043,1.6248480407070691,1.6233093470168762,1.6215672205640697,1.619593416220944,1.6173553993179715,1.614815594222027,1.611930474270422,1.6086494521343209,1.604913516863309,1.6006535461796356,1.595788197819663,1.5902212484185598,1.5838381971711386,1.576501875519798,1.56804668896626,1.5582709383124818,1.5469263826329656,1.5337037386730057,1.5182120192593194,1.4999482221395264,1.4782513314248684,1.4522296706890392,1.420640468416436,1.381677439188879,1.3325629908283139,1.2686602345722553,1.1810921142158761,1.0471962494737814,0.5470128595221482,0.018913839536516982,0.0002585224386106808,0.00025851964198779183,0.00025851964198779194,0.0002585196419877918,0.00025851964198779183,0.00025851964198779183,0.0002585196419877918,0.00025851964198779183,0.00025851964198779167
1.6627555227842716,1.662510891807686,1.66226471600718,1.6620169892350933,1.661767709791473,1.6615168800385578,1.6612645060064715,1.6610105969981699,1.660755165200236,1.6604982253048073,1.660239794146783,1.6599798903594534,1.6597185340508387,1.6594557465022821,1.6591915498902166,1.6589259670315033,1.658659021152305,1.658390735680104,1.6581211340582014,1.657850239581801,1.657578075254634,1.657304663664943,1.6570300268795821,1.6567541863549307,1.6564771628633022,1.6561989764335423,1.655919646304518,1.6556391908902497,1.6553576277554811,1.655074973600538,1.6547912442543917,1.6545064546749113,1.6542206189553572,1.653933750336237,1.6536458612217186,1.6533569631998632,1.6530670670660057,1.6527761828486787,1.6524843198375303,1.6521914866127592,1.6518976910756225,1.6516029404796442,1.65130724146219,1.651010600076113,1.6507130218212303,1.6504145116754059,1.6501150741250714,1.649814713195027,1.6495134324774032,1.6492112351596877,1.6489081240517323,1.648604101611692,1.6482991699708478,1.6479933309572903,1.6476865861184486,1.6473789367424647,1.647070383878414,1.646760928355392,1.6464505708004855,1.6461393116556569,1.6458271511935654,1.6455140895323697,1.6452001266495424,1.6448852623947343,1.6445694965017337,1.644252828599558,1.6439352582227198,1.6436167848207086,1.6432974077667322,1.6429771263657524,1.642655939861861,1.642333847445029,1.6420108482572706,1.6416869413982558,1.6413621259304074,1.6410364008835145,1.6407097652588956,1.6403822180331402,1.6400537581614614,1.6397243845806793,1.6393940962118716,1.639062891962706,1.638730770729485,1.6383977313989209,1.6380637728496623,1.6377288939535932,1.637393093576921,1.637056370581073,1.6367187238234144,1.6363801521578065,1.6360406544350155,1.6357002295029912,1.6353588762070237,1.6350165933897902,1.6346733798913071,1.6343292345487965,1.633984156196474,1.6336381436652765,1.633291195782529,1.632596703197783,1.6322455044746136,1.6318494975799274,1.631402891682881,1.6308991276825227,1.6303307709509707,1.6296893876895817,1.6289654020290394,1.6281479304115323,1.6272245890564487,1.6261812693902158,1.625001875163616,1.6236680135157846,1.622158630380832,1.6204495782443935,1.6185131011734704,1.6163172180288878,1.6138249794991277,1.6109935676068812,1.6077731969763744,1.6041057644523444,1.5999231762134252,1.5951452571903193,1.5896771131061598,1.5834057656676792,1.5761958081177823,1.5678837179810443,1.5582702935336346,1.5471104104719664,1.5340988535540658,1.518850229721296,1.5008696495276215,1.479508424610894,1.4538942603426879,1.4228154189393654,1.3845153007044817,1.336293707857933,1.2736228388149278,1.1877171596132166,1.055554044635399,0.6043657226596989,0.0281900484218688,0.0002585454603711316,0.00025851964198779183,0.00025851964198779194,0.0002585196419877918,0.00025851964198779183,0.00025851964198779183,0.0002585196419877918,0.00025851964198779183,0.00025851964198779167
1.660782855248024,1.660524173749076,1.6602648427353213,1.660004857753336,1.6597442143744232,1.6594829081951155,1.6592209348376612,1.6589582899504995,1.6586949692087227,1.658430968314524,1.6581662829976316,1.6579009090157297,1.657634842154864,1.6573680782298326,1.6571006130845647,1.6568324425924799,1.656563562656836,1.6562939692110605,1.6560236582190655,1.6557526256755468,1.6554808676062682,1.6552083800683297,1.6549351591504162,1.6546612009730342,1.6543865016887278,1.654111057482281,1.6538348645708996,1.653557919204379,1.6532802176652532,1.6530017562689265,1.6527225313637868,1.652442539331303,1.652161776586103,1.651880239576035,1.65159792478221,1.651314828719026,1.6510309479341756,1.6507462790086331,1.650460818556625,1.650174563225582,1.6498875096960723,1.6495996546817162,1.6493109949290832,1.6490215272175697,1.6487312483592598,1.6484401551987646,1.6481482446130475,1.6478555135112274,1.6475619588343637,1.6472675775552275,1.6469723666780476,1.6466763232382438,1.64637944430214,1.6460817269666579,1.6457831683589947,1.6454837656362835,1.6451835159852322,1.6448824166217482,1.6445804647905449,1.6442776577647287,1.643973992845371,1.6436694673610608,1.643364078667443,1.6430578241467366,1.6427507012072384,1.6424427072828094,1.6421338398323437,1.6418240963392237,1.6415134743107564,1.6412019712775952,1.6408895847931466,1.6405763124329604,1.640262151794106,1.639947100494532,1.6396311561724124,1.6393143164854775,1.6389965791103318,1.638677941741757,1.6383584020920001,1.6380379578900524,1.637716606880909,1.6373943468248229,1.637071175496539,1.636747090684522,1.6364220901901694,1.6360961718270135,1.6357693334199117,1.6354415728042284,1.6351128878250025,1.6347832763361076,1.634452736199401,1.6341212652838657,1.633788861464739,1.6334555226226353,1.633121246642662,1.6327860314135239,1.6324498748266218,1.6321127747751463,1.63177472915316,1.6310979874774485,1.6307533870495947,1.6303648164061928,1.6299265919222847,1.6294322756180892,1.6288745697570832,1.6282451953155206,1.6275347514926817,1.6267325528445156,1.6258264398938316,1.6248025581579495,1.6236450993876383,1.6223359973594471,1.6208545687155553,1.6191770869760749,1.6172762747902165,1.6151206955134263,1.6126740199761997,1.6098941373953497,1.6067320701254273,1.6031306394225482,1.5990228122167511,1.5943296349915754,1.588957627075705,1.5827954569899798,1.5757096539998057,1.5675389996203664,1.5580870784429395,1.547112205887388,1.534313523059851,1.5193113255255086,1.5016184162321393,1.480596905009015,1.4553902128159493,1.4248101404132416,1.3871357533587838,1.3397196010909782,1.2781033885573383,1.1935547238370399,1.062938290867857,0.6596394198881345,0.04048760138912942,0.0002587123306457541,0.00025851964198779183,0.00025851964198779194,0.0002585196419877918,0.00025851964198779183,0.00025851964198779183,0.0002585196419877918,0.00025851964198779183,0.00025851964198779167
1.6589151332728196,1.6586668561265114,1.6584177547692047,1.6581678230647112,1.6579170550713487,1.6576654450440926,1.6574129874364116,1.657159676901777,1.6569055082948425,1.6566504766722867,1.6563945772933193,1.6561378056198477,1.6558801573163044,1.6556216282491358,1.655362214485956,1.6551019122943682,1.6548407181404592,1.654578628686971,1.6543156407911601,1.6540517515023478,1.6537869580591749,1.6535212578865655,1.653254648592417,1.6529871279640198,1.6527186939642262,1.6524493447273774,1.652179078555,1.6519078939112923,1.651635789418409,1.6513627638515584,1.6510888161339348,1.650813945331492,1.6505381506475802,1.6502614314174588,1.6499837871027012,1.6497052172855093,1.649425721662951,1.6491453000411387,1.6488639523293602,1.6485816785341862,1.6482984787535577,1.6480143531708777,1.6477293020491164,1.6474433257249472,1.6471564246029244,1.6468685991497174,1.646579849888415,1.6462901773929082,1.6459995822823688,1.6457080652158302,1.6454156268868836,1.6451222680184965,1.6448279893579676,1.6445327916720218,1.6442366757420563,1.6439396423595456,1.6436416923216075,1.6433428264267438,1.6430430454707532,1.642742350242828,1.6424407415218336,1.642138220072778,1.6418347866434715,1.6415304419613816,1.6412251867306829,1.640919021629503,1.640611947307369,1.6403039643828474,1.6399950734413862,1.6396852750333497,1.6393745696722513,1.6390629578331786,1.63875043995141,1.6384370164212203,1.6381226875948736,1.637807453781796,1.6374913152479307,1.637174272215265,1.6368563248615302,1.6365374733200675,1.6362177176798531,1.635897057985684,1.6355754942385097,1.6352530263959146,1.6349296543727359,1.6346053780418175,1.6342801972348933,1.6339541117435896,1.6336271213205447,1.6332992256806362,1.632970424502312,1.632640717429015,1.6323101040706989,1.6319785840054233,1.6316461567810259,1.6313128219168584,1.6309785789055866,1.6306434272150412,1.6303073662901135,1.6296346643634114,1.6292947949059375,1.6289115711710567,1.6284793923691485,1.6279919151735238,1.6274419501694988,1.626821342500959,1.6261208339473612,1.6253299030902684,1.6244365795140563,1.6234272270905319,1.6222862902698296,1.620995995869897,1.6195360010319027,1.6178829756627602,1.616010104648719,1.6138864911617177,1.6114764371691046,1.6087385703444796,1.6056247773204164,1.6020788906993726,1.5980350600970747,1.5934157137220568,1.5881289835327095,1.5820654190817995,1.5750937451085232,1.5670553131749891,1.5577567368075014,1.5469599452791787,1.5343684754301241,1.5196081152610652,1.5021987624274318,1.481512029467672,1.4567045099058291,1.426606760527259,1.3895248976257033,1.3428500597280086,1.2821764625388212,1.1988430235179988,1.0699968299117457,0.7124296316567896,0.05632164198685058,0.00025972023681372413,0.00025851964198779183,0.000258519641987792,0.0002585196419877918,0.00025851964198779183,0.00025851964198779183,0.0002585196419877918,0.00025851964198779183,0.00025851964198779167
1.657499193584566,1.6572407570367471,1.6569817346328872,1.6567221224901874,1.6564619167419392,1.6562011135369825,1.655939709039271,1.6556776994275346,1.6554150808950214,1.655151849649306,1.6548880019121541,1.6546235339194368,1.6543584419210826,1.6540927221810624,1.653826370977402,1.6535593846022147,1.6532917593617544,1.6530234915764794,1.6527545775811279,1.652485013724801,1.6522147963710516,1.6519439218979755,1.6516723866983058,1.6514001871795028,1.6511273197638492,1.6508537808885364,1.6505795670057515,1.6503046745827563,1.6500291001019647,1.649752840061012,1.6494758909728173,1.6491982493656419,1.648919911783136,1.6486408747843815,1.6483611349439256,1.648080688851805,1.647799533113563,1.6475176643502567,1.6472350791984551,1.6469517743102307,1.6466677463531376,1.6463829920101847,1.646097507979795,1.645811290975759,1.6455243377271764,1.6452366449783897,1.6449482094889059,1.64465902803331,1.6443690974011693,1.644078414396926,1.6437869758397803,1.6434947785635672,1.6432018194166178,1.6429080952616135,1.6426136029754335,1.6423183394489866,1.642022301587038,1.641725486308025,1.641427890543861,1.6411295112397337,1.6408303453538908,1.6405303898574173,1.6402296417340043,1.639928097979706,1.6396257556026912,1.6393226116229818,1.6390186630721837,1.6387139069932095,1.638408340439993,1.6381019604771905,1.6377947641798798,1.637486748633245,1.6371779109322562,1.6368682481813388,1.6365577574940369,1.6362464359926654,1.6359342808079569,1.6356212890786992,1.6353074579513638,1.634992784579731,1.6346772661245008,1.6343608997529038,1.6340436826382967,1.6337256119597579,1.6334066849016688,1.633086898653295,1.6327662504083533,1.6324447373645765,1.6321223567232683,1.6317991056888523,1.631474981468411,1.6311499812712202,1.6308241023082737,1.6304973417918,1.63016969693477,1.6298411649503972,1.6295117430516242,1.6291814284506034,1.6288502183581615,1.6281872248534908,1.6278521447872514,1.6274743236793556,1.6270482405184474,1.6265676424594828,1.6260254427913137,1.6254136033379831,1.6247229985687976,1.6239432581274604,1.6230625837875823,1.6220675359618721,1.6209427837842725,1.619670811379849,1.6182315711463813,1.6166020725713235,1.6147558921324552,1.6126625859517414,1.6102869817727108,1.607588320066935,1.604519205010572,1.601024313790476,1.5970387958530938,1.5924862702818159,1.5872762964015834,1.581301145165268,1.5744316292171219,1.566511645214042,1.557350921880852,1.5467152145754237,1.5343127752775398,1.5197752300823313,1.5026297641438093,1.4822572178089748,1.4578261399471124,1.4281830799316195,1.3916564109712093,1.345669916732308,1.2858716435008388,1.2037301910615814,1.0771339777503426,0.7615388553230923,0.07584823143127653,0.0002646564465081757,0.00025851964198779183,0.00025851964198779194,0.0002585196419877918,0.00025851964198779183,0.00025851964198779183,0.0002585196419877918,0.00025851964198779183,0.00025851964198779167
1.6555988804903576,1.6553506895901955,1.6551018044859411,1.654852220213353,1.6546019318785183,1.6543509346589171,1.654099223804428,1.6538467946382658,1.6535936425578608,1.653339763035668,1.653085151619916,1.6528298039352856,1.6525737156835227,1.6523168826439862,1.6520593006741255,1.6518009657098924,1.6515418737660832,1.6512820209366146,1.6510214033947308,1.6507600173931438,1.6504978592641042,1.6502349254194089,1.6499712123503374,1.6497067166275263,1.6494414349007762,1.649175363898795,1.6489085004288773,1.648640841376522,1.6483723837049864,1.6481031244547817,1.647833060743109,1.647562189763236,1.6472905087838192,1.647018015148169,1.6467447062734635,1.6464705796499068,1.6461956328398428,1.6459198634768124,1.6456432692645724,1.6453658479760616,1.6450875974523302,1.6448085156014236,1.6445286003972284,1.6442478498782813,1.6439662621465423,1.6436838353661338,1.6434005677620502,1.6431164576188355,1.6428315032792364,1.6425457031428286,1.6422590556646197,1.6419715593536326,1.6416832127714678,1.6413940145308499,1.6411039632941582,1.6408130577719457,1.6405212967214442,1.6402286789450626,1.639935203288876,1.6396408686411108,1.639345673930623,1.639049618125377,1.638752700230924,1.638454919288878,1.6381562743753977,1.6378567645996722,1.6375563891024083,1.6372551470543288,1.6369530376546784,1.636650060129734,1.636346213731331,1.636041497735396,1.635735911440496,1.6354294541663945,1.635122125252628,1.634813924057091,1.634504849954638,1.6341949023357016,1.6338840806049248,1.633572384179809,1.6332598124893791,1.6329463649728628,1.6326320410783894,1.6323168402617005,1.6320007619848793,1.6316838057150946,1.6313659709233597,1.631047257083307,1.6307276636699757,1.6304071901586135,1.630085836023492,1.6297636007367329,1.6294404837671481,1.6291164845790866,1.6287916026312934,1.6284658373757777,1.6281391882566854,1.6278116547091808,1.627483236158333,1.626825842595796,1.6264945307503746,1.6261209637310055,1.6256996847635092,1.625224514178739,1.6246884487488442,1.6240835457008298,1.6234007887343376,1.6226299328185951,1.6217593238566481,1.6207756884452873,1.6196638878764669,1.6184066291531265,1.616984124040229,1.615373684918473,1.6135492432884448,1.6114807729585137,1.6091335949225065,1.6064675342456878,1.6034358902919168,1.599984169421066,1.5960485125170016,1.5915537263706117,1.5864107950053388,1.58051369979668,1.5737353082374672,1.565921988219742,1.5568864470739128,1.5463980460895599,1.5341694358358464,1.5198376700105007,1.5029367365164323,1.4828561697465348,1.4587758980525019,1.4295578543876515,1.393552361455887,1.3482181104130564,1.2892728671877967,1.2083961847385403,1.0846566824420052,0.8063994679642963,0.09915057308958972,0.0002834385166083964,0.0002585196419877919,0.00025851964198779194,0.0002585196419877918,0.00025851964198779183,0.00025851964198779183,0.0002585196419877918,0.00025851964198779183,0.00025851964198779167
1.653389296383902,1.6531491793050568,1.6529083705251482,1.652666865022364,1.652424657835079,1.652181744062635,1.651938118866097,1.6516937774689884,1.6514487151579966,1.6512029272836521,1.650956409260974,1.6507091565700844,1.6504611647567853,1.650212429433102,1.6499629462777872,1.6497127110367862,1.6494617195236638,1.6492099676199883,1.648957451275677,1.648704166509298,1.648450109408329,1.6481952761293757,1.6479396628983443,1.6476832660105738,1.6474260818309208,1.6471681067938053,1.6469093374032084,1.6466497702326315,1.6463894019250063,1.6461282291925667,1.645866248816676,1.6456034576476095,1.6453398526042986,1.6450754306740292,1.6448101889121016,1.6445441244414478,1.6442772344522083,1.6440095162012711,1.643740967011767,1.6434715842725314,1.6432013654375248,1.6429303080252173,1.6426584096179349,1.642385667861172,1.6421120804628686,1.641837645192651,1.6415623598810418,1.6412862224186358,1.6410092307552429,1.6407313828990038,1.6404526769154708,1.640173110926664,1.639892683110095,1.639611391697767,1.6393292349751456,1.639046211280104,1.6387623190018454,1.6384775565798,1.6381919225024992,1.6379054153064283,1.6376180335748565,1.6373297759366496,1.6370406410650582,1.6367506276764932,1.6364597345292775,1.636167960422386,1.6358753041941654,1.6355817647210402,1.635287340916204,1.6349920317282967,1.6346958361400676,1.6343987531670274,1.634100781856087,1.633801921284186,1.6335021705569093,1.6332015288070942,1.6328999951934295,1.6325975688990422,1.6322942491300794,1.6319900351142795,1.6316849260995379,1.6313789213524625,1.6310720201569275,1.630764221812615,1.6304555256335547,1.6301459309466555,1.6298354370902342,1.6295240434125364,1.6292117492702534,1.628898554027034,1.6285844570519934,1.6282694577182137,1.6279535554012454,1.627636749477599,1.6273190393232368,1.627000424312059,1.6266809038143832,1.6263604771954239,1.626039143813766,1.625395852251318,1.6250691606601146,1.6247007967677094,1.6242853774336197,1.6238168059733709,1.623288172705098,1.622691640340533,1.6220183115750213,1.6212580756857582,1.6203994302693667,1.619429273402081,1.618332660439463,1.6170925183221818,1.6156893085336217,1.6141006276454846,1.6123007315290387,1.610259965580503,1.6079440784000394,1.6053133898385166,1.6023217755599173,1.5989154183538954,1.5950312600383387,1.5905950649203604,1.5855189733967139,1.5796983776511033,1.5730078830449383,1.5652960164573102,1.5563781859104124,1.5460271484315278,1.533959840267336,1.5198187424658176,1.5031447519508314,1.4833362930948346,1.4595849946215207,1.4307689025965256,1.3952625233809255,1.3505668547443277,1.2924944022670686,1.2130252990631964,1.0927691559181156,0.8469679390903714,0.12638870849318254,0.0003360250547326796,0.00025851964198779227,0.00025851964198779194,0.0002585196419877918,0.00025851964198779183,0.00025851964198779183,0.0002585196419877918,0.00025851964198779183,0.00025851964198779167
1.65106403446188,1.650831217104229,1.6505977241535903,1.6503635506327685,1.6501286916188733,1.6498931422429663,1.6496568976898434,1.6494199531979192,1.6491823040592055,1.6489439456193564,1.6487048732777732,1.6484650824877507,1.6482245687566592,1.6479833276461469,1.6477413547723594,1.647498645806169,1.647255196473404,1.6470110025550788,1.6467660598876137,1.6465203643630484,1.6462739119292373,1.6460266985900327,1.645778720405445,1.645529973491786,1.6452804540217871,1.6450301582246931,1.6447790823863324,1.6445272228491612,1.6442745760122779,1.6440211383314116,1.643766906318882,1.6435118765435288,1.6432560456306142,1.642999410261693,1.6427419671744539,1.6424837131625314,1.6422246450752873,1.6419647598175595,1.6417040543493855,1.6414425256856904,1.6411801708959484,1.640916987103814,1.6406529714867217,1.640388121275458,1.6401224337537035,1.639855906257545,1.6395885361749618,1.639320320945279,1.6390512580585965,1.6387813450551894,1.6385105795248778,1.6382389591063753,1.6379664814866062,1.6376931443999974,1.6374189456277444,1.6371438829970544,1.6368679543803595,1.6365911576945096,1.6363134908999386,1.636034951999808,1.6357555390391278,1.6354752501038519,1.635194083319954,1.6349120368524803,1.634629108904582,1.6343452977165236,1.634060601564676,1.633775018760484,1.6334885476494183,1.6332011866099068,1.6329129340522468,1.6326237884175017,1.632333748176376,1.632042811828077,1.6317509778991568,1.6314582449423414,1.6311646115353386,1.6308700762796386,1.6305746377992896,1.630278294739668,1.62998104576623,1.6296828895632498,1.629383824832545,1.6290838502921887,1.6287829646752119,1.6284811667282868,1.6281784552104075,1.6278748288915508,1.627570286551331,1.6272648269776417,1.626958448965286,1.6266511513145978,1.6263429328300514,1.6260337923188604,1.6257237285895665,1.6254127404506176,1.6251008267089346,1.6247879861684673,1.6244742176287372,1.62384598574801,1.623524283790486,1.6231615392279053,1.6227524484673312,1.6222910044472112,1.621770398469807,1.6211829070460835,1.620519761131469,1.6197709945896714,1.6189252680490456,1.617969663475169,1.6168894437263062,1.6156677700208177,1.6142853685426026,1.6127201352262648,1.6109466649414315,1.6089356876190724,1.6066533890304162,1.6040605875160647,1.60111172936041,1.5977536538307793,1.5939240628473894,1.5895496078627243,1.5845434748170875,1.57880230234185,1.5722022012813044,1.5645935429745887,1.5557940292010957,1.5455793128334236,1.5336700411717559,1.5197135234378185,1.503257042897298,1.4837076493050363,1.4602689862409797,1.431836721078192,1.3968136247338119,1.3527532936406388,1.2955901728189263,1.2176822356474786,1.101387637908511,0.8827279075936444,0.15715461258719865,0.0004456309623381314,0.00025851964198779395,0.00025851964198779194,0.0002585196419877918,0.00025851964198779183,0.00025851964198779183,0.0002585196419877918,0.00025851964198779183,0.00025851964198779167
1.646565573732742,1.6463966629343545,1.6462258951670279,1.6460532569020532,1.6458787368716563,1.6457023260631904,1.6455240176990806,1.6453438072032966,1.6451616921552472,1.6449776722320928,1.6447917491405482,1.6446039265393033,1.644414209953213,1.6442226066804164,1.6440291256935546,1.6438337775362084,1.6436365742156673,1.6434375290930794,1.643236656771982,1.6430339729861514,1.6428294944876443,1.6426232389358262,1.642415224788118,1.6422054711931091,1.6419939978866136,1.641780825091179,1.6415659734194696,1.6413494637818982,1.641131317298793,1.6409115552173392,1.6406901988334688,1.640467269418816,1.6402427881528123,1.6400167760599378,1.6397892539521173,1.6395602423761997,1.6393297615664326,1.6390978314018145,1.6388644713681797,1.6386297005248507,1.6383935374756744,1.6381560003442481,1.63791710675312,1.6376768738067533,1.6374353180780272,1.6371924555980502,1.6369483018490536,1.6367028717601482,1.6364561797057042,1.6362082395061506,1.635959064430965,1.6357086672036525,1.635457060008508,1.6352042544989718,1.6349502618073863,1.6346950925559878,1.6344387568689576,1.6341812643853784,1.6339226242729528,1.6336628452423378,1.6334019355619778,1.6331399030733078,1.632876755206226,1.632612498994734,1.6323471410926496,1.6320806877893188,1.631813145025244,1.631544518407571,1.6312748132253696,1.6310040344646601,1.6307321868231428,1.630459274724586,1.630185302332848,1.629910273565501,1.6296341921070367,1.629357061421638,1.6290788847655018,1.6287996651987073,1.6285194055966234,1.6282381086608537,1.6279557769297222,1.627672412788303,1.6273880184780045,1.6271025961057095,1.6268161476524945,1.626528674981932,1.6262401798479962,1.6259506639025842,1.6256601287026788,1.625368575717162,1.6250760063333076,1.6247824218629698,1.6244878235484916,1.6241922125683554,1.6238955900425995,1.6235979570380246,1.6232993145732144,1.6229996636233968,1.6226990051251697,1.6220967914812465,1.6217812440520298,1.6214254175707388,1.62102410153118,1.6205713929100025,1.6200605991987225,1.6194841265630429,1.618833350517585,1.6180984659648459,1.6172683127776948,1.6163301722690304,1.6152695288434555,1.6140697898011014,1.6127119545807032,1.611174222574957,1.6094315258743905,1.6074549696864642,1.6052111584417355,1.6026613793247675,1.599760606559251,1.596456278367139,1.5926867828243916,1.5883795669143834,1.5834487519668754,1.5777920937411927,1.571287059318139,1.5637856937626478,1.555107797267514,1.5450316937866713,1.5332814833263573,1.519509016505464,1.5032676845585737,1.4839730105109323,1.4608409269191867,1.43278611069565,1.3982436212646603,1.354829728448778,1.2986248175208959,1.222418549763424,1.1103623493954238,0.9137700830419475,0.19110017727541043,0.0006449613386477757,0.00025851964198780766,0.00025851964198779194,0.0002585196419877918,0.00025851964198779183,0.00025851964198779183,0.0002585196419877918,0.00025851964198779183,0.00025851964198779167
1.6401721434611733,1.640054222595282,1.6399346362397131,1.6398133716056236,1.639690416427798,1.6395657589681896,1.6394393880189637,1.6393112929050353,1.6391814634860944,1.6390498901581165,1.6389165638543557,1.6387814760458177,1.6386446187412147,1.6385059844864016,1.6383655663632977,1.6382233579882999,1.638079353510186,1.6379335476075234,1.63778593548558,1.6376365128727566,1.6374852760165404,1.6373322216789956,1.6371773471318,1.6370206501508409,1.636862129010378,1.6367017824767969,1.6365396098019538,1.6363756107161394,1.6362097854206674,1.6360421345801088,1.6358726593141872,1.6357013611893507,1.6355282422100417,1.635353304809675,1.6351765518413517,1.6349979865683197,1.6348176126542013,1.6346354341530107,1.6344514554989737,1.6342656814961742,1.6340781173080425,1.6338887684467076,1.6336976407622315,1.6335047404317424,1.633310073948489,1.6331136481108313,1.6329154700111892,1.632715547024964,1.632513886799453,1.6323104972427753,1.6321053865128208,1.6318985630062464,1.6316900353475294,1.6314798123780978,1.6312679031455504,1.631054316892983,1.630839063048434,1.6306221512144619,1.6304035911578694,1.6301833927995864,1.6299615662047209,1.6297381215727906,1.6295130692281479,1.6292864196105996,1.629058183266241,1.628828370838502,1.6285969930594206,1.628364060741143,1.6281295847676627,1.6278935760867985,1.6276560457024174,1.6274170046669052,1.6271764640738873,1.6269344350512027,1.6266909287541285,1.6264459563588594,1.6261995290562379,1.6259516580457374,1.6257023545296894,1.6254516297077617,1.6251994947716744,1.6249459609001546,1.624691039254124,1.6244347409721098,1.62417707716588,1.623918058916287,1.6236576972693182,1.623396003232342,1.6231329877705418,1.6228686618035264,1.6226030362021073,1.6223361217852363,1.6220679293170825,1.6217984695042493,1.6215277529931078,1.6212557903672438,1.6209825921449963,1.6207081687770843,1.6204325306442973,1.6198798710917783,1.61957328402743,1.6192275091811787,1.618837463855898,1.618397386559651,1.6179007412209676,1.6173401065713306,1.616707048072795,1.6159919692288958,1.6151839384486606,1.6142704868015636,1.6132373709599976,1.612068294313931,1.6107445775792333,1.60924476809601,1.6075441742764713,1.60561430810567,1.6034222139329184,1.6009296556074626,1.5980921257237644,1.5948576295029173,1.591165180404754,1.5869429230869092,1.5821057689807159,1.5765523861413486,1.5701613211102696,1.5627859347121498,1.5542476863955117,1.5443270688851132,1.5327511158092217,1.5191757675403013,1.5031602688821077,1.484128747612863,1.4613102359589474,1.4336404481231018,1.3995910998496799,1.3568502165301954,1.3016621820735688,1.2272752025234017,1.119544971584296,0.9405643992884939,0.22812061885524962,0.0009903728626848417,0.0002585196419879436,0.00025851964198779194,0.0002585196419877918,0.00025851964198779183,0.00025851964198779183,0.0002585196419877918,0.00025851964198779183,0.00025851964198779167
1.6321889275563792,1.6321594667544481,1.6321270331537654,1.6320916085455643,1.6320531771706228,1.632011725716889,1.6319672433088916,1.6319197214890653,1.6318691541911607,1.6318155377059937,1.6317588706398176,1.6316991538656729,1.6316363904680917,1.6315705856815883,1.6315017468233868,1.6314298832208727,1.6313550061342688,1.6312771286750507,1.6311962657206371,1.6311124338258756,1.6310256511318673,1.6309359372726489,1.630843313280255,1.630747801488663,1.6306494254371167,1.630548209773287,1.6304441801567373,1.6303373631630982,1.6302277861893706,1.6301154773607158,1.6300004654390852,1.629882779734002,1.629762450015782,1.6296395064314482,1.6295139794235711,1.629385899652224,1.6292552979202302,1.6291222051018375,1.6289866520749359,1.6288486696569062,1.6287082885441628,1.628565539255427,1.6284204520787513,1.6282730570222912,1.6281233837687974,1.627971461633794,1.6278173195273786,1.627660985919583,1.627502488809197,1.627341855695972,1.627179113556088,1.6270142888207757,1.6268474073579662,1.626678494456844,1.6265075748151654,1.6263346725292098,1.6261598110862188,1.6259830133591864,1.6258043016038572,1.625623697457788,1.6254412219413366,1.6252568954604343,1.6250707378110132,1.6248827681849451,1.624693005177371,1.624501466795292,1.6243081704673006,1.6241131330543375,1.6239163708613595,1.6237178996498185,1.623517734650844,1.6233158905790417,1.6231123816468103,1.622907221579103,1.6227004236285483,1.6224920005908599,1.6222819648204727,1.6220703282463398,1.6218571023878374,1.6216422983707282,1.6214259269431348,1.6212079984914898,1.6209885230564207,1.620767510348545,1.6205449697641445,1.6203209104007052,1.6200953410722945,1.619868270324773,1.619639706450824,1.6194096575047954,1.6191781313173559,1.6189451355099556,1.6187106775091031,1.618474764560458,1.618237403742747,1.6179986019815156,1.6177583660627228,1.6175167026461943,1.6172736182789444,1.6167855271580498,1.6164921468915494,1.6161612021902723,1.6157878037387274,1.615366404764095,1.6148907071239744,1.6143535525800523,1.6137467965819547,1.6130611613259085,1.6122860641598828,1.6114094165453619,1.610417387710356,1.6092941257787836,1.6080214274605438,1.6065783452302296,1.6049407181720714,1.6030806091352534,1.6009656262657401,1.5985581009903505,1.5958140865967236,1.5926821309021346,1.5891017619689773,1.585001605621182,1.5802970248621233,1.5748871297826321,1.5686509450822883,1.5614424293012255,1.5530838959260893,1.543357158671006,1.5319913533607072,1.5186457709040802,1.5028849673093712,1.4841414902504417,1.4616579089963921,1.4343924786401785,1.400856857975081,1.3588168106791645,1.3046887311319266,1.2321716318346465,1.1286131913312958,0.9632340091014797,0.26748722060689273,0.0015495115168744965,0.0002585196419895865,0.00025851964198779194,0.0002585196419877918,0.00025851964198779183,0.00025851964198779183,0.0002585196419877918,0.00025851964198779183,0.00025851964198779167
1.6255841616711877,1.6255582026913926,1.6255301232480472,1.6254999096813203,1.6254675494492095,1.6254330311281855,1.625396344410689,1.6253574800995105,1.6253164300991183,1.6252731874040034,1.6252277460841407,1.6251801012676719,1.625130249120934,1.625078186825973,1.6250239125556867,1.6249674254467614,1.6249087255705663,1.624847813902182,1.6247846922877436,1.6247193634102834,1.6246518307542603,1.624582098568961,1.6245101718309658,1.6244360562058613,1.6243597580093823,1.6242812841681658,1.6242006421802853,1.6241178400757357,1.6240328863770317,1.623945790060065,1.6238565605153732,1.6237652075099493,1.623671741149721,1.6235761718428163,1.6234785102637197,1.623378767318419,1.623276954110627,1.6231730819091543,1.6230671621165038,1.6229592062387377,1.6228492258566702,1.6227372325984224,1.6226232381133663,1.6225072540474839,1.6223892920201495,1.622269363602345,1.6221474802963036,1.6220236535165713,1.6218978945724802,1.6217702146520017,1.621640624806963,1.621509135939594,1.6213757587903679,1.6212405039271018,1.6211033817352716,1.6209644024095027,1.6208235759461826,1.6206809121371561,1.6205364205644472,1.6203901105959575,1.620241991382094,1.6200920718532696,1.6199403607182272,1.6197868664631354,1.619631597351404,1.6194745614241686,1.6193157665013982,1.6191552201835713,1.6189929298538812,1.6188289026809184,1.6186631456217906,1.6184956654256373,1.618326468637496,1.6181555616024899,1.617982950470287,1.6178086411998136,1.6176326395641738,1.6174549511557557,1.6172755813914925,1.6170945355182527,1.6169118186183349,1.616727435615047,1.616541391278348,1.616353690230536,1.6161643369519656,1.61597333578678,1.6157806909486474,1.6155864065264847,1.6153904864901705,1.615192934696226,1.614993754893469,1.6147929507286285,1.614590525751921,1.6143864834225818,1.6141808271143534,1.6139735601209275,1.6137646856613441,1.613554206885345,1.6133421268786858,1.6129155644578226,1.6126365399168785,1.6123217302808905,1.6119664622384244,1.6115654299896753,1.611112603867105,1.6106011242947704,1.6100231783853893,1.6093698558999356,1.6086309805825845,1.6077949119978523,1.6068483118904056,1.6057758677003802,1.604559964120175,1.603180291368416,1.6016133760462514,1.5998320168452935,1.5978046027425405,1.595494285293866,1.592857968723599,1.5898450709751484,1.5863959946503987,1.582440227166109,1.5778939619057444,1.5726570925258623,1.5666093742126703,1.5596054575794378,1.5514683646112273,1.5419807600377862,1.530873020276672,1.5178065147949829,1.502349500265729,1.4839412060250792,1.4618362617183391,1.4350148044008944,1.4020291430753085,1.3607246417739352,1.307688260571808,1.23703631089078,1.1373394839746624,0.9822415385119201,0.3087326295992434,0.0024113676666593174,0.000258519642009499,0.00025851964198779194,0.0002585196419877918,0.00025851964198779183,0.00025851964198779183,0.0002585196419877918,0.00025851964198779183,0.00025851964198779167
1.619524235275536,1.619505576861629,1.6194852206472488,1.6194631552294612,1.6194393695930993,1.619413853111857,1.6193865955489881,1.6193575870576071,1.619326818180594,1.6192942798501055,1.619259963386695,1.6192238604980422,1.6191859632773,1.6191462642010641,1.6191047561269667,1.6190614322909078,1.6190162863039257,1.618969312148719,1.6189205041758274,1.618869857099481,1.618817365993129,1.618763026284658,1.6187068337513117,1.618648784514324,1.6185888750332782,1.6185271021002037,1.6184634628334251,1.6183979546711764,1.6183305753649935,1.6182613229729028,1.618190195852413,1.6181171926533329,1.6180423123104237,1.617965554035905,1.6178869173118238,1.6178064018823088,1.6177240077457182,1.6176397351466991,1.6175535845681723,1.6174655567232579,1.6173756525471532,1.6172838731889831,1.6171902200036288,1.617094694543556,1.6169972985506502,1.6168980339480765,1.6167969028321736,1.6166939074643958,1.6165890502633147,1.6164823337966916,1.6163737607736317,1.616263334036831,1.616151056554927,1.6160369314149587,1.6159209618149526,1.6158031510566326,1.6156835025382745,1.6155620197476992,1.615438706255424,1.6153135657079687,1.6151866018213275,1.615057818374611,1.6149272192038624,1.614794808196053,1.6146605892832575,1.614524566437018,1.6143867436628927,1.6142471249951966,1.614105714491931,1.6139625162299065,1.6138175343000587,1.6136707728029538,1.6135222358444874,1.6133719275317733,1.6132198519692207,1.613066013254798,1.6129104154764797,1.6127530627088762,1.6125939590100393,1.6124331084184418,1.6122705149501277,1.6121061825960248,1.6119401153194195,1.6117723170535854,1.6116027916995594,1.6114315431240616,1.6112585751575512,1.611083891592413,1.6109074961812646,1.6107293926353812,1.6105495846232272,1.6103680757690892,1.6101848696518002,1.609999969803549,1.6098133797087646,1.6096251028030693,1.6094351424722877,1.6092435020515088,1.6090501848241843,1.608660930456119,1.6083939135642478,1.6080926239338167,1.607752578394642,1.607368685080682,1.6069351549872595,1.606445399213591,1.6058919092238306,1.6052661168857558,1.6045582303325316,1.6037570408022843,1.6028496944943766,1.6018214220769549,1.600655216705877,1.5993314491612676,1.5978274058307644,1.5961167315738434,1.5941687547258963,1.59194766528154,1.5894115091273195,1.5865109503543238,1.5831877391254705,1.5793728027465004,1.5749838501225124,1.5699223409531946,1.5640696148284188,1.5572818918893565,1.549383729042584,1.540159314542712,1.5293406569556072,1.5165911767636375,1.5014822599337336,1.4834586275180977,1.4617851793522967,1.4354616748485016,1.403078444901916,1.3625566313062314,1.3106427510461343,1.241820200940775,1.145609041182648,0.9981873558447587,0.3517597807354588,0.0037148486941151293,0.00025851964223859414,0.00025851964198779194,0.0002585196419877918,0.00025851964198779183,0.00025851964198779183,0.0002585196419877918,0.00025851964198779183,0.00025851964198779167
1.6123065570006103,1.6123363294910238,1.6123639047657372,1.6123892697323083,1.6124124119366192,1.6124333195643303,1.612451981441513,1.6124683870344736,1.6124825264487976,1.6124943904276345,1.6125039703492352,1.6125112582237697,1.6125162466894378,1.6125189290078956,1.6125192990590116,1.6125173513349793,1.6125130809337973,1.6125064835521459,1.6124975554776708,1.6124862935807072,1.6124726953054536,1.6124567586606293,1.6124384822096298,1.6124178650602075,1.6123949068537025,1.6123696077538465,1.612341968435165,1.6123119900710028,1.6122796743212013,1.6122450233194499,1.61220803966034,1.6121687263861477,1.6121270869733726,1.612083125319057,1.612036845726916,1.6119882528933003,1.6119373518930242,1.611884148165078,1.611828647498259,1.6117708560167399,1.6117107801656034,1.6116484266963687,1.611583802652533,1.611516915355152,1.6114477723884846,1.6113763815857223,1.611302751014829,1.61122688896451,1.6111488039303308,1.611068504601008,1.6109859998448917,1.6109012986966542,1.6108144103442072,1.6107253441158618,1.6106341094677457,1.6105407159714968,1.610445173302243,1.610347491226882,1.6102476795926752,1.6101457483161647,1.6100417073724222,1.6099355667846431,1.6098273366140865,1.6097170269503778,1.6096046479021697,1.6094902095881742,1.6093737221285638,1.6092551956367496,1.609134640211535,1.6090120659296476,1.6088874828386468,1.60876090095021,1.6086323302337926,1.6085017806106592,1.6083692619482841,1.6082347840551146,1.608098356675691,1.6079599894861214,1.607819692089899,1.607677474014056,1.6075333447056481,1.6073873135285544,1.6072393897605886,1.6070895825909066,1.606937901117702,1.6067843543461746,1.606628951186759,1.6064717004536042,1.6063126108632853,1.6061516910337332,1.6059889494833715,1.605824394630438,1.6056580347924803,1.6054898781860045,1.6053199329262617,1.6051482070271519,1.6049747084012294,1.6047994448597855,1.6046224241129925,1.6042655529540193,1.604009085027204,1.6037196731154122,1.603393001334708,1.6030241661792706,1.602607590749551,1.6021369250124051,1.6016049294743282,1.6010033390820353,1.600322703459077,1.599552198705342,1.598679404879632,1.5976900418897277,1.596567654746172,1.5952932368833004,1.5938447773655247,1.5921967140777538,1.5903192701734767,1.5881776447484999,1.585731020403601,1.5829313393260516,1.5797217847154148,1.5760348842818563,1.5717901248752801,1.5668909285387838,1.5612207847975645,1.5546382525292681,1.5469704216170557,1.5380042325290115,1.5274747426814594,1.5150489139795875,1.5003026107388744,1.4826869161363374,1.461476927087139,1.4356904052664505,1.4039516220254538,1.3642487505417757,1.3134666224229004,1.2463893790011695,1.153221343649807,1.0113820531333413,0.39579001286532656,0.005613391978501502,0.0002585196445668938,0.00025851964198779194,0.0002585196419877918,0.00025851964198779183,0.00025851964198779183,0.0002585196419877918,0.00025851964198779183,0.00025851964198779167
1.605317909242407,1.6053741056253177,1.605428003593284,1.6054795902827723,1.6055288535639562,1.6055757820404946,1.6056203650482992,1.6056625926533004,1.6057024556482153,1.6057399455483437,1.6057750545863938,1.6058077757063685,1.605838102556529,1.6058660294814526,1.605891551513224,1.6059146643617719,1.605935364404396,1.6059536486745025,1.6059695148495916,1.6059829612385252,1.6059939867681141,1.6060025909690636,1.6060087739613125,1.6060125364388094,1.6060138796537635,1.606012805400416,1.6060093159983675,1.6060034142755137,1.6059951035506195,1.6059843876155875,1.6059712707174532,1.6059557575401588,1.6059378531861392,1.6059175631577705,1.6058948933387163,1.6058698499752169,1.6058424396573598,1.6058126693003716,1.6057805461259667,1.605746077643795,1.605709271633022,1.6056701361240737,1.6056286793805847,1.6055849098815778,1.605538836303906,1.6054904675049912,1.6054398125058762,1.6053868804746283,1.6053316807101103,1.6052742226261443,1.6052145157360913,1.605152569637861,1.6050883939993752,1.6050219985444947,1.6049533930394302,1.6048825872796446,1.6048095910772602,1.6047344142489797,1.6046570666045281,1.6045775579356243,1.6044958980054815,1.604412096538846,1.6043261632125723,1.6042381076467347,1.6041479393962772,1.6040556679431965,1.6039613026892559,1.6038648529492259,1.6037663279446446,1.6036657367980904,1.603563088527964,1.6034583920437602,1.603351656141835,1.6032428895016408,1.6031321006824326,1.6030192981204234,1.6029044901263803,1.6027876848836486,1.6026688904465858,1.6025481147393947,1.6024253655553393,1.6023006505563284,1.6021739772728498,1.6020453531042396,1.6019147853192703,1.6017822810570415,1.6016478473281532,1.6015114910161485,1.6013732188792038,1.6012330375520523,1.6010909535481217,1.6009469732618666,1.6008011029712808,1.6006533488405668,1.600503716922949,1.6003522131636092,1.6001988434027263,1.6000436133786036,1.5998865287308617,1.5995692590007269,1.5993242762799011,1.5990477885749281,1.5987356589142359,1.5983831845654684,1.597985013827562,1.5975350491253075,1.5970263338076347,1.5964509194831835,1.5957997100197914,1.5950622774508134,1.5942266439224277,1.593279022418785,1.5922035072340592,1.5909817029127638,1.5895922775080071,1.5880104223178773,1.5862071954905619,1.5841487206798854,1.5817952037848348,1.5790997200123724,1.5760067090411853,1.5724500964259196,1.5683509322786224,1.563614400138599,1.5581259941260899,1.5517465817448814,1.5443059477466146,1.5355942253762012,1.5253503201065572,1.5132459370042854,1.4988629853449895,1.48166065664606,1.4609257401219826,1.4356944018894666,1.4046225416348885,1.3657568632175552,1.316096724799058,1.2506584074811689,1.1601040437735008,1.0222775047862036,0.44039199693140324,0.00829038314852475,0.000258519664988145,0.00025851964198779194,0.0002585196419877918,0.00025851964198779183,0.00025851964198779183,0.0002585196419877918,0.00025851964198779183,0.00025851964198779167
1.5977402661565434,1.5978195721421085,1.5978967410826674,1.5979717614120539,1.598044621979473,1.5981153120494225,1.5981838213012847,1.5982501398286098,1.5983142581380838,1.5983761671482033,1.59843585818765,1.5984933229933838,1.598548553708453,1.5986015428795317,1.598652283454191,1.5987007687779105,1.5987469925908364,1.5987909490242913,1.5988326325970483,1.598872038211369,1.5989091611488173,1.5989439970658563,1.598976541989233,1.5990067923111606,1.5990347447843056,1.5990603965165857,1.5990837449657906,1.5991047879340283,1.5991235235620094,1.5991399503231751,1.5991540670176794,1.5991658727662297,1.5991753670038,1.5991825494732204,1.5991874202186522,1.5991899795789595,1.5991902281809838,1.5991881669327281,1.5991837970164653,1.599177119881769,1.5991681372384874,1.599156851049657,1.5991432635243714,1.5991273771106118,1.5991091944880436,1.599088718560793,1.5990659524502038,1.5990408994875895,1.5990135632069826,1.5989839473378886,1.598952055798054,1.5989178926862548,1.598881462275109,1.5988427690039226,1.5988018174715724,1.5987586124294344,1.5987131587743606,1.5986654615417115,1.5986155258984465,1.5985633571362798,1.5985089606649066,1.5984523420052998,1.5983935067830852,1.5983324607219962,1.5982692096374138,1.5982037594299914,1.5981361160793706,1.5980662856379877,1.5979942742249764,1.5979200880201618,1.5978437332581577,1.597765216222556,1.5976845432402211,1.5976017206756794,1.5975167549256128,1.5974296524134508,1.5973404195840615,1.5972490628985443,1.59715558882912,1.5970600038541183,1.5969623144530618,1.5968625271018448,1.5967606482680046,1.5966566844060814,1.596550641953071,1.5964425273239589,1.5963323469073376,1.5962201070611068,1.596105814108246,1.5959894743326637,1.5958710939751133,1.5957506792291758,1.5956282362373053,1.595503771086929,1.5953772898066025,1.5952487983622123,1.5951183026532227,1.5949858085089612,1.5948513216849378,1.5945788895278648,1.594345673680042,1.5940824197743868,1.5937851714334257,1.593449428181577,1.5930700647005291,1.5926412366386962,1.5921562703974934,1.591607533751865,1.5909862834590538,1.5902824851312205,1.5894845995469293,1.5885793281915948,1.5875513090675588,1.586382751593307,1.5850529965767863,1.5835379836082624,1.5818096035127267,1.5798349073706535,1.5775751355553664,1.574984519531345,1.5720087947817007,1.5685833436782664,1.5646308601241619,1.5600583899523828,1.554753546980171,1.5485796256491073,1.5413692130026126,1.5329157209583222,1.5229619716500358,1.5111844968711208,1.4971714132637368,1.480390326996273,1.4601401276594133,1.4354754859182348,1.4050823883669261,1.3670593876905097,1.3184995875933399,1.254591596518602,1.1662799466424398,1.0313576990619366,0.4855146850161428,0.011988821133175627,0.000258519823026152,0.00025851964198779194,0.0002585196419877918,0.00025851964198779183,0.00025851964198779183,0.0002585196419877918,0.00025851964198779183,0.00025851964198779167
1.5897619413989235,1.5898872319316695,1.5900097271867528,1.590129414917176,1.5902462841472593,1.590360325170826,1.5904715295451146,1.5905798900806156,1.590685400827039,1.590788057055616,1.5908878552379409,1.590984793021565,1.5910788692025595,1.5911700836952651,1.5912584374994563,1.5913439326651442,1.5914265722552514,1.5915063603063937,1.5915833017879937,1.5916574025599701,1.5917286693292219,1.591797109605144,1.5918627316543912,1.5919255444551135,1.5919855576508686,1.5920427815044185,1.592097226851605,1.5921489050554871,1.5921978279609195,1.5922440078497329,1.5922874573966728,1.5923281896262371,1.5923662178705413,1.5924015557283322,1.5924342170252521,1.5924642157754525,1.5924915661446293,1.5925162824145611,1.5925383789491998,1.592557870162364,1.5925747704870716,1.5925890943465357,1.5926008561268419,1.5926100701513117,1.592616750656553,1.5926209117701817,1.5926225674902041,1.5926217316660303,1.5926184179810883,1.5926126399370046,1.5926044108393076,1.5925937437846063,1.592580651649199,1.592565147079054,1.5925472424811078,1.592526950015823,1.5925042815909463,1.5924792488564035,1.5924518632002713,1.5924221357457622,1.5923900773491602,1.5923556985986462,1.592319009813952,1.592280021046777,1.592238742081918,1.592195182439048,1.5921493513750846,1.5921012578871057,1.5920509107157457,1.5919983183490345,1.5919434890266244,1.59188643074436,1.5918271512591533,1.5917656580941157,1.5917019585439165,1.5916360596803234,1.5915679683579027,1.5914976912198384,1.5914252347038467,1.5913506050481618,1.5912738082975635,1.5911948503094298,1.5911137367597945,1.591030473149391,1.590945064809667,1.5908575169087584,1.5907678344574097,1.5906760223148293,1.5905820851944743,1.5904860276697537,1.5903878541796463,1.5902875690342284,1.5901851764201047,1.5900806804057397,1.58997408494669,1.589865393890726,1.589754610982852,1.5896417398702085,1.589526784106862,1.5892931544838156,1.5890717446028557,1.5888217790412515,1.5885394865307314,1.5882205745171534,1.5878601511342625,1.5874526340260129,1.5869916434625213,1.586469876627851,1.585878959251565,1.5852092698732843,1.5844497309228933,1.5835875594066555,1.58260796823184,1.5814938069741393,1.5802251280550677,1.5787786606655216,1.5771271700964735,1.5752386740750002,1.5730754797739723,1.5705929946851107,1.5677382505291306,1.564448060361475,1.560646702811745,1.5562429905765314,1.5511265275475408,1.5451628817787004,1.5381872859156958,1.5299962992306344,1.5203365852283988,1.5088895025629443,1.495249437506442,1.4788924550761713,1.459129359914814,1.4350324211560568,1.4053149320877618,1.3681198064931879,1.3206144582393495,1.2581095719335302,1.1717046887744844,1.038914480175503,0.530369294656765,0.016909000715991024,0.0002585208752851741,0.00025851964198779194,0.0002585196419877918,0.00025851964198779183,0.00025851964198779183,0.0002585196419877918,0.00025851964198779183,0.00025851964198779167
1.5813568996420737,1.5815513367377174,1.5817417360039594,1.5819280845792718,1.5821103721073322,1.5822885907187718,1.582462735006388,1.5826328019939788,1.5827987910989918,1.5829607040892066,1.5831185450337055,1.583272320248403,1.5834220382364383,1.583567709623749,1.5837093470901635,1.583846965296369,1.5839805808071246,1.5841102120110915,1.5842358790376714,1.5843576036712403,1.5844754092631712,1.5845893206420336,1.5846993640223654,1.5848055669123944,1.584907958021085,1.5850065671648845,1.5851014251745124,1.5851925638021427,1.5852800156293043,1.5853638139758084,1.5854439928099986,1.5855205866606015,1.5855936305304275,1.5856631598121707,1.5857292102065126,1.5857918176427364,1.5858510182020225,1.5859068480435836,1.5859593433337786,1.5860085401783133,1.586054474557633,1.5860971822655794,1.5861366988513736,1.5861730595649652,1.586206299305772,1.5862364525748198,1.586263553430278,1.5862876354463626,1.5863087316755824,1.586326874614274,1.5863420961713723,1.5863544276403472,1.586363899674229,1.5863705422636387,1.5863743847177267,1.5863754556479275,1.586373782954417,1.5863693938151737,1.5863623146775216,1.5863525712520474,1.586340188508769,1.5863251906754416,1.5863076012378792,1.5862874429421723,1.5862647377986874,1.586239507087729,1.586211771366747,1.5861815504789805,1.5861488635634278,1.5861137290660314,1.58607616475198,1.5860361877190219,1.5859938144117,1.5859490606364095,1.5859019415771973,1.5858524718122151,1.5858006653307475,1.585746535550745,1.5856900953367878,1.5856313570184153,1.5855703324087655,1.585507032823461,1.585441469099695,1.5853736516154688,1.5853035903089359,1.5852312946978138,1.5851567738988304,1.5850800366471707,1.5850010913158965,1.5849199459353167,1.584836608212282,1.5847510855493903,1.584663385064085,1.5845735136076338,1.5844814777839746,1.5843872839684257,1.584290938326246,1.5841924468310478,1.5840918152830519,1.583886675703405,1.5836757561316435,1.583437608113873,1.5831686288791238,1.5828647159010816,1.5825211916522666,1.5821327155694815,1.5816931807217756,1.5811955921098912,1.580631922824116,1.5799929434081088,1.579268018671412,1.578444864800116,1.5775092578527568,1.5764446824902354,1.575231906935022,1.573848466500573,1.5722680333280625,1.570459643876502,1.5683867477674245,1.5660060311295503,1.5632659536761442,1.560104919984138,1.556448979725426,1.5522089156803482,1.54727652712422,1.5415198413879758,1.5347768745225325,1.526847390243165,1.5174818351308579,1.5063661863408708,1.4931007028230157,1.4771692615354879,1.4578935462681537,1.43436164368006,1.405310717847216,1.3689207015597595,1.3224166887078483,1.2611933429739934,1.1764251848047647,1.0453042526853946,0.5745351768110696,0.023267194082264225,0.00025852692288356224,0.00025851964198779194,0.0002585196419877918,0.00025851964198779183,0.00025851964198779183,0.0002585196419877918,0.00025851964198779183,0.00025851964198779167
1.5746527646179926,1.5748028268993126,1.5749507223711796,1.5750964413240631,1.5752399742994203,1.5753813120890647,1.575520445734368,1.575657366525314,1.57579206599941,1.5759245359404739,1.5760547683773014,1.5761827555822236,1.5763084900695634,1.5764319645939922,1.5765531721487982,1.5766721059640678,1.5767887595047827,1.5769031264688393,1.5770152007849954,1.5771249766107394,1.5772324483300941,1.577337610551353,1.577440458104748,1.5775409860400595,1.577639189624162,1.5777350643385117,1.5778286058765776,1.5779198101412149,1.5780086732419882,1.5780951914924375,1.5781793614072968,1.5782611796996602,1.5783406432781035,1.5784177492437539,1.5784924948873185,1.5785648776860657,1.5786348953007652,1.5787025455725843,1.5787678265199463,1.578830736335346,1.578891273382131,1.5789494361912422,1.5790052234579217,1.5790586340383823,1.5791096669464493,1.5791583213501623,1.5792045965683528,1.5792484920671874,1.579290007456684,1.5793291424871987,1.5793658970458881,1.5794002711531425,1.5794322649589985,1.579461878739526,1.5794891128931914,1.5795139679372023,1.5795364445038313,1.5795565433367178,1.5795742652871558,1.5795896113103611,1.5796025824617241,1.5796131798930475,1.5796214048487685,1.57962725866217,1.5796307427515786,1.5796318586165508,1.5796306078340505,1.5796269920546162,1.5796210129985218,1.5796126724519275,1.5796019722630277,1.57958891433819,1.5795735006380947,1.5795557331738648,1.5795356140032,1.5795131452265025,1.5794883289830095,1.579461167446919,1.5794316628235219,1.5793998173453323,1.5793656332682238,1.5793291128675684,1.5792902584343784,1.5792490722714565,1.5792055566895498,1.5791597140035116,1.579111546528472,1.5790610565760135,1.579008246450361,1.5789531184445758,1.5788956748367646,1.5788359178862965,1.5787738498300323,1.5787094728785662,1.578642789212478,1.5785738009785988,1.5785025102862889,1.5784289192037273,1.5783530297542139,1.5781969580805948,1.577998181592516,1.5777736859390363,1.5775200528816145,1.5772333861985832,1.5769092388110157,1.5765425273325686,1.5761274315450795,1.5756572757396845,1.5751243881626942,1.5745199339299973,1.5738337156767872,1.5730539348305623,1.5721669046572133,1.5711567040305598,1.570004758081307,1.5686893283134038,1.5671848901927314,1.5654613702832931,1.5634832072657703,1.5612081909613673,1.5585860198395058,1.555556498988639,1.5520472750299366,1.5479709686649474,1.5432215143455537,1.5376694418127792,1.5311557228261117,1.523483636460872,1.514407840324796,1.5036194054346796,1.4907248517495004,1.4752159553442599,1.4564247520792803,1.4334535394538759,1.4050598806043924,1.3694538341300764,1.3239045628028312,1.2638642877179505,1.1805422521261435,1.0508939083111566,0.6179486438496017,0.031344845251222164,0.0002585578436438849,0.00025851964198779194,0.0002585196419877918,0.00025851964198779183,0.00025851964198779183,0.0002585196419877918,0.00025851964198779183,0.00025851964198779167
1.5701436166354623,1.570262699159166,1.5703800810492727,1.5704957536213662,1.570609708283188,1.5707219365368377,1.5708324299804546,1.5709411803094637,1.5710481793174602,1.5711534188967933,1.5712568910388924,1.5713585878343828,1.571458501473019,1.5715566242434698,1.5716529485329727,1.5717474668268778,1.571840171708103,1.5719310558565045,1.5720201120481825,1.5721073331547253,1.5721927121424024,1.5722762420713128,1.5723579160944927,1.5724377274569892,1.5725156694949005,1.5725917356343893,1.5726659193906705,1.5727382143669755,1.5728086142534943,1.5728771128262988,1.5729437039462475,1.5730083815578728,1.573071139688254,1.573131972445872,1.573190874019453,1.5732478386767963,1.5733028607635917,1.573355934702222,1.5734070549905543,1.5734562162007233,1.5735034129778982,1.5735486400390446,1.5735918921716725,1.573633164232577,1.5736724511465685,1.5737097479051956,1.5737450495654568,1.5737783512485075,1.573809648138355,1.5738389354805495,1.5738662085808652,1.5738914628039768,1.5739146935721269,1.5739358963637875,1.573955066712317,1.5739722002046093,1.573987292479738,1.5740003392275959,1.5740113361875276,1.5740202791469602,1.5740271639400258,1.5740319864461836,1.5740347425888335,1.5740354283339313,1.5740340396885948,1.5740305726997106,1.5740250234525364,1.5740173880692994,1.5740076627077955,1.5739958435599812,1.5739819268505673,1.5739659088356084,1.573947785801093,1.5739275540615287,1.573905209958528,1.573880749859392,1.573854170155694,1.5738254672618597,1.573794637613748,1.5737616776672294,1.573726583896764,1.5736893527939768,1.573649980866233,1.5736084646352093,1.573564800635463,1.5735189854129992,1.573471015523832,1.5734208875325428,1.5733685980108303,1.5733141435360531,1.5732575206897637,1.5731987260562288,1.5731377562209337,1.5730746077690705,1.5730092772839996,1.5729417613456853,1.5728720565290948,1.5728001594025531,1.5727260665260474,1.5725737771607162,1.5723831771709256,1.572167923119144,1.5719247397442577,1.5716498939643755,1.5713391250375994,1.5709875626288097,1.570589630358484,1.5701389318553856,1.5696281156409975,1.5690487143020084,1.5683909523094932,1.5676435154565451,1.566793273128985,1.5658249423897712,1.5647206800079816,1.5634595849136732,1.562017088865156,1.5603642070442514,1.5584666123944706,1.556283487155041,1.5537660913212545,1.5508559693693793,1.5474826915641084,1.5435609915097968,1.5389871125622845,1.533634104577926,1.527345706410735,1.51992828667608,1.5111400572052955,1.5006763510755894,1.488149040584547,1.4730569063110015,1.4547414290139795,1.4323178805878862,1.404561844259253,1.36970848208305,1.325061135804989,1.2661133016132615,1.1841001347366018,1.0559230059868372,0.6598354361576201,0.041279064110884806,0.00025869627180787904,0.00025851964198779194,0.0002585196419877918,0.00025851964198779183,0.00025851964198779183,0.0002585196419877918,0.00025851964198779183,0.00025851964198779167
1.5654884258381012,1.565601004347683,1.56571187994691,1.5658210435521698,1.5659284862428733,1.5660341992607867,1.566138174009274,1.5662404020524596,1.5663408751143066,1.5664395850776136,1.5665365239829296,1.5666316840273924,1.5667250575634855,1.5668166370977201,1.5669064152892436,1.5669943849483707,1.5670805390350475,1.5671648706572412,1.5672473730692662,1.5673280396700402,1.5674068640012802,1.5674838397456332,1.5675589607247513,1.567632220897305,1.5677036143569456,1.567773135330212,1.5678407781743902,1.5679065373753212,1.5679704075451684,1.5680323834201388,1.5680924598581651,1.56815063183655,1.568206894449576,1.5682612429060834,1.5683136725270161,1.5683641787429443,1.568412757091557,1.5684594032151378,1.568504112858019,1.5685468818640187,1.5685877061738638,1.5686265818226008,1.5686635049369995,1.5686984717329455,1.5687314785128337,1.568762521662954,1.5687915976508817,1.568818703022868,1.5688438344012348,1.568866988481778,1.5688881620311774,1.5689073518844203,1.5689245549422335,1.5689397681685346,1.5689529885878968,1.5689642132830315,1.5689734393922927,1.5689806641072013,1.5689858846699904,1.568989098371179,1.5689903025471663,1.568989494577857,1.5689866718843093,1.5689818319264162,1.5689749722006139,1.5689660902376208,1.5689551836002087,1.5689422498810048,1.5689272867003266,1.5689102917040496,1.5688912625615092,1.5688701969634338,1.5688470926199143,1.5688219472584068,1.5687947586217674,1.568765524466324,1.5687342425599793,1.568700910680349,1.5686655266129323,1.5686280881493164,1.568588593085411,1.568547039219719,1.5685034243516338,1.5684577462797717,1.5684100028003305,1.5683601917054812,1.5683083107817832,1.568254357808633,1.5681983305567346,1.5681402267865976,1.5680800442470593,1.5680177806738311,1.5679534337880676,1.567887001294954,1.567818480882316,1.56774787021925,1.5676751669547673,1.567600368716457,1.5675234731091632,1.5673657896725868,1.5671801933094773,1.5669706069520275,1.566733847869513,1.5664662894979993,1.5661637939694113,1.5658216329990082,1.565434394801478,1.5649958741715033,1.5644989421941053,1.5639353912057823,1.5632957495608817,1.5625690594051622,1.56174260893766,1.5608016084434977,1.559728796560428,1.5585039596088517,1.557103342111433,1.5554989205058734,1.5536575040359837,1.5515396162311137,1.5490980963224925,1.5462763410657656,1.543006081792658,1.5392045561734577,1.5347708846042427,1.5295813900865116,1.5234834959238175,1.5162876768881253,1.507756690056981,1.4975909039508177,1.4854078506545654,1.4707128904945421,1.4528555687017133,1.4309616608352476,1.4038211197053987,1.369689162754619,1.3258965497609738,1.2679716086888664,1.18719210331854,1.0606476827398845,0.699815756697204,0.05321198974391874,0.00025924224200825157,0.00025851964198779194,0.0002585196419877918,0.00025851964198779183,0.00025851964198779183,0.0002585196419877918,0.00025851964198779183,0.00025851964198779167
1.560972854107335,1.5610797739840478,1.5611850106259775,1.5612885547988133,1.5613903974578873,1.5614905297479105,1.5615889430025285,1.561685628743708,1.5617805786809589,1.5618737847104032,1.5619652389136967,1.5620549335568072,1.5621428610886607,1.562229014139653,1.5623133855200384,1.5623959682181972,1.5624767553987868,1.5625557404007817,1.562632916735406,1.5627082780839616,1.5627818182955597,1.562853531384757,1.5629234115290993,1.5629914530665832,1.563057650493032,1.5631219984593954,1.5631844917689752,1.563245125374582,1.563303894375628,1.5633607940151562,1.5634158196768162,1.5634689668817854,1.5635202312856449,1.5635696086752084,1.5636170949653159,1.5636626861955891,1.5637063785271574,1.5637481682393575,1.5637880517264096,1.5638260254940766,1.5638620861563082,1.5638962304318749,1.5639284551409953,1.5639587572019629,1.563987133627771,1.564013581522746,1.5640380980791873,1.5640606805740191,1.56408132636546,1.5641000328897094,1.5641167976576567,1.5641316182516143,1.5641444923220822,1.5641554175845382,1.5641643918162664,1.5641714128532191,1.5641764785869168,1.5641795869613906,1.5641807359701663,1.5641799236532934,1.56417714809442,1.5641724074179175,1.5641656997860538,1.564157023396216,1.56414637647819,1.564133757291488,1.5641191641227346,1.564102595283105,1.5640840491058197,1.564063523943696,1.564041018166755,1.5640165301598845,1.563990058320561,1.5639616010566242,1.5639311567841105,1.5638987239251423,1.5638643009058695,1.5638278861544692,1.5637894780991968,1.5637490751664904,1.5637066757791267,1.5636622783544287,1.5636158813025194,1.5635674830246278,1.5635170819114372,1.563464676341481,1.5634102646795787,1.563353845275315,1.5632954164615582,1.5632349765530138,1.5631725238448133,1.5631080566111377,1.5630415731038685,1.5629730715512669,1.56290255015668,1.5628300070972654,1.5627554405227388,1.5626788485541356,1.5626002292825858,1.5624392480906106,1.5622576865330562,1.5620526682512228,1.5618210843036247,1.5615593929667713,1.5612635541221145,1.5609289523581547,1.5605503065346877,1.560121563039419,1.5596357693182958,1.5590849234431408,1.5584597944459069,1.5577497068354729,1.5569422810388973,1.55602311936596,1.5549754243403258,1.5537795326805712,1.5524123435904003,1.550846613977158,1.5490500852763702,1.5469843960431717,1.5446037204276246,1.541853053715793,1.538666040295698,1.5349622037077202,1.5306433882623676,1.5255891497550012,1.5196507271066433,1.512643066991118,1.5043341239174846,1.4944302534831508,1.4825558320417758,1.4682240225691714,1.450793335903995,1.429400111739963,1.4028473213277186,1.3694071568990325,1.3264337913483941,1.269490910062997,1.189933624355487,1.0653152887030275,0.7378558987892244,0.06736307800040646,0.0002611809021091763,0.00025851964198779194,0.0002585196419877918,0.00025851964198779183,0.00025851964198779183,0.0002585196419877918,0.00025851964198779183,0.00025851964198779167
1.5553867201271632,1.5555605373702992,1.5557303795109776,1.5558962334359894,1.5560580905476462,1.5562159467249512,1.556369802259749,1.5565196617691657,1.5566655340858082,1.556807432127338,1.5569453727471612,1.55707937656807,1.5572094678007566,1.5573356740491588,1.55745802610463,1.5575765577309224,1.5576913054419503,1.5578023082742631,1.557909607556081,1.558013246674688,1.5581132708438634,1.558209726872943,1.5583026629389756,1.5583921283633295,1.5584781733939637,1.5585608489944598,1.5586402066407707,1.5587162981265186,1.5587891753775418,1.5588588902762635,1.5589254944963415,1.5589890393479344,1.5590495756338218,1.5591071535165015,1.5591618223963046,1.5592136308004794,1.5592626262831113,1.5593088553356858,1.5593523633080288,1.5593931943393178,1.5594313912987925,1.5594669957357759,1.5595000478385663,1.559530586401744,1.55955864880142,1.5595842709779322,1.5596074874254913,1.55962833118828,1.5596468338624963,1.5596630256038586,1.559676935140069,1.559688589787778,1.5596980154735742,1.5597052367585662,1.5597102768661204,1.5597131577123562,1.5597138999390066,1.5597125229482838,1.5597090449394029,1.5597034829464487,1.5596958528772837,1.5596861695532254,1.5596744467492383,1.5596606972344067,1.5596449328124862,1.559627164362331,1.5596074018780404,1.5595856545086628,1.5595619305973274,1.5595362377196877,1.559508582721574,1.5594789717557715,1.5594474103178493,1.5594139032809846,1.5593784549297351,1.5593410689927232,1.5593017486742073,1.5592604966845285,1.559217315269418,1.559172206238175,1.5591251709907152,1.5590762105435125,1.5590253255544422,1.5589725163465642,1.5589177829308627,1.558861125027984,1.558802542089005,1.5587420333152706,1.5586795976773447,1.5586152339331143,1.5585489406450943,1.5584807161969774,1.5584105588094774,1.5583384665555102,1.5582644373747638,1.5581884690877008,1.5581105594090425,1.5580307059607796,1.557948906284753,1.5577817394740023,1.557603377406097,1.5574019869414246,1.5571745197216589,1.5569175039668726,1.5566269804868145,1.5562984277238723,1.5559266736415582,1.555505791770102,1.5550289780894053,1.5544884046330893,1.55387504468878,1.553178463187462,1.5523865642384684,1.5514852856696122,1.550458227733057,1.5492861996474663,1.5479466631105154,1.5464130459851442,1.5446538915581973,1.5426317984208242,1.5403020921741473,1.5376111514464033,1.5344942850933723,1.530873021894168,1.526651623850557,1.521712561913349,1.515910586478101,1.5090648639269995,1.500948399284436,1.491273559121701,1.4796718254327133,1.46566470460011,1.4486204643314398,1.4276868917588075,1.401680645835533,1.3688911069076157,1.3266965021063826,1.2707032569723513,1.192389592076134,1.070045227589303,0.7733380608252979,0.08367886716647752,0.0002671932732605269,0.000258519641987792,0.00025851964198779183,0.00025851964198779183,0.00025851964198779183,0.00025851964198779183,0.00025851964198779183,0.00025851964198779167
1.5499464080799152,1.5500815098832872,1.5502146861230262,1.5503459269616569,1.5504752228131455,1.5506025643420334,1.5507279424624743,1.5508513483371786,1.5509727733762635,1.55109220923601,1.551209647817532,1.551325081265351,1.5514385019658865,1.5515499025458561,1.5516592758705925,1.5517666150422724,1.551871913398066,1.5519751645082032,1.5520763621739586,1.55217550042556,1.552272573520018,1.5523675759388813,1.552460502385916,1.5525513477847148,1.5526401072762346,1.5527267762162642,1.5528113501728256,1.552893824923507,1.552974196452736,1.5530524609489864,1.553128614801925,1.5532026545995017,1.553274577124978,1.5533443793539055,1.5534120584510436,1.5534776117672322,1.5535410368362086,1.5536023313713787,1.553661493262538,1.5537185205725532,1.5537734115339938,1.5538261645457252,1.5538767781694625,1.5539252511262835,1.5539715822931062,1.5540157706991322,1.5540578155222557,1.5540977160854403,1.554135471853067,1.5541710824272534,1.5542045475441457,1.5542358670701868,1.5542650409983576,1.5542920694444016,1.5543169526430234,1.5543396909440714,1.5543602848087028,1.5543787348055313,1.5543950416067618,1.5544092059843104,1.5544212288059134,1.5544311110312266,1.5544388537079146,1.5544444579677323,1.5544479250226009,1.5544492561606789,1.5544484527424276,1.5544455161966761,1.5544404480166842,1.5544332497562035,1.5544239230255423,1.5544124694876302,1.5543988908540871,1.5543831888812951,1.554365365366478,1.554345422143784,1.554323361080379,1.554299184072546,1.5542728930417926,1.5542444899309726,1.554213976700416,1.5541813553240689,1.5541466277856517,1.5541097960748262,1.5540708621833779,1.554029828101416,1.5539866958135866,1.5539414672953045,1.5538941445090013,1.5538447294003928,1.5537932238947643,1.5537396298932769,1.5536839492692922,1.5536261838647207,1.553566335486389,1.5535044059024303,1.553440396838701,1.5533743099752144,1.5533061469426046,1.553165949861771,1.5529930415435993,1.5527977744155803,1.5525771801096526,1.5523278759101427,1.5520460017134383,1.551727146118047,1.5513662594785944,1.5509575512645992,1.550494368447932,1.5499690508678428,1.549372758545401,1.5486952646823577,1.5479247065076207,1.54704728412709,1.5460468949556359,1.5449046879818893,1.5435985177887206,1.542102272580516,1.5403850429689416,1.5384100882539595,1.5361335434148233,1.5335027915501287,1.5304544009387933,1.5269114900350145,1.522780332694594,1.5179459422110544,1.5122662642883609,1.5055644459970656,1.4976183955966864,1.4881464440201466,1.4767872420320125,1.4630708334985205,1.4463756157142627,1.4258614606391526,1.4003597712175464,1.3681790028692087,1.3267257538347312,1.271662687715342,1.194643402505068,1.0749376589098687,0.8060571114990744,0.10213348461215585,0.00028308248831677535,0.00025851964198779205,0.00025851964198779183,0.00025851964198779183,0.00025851964198779183,0.00025851964198779183,0.00025851964198779183,0.00025851964198779167
1.5429970051989894,1.543163628037239,1.5433280931113675,1.543490390542629,1.5436505107539888,1.543808444469454,1.5439641827131576,1.5441177168082216,1.5442690383754178,1.54441813933164,1.544565011888202,1.5447096485489717,1.544852042108355,1.5449921856491322,1.545130072540161,1.5452656964339466,1.5453990512640932,1.5455301312426328,1.5456589308572455,1.545785444868368,1.5459096683062028,1.5460315964676241,1.5461512249129894,1.5462685494628603,1.546383566194633,1.5464962714390853,1.5466066617768404,1.5467147340347531,1.5468204852822214,1.5469239128274226,1.5470250142134847,1.5471237872145873,1.5472202298320006,1.5473143402900653,1.5474061170321125,1.5474955587163308,1.5475826642115798,1.5476674325931543,1.5477498631385045,1.5478299553229096,1.5479077088151105,1.5479831234729071,1.5480561993387156,1.5481269366350954,1.5481953357602438,1.5482613972834647,1.5483251219406078,1.5483865106294883,1.5484455644052846,1.5485022844759153,1.5485566721974025,1.5486087290692212,1.5486584567296346,1.548705856951022,1.5487509316351977,1.548793682808726,1.5488341126182303,1.5488722233257026,1.5489080173038132,1.5489414970312216,1.5489726650878917,1.5490015241504118,1.5490280769873246,1.549052326454462,1.5490742754902938,1.5490939271112856,1.5491112844072714,1.5491263505368402,1.5491391287227385,1.5491496222472896,1.5491578344478316,1.5491637687121742,1.549167428474075,1.54916881720874,1.5491679384283414,1.549164795677564,1.5491593925291698,1.5491517325795918,1.5491418194445503,1.549129656754696,1.5491152481512784,1.549098597281843,1.5490797077959533,1.5490585833409427,1.5490352275576922,1.549009644076439,1.5489818365126102,1.5489518084626883,1.5489195635001034,1.5488851051711534,1.548848436990955,1.5488095624394205,1.5487684849572652,1.5487252079420408,1.5486797347441958,1.5486320686631643,1.5485822129434788,1.5485301707709098,1.548475945268628,1.5483633582533265,1.548197088011535,1.5480092830201562,1.547797075483075,1.5475571951061902,1.5472859073553724,1.5469789409675163,1.5466314025575707,1.5462376756732477,1.545791301034835,1.5452848339270164,1.544709673739974,1.544055859432217,1.543311823134755,1.5424640921383532,1.5414969269739145,1.540391880036346,1.5391272549765889,1.5376774415652963,1.536012093451851,1.5340951065438164,1.531883342659375,1.52932502525716,1.5263577093359255,1.5229056928622846,1.518876687465864,1.5141574939922884,1.508608321486464,1.5020552257280857,1.494279889977161,1.485005561924824,1.4738772758782719,1.4604332879083985,1.4440624304854974,1.4239377212978226,1.3989072860825298,1.3673021082142969,1.3265641239648902,1.272429877849808,1.1967833311379754,1.0800775139618435,0.8361262804039988,0.1228229457364717,0.00031835040980315556,0.00025851964198779227,0.00025851964198779183,0.00025851964198779183,0.00025851964198779183,0.0002585196419877918,0.00025851964198779183,0.00025851964198779167
1.5380399938826452,1.5381980269574733,1.538354141186982,1.5385083274407225,1.5386605767681334,1.5388108804023717,1.5389592297631758,1.5391056164589232,1.5392500322880167,1.539392469239712,1.5395329194944745,1.5396713754239404,1.539807829590545,1.5399422747468636,1.5400747038347113,1.5402051099840324,1.5403334865116074,1.5404598269196024,1.5405841248939804,1.5407063743027878,1.5408265691943308,1.5409447037952568,1.541060772508542,1.5411747699114025,1.5412866907531293,1.5413965299528547,1.5415042825972591,1.5416099439382154,1.541713509390382,1.5418149745287462,1.5419143350861158,1.542011586950572,1.5421067261628756,1.5421997489138397,1.5422906515416588,1.5423794305292102,1.5424660825013197,1.5425506042219959,1.5426329925916404,1.5427132446442289,1.5427913575444663,1.5428673285849237,1.5429411551831484,1.543012834878762,1.5430823653305326,1.5431497443134388,1.5432149697157125,1.543278039535874,1.5433389518797533,1.5433977049575007,1.543454297080591,1.5435087266588183,1.5435609921972886,1.5436110922934034,1.5436590256338438,1.5437047909915507,1.5437483872227056,1.5437898132637116,1.5438290681281754,1.5438661509038933,1.5439010607498393,1.5439337968931612,1.5439643586261786,1.543992745303391,1.5440189563384916,1.5440429912013909,1.5440648494152496,1.5440845305535205,1.5441020342370029,1.5441173601309077,1.5441305079419352,1.544141477415365,1.5441502683321606,1.5441568805060875,1.5441613137808425,1.544163568027205,1.5441636431401953,1.544161539036253,1.5441572556504304,1.5441507929335991,1.5441421508496758,1.5441313293728605,1.5441183284848927,1.5441031481723204,1.5440857884237857,1.5440662492273234,1.5440445305676722,1.5440206324236008,1.5439945547652414,1.5439662975514354,1.543935860727084,1.5439032442205052,1.5438684479407914,1.5438314717751633,1.5437923155863207,1.5437509792097766,1.5437074624511726,1.543661765083568,1.543613886844688,1.5435139684472297,1.5433536002941945,1.5431724493860717,1.542967744637521,1.5427363250888024,1.54247457983956,1.5421783774574382,1.5418429827306714,1.5414629581438906,1.5410320468426815,1.5405430330812726,1.539987575175884,1.5393560047572041,1.5386370845561437,1.5378177149705992,1.5368825771199761,1.5358136968276885,1.5345899097485516,1.5331862023610987,1.5315728963334112,1.529714634221225,1.527569111670096,1.5250854839493804,1.5222023507661357,1.5188451898636255,1.5149230621651,1.5103243415988499,1.5049111188104873,1.4985117688265448,1.4909109221601053,1.4818356719514214,1.470936165505747,1.4577575301706762,1.4416978792587443,1.4219428401277756,1.3973580096156137,1.36630001368943,1.3262538547102234,1.2730484901938168,1.1988470944085483,1.085414919077563,0.8632285844443547,0.14546895173595284,0.00038345898747227885,0.0002585196419877928,0.00025851964198779183,0.00025851964198779183,0.00025851964198779183,0.00025851964198779183,0.00025851964198779183,0.00025851964198779167
1.5336136432616678,1.5337668042666608,1.5339180834855652,1.5340674715447042,1.5342149593119168,1.5343605378954368,1.534504198642614,1.534645933138471,1.5347857332041068,1.5349235908949448,1.5350594984988293,1.5351934485339722,1.535325433746757,1.5354554471093969,1.5355834818174574,1.5357095312872455,1.5358335891530634,1.535955649264342,1.5360757056826488,1.5361937526785812,1.536309784728545,1.5364237965114285,1.5365357829051711,1.5366457389832369,1.5367536600109961,1.5368595414420194,1.5369633789142896,1.53706516824634,1.5371649054333223,1.5372625866430076,1.5373582082117307,1.537451766640281,1.5375432585897424,1.5376326808772955,1.5377200304719802,1.537805304490428,1.537888500192569,1.5379696149773188,1.5380486463782483,1.5381255920592494,1.53820044981019,1.5382732175425746,1.538343893285208,1.5384124751798722,1.5384789614770151,1.5385433505314627,1.5386056407981545,1.538665830827907,1.5387239192632114,1.5387799048340678,1.53883378635386,1.5388855627152762,1.5389352328862738,1.5389827959061015,1.53902825088137,1.5390715969821842,1.5391128334383324,1.5391519595355394,1.5391889746117862,1.5392238780536922,1.539256669292972,1.539287347802957,1.539315913095195,1.539342364716119,1.539366702243793,1.5393889252847326,1.5394090334708015,1.5394270264561878,1.5394429039144528,1.5394566655356614,1.5394683110235894,1.5394778400930047,1.5394852524670315,1.5394905478745848,1.539493726047884,1.5394947867200415,1.5394937296227234,1.5394905544838835,1.5394852610255694,1.5394778489617977,1.5394683179964974,1.5394566678215202,1.5394428981147144,1.539427008538063,1.5394089987358814,1.5393888683330739,1.5393666169334443,1.5393422441180646,1.539315749443689,1.5392871324412218,1.539256392614229,1.5392235294374916,1.5391885423556024,1.5391514307815994,1.5391121940956334,1.5390708316436676,1.5390273427362084,1.5389817266470596,1.5389339826121013,1.5388344379421648,1.5386781469007438,1.538501605878944,1.5383021158464965,1.5380765982370699,1.5378215364981809,1.5375329073934294,1.537206099976604,1.5368358196759158,1.5364159743224588,1.5359395381960474,1.5353983892001792,1.5347831130586962,1.534082766875485,1.5332845924166834,1.5323736669324526,1.5313324760584814,1.530140389091649,1.5287730114005191,1.5272013814691405,1.5253909704656954,1.5233004293982868,1.5208800115947145,1.5180695745293054,1.514796032036739,1.5109700811932651,1.5064819603585384,1.5011958940617716,1.4949427261899773,1.4875099996459817,1.478628344080431,1.4679523636315488,1.4550330401585048,1.4392765032658745,1.4198798102752115,1.3957256240519624,1.365197881903966,1.3258309192026712,1.2735624337812184,1.2008733889506227,1.0908967240122172,0.8874083202878608,0.169896016746265,0.0004906815070677273,0.0002585196419877951,0.00025851964198779183,0.0002585196419877919,0.0002585196419877919,0.00025851964198779183,0.00025851964198779183,0.00025851964198779167
1.5294151610236544,1.52956505642963,1.5297130409838986,1.5298591050178159,1.5300032391984202,1.5301454345276706,1.5302856823411886,1.5304239743065255,1.5305603024209828,1.5306946590089967,1.5308270367191101,1.5309574285205485,1.5310858276994126,1.531212227854511,1.5313366228928416,1.5314590070247425,1.5315793747587267,1.53169772089602,1.53181404052481,1.5319283290142334,1.5320405820081102,1.532150795418445,1.5322589654187113,1.5323650884369353,1.532469161148598,1.5325711804693711,1.5326711435477034,1.532769047757277,1.532864890689348,1.5329586701449913,1.5330503841272631,1.5331400308333,1.5332276086463728,1.5333131161279048,1.533396552009479,1.533477915184844,1.5335572047019344,1.5336344197549223,1.5337095596763142,1.5337826239291048,1.5338536120990034,1.5339225238867455,1.5339893591004992,1.5340541176483828,1.5341167995311005,1.5341774048347085,1.5342359337235218,1.5342923864331675,1.5343467632638015,1.5343990645734837,1.5344492907717346,1.5344974423132616,1.5345435196918804,1.5345875234346218,1.5346294540960348,1.534669312252691,1.534707098497891,1.5347428134365761,1.534776457680449,1.5348080318433035,1.5348375365365663,1.5348649723650472,1.534890339922903,1.5349136397898118,1.5349348725273537,1.5349540386756038,1.5349711387499285,1.534986173237985,1.534999142596923,1.535010047250783,1.535018887588088,1.5350256639596254,1.5350303766764153,1.5350330260078584,1.5350336121800607,1.5350321353743281,1.5350285957258307,1.5350229933224198,1.5350153282036072,1.5350056003596868,1.534993809731002,1.5349799562073472,1.534964039627498,1.534946059778868,1.534926016397277,1.5349039091668333,1.5348797377199142,1.534853501637247,1.5348252004480747,1.534794833630405,1.5347624006113358,1.5347279007674446,1.5346913334252406,1.5346526978616684,1.5346119933046591,1.534569218933715,1.5345243738805312,1.534477457229633,1.5344284680190332,1.5343265493989617,1.5341733435389064,1.5340002948441063,1.5338047604049831,1.5335837261029532,1.5333337495320916,1.5330508929264899,1.5327306440637825,1.5323678226444681,1.5319564690548033,1.5314897116745882,1.5309596079465468,1.5303569532240353,1.5296710498841832,1.5288894272354607,1.5279975002317054,1.5269781517541257,1.5258112190033015,1.5244728590342946,1.5229347612280417,1.5211631649043935,1.5191176274699627,1.5167494711882816,1.5139998129811936,1.510797048768227,1.5070536172879458,1.5026618010299244,1.4974882221932682,1.491366539812181,1.4840876161217422,1.4753860342433778,1.46492119998648,1.4522501223438842,1.436786876043737,1.4177396938440483,1.3940082533284766,1.3640050056217188,1.3253183778271176,1.2740076422389182,1.2028984748872407,1.0964865210864347,0.9089432687733795,0.1961241182073546,0.0006601470668773945,0.00025851964198780723,0.00025851964198779183,0.0002585196419877919,0.0002585196419877919,0.00025851964198779183,0.00025851964198779183,0.00025851964198779167
1.526122536275167,1.5262472841420975,1.5263705092791346,1.526492203108534,1.5266123571430807,1.5267309629887202,1.5268480123465562,1.526963497014331,1.5270774088874794,1.527189739959829,1.5273004823240166,1.5274096281716576,1.5275171697933212,1.5276230995783384,1.5277274100144687,1.5278300936874536,1.5279311432804672,1.5280305515734853,1.528128311442582,1.5282244158591631,1.5283188578891451,1.5284116306920896,1.5285027275202931,1.5285921417178394,1.528679866719621,1.5287658960503279,1.5288502233234091,1.5289328422400112,1.5290137465878886,1.5290929302402971,1.5291703871548636,1.5292461113724376,1.5293200970159246,1.5293923382891026,1.5294628294754211,1.5295315649367864,1.5295985391123295,1.5296637465171625,1.5297271817411189,1.5297888394474821,1.5298487143717014,1.5299068013200972,1.5299630951685501,1.5300175908611857,1.530070283409043,1.5301211678887363,1.5301702394411059,1.5302174932698598,1.5302629246402077,1.5303065288774846,1.5303483013657684,1.5303882375464886,1.5304263329170296,1.530462583029325,1.5304969834884479,1.530529529951194,1.5305602181246591,1.5305890437648122,1.5306160026750633,1.530641090704827,1.530664303748082,1.530685637741928,1.5307050886651368,1.5307226525367037,1.5307383254143943,1.530752103393289,1.5307639826043264,1.530773959212846,1.530782029417127,1.5307881894469284,1.530792435562029,1.5307947640507638,1.5307951712285643,1.5307936534364972,1.5307902070398018,1.5307848284264323,1.5307775140055973,1.530768260206301,1.5307570634758885,1.5307439202785869,1.5307288270940533,1.530711780415921,1.5306927767503473,1.5306718126145626,1.53064888453542,1.530623989047946,1.5305971226938893,1.5305682820202695,1.530537463577924,1.5305046639200506,1.5304698796007443,1.5304331071735295,1.5303943431898788,1.53035358419772,1.5303108267399266,1.530266067352784,1.5302193025644266,1.5301705288932401,1.5301197428462143,1.5300143542207052,1.5298636300959036,1.5296933928674474,1.529501045607907,1.5292836271213228,1.5290377560312811,1.5287595650942019,1.5284446237534073,1.5280878464884269,1.5276833839340103,1.5272244930113554,1.5267033813872226,1.5261110203984058,1.5254369190762027,1.524668849980383,1.523792515075777,1.5227911366838767,1.5216449543828885,1.5203306032933213,1.5188203420309776,1.517081089116467,1.5150732139188419,1.5127490110035378,1.5100507631635132,1.5069082655872237,1.503235637154881,1.4989271777817943,1.493851931697581,1.4878464665426725,1.4807051442362682,1.4721667825718048,1.4618959759256915,1.4494562437558074,1.4342701654944838,1.415557785965164,1.392236634769222,1.3627491939243943,1.3247413975580051,1.274401405251491,1.2049079265334568,1.1020404844944869,0.9277915727556848,0.22373911888938464,0.0009152569747304042,0.0002585196419878785,0.00025851964198779183,0.00025851964198779183,0.00025851964198779183,0.00025851964198779183,0.00025851964198779183,0.00025851964198779167
1.5225536457249293,1.5226796474156292,1.522803910672703,1.522926425721963,1.523047183162867,1.5231661739673839,1.5232833894782818,1.5233988214068441,1.5235124618300242,1.5236243031870473,1.5237343382754758,1.5238425602467456,1.5239489626011975,1.5240535391826107,1.5241562841722671,1.5242571920825558,1.524356257750148,1.524453476328758,1.5245488432815153,1.524642354372972,1.524734005660768,1.5248237934869855,1.5249117144692075,1.5249977654913194,1.525081943694071,1.5251642464654285,1.5252446714307468,1.5253232164427837,1.5253998795715868,1.5254746590942792,1.5255475534847682,1.5256185614034066,1.5256876816866314,1.5257549133365995,1.525820255510856,1.5258837075120462,1.5259452687777066,1.526004938870144,1.5260627174664378,1.5261186043485728,1.5261725993937325,1.526224702564763,1.5262749139008325,1.5263232335082915,1.5263696615517646,1.5264141982454693,1.5264568438447916,1.526497598638116,1.526536462938931,1.5265734370782145,1.5266085213971032,1.5266417162398638,1.5266730219471611,1.5267024388496353,1.5267299672617856,1.526755607476171,1.5267793597579231,1.5268012243395752,1.5268212014162057,1.5268392911408972,1.5268554936205077,1.5268698089117514,1.5268822370175865,1.5268927778839063,1.5269014313965261,1.5269081973784655,1.5269130755875153,1.5269160657140854,1.5269171673793265,1.5269163801335177,1.5269137034547124,1.526909136747636,1.5269026793428229,1.5268943304959903,1.5268840893876354,1.5268719551228476,1.5268579267313296,1.5268420031676122,1.526824183311462,1.5268044659684632,1.526782849870772,1.5267593336780283,1.5267339159784192,1.5267065952898824,1.5266773700614427,1.526646238674668,1.5266131994452423,1.5265782506246381,1.5265413904018879,1.526502616905438,1.5264619282050826,1.5264193223139657,1.5263747971906407,1.5263283507411851,1.526279980821356,1.5262296852387829,1.5261774617551842,1.5261233080886072,1.5260672219156761,1.5259514177148203,1.5258019721232041,1.5256331965196217,1.5254425228792259,1.5252270240898398,1.5249833590946764,1.524707708495659,1.5243956986875196,1.5240423121440545,1.523641780912697,1.523187459659079,1.5226716736967827,1.5220855362826964,1.5214187279817797,1.5206592290085879,1.5197929930068512,1.5188035475585109,1.5176715025847902,1.5163739423940745,1.5148836700039374,1.513168262903405,1.5111888867568937,1.5088987964299592,1.5062414302939864,1.5031479712627365,1.4995342021343674,1.495296416748881,1.4903060511295796,1.4844025515675219,1.4773837674197698,1.468992787893014,1.4588995280421677,1.446674304408196,1.4317487093955656,1.413355405889214,1.3904309895908145,1.3614498089421283,1.3241181087814842,1.2747563040690304,1.2068900237682927,1.1074576636356521,0.9441577411680996,0.25251594390218324,0.0012834476661037926,0.0002585196419883422,0.00025851964198779183,0.00025851964198779183,0.00025851964198779183,0.00025851964198779183,0.00025851964198779183,0.00025851964198779167
1.5173910965053616,1.5175643456021588,1.5177348169249067,1.517902497782382,1.5180673768415975,1.5182294441223685,1.5183886909888136,1.5185451101378802,1.5186986955849764,1.5188494426468122,1.5189973479215484,1.519142409266359,1.5192846257725265,1.519423997738182,1.5195605266388248,1.5196942150957438,1.5198250668424806,1.5199530866894737,1.520078280487028,1.5202006550867528,1.5203202183016205,1.5204369788647976,1.520550946387397,1.5206621313153055,1.520770544885239,1.5208761990801751,1.5209791065843146,1.521079280737718,1.5211767354907606,1.5212714853585496,1.5213635453754382,1.521452931049772,1.5215396583189909,1.5216237435052147,1.5217052032714233,1.5217840545783488,1.5218603146421754,1.5219340008931541,1.5220051309352152,1.5220737225066678,1.5221397934420602,1.5222033616352721,1.5222644450039042,1.5223230614550127,1.5223792288522469,1.5224329649844244,1.522484287535582,1.5225332140565282,1.5225797619379198,1.5226239483848774,1.5226657903931486,1.5227053047268224,1.5227425078975898,1.5227774161455483,1.5228100454215316,1.5228404113709508,1.5228685293191244,1.522894414258071,1.5229180808347347,1.522939543340614,1.5229588157027532,1.5229759114760604,1.522990843836913,1.5230036255780057,1.523014269104395,1.523022786430698,1.5230291891793941,1.5230334885801873,1.5230356954703723,1.5230358202961616,1.5230338731149244,1.5230298635982829,1.5230238010360235,1.5230156943407704,1.5230055520533756,1.5229933823489774,1.5229791930436842,1.522962991601834,1.5229447851437925,1.5229245804542393,1.5229023839909104,1.5228782018937486,1.5228520399944303,1.5228239038262295,1.5227937986341822,1.5227617293855227,1.5227277007803521,1.5226917172625174,1.5226537830306641,1.5226139020494402,1.522572078060822,1.5225283145955382,1.5224826149845678,1.5224349823706922,1.522385419720072,1.522333929833839,1.5222805153596728,1.5222251788033532,1.5221679225402591,1.5220498190232943,1.5219017470903309,1.5217345278266632,1.521545618923947,1.5213321230051484,1.5210907335038713,1.5208176711666734,1.5205086092902274,1.5201585853680077,1.519761896270848,1.5193119733902272,1.5188012332907974,1.518220898294358,1.5175607799790847,1.5168090167289232,1.5159517540806162,1.5149727535174407,1.513852911316002,1.512569663746772,1.5110962479203054,1.5094007782440695,1.5074450859360506,1.505183252069865,1.502559741345992,1.4995070114082718,1.4959424267793926,1.4917642406667966,1.4868463112010026,1.4810310732412706,1.4741200621123476,1.4658609270978118,1.4559292794781176,1.4439026979853993,1.4292223716743788,1.4111343651720003,1.3885954745031421,1.3601135832837659,1.3234573930153148,1.2750802701087371,1.2088395780376087,1.112687731440579,0.9583736575136895,0.2824826331537471,0.0018062378483787497,0.00025851964199149184,0.00025851964198779183,0.00025851964198779183,0.00025851964198779183,0.0002585196419877918,0.00025851964198779183,0.00025851964198779167
1.5134528852262972,1.5135954937418237,1.5137363341714407,1.5138753968946081,1.514012672489726,1.5141481517378745,1.514281825625601,1.5144136853469283,1.51454372230471,1.5146719281114511,1.5147982945896767,1.5149228137719226,1.515045477900408,1.515166279426434,1.5152852110095496,1.5154022655165178,1.5155174360201025,1.5156307157977027,1.5157420983298502,1.51585157729858,1.5159591465856967,1.51606480027093,1.5161685326300065,1.5162703381326281,1.5163702114403752,1.5164681474045325,1.5165641410638433,1.5166581876421992,1.516750282546265,1.5168404213630429,1.5169285998573796,1.5170148139694184,1.5170990598119982,1.517181333668002,1.5172616319876555,1.517339951385782,1.5174162886390092,1.5174906406829347,1.5175630046092505,1.517633377662827,1.5177017572387599,1.5177681408793786,1.517832526271225,1.5178949112419917,1.5179552937574354,1.5180136719182562,1.5180700439569492,1.5181244082346297,1.518176763237832,1.5182271075752838,1.518275439974658,1.5183217592793037,1.5183660644449553,1.5184083545364255,1.5184486287242793,1.5184868862814913,1.5185231265800905,1.5185573490877904,1.5185895533646065,1.5186197390594647,1.5186479059067979,1.5186740537231356,1.5186981824036865,1.5187202919189138,1.5187403823111072,1.5187584536909495,1.5187745062340812,1.5187885401776648,1.5188005558169466,1.5188105535018197,1.518818533633389,1.5188244966605384,1.518828443076502,1.5188303734154371,1.518830288249007,1.5188281881829648,1.5188240738537488,1.5188179459250815,1.51880980508458,1.5187996520403733,1.5187874875177312,1.5187733122557023,1.518757127003761,1.5187389325184693,1.5187187295601456,1.5186965188895494,1.518672301264571,1.5186460774369395,1.518617848148934,1.5185876141301102,1.518555376094031,1.5185211347350074,1.5184848907248414,1.518446644709572,1.5184063973062176,1.5183641490995161,1.5183199006386459,1.5182736524339329,1.5182254049535262,1.5181251203251034,1.5179803846272935,1.517816909742059,1.517632201630284,1.517423416491095,1.5171873071368083,1.5169201600231215,1.5166177210498444,1.5162751078139278,1.5158867054526375,1.5154460425299772,1.5149456425544652,1.5143768456190967,1.5137295932570995,1.5129921678191822,1.5121508753787736,1.5111896581976005,1.5100896189112745,1.508828433513837,1.5073796234975505,1.505711648523224,1.5037867688698392,1.5015596103468212,1.4989753414374978,1.4959673403195513,1.4924541837376057,1.4883357237794095,1.4834879218360577,1.4777559641674536,1.470944961428635,1.4628071839006547,1.4530242102908775,1.4411813881914206,1.4267302511401043,1.408931237069473,1.3867624856872138,1.3587665608008386,1.3227750175010096,1.2753702007620635,1.2107141368766108,1.1176076565622377,0.9705312134147375,0.3131900187343624,0.002526088987231514,0.00025851964201222883,0.00025851964198779183,0.00025851964198779183,0.00025851964198779183,0.00025851964198779183,0.00025851964198779183,0.00025851964198779167
