0.7228236301779624,0.6583283336284095,0.4933073549142298,0.011372630382408948,0.0002585196419889409,0.0002585196419877919,0.0002585196419877919,0.0002585196419877919,0.0002585196419877919,0.0002585196419877919,0.0002585196419877919,0.0002585196419877919,0.0002585196419877919,0.0002585196419877919,0.0002585196419877919,0.0002585196419877919,0.0002585196419877919,0.0002585196419877919,0.0002585196419877919,0.0002585196419877919,0.0002585196419877919,0.0002585196419877919,0.0002585196419877919,0.0002585196419877919,0.0002585196419877919,0.0002585196419877919,0.0002585196419877919,0.0002585196419877919,0.0002585196419877919,0.0002585196419877919,0.0002585196419877919,0.0002585196419877919,0.0002585196419877919,0.0002585196419877919,0.0002585196419877919,0.0002585196419877919,0.0002585196419877919,0.0002585196419877919,0.0002585196419877919,0.0002585196419877919,0.0002585196419877919,0.0002585196419877919,0.0002585196419877919,0.0002585196419877919,0.0002585196419877919,0.0002585196419877919,0.0002585196419877919,0.0002585196419877919,0.0002585196419877919,0.0002585196419877919,0.0002585196419877919,0.0002585196419877919,0.0002585196419877919,0.0002585196419877919,0.0002585196419877919,0.0002585196419877919,0.0002585196419877919,0.0002585196419877919,0.0002585196419877919,0.0002585196419877919,0.0002585196419877919,0.0002585196419877919,0.0002585196419877919,0.0002585196419877919,0.0002585196419877919,0.0002585196419877919,0.0002585196419877919,0.0002585196419877919,0.0002585196419877919,0.0002585196419877919,0.0002585196419877919,0.0002585196419877919,0.0002585196419877919,0.0002585196419877919,0.0002585196419877919,0.0002585196419877919,0.0002585196419877919,0.0002585196419877919,0.0002585196419877919,0.0002585196419877919,0.0002585196419877919,0.0002585196419877919,0.0002585196419877919,0.0002585196419877919,0.0002585196419877919,0.0002585196419877919,0.0002585196419877919,0.0002585196419877919,0.0002585196419877919,0.0002585196419877919,0.0002585196419877919,0.0002585196419877919,0.0002585196419877919,0.0002585196419877919,0.0002585196419877919,0.0002585196419877919,0.0002585196419877919,0.0002585196419877919,0.0002585196419877919,0.00025851964198779167,0.00025851964198779167,0.00025851964198779167,0.00025851964198779167,0.00025851964198779167,0.00025851964198779167,0.00025851964198779167,0.00025851964198779167,0.00025851964198779167,0.00025851964198779167,0.00025851964198779167,0.00025851964198779167,0.00025851964198779167,0.00025851964198779167,0.00025851964198779167,0.00025851964198779167,0.00025851964198779167,0.00025851964198779167,0.00025851964198779167,0.00025851964198779167,0.00025851964198779167,0.00025851964198779167,0.00025851964198779167,0.00025851964198779167,0.00025851964198779167,0.00025851964198779167,0.00025851964198779167,0.00025851964198779167,0.00025851964198779167,0.00025851964198779167,0.00025851964198779167,0.00025851964198779167,0.00025851964198779167,0.00025851964198779167,0.00025851964198779167,0.00025851964198779167,0.00025851964198779167,0.00025851964198779167,0.00025851964198779167,0.00025851964198779167,0.00025851964198779167,0.00025851964198779167,0.00025851964198779167,0.00025851964198779167,0.00025851964198779167,0.00025851964198779167,0.00025851964198779167,0.00025851964198779167,0.00025851964198779167,0.00025851964198779167,0.0002585196419877917
0.7677849019536239,0.7299273954197503,0.67631024190501,0.5801310800844218,0.04780134839010478,0.0002585197208952524,0.00025851964198779194,0.00025851964198779194,0.00025851964198779194,0.00025851964198779194,0.00025851964198779194,0.00025851964198779194,0.00025851964198779194,0.00025851964198779194,0.00025851964198779194,0.00025851964198779194,0.00025851964198779194,0.00025851964198779194,0.00025851964198779194,0.00025851964198779194,0.00025851964198779194,0.00025851964198779194,0.00025851964198779194,0.00025851964198779194,0.00025851964198779194,0.00025851964198779194,0.00025851964198779194,0.00025851964198779194,0.00025851964198779194,0.00025851964198779194,0.00025851964198779194,0.00025851964198779194,0.00025851964198779194,0.00025851964198779194,0.00025851964198779194,0.00025851964198779194,0.00025851964198779194,0.00025851964198779194,0.00025851964198779194,0.00025851964198779194,0.00025851964198779194,0.00025851964198779194,0.00025851964198779194,0.00025851964198779194,0.00025851964198779194,0.00025851964198779194,0.00025851964198779194,0.00025851964198779194,0.00025851964198779194,0.00025851964198779194,0.00025851964198779194,0.00025851964198779194,0.00025851964198779194,0.00025851964198779194,0.00025851964198779194,0.00025851964198779194,0.00025851964198779194,0.00025851964198779194,0.00025851964198779194,0.00025851964198779194,0.00025851964198779194,0.00025851964198779194,0.00025851964198779194,0.00025851964198779194,0.00025851964198779194,0.00025851964198779194,0.00025851964198779194,0.00025851964198779194,0.00025851964198779194,0.00025851964198779194,0.00025851964198779194,0.00025851964198779194,0.00025851964198779194,0.00025851964198779194,0.00025851964198779194,0.00025851964198779194,0.00025851964198779194,0.00025851964198779194,0.00025851964198779194,0.00025851964198779194,0.00025851964198779194,0.00025851964198779194,0.00025851964198779194,0.00025851964198779194,0.00025851964198779194,0.00025851964198779194,0.00025851964198779194,0.00025851964198779194,0.00025851964198779194,0.00025851964198779194,0.00025851964198779194,0.00025851964198779194,0.00025851964198779194,0.00025851964198779194,0.00025851964198779194,0.00025851964198779194,0.00025851964198779194,0.00025851964198779194,0.00025851964198779194,0.00025851964198779167,0.00025851964198779167,0.00025851964198779167,0.00025851964198779167,0.00025851964198779167,0.00025851964198779167,0.00025851964198779167,0.00025851964198779167,0.00025851964198779167,0.00025851964198779167,0.00025851964198779167,0.00025851964198779167,0.00025851964198779167,0.00025851964198779167,0.00025851964198779167,0.00025851964198779167,0.00025851964198779167,0.00025851964198779167,0.00025851964198779167,0.00025851964198779167,0.00025851964198779167,0.00025851964198779167,0.00025851964198779167,0.00025851964198779167,0.00025851964198779167,0.00025851964198779167,0.00025851964198779167,0.00025851964198779167,0.00025851964198779167,0.00025851964198779167,0.00025851964198779167,0.00025851964198779167,0.00025851964198779167,0.00025851964198779167,0.00025851964198779167,0.00025851964198779167,0.00025851964198779167,0.00025851964198779167,0.00025851964198779167,0.00025851964198779167,0.00025851964198779167,0.00025851964198779167,0.00025851964198779167,0.00025851964198779167,0.00025851964198779167,0.00025851964198779167,0.00025851964198779167,0.00025851964198779167,0.00025851964198779167,0.00025851964198779167,0.00025851964198779167
0.8149904302728204,0.7850400534728134,0.7482222197364242,0.7000150306082005,0.627611825599941,0.12754403299405778,0.00025871528946952747,0.00025851964198779205,0.00025851964198779205,0.00025851964198779205,0.00025851964198779205,0.00025851964198779205,0.00025851964198779205,0.00025851964198779205,0.00025851964198779205,0.00025851964198779205,0.00025851964198779205,0.00025851964198779205,0.00025851964198779205,0.00025851964198779205,0.00025851964198779205,0.00025851964198779205,0.00025851964198779205,0.00025851964198779205,0.00025851964198779205,0.00025851964198779205,0.00025851964198779205,0.00025851964198779205,0.00025851964198779205,0.00025851964198779205,0.00025851964198779205,0.00025851964198779205,0.00025851964198779205,0.00025851964198779205,0.00025851964198779205,0.00025851964198779205,0.00025851964198779205,0.00025851964198779205,0.00025851964198779205,0.00025851964198779205,0.00025851964198779205,0.00025851964198779205,0.00025851964198779205,0.00025851964198779205,0.00025851964198779205,0.00025851964198779205,0.00025851964198779205,0.00025851964198779205,0.00025851964198779205,0.00025851964198779205,0.00025851964198779205,0.00025851964198779205,0.00025851964198779205,0.00025851964198779205,0.00025851964198779205,0.00025851964198779205,0.00025851964198779205,0.00025851964198779205,0.00025851964198779205,0.00025851964198779205,0.00025851964198779205,0.00025851964198779205,0.00025851964198779205,0.00025851964198779205,0.00025851964198779205,0.00025851964198779205,0.00025851964198779205,0.00025851964198779205,0.00025851964198779205,0.00025851964198779205,0.00025851964198779205,0.00025851964198779205,0.00025851964198779205,0.00025851964198779205,0.00025851964198779205,0.00025851964198779205,0.00025851964198779205,0.00025851964198779205,0.00025851964198779205,0.00025851964198779205,0.00025851964198779205,0.00025851964198779205,0.00025851964198779205,0.00025851964198779205,0.00025851964198779205,0.00025851964198779205,0.00025851964198779205,0.00025851964198779205,0.00025851964198779205,0.00025851964198779205,0.00025851964198779205,0.00025851964198779205,0.00025851964198779205,0.00025851964198779205,0.00025851964198779205,0.00025851964198779205,0.00025851964198779205,0.00025851964198779205,0.00025851964198779205,0.0002585196419877916,0.0002585196419877916,0.0002585196419877916,0.0002585196419877916,0.0002585196419877916,0.0002585196419877916,0.0002585196419877916,0.0002585196419877916,0.0002585196419877916,0.0002585196419877916,0.0002585196419877916,0.0002585196419877916,0.0002585196419877916,0.0002585196419877916,0.0002585196419877916,0.0002585196419877916,0.0002585196419877916,0.0002585196419877916,0.0002585196419877916,0.0002585196419877916,0.0002585196419877916,0.0002585196419877916,0.0002585196419877916,0.0002585196419877916,0.0002585196419877916,0.0002585196419877916,0.0002585196419877916,0.0002585196419877916,0.0002585196419877916,0.0002585196419877916,0.0002585196419877916,0.0002585196419877916,0.0002585196419877916,0.0002585196419877916,0.0002585196419877916,0.0002585196419877916,0.0002585196419877916,0.0002585196419877916,0.0002585196419877916,0.0002585196419877916,0.0002585196419877916,0.0002585196419877916,0.0002585196419877916,0.0002585196419877916,0.0002585196419877916,0.0002585196419877916,0.0002585196419877916,0.0002585196419877916,0.0002585196419877916,0.0002585196419877916,0.00025851964198779167
0.8561638730184636,0.833039878815174,0.8058001150167614,0.7724737405986924,0.7289038542720532,0.6629059145537654,0.30688703801355255,0.0004757208527618142,0.0002585196419877923,0.0002585196419877923,0.0002585196419877923,0.0002585196419877923,0.0002585196419877923,0.0002585196419877923,0.0002585196419877923,0.0002585196419877923,0.0002585196419877923,0.0002585196419877923,0.0002585196419877923,0.0002585196419877923,0.0002585196419877923,0.0002585196419877923,0.0002585196419877923,0.0002585196419877923,0.0002585196419877923,0.0002585196419877923,0.0002585196419877923,0.0002585196419877923,0.0002585196419877923,0.0002585196419877923,0.0002585196419877923,0.0002585196419877923,0.0002585196419877923,0.0002585196419877923,0.0002585196419877923,0.0002585196419877923,0.0002585196419877923,0.0002585196419877923,0.0002585196419877923,0.0002585196419877923,0.0002585196419877923,0.0002585196419877923,0.0002585196419877923,0.0002585196419877923,0.0002585196419877923,0.0002585196419877923,0.0002585196419877923,0.0002585196419877923,0.0002585196419877923,0.0002585196419877923,0.0002585196419877923,0.0002585196419877923,0.0002585196419877923,0.0002585196419877923,0.0002585196419877923,0.0002585196419877923,0.0002585196419877923,0.0002585196419877923,0.0002585196419877923,0.0002585196419877923,0.0002585196419877923,0.0002585196419877923,0.0002585196419877923,0.0002585196419877923,0.0002585196419877923,0.0002585196419877923,0.0002585196419877923,0.0002585196419877923,0.0002585196419877923,0.0002585196419877923,0.0002585196419877923,0.0002585196419877923,0.0002585196419877923,0.0002585196419877923,0.0002585196419877923,0.0002585196419877923,0.0002585196419877923,0.0002585196419877923,0.0002585196419877923,0.0002585196419877923,0.0002585196419877923,0.0002585196419877923,0.0002585196419877923,0.0002585196419877923,0.0002585196419877923,0.0002585196419877923,0.0002585196419877923,0.0002585196419877923,0.0002585196419877923,0.0002585196419877923,0.0002585196419877923,0.0002585196419877923,0.0002585196419877923,0.0002585196419877923,0.0002585196419877923,0.0002585196419877923,0.0002585196419877923,0.0002585196419877923,0.0002585196419877923,0.0002585196419877917,0.0002585196419877917,0.0002585196419877917,0.0002585196419877917,0.0002585196419877917,0.0002585196419877917,0.0002585196419877917,0.0002585196419877917,0.0002585196419877917,0.0002585196419877917,0.0002585196419877917,0.0002585196419877917,0.0002585196419877917,0.0002585196419877917,0.0002585196419877917,0.0002585196419877917,0.0002585196419877917,0.0002585196419877917,0.0002585196419877917,0.0002585196419877917,0.0002585196419877917,0.0002585196419877917,0.0002585196419877917,0.0002585196419877917,0.0002585196419877917,0.0002585196419877917,0.0002585196419877917,0.0002585196419877917,0.0002585196419877917,0.0002585196419877917,0.0002585196419877917,0.0002585196419877917,0.0002585196419877917,0.0002585196419877917,0.0002585196419877917,0.0002585196419877917,0.0002585196419877917,0.0002585196419877917,0.0002585196419877917,0.0002585196419877917,0.0002585196419877917,0.0002585196419877917,0.0002585196419877917,0.0002585196419877917,0.0002585196419877917,0.0002585196419877917,0.0002585196419877917,0.0002585196419877917,0.0002585196419877917,0.0002585196419877917,0.0002585196419877917
0.8931253591038887,0.8715719570926156,0.8479466978528745,0.8211337939416075,0.7890636876015686,0.7477353878338293,0.6869884494096223,0.5496344574439015,0.02160297560349837,0.00025851964211956127,0.00025851964198779243,0.00025851964198779243,0.00025851964198779243,0.00025851964198779243,0.00025851964198779243,0.00025851964198779243,0.00025851964198779243,0.00025851964198779243,0.00025851964198779243,0.00025851964198779243,0.00025851964198779243,0.00025851964198779243,0.00025851964198779243,0.00025851964198779243,0.00025851964198779243,0.00025851964198779243,0.00025851964198779243,0.00025851964198779243,0.00025851964198779243,0.00025851964198779243,0.00025851964198779243,0.00025851964198779243,0.00025851964198779243,0.00025851964198779243,0.00025851964198779243,0.00025851964198779243,0.00025851964198779243,0.00025851964198779243,0.00025851964198779243,0.00025851964198779243,0.00025851964198779243,0.00025851964198779243,0.00025851964198779243,0.00025851964198779243,0.00025851964198779243,0.00025851964198779243,0.00025851964198779243,0.00025851964198779243,0.00025851964198779243,0.00025851964198779243,0.00025851964198779243,0.00025851964198779243,0.00025851964198779243,0.00025851964198779243,0.00025851964198779243,0.00025851964198779243,0.00025851964198779243,0.00025851964198779243,0.00025851964198779243,0.00025851964198779243,0.00025851964198779243,0.00025851964198779243,0.00025851964198779243,0.00025851964198779243,0.00025851964198779243,0.00025851964198779243,0.00025851964198779243,0.00025851964198779243,0.00025851964198779243,0.00025851964198779243,0.00025851964198779243,0.00025851964198779243,0.00025851964198779243,0.00025851964198779243,0.00025851964198779243,0.00025851964198779243,0.00025851964198779243,0.00025851964198779243,0.00025851964198779243,0.00025851964198779243,0.00025851964198779243,0.00025851964198779243,0.00025851964198779243,0.00025851964198779243,0.00025851964198779243,0.00025851964198779243,0.00025851964198779243,0.00025851964198779243,0.00025851964198779243,0.00025851964198779243,0.00025851964198779243,0.00025851964198779243,0.00025851964198779243,0.00025851964198779243,0.00025851964198779243,0.00025851964198779243,0.00025851964198779243,0.00025851964198779243,0.00025851964198779243,0.0002585196419877917,0.0002585196419877917,0.0002585196419877917,0.0002585196419877917,0.0002585196419877917,0.0002585196419877917,0.0002585196419877917,0.0002585196419877917,0.0002585196419877917,0.0002585196419877917,0.0002585196419877917,0.0002585196419877917,0.0002585196419877917,0.0002585196419877917,0.0002585196419877917,0.0002585196419877917,0.0002585196419877917,0.0002585196419877917,0.0002585196419877917,0.0002585196419877917,0.0002585196419877917,0.0002585196419877917,0.0002585196419877917,0.0002585196419877917,0.0002585196419877917,0.0002585196419877917,0.0002585196419877917,0.0002585196419877917,0.0002585196419877917,0.0002585196419877917,0.0002585196419877917,0.0002585196419877917,0.0002585196419877917,0.0002585196419877917,0.0002585196419877917,0.0002585196419877917,0.0002585196419877917,0.0002585196419877917,0.0002585196419877917,0.0002585196419877917,0.0002585196419877917,0.0002585196419877917,0.0002585196419877917,0.0002585196419877917,0.0002585196419877917,0.0002585196419877917,0.0002585196419877917,0.0002585196419877917,0.0002585196419877917,0.0002585196419877917,0.0002585196419877917
0.948880273950516,0.9298575605272339,0.9090551446304912,0.8860869290619716,0.860273659104716,0.8304388161482108,0.7944619608116107,0.7479597586323347,0.6784529768051396,0.2507970507266012,0.00029312193498810455,0.00025851964198779243,0.00025851964198779243,0.00025851964198779243,0.00025851964198779243,0.00025851964198779243,0.00025851964198779243,0.00025851964198779243,0.00025851964198779243,0.00025851964198779243,0.00025851964198779243,0.00025851964198779243,0.00025851964198779243,0.00025851964198779243,0.00025851964198779243,0.00025851964198779243,0.00025851964198779243,0.00025851964198779243,0.00025851964198779243,0.00025851964198779243,0.00025851964198779243,0.00025851964198779243,0.00025851964198779243,0.00025851964198779243,0.00025851964198779243,0.00025851964198779243,0.00025851964198779243,0.00025851964198779243,0.00025851964198779243,0.00025851964198779243,0.00025851964198779243,0.00025851964198779243,0.00025851964198779243,0.00025851964198779243,0.00025851964198779243,0.00025851964198779243,0.00025851964198779243,0.00025851964198779243,0.00025851964198779243,0.00025851964198779243,0.00025851964198779243,0.00025851964198779243,0.00025851964198779243,0.00025851964198779243,0.00025851964198779243,0.00025851964198779243,0.00025851964198779243,0.00025851964198779243,0.00025851964198779243,0.00025851964198779243,0.00025851964198779243,0.00025851964198779243,0.00025851964198779243,0.00025851964198779243,0.00025851964198779243,0.00025851964198779243,0.00025851964198779243,0.00025851964198779243,0.00025851964198779243,0.00025851964198779243,0.00025851964198779243,0.00025851964198779243,0.00025851964198779243,0.00025851964198779243,0.00025851964198779243,0.00025851964198779243,0.00025851964198779243,0.00025851964198779243,0.00025851964198779243,0.00025851964198779243,0.00025851964198779243,0.00025851964198779243,0.00025851964198779243,0.00025851964198779243,0.00025851964198779243,0.00025851964198779243,0.00025851964198779243,0.00025851964198779243,0.00025851964198779243,0.00025851964198779243,0.00025851964198779243,0.00025851964198779243,0.00025851964198779243,0.00025851964198779243,0.00025851964198779243,0.00025851964198779243,0.00025851964198779243,0.00025851964198779243,0.00025851964198779243,0.00025851964198779167,0.00025851964198779167,0.00025851964198779167,0.00025851964198779167,0.00025851964198779167,0.00025851964198779167,0.00025851964198779167,0.00025851964198779167,0.00025851964198779167,0.00025851964198779167,0.00025851964198779167,0.00025851964198779167,0.00025851964198779167,0.00025851964198779167,0.00025851964198779167,0.00025851964198779167,0.00025851964198779167,0.00025851964198779167,0.00025851964198779167,0.00025851964198779167,0.00025851964198779167,0.00025851964198779167,0.00025851964198779167,0.00025851964198779167,0.00025851964198779167,0.00025851964198779167,0.00025851964198779167,0.00025851964198779167,0.00025851964198779167,0.00025851964198779167,0.00025851964198779167,0.00025851964198779167,0.00025851964198779167,0.00025851964198779167,0.00025851964198779167,0.00025851964198779167,0.00025851964198779167,0.00025851964198779167,0.00025851964198779167,0.00025851964198779167,0.00025851964198779167,0.00025851964198779167,0.00025851964198779167,0.00025851964198779167,0.00025851964198779167,0.00025851964198779167,0.00025851964198779167,0.00025851964198779167,0.00025851964198779167,0.00025851964198779167,0.00025851964198779167
0.9887519781067523,0.9740341353984732,0.9579585247493503,0.940234717090363,0.9204632135936551,0.8980727310670179,0.8722043957384426,0.8414773708569661,0.8034487656657603,0.753091726853626,0.676566130060832,0.14217803512253258,0.00025881308068307485,0.00025851964198779265,0.00025851964198779265,0.00025851964198779265,0.00025851964198779265,0.00025851964198779265,0.00025851964198779265,0.00025851964198779265,0.00025851964198779265,0.00025851964198779265,0.00025851964198779265,0.00025851964198779265,0.00025851964198779265,0.00025851964198779265,0.00025851964198779265,0.00025851964198779265,0.00025851964198779265,0.00025851964198779265,0.00025851964198779265,0.00025851964198779265,0.00025851964198779265,0.00025851964198779265,0.00025851964198779265,0.00025851964198779265,0.00025851964198779265,0.00025851964198779265,0.00025851964198779265,0.00025851964198779265,0.00025851964198779265,0.00025851964198779265,0.00025851964198779265,0.00025851964198779265,0.00025851964198779265,0.00025851964198779265,0.00025851964198779265,0.00025851964198779265,0.00025851964198779265,0.00025851964198779265,0.00025851964198779265,0.00025851964198779265,0.00025851964198779265,0.00025851964198779265,0.00025851964198779265,0.00025851964198779265,0.00025851964198779265,0.00025851964198779265,0.00025851964198779265,0.00025851964198779265,0.00025851964198779265,0.00025851964198779265,0.00025851964198779265,0.00025851964198779265,0.00025851964198779265,0.00025851964198779265,0.00025851964198779265,0.00025851964198779265,0.00025851964198779265,0.00025851964198779265,0.00025851964198779265,0.00025851964198779265,0.00025851964198779265,0.00025851964198779265,0.00025851964198779265,0.00025851964198779265,0.00025851964198779265,0.00025851964198779265,0.00025851964198779265,0.00025851964198779265,0.00025851964198779265,0.00025851964198779265,0.00025851964198779265,0.00025851964198779265,0.00025851964198779265,0.00025851964198779265,0.00025851964198779265,0.00025851964198779265,0.00025851964198779265,0.00025851964198779265,0.00025851964198779265,0.00025851964198779265,0.00025851964198779265,0.00025851964198779265,0.00025851964198779265,0.00025851964198779265,0.00025851964198779265,0.00025851964198779265,0.00025851964198779265,0.0002585196419877915,0.0002585196419877915,0.00025851964198779156,0.0002585196419877915,0.0002585196419877915,0.0002585196419877915,0.0002585196419877915,0.0002585196419877915,0.0002585196419877915,0.0002585196419877915,0.0002585196419877915,0.0002585196419877915,0.0002585196419877915,0.0002585196419877915,0.0002585196419877915,0.0002585196419877915,0.0002585196419877915,0.0002585196419877915,0.0002585196419877915,0.0002585196419877915,0.0002585196419877915,0.0002585196419877915,0.00025851964198779156,0.0002585196419877915,0.0002585196419877915,0.0002585196419877915,0.0002585196419877915,0.0002585196419877915,0.0002585196419877915,0.00025851964198779156,0.0002585196419877915,0.0002585196419877915,0.0002585196419877915,0.0002585196419877915,0.0002585196419877915,0.0002585196419877915,0.0002585196419877915,0.0002585196419877915,0.0002585196419877915,0.0002585196419877915,0.0002585196419877915,0.0002585196419877915,0.0002585196419877915,0.0002585196419877915,0.0002585196419877915,0.0002585196419877915,0.0002585196419877915,0.0002585196419877915,0.0002585196419877915,0.0002585196419877915,0.0002585196419877915
1.021199118156818,1.0085763434808037,0.9949871227704505,0.9802617830649852,0.9641796243368629,0.9464459679989821,0.9266546885524001,0.9042236196915537,0.8782751573727682,0.8473941500575094,0.8090686625531219,0.7581108203927034,0.6801900518812616,0.13483128204268108,0.0002587017236451644,0.00025851964198779265,0.00025851964198779265,0.00025851964198779265,0.00025851964198779265,0.00025851964198779265,0.00025851964198779265,0.00025851964198779265,0.00025851964198779265,0.00025851964198779265,0.00025851964198779265,0.00025851964198779265,0.00025851964198779265,0.00025851964198779265,0.00025851964198779265,0.00025851964198779265,0.00025851964198779265,0.00025851964198779265,0.00025851964198779265,0.00025851964198779265,0.00025851964198779265,0.00025851964198779265,0.00025851964198779265,0.00025851964198779265,0.00025851964198779265,0.00025851964198779265,0.00025851964198779265,0.00025851964198779265,0.00025851964198779265,0.00025851964198779265,0.00025851964198779265,0.00025851964198779265,0.00025851964198779265,0.00025851964198779265,0.00025851964198779265,0.00025851964198779265,0.00025851964198779265,0.00025851964198779265,0.00025851964198779265,0.00025851964198779265,0.00025851964198779265,0.00025851964198779265,0.00025851964198779265,0.00025851964198779265,0.00025851964198779265,0.00025851964198779265,0.00025851964198779265,0.00025851964198779265,0.00025851964198779265,0.00025851964198779265,0.00025851964198779265,0.00025851964198779265,0.00025851964198779265,0.00025851964198779265,0.00025851964198779265,0.00025851964198779265,0.00025851964198779265,0.00025851964198779265,0.00025851964198779265,0.00025851964198779265,0.00025851964198779265,0.00025851964198779265,0.00025851964198779265,0.00025851964198779265,0.00025851964198779265,0.00025851964198779265,0.00025851964198779265,0.00025851964198779265,0.00025851964198779265,0.00025851964198779265,0.00025851964198779265,0.00025851964198779265,0.00025851964198779265,0.00025851964198779265,0.00025851964198779265,0.00025851964198779265,0.00025851964198779265,0.00025851964198779265,0.00025851964198779265,0.00025851964198779265,0.00025851964198779265,0.00025851964198779265,0.00025851964198779265,0.00025851964198779265,0.00025851964198779265,0.00025851964198779146,0.0002585196419877914,0.0002585196419877915,0.0002585196419877914,0.00025851964198779146,0.0002585196419877914,0.0002585196419877914,0.00025851964198779146,0.00025851964198779146,0.0002585196419877914,0.0002585196419877914,0.0002585196419877914,0.0002585196419877914,0.00025851964198779146,0.00025851964198779146,0.0002585196419877914,0.0002585196419877914,0.00025851964198779146,0.00025851964198779146,0.0002585196419877914,0.0002585196419877914,0.0002585196419877914,0.0002585196419877915,0.0002585196419877914,0.0002585196419877914,0.0002585196419877914,0.00025851964198779146,0.00025851964198779146,0.00025851964198779146,0.0002585196419877915,0.0002585196419877914,0.00025851964198779146,0.00025851964198779146,0.0002585196419877914,0.0002585196419877914,0.0002585196419877914,0.00025851964198779146,0.0002585196419877914,0.0002585196419877914,0.0002585196419877914,0.00025851964198779146,0.0002585196419877914,0.00025851964198779146,0.00025851964198779146,0.0002585196419877914,0.00025851964198779146,0.00025851964198779146,0.0002585196419877914,0.00025851964198779146,0.00025851964198779146,0.0002585196419877915
1.045862954171356,1.0348350156210586,1.0230906979774679,1.0105252516983365,0.9970080140870425,0.9823730185052759,0.9664049446777315,0.9488173108199879,0.9292170994472768,0.9070441616494007,0.881459906395061,0.8511228199702688,0.8136716565934182,0.764263053480651,0.6894952330941074,0.16713473289442232,0.0002595200382098915,0.0002585196419877928,0.0002585196419877928,0.0002585196419877928,0.0002585196419877928,0.0002585196419877928,0.0002585196419877928,0.0002585196419877928,0.0002585196419877928,0.0002585196419877928,0.0002585196419877928,0.0002585196419877928,0.0002585196419877928,0.0002585196419877928,0.0002585196419877928,0.0002585196419877928,0.0002585196419877928,0.0002585196419877928,0.0002585196419877928,0.0002585196419877928,0.0002585196419877928,0.0002585196419877928,0.0002585196419877928,0.0002585196419877928,0.0002585196419877928,0.0002585196419877928,0.0002585196419877928,0.0002585196419877928,0.0002585196419877928,0.0002585196419877928,0.0002585196419877928,0.0002585196419877928,0.0002585196419877928,0.0002585196419877928,0.0002585196419877928,0.0002585196419877928,0.0002585196419877928,0.0002585196419877928,0.0002585196419877928,0.0002585196419877928,0.0002585196419877928,0.0002585196419877928,0.0002585196419877928,0.0002585196419877928,0.0002585196419877928,0.0002585196419877928,0.0002585196419877928,0.0002585196419877928,0.0002585196419877928,0.0002585196419877928,0.0002585196419877928,0.0002585196419877928,0.0002585196419877928,0.0002585196419877928,0.0002585196419877928,0.0002585196419877928,0.0002585196419877928,0.0002585196419877928,0.0002585196419877928,0.0002585196419877928,0.0002585196419877928,0.0002585196419877928,0.0002585196419877928,0.0002585196419877928,0.0002585196419877928,0.0002585196419877928,0.0002585196419877928,0.0002585196419877928,0.0002585196419877928,0.0002585196419877928,0.0002585196419877928,0.0002585196419877928,0.0002585196419877928,0.0002585196419877928,0.0002585196419877928,0.0002585196419877928,0.0002585196419877928,0.0002585196419877928,0.0002585196419877928,0.0002585196419877928,0.0002585196419877928,0.0002585196419877928,0.0002585196419877928,0.0002585196419877914,0.0002585196419877913,0.0002585196419877914,0.00025851964198779135,0.0002585196419877914,0.00025851964198779135,0.00025851964198779135,0.0002585196419877914,0.0002585196419877914,0.0002585196419877913,0.00025851964198779135,0.0002585196419877913,0.00025851964198779135,0.0002585196419877914,0.0002585196419877914,0.00025851964198779135,0.0002585196419877913,0.0002585196419877914,0.0002585196419877914,0.00025851964198779135,0.0002585196419877913,0.00025851964198779135,0.0002585196419877914,0.00025851964198779135,0.00025851964198779135,0.00025851964198779135,0.0002585196419877914,0.0002585196419877914,0.0002585196419877914,0.0002585196419877914,0.00025851964198779135,0.0002585196419877914,0.0002585196419877914,0.00025851964198779135,0.0002585196419877913,0.00025851964198779135,0.0002585196419877914,0.00025851964198779135,0.00025851964198779135,0.00025851964198779135,0.0002585196419877914,0.00025851964198779135,0.0002585196419877914,0.0002585196419877914,0.0002585196419877913,0.0002585196419877914,0.0002585196419877914,0.00025851964198779135,0.0002585196419877914,0.0002585196419877914,0.00025851964198779146
1.080079825052798,1.069069289477696,1.0575848149460385,1.0455843003342562,1.033000920936098,1.0197380307783948,1.0056641525481032,0.9906064683947224,0.9743404923447767,0.9565724684844792,0.9369087385509126,0.914801109739669,0.8894444711860678,0.8595679499549641,0.8229480989172511,0.7750024194290812,0.7027375292747867,0.2261580538339134,0.0002697221607225317,0.0002585196419877928,0.0002585196419877928,0.0002585196419877928,0.0002585196419877928,0.0002585196419877928,0.0002585196419877928,0.0002585196419877928,0.0002585196419877928,0.0002585196419877928,0.0002585196419877928,0.0002585196419877928,0.0002585196419877928,0.0002585196419877928,0.0002585196419877928,0.0002585196419877928,0.0002585196419877928,0.0002585196419877928,0.0002585196419877928,0.0002585196419877928,0.0002585196419877928,0.0002585196419877928,0.0002585196419877928,0.0002585196419877928,0.0002585196419877928,0.0002585196419877928,0.0002585196419877928,0.0002585196419877928,0.0002585196419877928,0.0002585196419877928,0.0002585196419877928,0.0002585196419877928,0.0002585196419877928,0.0002585196419877928,0.0002585196419877928,0.0002585196419877928,0.0002585196419877928,0.0002585196419877928,0.0002585196419877928,0.0002585196419877928,0.0002585196419877928,0.0002585196419877928,0.0002585196419877928,0.0002585196419877928,0.0002585196419877928,0.0002585196419877928,0.0002585196419877928,0.0002585196419877928,0.0002585196419877928,0.0002585196419877928,0.0002585196419877928,0.0002585196419877928,0.0002585196419877928,0.0002585196419877928,0.0002585196419877928,0.0002585196419877928,0.0002585196419877928,0.0002585196419877928,0.0002585196419877928,0.0002585196419877928,0.0002585196419877928,0.0002585196419877928,0.0002585196419877928,0.0002585196419877928,0.0002585196419877928,0.0002585196419877928,0.0002585196419877928,0.0002585196419877928,0.0002585196419877928,0.0002585196419877928,0.0002585196419877928,0.0002585196419877928,0.0002585196419877928,0.0002585196419877928,0.0002585196419877928,0.0002585196419877928,0.0002585196419877928,0.0002585196419877928,0.0002585196419877928,0.0002585196419877928,0.0002585196419877928,0.00025851964198779146,0.00025851964198779135,0.0002585196419877915,0.0002585196419877914,0.00025851964198779146,0.0002585196419877914,0.0002585196419877914,0.00025851964198779146,0.00025851964198779146,0.0002585196419877914,0.0002585196419877914,0.0002585196419877914,0.0002585196419877914,0.0002585196419877914,0.0002585196419877914,0.0002585196419877914,0.0002585196419877914,0.00025851964198779146,0.00025851964198779146,0.0002585196419877914,0.0002585196419877914,0.0002585196419877914,0.0002585196419877915,0.0002585196419877914,0.0002585196419877914,0.0002585196419877914,0.0002585196419877914,0.00025851964198779146,0.00025851964198779146,0.0002585196419877915,0.0002585196419877914,0.0002585196419877914,0.0002585196419877914,0.0002585196419877914,0.0002585196419877914,0.0002585196419877914,0.00025851964198779146,0.0002585196419877914,0.0002585196419877914,0.0002585196419877914,0.00025851964198779146,0.0002585196419877914,0.00025851964198779146,0.00025851964198779146,0.0002585196419877914,0.00025851964198779146,0.00025851964198779146,0.0002585196419877914,0.00025851964198779146,0.00025851964198779146,0.00025851964198779167
1.1025969283025239,1.0936317100374497,1.0842269547756223,1.074335155008439,1.0639003407845147,1.052855925579951,1.0411217960000931,1.0286003069213654,1.0151706440257147,1.0006806701736441,0.9849347449114472,0.9676748050054561,0.9485495411420458,0.9270610954375461,0.9024655563152395,0.8735673033071315,0.8382287878745062,0.7919173410387239,0.7213021262463674,0.3691385332980716,0.0007952554287692507,0.0002585196419877929,0.0002585196419877929,0.0002585196419877929,0.0002585196419877929,0.0002585196419877929,0.0002585196419877929,0.0002585196419877929,0.0002585196419877929,0.0002585196419877929,0.0002585196419877929,0.0002585196419877929,0.0002585196419877929,0.0002585196419877929,0.0002585196419877929,0.0002585196419877929,0.0002585196419877929,0.0002585196419877929,0.0002585196419877929,0.0002585196419877929,0.0002585196419877929,0.0002585196419877929,0.0002585196419877929,0.0002585196419877929,0.0002585196419877929,0.0002585196419877929,0.0002585196419877929,0.0002585196419877929,0.0002585196419877929,0.0002585196419877929,0.0002585196419877929,0.0002585196419877929,0.0002585196419877929,0.0002585196419877929,0.0002585196419877929,0.0002585196419877929,0.0002585196419877929,0.0002585196419877929,0.0002585196419877929,0.0002585196419877929,0.0002585196419877929,0.0002585196419877929,0.0002585196419877929,0.0002585196419877929,0.0002585196419877929,0.0002585196419877929,0.0002585196419877929,0.0002585196419877929,0.0002585196419877929,0.0002585196419877929,0.0002585196419877929,0.0002585196419877929,0.0002585196419877929,0.0002585196419877929,0.0002585196419877929,0.0002585196419877929,0.0002585196419877929,0.0002585196419877929,0.0002585196419877929,0.0002585196419877929,0.0002585196419877929,0.0002585196419877929,0.0002585196419877929,0.0002585196419877929,0.0002585196419877929,0.0002585196419877929,0.0002585196419877929,0.0002585196419877929,0.0002585196419877929,0.0002585196419877929,0.0002585196419877929,0.0002585196419877929,0.0002585196419877929,0.0002585196419877929,0.0002585196419877929,0.0002585196419877929,0.0002585196419877929,0.0002585196419877929,0.0002585196419877929,0.00025851964198779156,0.0002585196419877914,0.00025851964198779167,0.0002585196419877914,0.0002585196419877916,0.0002585196419877914,0.0002585196419877914,0.00025851964198779156,0.0002585196419877916,0.0002585196419877914,0.00025851964198779146,0.0002585196419877914,0.0002585196419877914,0.00025851964198779156,0.00025851964198779156,0.00025851964198779146,0.0002585196419877914,0.0002585196419877916,0.0002585196419877916,0.0002585196419877914,0.0002585196419877914,0.0002585196419877914,0.00025851964198779167,0.0002585196419877914,0.00025851964198779146,0.00025851964198779146,0.00025851964198779156,0.00025851964198779156,0.0002585196419877916,0.00025851964198779167,0.0002585196419877914,0.00025851964198779156,0.00025851964198779156,0.0002585196419877914,0.0002585196419877914,0.0002585196419877914,0.00025851964198779156,0.0002585196419877914,0.0002585196419877914,0.00025851964198779146,0.00025851964198779156,0.0002585196419877914,0.0002585196419877916,0.00025851964198779156,0.0002585196419877914,0.0002585196419877916,0.00025851964198779156,0.0002585196419877914,0.00025851964198779156,0.0002585196419877916,0.0002585196419877918
1.1316589029949222,1.1234231395802643,1.1148309252205109,1.1058485422826663,1.096436990513466,1.0865507993545676,1.0761364737630952,1.0651304291185029,1.0534561977291308,1.0410205712013632,1.02770814505964,1.0133733883164082,0.9978287377071735,0.9808260293876926,0.9620261815952986,0.9409468301015986,0.9168652357106416,0.8886207513990495,0.8541580258411713,0.8092467178521653,0.7424507132160062,0.5791144451788629,0.018485214290093577,0.00025851964201067566,0.0002585196419877928,0.0002585196419877928,0.0002585196419877928,0.0002585196419877928,0.0002585196419877928,0.0002585196419877928,0.0002585196419877928,0.0002585196419877928,0.0002585196419877928,0.0002585196419877928,0.0002585196419877928,0.0002585196419877928,0.0002585196419877928,0.0002585196419877928,0.0002585196419877928,0.0002585196419877928,0.0002585196419877928,0.0002585196419877928,0.0002585196419877928,0.0002585196419877928,0.0002585196419877928,0.0002585196419877928,0.0002585196419877928,0.0002585196419877928,0.0002585196419877928,0.0002585196419877928,0.0002585196419877928,0.0002585196419877928,0.0002585196419877928,0.0002585196419877928,0.0002585196419877928,0.0002585196419877928,0.0002585196419877928,0.0002585196419877928,0.0002585196419877928,0.0002585196419877928,0.0002585196419877928,0.0002585196419877928,0.0002585196419877928,0.0002585196419877928,0.0002585196419877928,0.0002585196419877928,0.0002585196419877928,0.0002585196419877928,0.0002585196419877928,0.0002585196419877928,0.0002585196419877928,0.0002585196419877928,0.0002585196419877928,0.0002585196419877928,0.0002585196419877928,0.0002585196419877928,0.0002585196419877928,0.0002585196419877928,0.0002585196419877928,0.0002585196419877928,0.0002585196419877928,0.0002585196419877928,0.0002585196419877928,0.0002585196419877928,0.0002585196419877928,0.0002585196419877928,0.0002585196419877928,0.0002585196419877928,0.0002585196419877928,0.0002585196419877928,0.0002585196419877928,0.0002585196419877928,0.0002585196419877928,0.0002585196419877928,0.0002585196419877928,0.0002585196419877928,0.0002585196419877928,0.0002585196419877928,0.0002585196419877928,0.0002585196419877914,0.0002585196419877912,0.00025851964198779156,0.00025851964198779124,0.00025851964198779146,0.00025851964198779124,0.00025851964198779124,0.0002585196419877914,0.00025851964198779146,0.0002585196419877912,0.00025851964198779124,0.0002585196419877912,0.00025851964198779124,0.0002585196419877914,0.0002585196419877914,0.00025851964198779124,0.0002585196419877912,0.00025851964198779146,0.00025851964198779146,0.00025851964198779124,0.0002585196419877912,0.00025851964198779124,0.00025851964198779156,0.00025851964198779124,0.00025851964198779124,0.00025851964198779124,0.0002585196419877914,0.0002585196419877914,0.00025851964198779146,0.0002585196419877915,0.00025851964198779124,0.0002585196419877914,0.0002585196419877914,0.00025851964198779124,0.0002585196419877912,0.00025851964198779124,0.0002585196419877914,0.00025851964198779124,0.00025851964198779124,0.00025851964198779124,0.0002585196419877914,0.00025851964198779124,0.00025851964198779146,0.0002585196419877914,0.0002585196419877912,0.00025851964198779146,0.0002585196419877914,0.00025851964198779124,0.0002585196419877914,0.00025851964198779146,0.00025851964198779167
1.165680945522306,1.1579871775587836,1.1499958952559226,1.1416823975863097,1.133018534574865,1.1239720258075503,1.1145056012946621,1.1045759044777506,1.0941320730247799,1.0831138767038868,1.0714492358598369,1.0590508564969716,1.0458115768793965,1.0315977859107548,1.016239868980242,0.9995179093650471,0.9811394978467174,0.9607037424090396,0.9376396048105238,0.9110925466396455,0.8796955853696716,0.841040810738386,0.7901774383764257,0.713328473781282,0.17957850853948729,0.00025998226136958116,0.0002585196419877928,0.0002585196419877928,0.0002585196419877928,0.0002585196419877928,0.0002585196419877928,0.0002585196419877928,0.0002585196419877928,0.0002585196419877928,0.0002585196419877928,0.0002585196419877928,0.0002585196419877928,0.0002585196419877928,0.0002585196419877928,0.0002585196419877928,0.0002585196419877928,0.0002585196419877928,0.0002585196419877928,0.0002585196419877928,0.0002585196419877928,0.0002585196419877928,0.0002585196419877928,0.0002585196419877928,0.0002585196419877928,0.0002585196419877928,0.0002585196419877928,0.0002585196419877928,0.0002585196419877928,0.0002585196419877928,0.0002585196419877928,0.0002585196419877928,0.0002585196419877928,0.0002585196419877928,0.0002585196419877928,0.0002585196419877928,0.0002585196419877928,0.0002585196419877928,0.0002585196419877928,0.0002585196419877928,0.0002585196419877928,0.0002585196419877928,0.0002585196419877928,0.0002585196419877928,0.0002585196419877928,0.0002585196419877928,0.0002585196419877928,0.0002585196419877928,0.0002585196419877928,0.0002585196419877928,0.0002585196419877928,0.0002585196419877928,0.0002585196419877928,0.0002585196419877928,0.0002585196419877928,0.0002585196419877928,0.0002585196419877928,0.0002585196419877928,0.0002585196419877928,0.0002585196419877928,0.0002585196419877928,0.0002585196419877928,0.0002585196419877928,0.0002585196419877928,0.0002585196419877928,0.0002585196419877928,0.0002585196419877928,0.0002585196419877928,0.0002585196419877928,0.0002585196419877928,0.0002585196419877928,0.0002585196419877928,0.0002585196419877928,0.0002585196419877928,0.0002585196419877928,0.0002585196419877914,0.00025851964198779124,0.00025851964198779156,0.00025851964198779135,0.0002585196419877914,0.00025851964198779135,0.00025851964198779135,0.0002585196419877914,0.0002585196419877914,0.00025851964198779124,0.00025851964198779135,0.00025851964198779124,0.00025851964198779135,0.0002585196419877914,0.0002585196419877914,0.00025851964198779135,0.00025851964198779124,0.0002585196419877914,0.0002585196419877914,0.00025851964198779135,0.00025851964198779124,0.0002585196419877913,0.00025851964198779156,0.00025851964198779135,0.00025851964198779135,0.00025851964198779135,0.0002585196419877914,0.0002585196419877914,0.0002585196419877914,0.00025851964198779146,0.00025851964198779135,0.0002585196419877914,0.0002585196419877914,0.0002585196419877913,0.00025851964198779124,0.0002585196419877913,0.0002585196419877914,0.00025851964198779135,0.00025851964198779135,0.00025851964198779135,0.0002585196419877914,0.00025851964198779135,0.0002585196419877914,0.0002585196419877914,0.00025851964198779124,0.0002585196419877914,0.0002585196419877914,0.00025851964198779135,0.0002585196419877914,0.0002585196419877914,0.00025851964198779167
1.194501909423043,1.1872511598413136,1.179751884653341,1.1719860883839313,1.1639335758803333,1.1555715734650422,1.1468742593900565,1.1378121780004369,1.1283515022272488,1.1184530950626494,1.108071300231145,1.097152361644747,1.0856323242089585,1.0734341944418022,1.060464019150691,1.0466053389344876,1.0317111228468223,1.0155916543662924,0.9979956244285442,0.9785792265243317,0.9568526871824076,0.9320808749657219,0.9030803289349556,0.8677471664646217,0.8217213282115393,0.7530403846186079,0.5767417147624336,0.015917819375559163,0.00025851964199422446,0.0002585196419877927,0.0002585196419877927,0.0002585196419877927,0.0002585196419877927,0.0002585196419877927,0.0002585196419877927,0.0002585196419877927,0.0002585196419877927,0.0002585196419877927,0.0002585196419877927,0.0002585196419877927,0.0002585196419877927,0.0002585196419877927,0.0002585196419877927,0.0002585196419877927,0.0002585196419877927,0.0002585196419877927,0.0002585196419877927,0.0002585196419877927,0.0002585196419877927,0.0002585196419877927,0.0002585196419877927,0.0002585196419877927,0.0002585196419877927,0.0002585196419877927,0.0002585196419877927,0.0002585196419877927,0.0002585196419877927,0.0002585196419877927,0.0002585196419877927,0.0002585196419877927,0.0002585196419877927,0.0002585196419877927,0.0002585196419877927,0.0002585196419877927,0.0002585196419877927,0.0002585196419877927,0.0002585196419877927,0.0002585196419877927,0.0002585196419877927,0.0002585196419877927,0.0002585196419877927,0.0002585196419877927,0.0002585196419877927,0.0002585196419877927,0.0002585196419877927,0.0002585196419877927,0.0002585196419877927,0.0002585196419877927,0.0002585196419877927,0.0002585196419877927,0.0002585196419877927,0.0002585196419877927,0.0002585196419877927,0.0002585196419877927,0.0002585196419877927,0.0002585196419877927,0.0002585196419877927,0.0002585196419877927,0.0002585196419877927,0.0002585196419877927,0.0002585196419877927,0.0002585196419877927,0.0002585196419877927,0.0002585196419877927,0.0002585196419877927,0.0002585196419877927,0.0002585196419877927,0.0002585196419877927,0.0002585196419877927,0.0002585196419877913,0.00025851964198779113,0.0002585196419877915,0.00025851964198779124,0.0002585196419877914,0.00025851964198779124,0.00025851964198779124,0.0002585196419877913,0.0002585196419877914,0.00025851964198779113,0.00025851964198779124,0.00025851964198779113,0.00025851964198779124,0.00025851964198779124,0.00025851964198779124,0.00025851964198779124,0.00025851964198779113,0.0002585196419877914,0.0002585196419877914,0.00025851964198779124,0.00025851964198779113,0.0002585196419877912,0.0002585196419877915,0.00025851964198779124,0.00025851964198779124,0.00025851964198779124,0.0002585196419877913,0.0002585196419877913,0.0002585196419877914,0.0002585196419877914,0.00025851964198779124,0.0002585196419877913,0.00025851964198779124,0.0002585196419877912,0.00025851964198779113,0.0002585196419877912,0.0002585196419877913,0.00025851964198779124,0.00025851964198779124,0.00025851964198779124,0.0002585196419877913,0.00025851964198779124,0.0002585196419877914,0.0002585196419877913,0.00025851964198779113,0.0002585196419877914,0.0002585196419877913,0.00025851964198779124,0.0002585196419877913,0.0002585196419877914,0.0002585196419877916
1.2092710574531105,1.2028752581765476,1.1962777084574356,1.1894646523362105,1.1824208201321371,1.1751291932621548,1.1675707212231667,1.1597239785852669,1.151564746075618,1.143065494657491,1.1341947443033078,1.124916258977133,1.1151880247117978,1.104960936260029,1.09417708583681,1.0827674986467661,1.0706490833726527,1.0577204423379696,1.043855980105013,1.0288973922684657,1.012640969034682,0.994817911299335,0.9750623383046393,0.9528561241186903,0.9274262624191002,0.8975334979400129,0.8609701978459665,0.8130758334384477,0.7402060318873002,0.3451280526514338,0.0005203213699304692,0.0002585196419877929,0.0002585196419877929,0.0002585196419877929,0.0002585196419877929,0.0002585196419877929,0.0002585196419877929,0.0002585196419877929,0.0002585196419877929,0.0002585196419877929,0.0002585196419877929,0.0002585196419877929,0.0002585196419877929,0.0002585196419877929,0.0002585196419877929,0.0002585196419877929,0.0002585196419877929,0.0002585196419877929,0.0002585196419877929,0.0002585196419877929,0.0002585196419877929,0.0002585196419877929,0.0002585196419877929,0.0002585196419877929,0.0002585196419877929,0.0002585196419877929,0.0002585196419877929,0.0002585196419877929,0.0002585196419877929,0.0002585196419877929,0.0002585196419877929,0.0002585196419877929,0.0002585196419877929,0.0002585196419877929,0.0002585196419877929,0.0002585196419877929,0.0002585196419877929,0.0002585196419877929,0.0002585196419877929,0.0002585196419877929,0.0002585196419877929,0.0002585196419877929,0.0002585196419877929,0.0002585196419877929,0.0002585196419877929,0.0002585196419877929,0.0002585196419877929,0.0002585196419877929,0.0002585196419877929,0.0002585196419877929,0.0002585196419877929,0.0002585196419877929,0.0002585196419877929,0.0002585196419877929,0.0002585196419877929,0.0002585196419877929,0.0002585196419877929,0.0002585196419877929,0.0002585196419877929,0.0002585196419877929,0.0002585196419877929,0.0002585196419877929,0.0002585196419877929,0.0002585196419877929,0.0002585196419877929,0.0002585196419877929,0.0002585196419877929,0.0002585196419877929,0.0002585196419877929,0.0002585196419877915,0.00025851964198779124,0.0002585196419877917,0.00025851964198779146,0.00025851964198779156,0.00025851964198779146,0.00025851964198779146,0.0002585196419877915,0.00025851964198779156,0.00025851964198779135,0.00025851964198779146,0.0002585196419877913,0.00025851964198779146,0.00025851964198779146,0.00025851964198779146,0.00025851964198779146,0.00025851964198779124,0.00025851964198779156,0.00025851964198779156,0.00025851964198779146,0.00025851964198779124,0.00025851964198779135,0.0002585196419877917,0.00025851964198779146,0.00025851964198779146,0.00025851964198779146,0.0002585196419877915,0.0002585196419877915,0.00025851964198779156,0.0002585196419877916,0.00025851964198779146,0.0002585196419877915,0.00025851964198779146,0.00025851964198779135,0.00025851964198779124,0.00025851964198779135,0.0002585196419877915,0.0002585196419877914,0.00025851964198779146,0.00025851964198779146,0.0002585196419877915,0.00025851964198779146,0.00025851964198779156,0.0002585196419877915,0.00025851964198779124,0.00025851964198779156,0.0002585196419877915,0.00025851964198779146,0.0002585196419877915,0.00025851964198779156,0.0002585196419877918
1.2314182798913411,1.2253617888015664,1.2191324619008663,1.2127197987205978,1.206112250820572,1.1992970741675977,1.1922601542646132,1.1849857976597968,1.1774564816761002,1.1696525518101182,1.1615518530172624,1.1531292766816787,1.1443561989525322,1.1351997775447669,1.1256220618778536,1.1155788537313491,1.1050182295227904,1.0938785961289057,1.0820860919758752,1.0695510503521348,1.0561630884910223,1.0417841296913835,1.026238221782793,1.0092962129905736,0.9906518225688025,0.9698825716836486,0.9463823772958393,0.9192367695495706,0.886969225438519,0.8469528408066728,0.7937376262279818,0.7121065456964691,0.1403822131593373,0.0002587098729183634,0.0002585196419877929,0.0002585196419877929,0.0002585196419877929,0.0002585196419877929,0.0002585196419877929,0.0002585196419877929,0.0002585196419877929,0.0002585196419877929,0.0002585196419877929,0.0002585196419877929,0.0002585196419877929,0.0002585196419877929,0.0002585196419877929,0.0002585196419877929,0.0002585196419877929,0.0002585196419877929,0.0002585196419877929,0.0002585196419877929,0.0002585196419877929,0.0002585196419877929,0.0002585196419877929,0.0002585196419877929,0.0002585196419877929,0.0002585196419877929,0.0002585196419877929,0.0002585196419877929,0.0002585196419877929,0.0002585196419877929,0.0002585196419877929,0.0002585196419877929,0.0002585196419877929,0.0002585196419877929,0.0002585196419877929,0.0002585196419877929,0.0002585196419877929,0.0002585196419877929,0.0002585196419877929,0.0002585196419877929,0.0002585196419877929,0.0002585196419877929,0.0002585196419877929,0.0002585196419877929,0.0002585196419877929,0.0002585196419877929,0.0002585196419877929,0.0002585196419877929,0.0002585196419877929,0.0002585196419877929,0.0002585196419877929,0.0002585196419877929,0.0002585196419877929,0.0002585196419877929,0.0002585196419877929,0.0002585196419877929,0.0002585196419877929,0.0002585196419877929,0.0002585196419877929,0.0002585196419877929,0.0002585196419877929,0.0002585196419877929,0.0002585196419877929,0.0002585196419877929,0.0002585196419877929,0.0002585196419877929,0.0002585196419877929,0.00025851964198779146,0.00025851964198779113,0.0002585196419877918,0.0002585196419877914,0.0002585196419877915,0.0002585196419877914,0.0002585196419877914,0.00025851964198779146,0.0002585196419877915,0.00025851964198779124,0.0002585196419877914,0.00025851964198779113,0.0002585196419877914,0.0002585196419877914,0.0002585196419877914,0.0002585196419877914,0.00025851964198779113,0.0002585196419877915,0.0002585196419877915,0.0002585196419877914,0.00025851964198779113,0.00025851964198779124,0.0002585196419877918,0.0002585196419877914,0.0002585196419877914,0.0002585196419877914,0.00025851964198779146,0.00025851964198779146,0.0002585196419877915,0.0002585196419877916,0.0002585196419877914,0.00025851964198779146,0.0002585196419877914,0.00025851964198779124,0.000258519641987791,0.00025851964198779124,0.00025851964198779146,0.00025851964198779135,0.0002585196419877914,0.0002585196419877914,0.00025851964198779146,0.0002585196419877914,0.0002585196419877915,0.00025851964198779146,0.00025851964198779113,0.0002585196419877915,0.00025851964198779146,0.0002585196419877914,0.00025851964198779146,0.0002585196419877915,0.0002585196419877917
1.2426816770483184,1.2371779654609676,1.2315288791022856,1.2257261620422648,1.2197608096873807,1.213622973490271,1.2073018498484303,1.200785549900271,1.194060946090565,1.1871134902867102,1.179926996791646,1.1724833816897278,1.1647623473940092,1.156740997768773,1.1483933643839452,1.1396898177246138,1.1305963276236268,1.1210735234001217,1.1110754839368364,1.1005481575850826,1.0894272653059025,1.077635467494273,1.065078457218692,1.051639446714807,1.0371711762541465,1.0214839680844596,1.0043272061425461,0.9853593467430829,0.9640967107171243,0.9398200338827905,0.9113885700835945,0.876824152623066,0.8322048462727243,0.7677247562659261,0.6380108988641369,0.03697097437773832,0.0002585196464462976,0.000258519641987793,0.000258519641987793,0.000258519641987793,0.000258519641987793,0.000258519641987793,0.000258519641987793,0.000258519641987793,0.000258519641987793,0.000258519641987793,0.000258519641987793,0.000258519641987793,0.000258519641987793,0.000258519641987793,0.000258519641987793,0.000258519641987793,0.000258519641987793,0.000258519641987793,0.000258519641987793,0.000258519641987793,0.000258519641987793,0.000258519641987793,0.000258519641987793,0.000258519641987793,0.000258519641987793,0.000258519641987793,0.000258519641987793,0.000258519641987793,0.000258519641987793,0.000258519641987793,0.000258519641987793,0.000258519641987793,0.000258519641987793,0.000258519641987793,0.000258519641987793,0.000258519641987793,0.000258519641987793,0.000258519641987793,0.000258519641987793,0.000258519641987793,0.000258519641987793,0.000258519641987793,0.000258519641987793,0.000258519641987793,0.000258519641987793,0.000258519641987793,0.000258519641987793,0.000258519641987793,0.000258519641987793,0.000258519641987793,0.000258519641987793,0.000258519641987793,0.000258519641987793,0.000258519641987793,0.000258519641987793,0.000258519641987793,0.000258519641987793,0.000258519641987793,0.000258519641987793,0.000258519641987793,0.000258519641987793,0.000258519641987793,0.000258519641987793,0.00025851964198779135,0.0002585196419877911,0.00025851964198779156,0.0002585196419877913,0.0002585196419877914,0.0002585196419877913,0.0002585196419877913,0.00025851964198779135,0.0002585196419877914,0.0002585196419877911,0.0002585196419877913,0.0002585196419877911,0.0002585196419877913,0.00025851964198779135,0.00025851964198779135,0.0002585196419877913,0.0002585196419877911,0.0002585196419877914,0.0002585196419877914,0.0002585196419877913,0.0002585196419877911,0.0002585196419877911,0.00025851964198779156,0.0002585196419877913,0.0002585196419877913,0.0002585196419877913,0.00025851964198779135,0.00025851964198779135,0.0002585196419877914,0.0002585196419877915,0.0002585196419877913,0.00025851964198779135,0.0002585196419877913,0.0002585196419877911,0.00025851964198779097,0.0002585196419877911,0.00025851964198779135,0.00025851964198779124,0.0002585196419877913,0.0002585196419877913,0.00025851964198779135,0.0002585196419877913,0.0002585196419877914,0.00025851964198779135,0.0002585196419877911,0.0002585196419877914,0.00025851964198779135,0.0002585196419877913,0.00025851964198779135,0.0002585196419877914,0.00025851964198779156
1.2600500821064662,1.2548174316458722,1.2494574839560546,1.243963658082145,1.2383288240762054,1.2325452387261142,1.2266044715246696,1.220497319040996,1.2142137054393363,1.2077425663609958,1.2010717127081494,1.194187669995096,1.1870754877965726,1.1797185123308802,1.17209811323623,1.1641933529436805,1.1559805834458712,1.1474329503044525,1.138519776826177,1.1292057915450466,1.119450148037632,1.1092051653804078,1.0984146864949107,1.087011903955686,1.0749164277412895,1.0620302475724892,1.048232038066313,1.0333688985059222,1.017243969159934,0.9995971173865713,0.980073332379102,0.9581678279161626,0.9331231551109999,0.9037159740533007,0.8677485282873548,0.8205461147155273,0.7484038925510638,0.4572739522952865,0.0025576183536117265,0.0002585196419877929,0.0002585196419877929,0.0002585196419877929,0.0002585196419877929,0.0002585196419877929,0.0002585196419877929,0.0002585196419877929,0.0002585196419877929,0.0002585196419877929,0.0002585196419877929,0.0002585196419877929,0.0002585196419877929,0.0002585196419877929,0.0002585196419877929,0.0002585196419877929,0.0002585196419877929,0.0002585196419877929,0.0002585196419877929,0.0002585196419877929,0.0002585196419877929,0.0002585196419877929,0.0002585196419877929,0.0002585196419877929,0.0002585196419877929,0.0002585196419877929,0.0002585196419877929,0.0002585196419877929,0.0002585196419877929,0.0002585196419877929,0.0002585196419877929,0.0002585196419877929,0.0002585196419877929,0.0002585196419877929,0.0002585196419877929,0.0002585196419877929,0.0002585196419877929,0.0002585196419877929,0.0002585196419877929,0.0002585196419877929,0.0002585196419877929,0.0002585196419877929,0.0002585196419877929,0.0002585196419877929,0.0002585196419877929,0.0002585196419877929,0.0002585196419877929,0.0002585196419877929,0.0002585196419877929,0.0002585196419877929,0.0002585196419877929,0.0002585196419877929,0.0002585196419877929,0.0002585196419877929,0.0002585196419877929,0.0002585196419877929,0.0002585196419877929,0.0002585196419877929,0.0002585196419877929,0.0002585196419877929,0.0002585196419877929,0.0002585196419877914,0.00025851964198779113,0.0002585196419877916,0.0002585196419877914,0.0002585196419877914,0.0002585196419877914,0.0002585196419877914,0.0002585196419877914,0.0002585196419877914,0.00025851964198779113,0.0002585196419877914,0.00025851964198779113,0.0002585196419877914,0.0002585196419877914,0.0002585196419877914,0.0002585196419877914,0.00025851964198779113,0.0002585196419877914,0.0002585196419877914,0.0002585196419877914,0.00025851964198779113,0.00025851964198779113,0.0002585196419877916,0.0002585196419877914,0.0002585196419877914,0.0002585196419877914,0.0002585196419877914,0.0002585196419877914,0.0002585196419877914,0.0002585196419877915,0.0002585196419877914,0.0002585196419877914,0.0002585196419877914,0.00025851964198779113,0.000258519641987791,0.00025851964198779113,0.0002585196419877914,0.00025851964198779135,0.0002585196419877914,0.0002585196419877914,0.0002585196419877914,0.0002585196419877914,0.0002585196419877914,0.0002585196419877914,0.00025851964198779113,0.0002585196419877914,0.0002585196419877914,0.0002585196419877914,0.0002585196419877914,0.0002585196419877914,0.00025851964198779167
1.2737552481585332,1.268718213569041,1.2635711370347293,1.2583090982283807,1.2529267804783295,1.2474184228061114,1.2417777653369233,1.235997987035678,1.2300716344841633,1.2239905401226872,1.2177457280161446,1.211327304747526,1.204724332461799,1.1979246803396262,1.1909148498188422,1.1836797676267474,1.1762025390333957,1.1684641515377954,1.1604431162450857,1.152115030179238,1.143452037256227,1.1344221579507376,1.1249884468136488,1.1151079213714943,1.1047301830865286,1.0937956169688836,1.082233004453265,1.0699563028971038,1.0568602144069814,1.0428139497518698,1.0276522192147308,1.0111618091675263,0.9930608275027393,0.9729651284772396,0.9503308279051425,0.9243483983901953,0.8937273493827075,0.8561925799402218,0.8070203050580148,0.7326986107423835,0.25367659844076723,0.00028063036141615197,0.0002585196419877929,0.0002585196419877929,0.0002585196419877929,0.0002585196419877929,0.0002585196419877929,0.0002585196419877929,0.0002585196419877929,0.0002585196419877929,0.0002585196419877929,0.0002585196419877929,0.0002585196419877929,0.0002585196419877929,0.0002585196419877929,0.0002585196419877929,0.0002585196419877929,0.0002585196419877929,0.0002585196419877929,0.0002585196419877929,0.0002585196419877929,0.0002585196419877929,0.0002585196419877929,0.0002585196419877929,0.0002585196419877929,0.0002585196419877929,0.0002585196419877929,0.0002585196419877929,0.0002585196419877929,0.0002585196419877929,0.0002585196419877929,0.0002585196419877929,0.0002585196419877929,0.0002585196419877929,0.0002585196419877929,0.0002585196419877929,0.0002585196419877929,0.0002585196419877929,0.0002585196419877929,0.0002585196419877929,0.0002585196419877929,0.0002585196419877929,0.0002585196419877929,0.0002585196419877929,0.0002585196419877929,0.0002585196419877929,0.0002585196419877929,0.0002585196419877929,0.0002585196419877929,0.0002585196419877929,0.0002585196419877929,0.0002585196419877929,0.0002585196419877929,0.0002585196419877929,0.0002585196419877929,0.0002585196419877929,0.0002585196419877929,0.0002585196419877929,0.0002585196419877929,0.00025851964198779135,0.00025851964198779097,0.0002585196419877915,0.00025851964198779135,0.00025851964198779135,0.00025851964198779135,0.00025851964198779135,0.00025851964198779135,0.00025851964198779135,0.00025851964198779113,0.00025851964198779135,0.0002585196419877911,0.00025851964198779135,0.00025851964198779135,0.00025851964198779135,0.00025851964198779135,0.000258519641987791,0.00025851964198779135,0.00025851964198779135,0.00025851964198779135,0.000258519641987791,0.00025851964198779113,0.0002585196419877915,0.00025851964198779135,0.00025851964198779135,0.00025851964198779135,0.00025851964198779135,0.00025851964198779135,0.00025851964198779135,0.00025851964198779146,0.00025851964198779135,0.00025851964198779135,0.00025851964198779135,0.00025851964198779113,0.00025851964198779097,0.0002585196419877911,0.00025851964198779135,0.00025851964198779124,0.00025851964198779135,0.00025851964198779135,0.00025851964198779135,0.00025851964198779135,0.00025851964198779135,0.00025851964198779135,0.000258519641987791,0.00025851964198779135,0.00025851964198779135,0.00025851964198779135,0.00025851964198779135,0.00025851964198779135,0.00025851964198779167
1.2900714351915004,1.2851378984689235,1.2801091065149586,1.2749815445810728,1.2697513900543507,1.264414472012547,1.2589662259566983,1.2534016432194581,1.2477152144422998,1.2419008663765296,1.2359518910822325,1.2298608663639283,1.2236195659769369,1.2172188577449492,1.2106485872219415,1.2038974438768772,1.1969528059323598,1.1898005588864242,1.182424881303463,1.1748079895537795,1.1669298306368525,1.1587677087880572,1.1502958268705739,1.1414847170392368,1.132300525991513,1.1227041069981676,1.1126498517986367,1.1020841670893324,1.0909434573639394,1.079151409238771,1.0666152664091828,1.0532206108552435,1.0388238723589023,1.0232412727771232,1.0062319654180008,0.9874713020930187,0.9665064040862004,0.942677885602688,0.9149712661335764,0.8817054742112789,0.8397814783370642,0.7824267951485282,0.6888091047266892,0.08629054509235715,0.00025852344912386254,0.000258519641987793,0.000258519641987793,0.000258519641987793,0.000258519641987793,0.000258519641987793,0.000258519641987793,0.000258519641987793,0.000258519641987793,0.000258519641987793,0.000258519641987793,0.000258519641987793,0.000258519641987793,0.000258519641987793,0.000258519641987793,0.000258519641987793,0.000258519641987793,0.000258519641987793,0.000258519641987793,0.000258519641987793,0.000258519641987793,0.000258519641987793,0.000258519641987793,0.000258519641987793,0.000258519641987793,0.000258519641987793,0.000258519641987793,0.000258519641987793,0.000258519641987793,0.000258519641987793,0.000258519641987793,0.000258519641987793,0.000258519641987793,0.000258519641987793,0.000258519641987793,0.000258519641987793,0.000258519641987793,0.000258519641987793,0.000258519641987793,0.000258519641987793,0.000258519641987793,0.000258519641987793,0.000258519641987793,0.000258519641987793,0.000258519641987793,0.000258519641987793,0.000258519641987793,0.000258519641987793,0.000258519641987793,0.000258519641987793,0.000258519641987793,0.000258519641987793,0.000258519641987793,0.000258519641987793,0.000258519641987793,0.0002585196419877914,0.0002585196419877911,0.0002585196419877916,0.0002585196419877914,0.0002585196419877914,0.0002585196419877914,0.0002585196419877914,0.0002585196419877914,0.0002585196419877914,0.00025851964198779124,0.0002585196419877914,0.0002585196419877912,0.0002585196419877914,0.0002585196419877914,0.0002585196419877914,0.0002585196419877914,0.00025851964198779113,0.0002585196419877914,0.0002585196419877914,0.0002585196419877914,0.00025851964198779113,0.00025851964198779124,0.0002585196419877916,0.0002585196419877914,0.0002585196419877914,0.0002585196419877914,0.0002585196419877914,0.0002585196419877914,0.0002585196419877914,0.0002585196419877916,0.0002585196419877914,0.0002585196419877914,0.0002585196419877914,0.00025851964198779124,0.000258519641987791,0.0002585196419877912,0.0002585196419877914,0.0002585196419877914,0.0002585196419877914,0.0002585196419877914,0.0002585196419877914,0.0002585196419877914,0.0002585196419877914,0.0002585196419877914,0.00025851964198779113,0.0002585196419877914,0.0002585196419877914,0.0002585196419877914,0.0002585196419877914,0.0002585196419877914,0.0002585196419877917
1.311706144570385,1.306995364563848,1.302194497853617,1.297300119683255,1.292308574028308,1.2872159503489289,1.2820180574479139,1.2767103940070887,1.2712881153000857,1.2657459954889618,1.2600783848020318,1.2542791607556847,1.2483416724175542,1.2422586765038188,1.2360222638488396,1.2296237744664218,1.223053699019657,1.2163015640049841,1.2093557973011062,1.2022035698872933,1.1948306084327749,1.1872209720075764,1.1793567842353432,1.1712179096138975,1.1627815591980897,1.1540218059708118,1.1449089834191817,1.1354089311618156,1.1254820375012569,1.1150820082096335,1.104154259951959,1.0926337892372155,1.0804422928406665,1.0674841939730346,1.053641024413628,1.0387632575840708,1.0226580418731845,1.0050700492005615,0.985650147805365,0.9639011341436445,0.9390766569062285,0.9099741705728296,0.8744510520743334,0.8280445494155112,0.7583609450746015,0.569441641482436,0.013370965939691446,0.00025851964198938756,0.0002585196419877929,0.0002585196419877929,0.0002585196419877929,0.0002585196419877929,0.0002585196419877929,0.0002585196419877929,0.0002585196419877929,0.0002585196419877929,0.0002585196419877929,0.0002585196419877929,0.0002585196419877929,0.0002585196419877929,0.0002585196419877929,0.0002585196419877929,0.0002585196419877929,0.0002585196419877929,0.0002585196419877929,0.0002585196419877929,0.0002585196419877929,0.0002585196419877929,0.0002585196419877929,0.0002585196419877929,0.0002585196419877929,0.0002585196419877929,0.0002585196419877929,0.0002585196419877929,0.0002585196419877929,0.0002585196419877929,0.0002585196419877929,0.0002585196419877929,0.0002585196419877929,0.0002585196419877929,0.0002585196419877929,0.0002585196419877929,0.0002585196419877929,0.0002585196419877929,0.0002585196419877929,0.0002585196419877929,0.0002585196419877929,0.0002585196419877929,0.0002585196419877929,0.0002585196419877929,0.0002585196419877929,0.0002585196419877929,0.0002585196419877929,0.0002585196419877929,0.0002585196419877929,0.0002585196419877929,0.0002585196419877929,0.0002585196419877929,0.0002585196419877929,0.0002585196419877914,0.0002585196419877912,0.0002585196419877918,0.0002585196419877914,0.0002585196419877914,0.0002585196419877914,0.0002585196419877914,0.0002585196419877914,0.0002585196419877914,0.00025851964198779135,0.0002585196419877914,0.0002585196419877913,0.0002585196419877914,0.0002585196419877914,0.0002585196419877914,0.0002585196419877914,0.0002585196419877912,0.0002585196419877914,0.0002585196419877914,0.0002585196419877914,0.0002585196419877912,0.00025851964198779135,0.0002585196419877918,0.0002585196419877914,0.0002585196419877914,0.0002585196419877914,0.0002585196419877914,0.0002585196419877914,0.0002585196419877914,0.0002585196419877917,0.0002585196419877914,0.0002585196419877914,0.0002585196419877914,0.00025851964198779135,0.00025851964198779113,0.0002585196419877913,0.0002585196419877914,0.0002585196419877914,0.0002585196419877914,0.0002585196419877914,0.0002585196419877914,0.0002585196419877914,0.0002585196419877914,0.0002585196419877914,0.0002585196419877912,0.0002585196419877914,0.0002585196419877914,0.0002585196419877914,0.0002585196419877914,0.0002585196419877914,0.0002585196419877918
1.3287367229121083,1.3243159786159455,1.319815176106983,1.3152313967894813,1.3105615327882536,1.305802270036278,1.3009500691295894,1.2960011437394905,1.2909514363070398,1.2857965906772302,1.2805319212562989,1.2751523781913818,1.2696525079730152,1.2640264087431248,1.2582676794483691,1.2523693618040208,1.2463238738179807,1.2401229333564978,1.2337574698975775,1.2272175221949215,1.22049211903782,1.213569139604702,1.2064351490208014,1.1990752035758994,1.1914726185417521,1.1836086895172369,1.1754623555314712,1.1670097884743127,1.1582238883916225,1.1490736571681384,1.1395234131909588,1.129531795289493,1.1190504832730295,1.1080225309687393,1.0963801594944234,1.0840417826991244,1.0709079138484257,1.056855396708085,1.0417290454465213,1.0253291242037363,1.00739184202849,0.9875574719141074,0.9653150344033166,0.9398987095338571,0.9100732187655449,0.8736216639010248,0.8258289163468138,0.7528312700887432,0.43481301775009645,0.0017385551344713457,0.00025851964198779303,0.00025851964198779303,0.00025851964198779303,0.00025851964198779303,0.00025851964198779303,0.00025851964198779303,0.00025851964198779303,0.00025851964198779303,0.00025851964198779303,0.00025851964198779303,0.00025851964198779303,0.00025851964198779303,0.00025851964198779303,0.00025851964198779303,0.00025851964198779303,0.00025851964198779303,0.00025851964198779303,0.00025851964198779303,0.00025851964198779303,0.00025851964198779303,0.00025851964198779303,0.00025851964198779303,0.00025851964198779303,0.00025851964198779303,0.00025851964198779303,0.00025851964198779303,0.00025851964198779303,0.00025851964198779303,0.00025851964198779303,0.00025851964198779303,0.00025851964198779303,0.00025851964198779303,0.00025851964198779303,0.00025851964198779303,0.00025851964198779303,0.00025851964198779303,0.00025851964198779303,0.00025851964198779303,0.00025851964198779303,0.00025851964198779303,0.00025851964198779303,0.00025851964198779303,0.00025851964198779303,0.00025851964198779303,0.00025851964198779303,0.00025851964198779303,0.00025851964198779303,0.00025851964198779303,0.00025851964198779303,0.0002585196419877914,0.00025851964198779124,0.00025851964198779183,0.0002585196419877914,0.0002585196419877914,0.0002585196419877914,0.0002585196419877914,0.0002585196419877914,0.0002585196419877914,0.0002585196419877913,0.0002585196419877914,0.0002585196419877913,0.0002585196419877914,0.0002585196419877914,0.0002585196419877914,0.0002585196419877914,0.00025851964198779124,0.0002585196419877914,0.0002585196419877914,0.0002585196419877914,0.00025851964198779124,0.0002585196419877913,0.00025851964198779183,0.0002585196419877914,0.0002585196419877914,0.0002585196419877914,0.0002585196419877914,0.0002585196419877914,0.0002585196419877914,0.0002585196419877918,0.0002585196419877914,0.0002585196419877914,0.0002585196419877914,0.0002585196419877913,0.00025851964198779124,0.0002585196419877913,0.0002585196419877914,0.0002585196419877914,0.0002585196419877914,0.0002585196419877914,0.0002585196419877914,0.0002585196419877914,0.0002585196419877914,0.0002585196419877914,0.00025851964198779124,0.0002585196419877914,0.0002585196419877914,0.0002585196419877914,0.0002585196419877914,0.0002585196419877914,0.0002585196419877918
1.3395719659584895,1.335525729456573,1.3314082638932048,1.3272169380156058,1.3229489654095814,1.318601391700485,1.3141710803836677,1.3096546971072918,1.3050486922028703,1.3003492812261108,1.2955524232316156,1.2906537964583007,1.285648771046422,1.2805323783397433,1.2752992762450532,1.269943710022563,1.264459467760524,1.2588398296402254,1.2530775099163922,1.2471645903138222,1.2410924432619885,1.2348516430396852,1.228431862460821,1.2218217521724275,1.2150087989192833,1.2079791582051371,1.2007174555778268,1.1932065491864094,1.1854272441643203,1.1773579465857822,1.1689742409368888,1.160248369817026,1.1511485873115035,1.1416383471952756,1.1316752723551502,1.121209830198422,1.1101836065233646,1.0985270209780797,1.0861562498559787,1.0729689970603538,1.0588385455826235,1.0436051602418415,1.0270632565734565,1.0089414966175942,0.9888704173824465,0.9663265737815155,0.9405285372299151,0.9102225674480222,0.8731731786238237,0.8246566170819416,0.750834103813407,0.3563416022978433,0.0005657508928831359,0.0002585196419877931,0.0002585196419877931,0.0002585196419877931,0.0002585196419877931,0.0002585196419877931,0.0002585196419877931,0.0002585196419877931,0.0002585196419877931,0.0002585196419877931,0.0002585196419877931,0.0002585196419877931,0.0002585196419877931,0.0002585196419877931,0.0002585196419877931,0.0002585196419877931,0.0002585196419877931,0.0002585196419877931,0.0002585196419877931,0.0002585196419877931,0.0002585196419877931,0.0002585196419877931,0.0002585196419877931,0.0002585196419877931,0.0002585196419877931,0.0002585196419877931,0.0002585196419877931,0.0002585196419877931,0.0002585196419877931,0.0002585196419877931,0.0002585196419877931,0.0002585196419877931,0.0002585196419877931,0.0002585196419877931,0.0002585196419877931,0.0002585196419877931,0.0002585196419877931,0.0002585196419877931,0.0002585196419877931,0.0002585196419877931,0.0002585196419877931,0.0002585196419877931,0.0002585196419877931,0.0002585196419877931,0.0002585196419877931,0.0002585196419877931,0.0002585196419877931,0.00025851964198779146,0.00025851964198779124,0.0002585196419877917,0.00025851964198779146,0.00025851964198779146,0.00025851964198779146,0.00025851964198779146,0.00025851964198779146,0.00025851964198779146,0.0002585196419877913,0.00025851964198779146,0.0002585196419877913,0.00025851964198779146,0.00025851964198779146,0.00025851964198779146,0.00025851964198779146,0.00025851964198779124,0.00025851964198779146,0.00025851964198779146,0.00025851964198779146,0.00025851964198779124,0.0002585196419877913,0.0002585196419877917,0.00025851964198779146,0.00025851964198779146,0.00025851964198779146,0.00025851964198779146,0.00025851964198779146,0.0002585196419877915,0.0002585196419877917,0.00025851964198779146,0.00025851964198779146,0.0002585196419877914,0.0002585196419877913,0.0002585196419877912,0.0002585196419877913,0.00025851964198779146,0.00025851964198779146,0.00025851964198779146,0.00025851964198779146,0.00025851964198779146,0.00025851964198779146,0.00025851964198779146,0.00025851964198779146,0.00025851964198779124,0.00025851964198779146,0.00025851964198779146,0.00025851964198779146,0.00025851964198779146,0.00025851964198779146,0.0002585196419877917
1.3538167988064487,1.3499281943484478,1.3459752181054867,1.3419556529354253,1.3378671586369884,1.333707262349348,1.3294733479610819,1.325162644418323,1.3207722128032775,1.3162989320328216,1.3117394830019653,1.3070903309678423,1.3023477059356339,1.297507580767399,1.2925656466867346,1.2875172857948773,1.2823575401451213,1.2770810768395522,1.2716821485117393,1.2661545484367467,1.2604915593601442,1.2546858949533755,1.2487296325745765,1.2426141357295533,1.236329964271067,1.22986676992453,1.2232131741561918,1.2163566246673272,1.2092832258523316,1.2019775373275465,1.1944223330202592,1.1865983111614709,1.178483742648763,1.1700540413431826,1.1612812345049455,1.152133304112603,1.142573359269721,1.1325585847643616,1.1220388887065327,1.1109551391306958,1.099236829027044,1.0867989303309875,1.0735375702267584,1.0593239513709642,1.0439955714065419,1.0273431349596822,1.0090902895035183,0.9888607554371257,0.9661218048838844,0.9400794728566156,0.9094636736676485,0.8720201211841158,0.823015051867212,0.7486812246491118,0.3153179874102852,0.00037466408707905065,0.0002585196419877931,0.0002585196419877931,0.0002585196419877931,0.0002585196419877931,0.0002585196419877931,0.0002585196419877931,0.0002585196419877931,0.0002585196419877931,0.0002585196419877931,0.0002585196419877931,0.0002585196419877931,0.0002585196419877931,0.0002585196419877931,0.0002585196419877931,0.0002585196419877931,0.0002585196419877931,0.0002585196419877931,0.0002585196419877931,0.0002585196419877931,0.0002585196419877931,0.0002585196419877931,0.0002585196419877931,0.0002585196419877931,0.0002585196419877931,0.0002585196419877931,0.0002585196419877931,0.0002585196419877931,0.0002585196419877931,0.0002585196419877931,0.0002585196419877931,0.0002585196419877931,0.0002585196419877931,0.0002585196419877931,0.0002585196419877931,0.0002585196419877931,0.0002585196419877931,0.0002585196419877931,0.0002585196419877931,0.0002585196419877931,0.0002585196419877931,0.0002585196419877931,0.0002585196419877931,0.0002585196419877931,0.00025851964198779146,0.00025851964198779124,0.0002585196419877919,0.0002585196419877915,0.0002585196419877915,0.0002585196419877914,0.0002585196419877915,0.0002585196419877914,0.0002585196419877915,0.0002585196419877913,0.0002585196419877914,0.0002585196419877913,0.0002585196419877914,0.0002585196419877915,0.0002585196419877915,0.0002585196419877915,0.00025851964198779124,0.0002585196419877915,0.0002585196419877915,0.0002585196419877915,0.00025851964198779124,0.0002585196419877913,0.0002585196419877919,0.0002585196419877915,0.0002585196419877914,0.0002585196419877915,0.0002585196419877915,0.0002585196419877914,0.0002585196419877915,0.0002585196419877919,0.0002585196419877915,0.0002585196419877915,0.0002585196419877914,0.0002585196419877913,0.0002585196419877912,0.0002585196419877913,0.0002585196419877914,0.0002585196419877914,0.0002585196419877914,0.0002585196419877914,0.0002585196419877914,0.0002585196419877914,0.0002585196419877915,0.0002585196419877914,0.00025851964198779124,0.0002585196419877915,0.0002585196419877914,0.0002585196419877914,0.0002585196419877915,0.0002585196419877915,0.0002585196419877918
1.3628389872907274,1.359157380880941,1.3554182571139641,1.351619748709372,1.3477598884260436,1.3438366016461798,1.3398476981969307,1.3357908633508042,1.331663647929565,1.3274634574194382,1.323187539987431,1.3188329732688224,1.314396649773692,1.309875260735008,1.3052652781914587,1.300562935063894,1.295764202943783,1.2908647672640443,1.2858599994652042,1.2807449257009142,1.2755141915435968,1.2701620220499976,1.264682176423202,1.2590678963566055,1.2533118469591098,1.2474060489299645,1.2413418003638137,1.235109586205314,1.2286989729164908,1.2220984853397827,1.2152954619962306,1.2082758840980212,1.2010241723037887,1.1935229436009576,1.185752718517042,1.1776915659343032,1.1693146688100586,1.1605937886483013,1.151496598970476,1.1419858472964923,1.1320182897259718,1.1215433196590054,1.110501178554089,1.098820585300464,1.086415540499649,1.0731809327298563,1.0589863589787187,1.0436672003580882,1.0270113245999557,1.008738513813849,0.9884671391324801,0.9656569702849145,0.939503438049648,0.9087215788195988,0.8710373711082954,0.8216976414510765,0.7469663680933857,0.2898376655423824,0.000317436972105662,0.000258519641987793,0.000258519641987793,0.000258519641987793,0.000258519641987793,0.000258519641987793,0.000258519641987793,0.000258519641987793,0.000258519641987793,0.000258519641987793,0.000258519641987793,0.000258519641987793,0.000258519641987793,0.000258519641987793,0.000258519641987793,0.000258519641987793,0.000258519641987793,0.000258519641987793,0.000258519641987793,0.000258519641987793,0.000258519641987793,0.000258519641987793,0.000258519641987793,0.000258519641987793,0.000258519641987793,0.000258519641987793,0.000258519641987793,0.000258519641987793,0.000258519641987793,0.000258519641987793,0.000258519641987793,0.000258519641987793,0.000258519641987793,0.000258519641987793,0.000258519641987793,0.000258519641987793,0.000258519641987793,0.000258519641987793,0.000258519641987793,0.000258519641987793,0.000258519641987793,0.00025851964198779167,0.00025851964198779124,0.0002585196419877921,0.0002585196419877918,0.0002585196419877918,0.0002585196419877916,0.0002585196419877918,0.0002585196419877916,0.0002585196419877918,0.0002585196419877914,0.0002585196419877916,0.0002585196419877914,0.0002585196419877916,0.0002585196419877918,0.0002585196419877918,0.0002585196419877918,0.00025851964198779124,0.0002585196419877918,0.0002585196419877918,0.0002585196419877918,0.00025851964198779124,0.0002585196419877914,0.0002585196419877921,0.0002585196419877918,0.0002585196419877916,0.0002585196419877918,0.0002585196419877918,0.0002585196419877916,0.0002585196419877918,0.0002585196419877921,0.0002585196419877918,0.0002585196419877918,0.0002585196419877916,0.0002585196419877914,0.00025851964198779124,0.0002585196419877914,0.0002585196419877916,0.0002585196419877916,0.0002585196419877916,0.0002585196419877916,0.0002585196419877916,0.0002585196419877916,0.0002585196419877918,0.0002585196419877916,0.00025851964198779124,0.0002585196419877918,0.0002585196419877916,0.0002585196419877916,0.0002585196419877918,0.0002585196419877918,0.0002585196419877919
1.3760223997131682,1.372309668691221,1.368546170028738,1.364730616812824,1.3608616443194559,1.356937802128126,1.3529575456610794,1.348919227111625,1.3448210857179637,1.3406612373305036,1.3364376632113395,1.332148197994081,1.3277905167200617,1.3233621208527018,1.31886032315486,1.3142822312938183,1.3096247300143926,1.3048844616917366,1.3000578050407514,1.2951408517174934,1.2901293804981313,1.2850188286611564,1.2798042601265092,1.2744803298183167,1.2690412436126322,1.2634807131034682,1.2577919042639287,1.2519673788869805,1.245999027452863,1.239877991774775,1.2335945754047604,1.2271381393156087,1.2204969797825493,1.2136581846305117,1.206607463034118,1.1993289427829157,1.191804927248489,1.1840156020645738,1.1759386785442012,1.1675489568021928,1.1588177859760778,1.149712391170294,1.1401950257644007,1.130221891941747,1.1197417492050061,1.1086940961927738,1.097006758556929,1.0845926334736082,1.0713452091585849,1.0571322581358482,1.041786724316048,1.0250931419242295,1.0067666310358592,0.9864189049999526,0.963500042269743,0.9371911487935003,0.9061859833970995,0.8681798517254595,0.8183832459995379,0.7430863840177742,0.2584770290321811,0.00028208206734302635,0.00025851964198779303,0.00025851964198779303,0.00025851964198779303,0.00025851964198779303,0.00025851964198779303,0.00025851964198779303,0.00025851964198779303,0.00025851964198779303,0.00025851964198779303,0.00025851964198779303,0.00025851964198779303,0.00025851964198779303,0.00025851964198779303,0.00025851964198779303,0.00025851964198779303,0.00025851964198779303,0.00025851964198779303,0.00025851964198779303,0.00025851964198779303,0.00025851964198779303,0.00025851964198779303,0.00025851964198779303,0.00025851964198779303,0.00025851964198779303,0.00025851964198779303,0.00025851964198779303,0.00025851964198779303,0.00025851964198779303,0.00025851964198779303,0.00025851964198779303,0.00025851964198779303,0.00025851964198779303,0.00025851964198779303,0.00025851964198779303,0.00025851964198779303,0.00025851964198779303,0.00025851964198779303,0.0002585196419877916,0.0002585196419877912,0.0002585196419877922,0.0002585196419877917,0.0002585196419877917,0.00025851964198779156,0.0002585196419877917,0.00025851964198779156,0.0002585196419877917,0.0002585196419877913,0.00025851964198779156,0.0002585196419877913,0.00025851964198779156,0.0002585196419877917,0.0002585196419877917,0.0002585196419877917,0.0002585196419877912,0.0002585196419877917,0.0002585196419877917,0.0002585196419877917,0.0002585196419877912,0.0002585196419877913,0.0002585196419877922,0.0002585196419877917,0.00025851964198779156,0.0002585196419877917,0.0002585196419877917,0.00025851964198779156,0.0002585196419877917,0.0002585196419877922,0.0002585196419877917,0.0002585196419877917,0.00025851964198779156,0.0002585196419877913,0.0002585196419877912,0.0002585196419877913,0.00025851964198779156,0.00025851964198779156,0.00025851964198779156,0.00025851964198779156,0.00025851964198779156,0.00025851964198779156,0.0002585196419877917,0.00025851964198779156,0.0002585196419877912,0.0002585196419877917,0.00025851964198779156,0.00025851964198779156,0.0002585196419877917,0.0002585196419877917,0.0002585196419877917
1.3954162671204557,1.3917889904592342,1.3881122728320967,1.3843848345425283,1.3806053328879393,1.376772357460889,1.3728844251178387,1.3689399745596,1.364937360465707,1.3608748471219727,1.3567506014763617,1.3525626855529411,1.3483090481469133,1.34398751571543,1.339595782368838,1.3351313988549727,1.3305917604147801,1.3259740933705266,1.3212754402876956,1.3164926435277378,1.311622326980462,1.3066608757310594,1.3016044133764721,1.296448776657589,1.2911894870158314,1.2858217186128729,1.2803402622676727,1.2747394846621563,1.269013282041187,1.2631550274780847,1.2571575105862836,1.2510128683209727,1.244712505218792,1.2382470010518487,1.2316060034018097,1.224778102060179,1.2177506813909222,1.2105097457950227,1.2030397121156333,1.1953231611086985,1.1873405378240434,1.1790697876768275,1.1704859108214358,1.1615604117022762,1.1522606126508073,1.1425487890646264,1.132381067398932,1.1217060033227297,1.1104627217313903,1.0985784458689294,1.085965157637953,1.0725149941386987,1.0580937578670973,1.0425315257935792,1.0256086370743343,1.007034004064046,0.9864100052778721,0.9631723927851502,0.9364797494964944,0.9049894925160371,0.8663370503123046,0.8156359975898104,0.7390678005095362,0.2232973845981465,0.0002657581857191936,0.000258519641987793,0.000258519641987793,0.000258519641987793,0.000258519641987793,0.000258519641987793,0.000258519641987793,0.000258519641987793,0.000258519641987793,0.000258519641987793,0.000258519641987793,0.000258519641987793,0.000258519641987793,0.000258519641987793,0.000258519641987793,0.000258519641987793,0.000258519641987793,0.000258519641987793,0.000258519641987793,0.000258519641987793,0.000258519641987793,0.000258519641987793,0.000258519641987793,0.000258519641987793,0.000258519641987793,0.000258519641987793,0.000258519641987793,0.000258519641987793,0.000258519641987793,0.000258519641987793,0.000258519641987793,0.000258519641987793,0.000258519641987793,0.000258519641987793,0.000258519641987793,0.0002585196419877915,0.00025851964198779113,0.00025851964198779216,0.0002585196419877917,0.0002585196419877917,0.0002585196419877915,0.0002585196419877917,0.0002585196419877915,0.0002585196419877917,0.0002585196419877912,0.0002585196419877915,0.0002585196419877912,0.0002585196419877915,0.0002585196419877917,0.0002585196419877917,0.0002585196419877917,0.00025851964198779113,0.0002585196419877917,0.0002585196419877917,0.0002585196419877917,0.00025851964198779113,0.0002585196419877912,0.00025851964198779216,0.0002585196419877917,0.0002585196419877915,0.0002585196419877917,0.0002585196419877917,0.0002585196419877915,0.0002585196419877917,0.00025851964198779216,0.0002585196419877917,0.0002585196419877917,0.0002585196419877915,0.0002585196419877912,0.00025851964198779113,0.0002585196419877912,0.0002585196419877915,0.0002585196419877915,0.0002585196419877915,0.0002585196419877915,0.0002585196419877915,0.0002585196419877915,0.0002585196419877917,0.0002585196419877915,0.00025851964198779113,0.0002585196419877917,0.0002585196419877915,0.0002585196419877915,0.0002585196419877917,0.0002585196419877917,0.00025851964198779167
1.4105116223592133,1.407043195643567,1.4035299403755697,1.3999707537140833,1.3963644779775592,1.3927098965765397,1.3890057296811487,1.3852506295840057,1.3814431757187369,1.3775818692931028,1.373665127493731,1.3696912772164775,1.3656585482725054,1.3615650660151852,1.3574088433267717,1.3531877718963785,1.3488996127118678,1.3445419856776901,1.3401123582581895,1.3356080330310631,1.3310261340182077,1.3263635916404928,1.3216171261185834,1.3167832291129369,1.3118581433616716,1.3068378400339682,1.3017179934676055,1.2964939529003618,1.2911607107341156,1.285712866784713,1.280144587866476,1.2744495619329952,1.2686209458397788,1.2626513056017152,1.2565325477793963,1.2502558403300486,1.2438115208841274,1.237188989934677,1.2303765858228282,1.2233614376278088,1.2161292910670092,1.208664301202688,1.2009487840276791,1.192962916708661,1.184684373181606,1.1760878776001467,1.167144652363379,1.1578217293921471,1.1480810819132565,1.137878517592992,1.1271622498138367,1.1158710279673123,1.1039316527897132,1.0912556169380738,1.0777344728913774,1.0632333008295929,1.0475812537504252,1.030557445831199,1.0118691039902996,0.9911161946614612,0.96773086500729,0.940866033658508,0.9091696550168967,0.870260023515789,0.8192158249757119,0.7421305844102147,0.22148473908558378,0.00026510393677753286,0.00025851964198779314,0.00025851964198779314,0.00025851964198779314,0.00025851964198779314,0.00025851964198779314,0.00025851964198779314,0.00025851964198779314,0.00025851964198779314,0.00025851964198779314,0.00025851964198779314,0.00025851964198779314,0.00025851964198779314,0.00025851964198779314,0.00025851964198779314,0.00025851964198779314,0.00025851964198779314,0.00025851964198779314,0.00025851964198779314,0.00025851964198779314,0.00025851964198779314,0.00025851964198779314,0.00025851964198779314,0.00025851964198779314,0.00025851964198779314,0.00025851964198779314,0.00025851964198779314,0.00025851964198779314,0.00025851964198779314,0.00025851964198779314,0.00025851964198779314,0.00025851964198779314,0.0002585196419877916,0.0002585196419877913,0.000258519641987792,0.0002585196419877917,0.0002585196419877917,0.0002585196419877916,0.0002585196419877917,0.0002585196419877916,0.0002585196419877917,0.0002585196419877914,0.0002585196419877916,0.0002585196419877914,0.0002585196419877916,0.0002585196419877917,0.0002585196419877917,0.0002585196419877917,0.00025851964198779135,0.0002585196419877917,0.0002585196419877917,0.0002585196419877917,0.0002585196419877913,0.0002585196419877914,0.000258519641987792,0.0002585196419877917,0.0002585196419877916,0.0002585196419877917,0.0002585196419877917,0.0002585196419877916,0.0002585196419877917,0.000258519641987792,0.0002585196419877917,0.0002585196419877917,0.0002585196419877916,0.0002585196419877914,0.0002585196419877913,0.0002585196419877914,0.0002585196419877916,0.0002585196419877916,0.0002585196419877916,0.0002585196419877916,0.0002585196419877916,0.0002585196419877916,0.0002585196419877917,0.0002585196419877916,0.00025851964198779135,0.0002585196419877917,0.0002585196419877916,0.0002585196419877916,0.0002585196419877917,0.0002585196419877917,0.0002585196419877917
1.4206241108706492,1.4174238371938601,1.4141821385052515,1.4108979096826701,1.4075699985949253,1.4041972031990924,1.4007782684258998,1.397311882834991,1.393796675019009,1.3902312097324014,1.386613983717561,1.3829434211973295,1.379217868998946,1.3754355912701302,1.3715947637430608,1.3676934674964436,1.3637296821595326,1.3597012784947264,1.3556060102870533,1.35144150545926,1.3472052563201269,1.342894608840729,1.338506750838331,1.334038698930039,1.3294872840976986,1.3248491356812857,1.320120663589369,1.3152980384812836,1.310377169635274,1.3053536801686658,1.3002228792183557,1.2949797306203839,1.2896188175433119,1.2841343024280758,1.2785198814624759,1.2727687326657613,1.2668734564705204,1.260826007455697,1.2546176155934872,1.248238695007602,1.2416787377789347,1.2349261897476431,1.2279683045082532,1.2207909708223108,1.2133785074065266,1.2057134173889406,1.1977760925142358,1.1895444542119107,1.1809935146133745,1.1720948350693499,1.1628158520101026,1.1531190290942894,1.142960778937454,1.1322900748141456,1.12104663856421,1.1091585388131064,1.0965389520820095,1.0830817081414619,1.068655022796391,1.0530924446997134,1.0361793635893333,1.0176321370588384,0.9970642836922379,0.9739284927687438,0.9474094960620839,0.9162054514973471,0.8780141810436797,0.8280316234156746,0.7524157640590978,0.28220888992224724,0.0003034983175735235,0.00025851964198779324,0.00025851964198779324,0.00025851964198779324,0.00025851964198779324,0.00025851964198779324,0.00025851964198779324,0.00025851964198779324,0.00025851964198779324,0.00025851964198779324,0.00025851964198779324,0.00025851964198779324,0.00025851964198779324,0.00025851964198779324,0.00025851964198779324,0.00025851964198779324,0.00025851964198779324,0.00025851964198779324,0.00025851964198779324,0.00025851964198779324,0.00025851964198779324,0.00025851964198779324,0.00025851964198779324,0.00025851964198779324,0.00025851964198779324,0.00025851964198779324,0.00025851964198779324,0.00025851964198779324,0.00025851964198779324,0.0002585196419877915,0.00025851964198779124,0.00025851964198779205,0.0002585196419877917,0.0002585196419877917,0.0002585196419877915,0.0002585196419877917,0.0002585196419877915,0.0002585196419877917,0.00025851964198779135,0.0002585196419877915,0.00025851964198779135,0.0002585196419877915,0.0002585196419877917,0.0002585196419877917,0.0002585196419877917,0.0002585196419877913,0.0002585196419877917,0.0002585196419877917,0.0002585196419877917,0.00025851964198779124,0.00025851964198779135,0.00025851964198779205,0.0002585196419877917,0.0002585196419877915,0.0002585196419877917,0.0002585196419877917,0.0002585196419877915,0.0002585196419877917,0.00025851964198779205,0.0002585196419877917,0.0002585196419877917,0.0002585196419877915,0.00025851964198779135,0.00025851964198779124,0.00025851964198779135,0.0002585196419877915,0.0002585196419877915,0.0002585196419877915,0.0002585196419877915,0.0002585196419877915,0.0002585196419877915,0.0002585196419877917,0.0002585196419877915,0.0002585196419877913,0.0002585196419877917,0.0002585196419877915,0.0002585196419877915,0.0002585196419877917,0.0002585196419877917,0.00025851964198779167
1.4307571628798734,1.4276909005909013,1.42458676789311,1.4214437992412763,1.4182609893406495,1.415037290941257,1.4117716124497421,1.4084628153481795,1.405109711406782,1.4017110596749602,1.398265563232697,1.3947718656815862,1.3912285473520978,1.3876341212005747,1.3839870283660938,1.380285633353553,1.3765282188051047,1.372712979817243,1.3688380177553865,1.3649013335115605,1.3609008201436232,1.3568342548262609,1.3526992900345038,1.3484934438695453,1.3442140894239472,1.3398584430685159,1.3354235515258854,1.3309062775756384,1.3263032842120626,1.3216110170476805,1.3168256847226063,1.3119432370405157,1.3069593405052222,1.3018693508758674,1.2966682822914797,1.2913507724344935,1.2859110431044687,1.2803428554534384,1.2746394589876888,1.2687935332603302,1.2627971209557554,1.2566415507891706,1.250317348296316,1.2438141321496123,1.2371204930797253,1.230223851768592,1.22311029116051,1.215764357441811,1.2081688223692508,1.2003043975447472,1.1921493884424632,1.1836792722080485,1.1748661780489378,1.1656782417904266,1.1560787959270555,1.1460253417643487,1.1354682286581068,1.1243489330704701,1.1125977807441174,1.100130877674111,1.0868458900032156,1.0726161029677226,1.0572818239766864,1.0406375312400964,1.022411897319217,1.0022352197568025,0.9795830627753281,0.9536709994649124,0.9232370315217991,0.8860230713377464,0.8372390769646526,0.7628071215737157,0.39746860410119594,0.0009203065389612287,0.00025851964198779303,0.00025851964198779303,0.00025851964198779303,0.00025851964198779303,0.00025851964198779303,0.00025851964198779303,0.00025851964198779303,0.00025851964198779303,0.00025851964198779303,0.00025851964198779303,0.00025851964198779303,0.00025851964198779303,0.00025851964198779303,0.00025851964198779303,0.00025851964198779303,0.00025851964198779303,0.00025851964198779303,0.00025851964198779303,0.00025851964198779303,0.00025851964198779303,0.00025851964198779303,0.00025851964198779303,0.00025851964198779303,0.00025851964198779303,0.00025851964198779303,0.00025851964198779146,0.00025851964198779124,0.00025851964198779205,0.0002585196419877917,0.0002585196419877917,0.00025851964198779146,0.00025851964198779167,0.00025851964198779146,0.0002585196419877917,0.0002585196419877913,0.00025851964198779146,0.0002585196419877913,0.00025851964198779146,0.0002585196419877917,0.0002585196419877917,0.00025851964198779167,0.0002585196419877913,0.0002585196419877917,0.0002585196419877917,0.00025851964198779167,0.00025851964198779124,0.0002585196419877913,0.00025851964198779205,0.00025851964198779167,0.00025851964198779146,0.00025851964198779167,0.0002585196419877917,0.00025851964198779146,0.0002585196419877917,0.00025851964198779205,0.0002585196419877917,0.0002585196419877917,0.00025851964198779146,0.0002585196419877913,0.00025851964198779124,0.0002585196419877913,0.00025851964198779146,0.00025851964198779146,0.00025851964198779146,0.00025851964198779146,0.00025851964198779146,0.00025851964198779146,0.0002585196419877917,0.00025851964198779146,0.0002585196419877913,0.0002585196419877917,0.00025851964198779146,0.00025851964198779146,0.0002585196419877917,0.0002585196419877917,0.00025851964198779167
1.4396138037649995,1.4366451895947228,1.4336420631511468,1.4306036080206277,1.4275289745215953,1.4244172778367301,1.4212675960014578,1.4180789677407337,1.414850390144412,1.4115808161698535,1.4082691519587416,1.4049142539533315,1.401514925795484,1.3980699149898024,1.394577909309969,1.3910375329248788,1.3874473422184017,1.3838058212734754,1.3801113769876725,1.376362333783382,1.3725569278711491,1.3686933010194864,1.3647694937784567,1.360783438097455,1.356732949269656,1.352615717126459,1.348429296394635,1.3441710961166031,1.339838368019934,1.3354281937054908,1.3309374705040746,1.3263628958284959,1.3217009498209888,1.3169478760639524,1.3120996600841397,1.307152005335348,1.3021003062907952,1.2969396182117217,1.2916646230808335,1.2862695910948732,1.2807483369957855,1.2750941703795795,1.2692998389493615,1.2633574634655702,1.257258462880893,1.2509934678148542,1.2445522201039134,1.2379234556306444,1.2310947669544057,1.2240524413869207,1.2167812690117978,1.209264313642721,1.2014826377172307,1.1934149694400338,1.1850372968429639,1.1763223684065205,1.1672390728722313,1.157751660920687,1.1478187570222556,1.1373920886349524,1.126414828186682,1.1148193944966727,1.1025244833375782,1.0894309718463389,1.0754161316200856,1.060325219297076,1.0439588463031049,1.026053249160012,1.0062479686649142,0.9840296975664853,0.9586271658925124,0.9287940274686571,0.8922945555900379,0.8444029175594275,0.7715204722900549,0.5305723141996358,0.00652572788669434,0.0002585196419877983,0.00025851964198779286,0.00025851964198779286,0.00025851964198779286,0.00025851964198779286,0.00025851964198779286,0.00025851964198779286,0.00025851964198779286,0.00025851964198779286,0.00025851964198779286,0.00025851964198779286,0.00025851964198779286,0.00025851964198779286,0.00025851964198779286,0.00025851964198779286,0.00025851964198779286,0.00025851964198779286,0.00025851964198779286,0.00025851964198779286,0.00025851964198779286,0.00025851964198779286,0.00025851964198779286,0.00025851964198779167,0.00025851964198779135,0.00025851964198779205,0.00025851964198779183,0.00025851964198779183,0.00025851964198779167,0.0002585196419877918,0.00025851964198779167,0.00025851964198779183,0.0002585196419877914,0.00025851964198779167,0.0002585196419877914,0.00025851964198779167,0.00025851964198779183,0.00025851964198779183,0.0002585196419877918,0.0002585196419877914,0.00025851964198779183,0.00025851964198779183,0.0002585196419877918,0.00025851964198779135,0.0002585196419877914,0.00025851964198779205,0.0002585196419877918,0.00025851964198779167,0.0002585196419877918,0.00025851964198779183,0.00025851964198779167,0.00025851964198779183,0.00025851964198779205,0.00025851964198779183,0.00025851964198779183,0.00025851964198779167,0.0002585196419877914,0.00025851964198779135,0.0002585196419877914,0.00025851964198779167,0.00025851964198779167,0.00025851964198779167,0.00025851964198779167,0.00025851964198779167,0.00025851964198779167,0.00025851964198779183,0.00025851964198779167,0.0002585196419877914,0.00025851964198779183,0.00025851964198779167,0.00025851964198779167,0.00025851964198779183,0.00025851964198779183,0.0002585196419877918
1.4463046673921474,1.4434925490264814,1.4406483651884237,1.437771354048661,1.4348607251679202,1.4319156580060646,1.4289353003326453,1.425918766530877,1.4228651357862343,1.419773450150017,1.4166427124672762,1.4134718841574285,1.410259882834707,1.4070055797542667,1.4037077970682745,1.4003653048746556,1.3969768180392805,1.3935409927702815,1.3900564229207895,1.3865216359937085,1.3829350888190797,1.3792951628711412,1.3756001591882492,1.3718482928543474,1.36803768699555,1.3641663662395516,1.3602322495788506,1.3562331425710399,1.3521667288005188,1.3480305605156564,1.343822048343513,1.3395384499703253,1.3351768576597776,1.3307341844621483,1.3262071489451972,1.32159225825151,1.3168857892561077,1.3120837675614947,1.3071819440236918,1.3021757684506745,1.2970603600520674,1.2918304741435025,1.2864804645176848,1.2810042407829754,1.275395219834203,1.2696462704529714,1.2637496498275003,1.2576969305239973,1.2514789161181734,1.2450855432873575,1.2385057676447613,1.2317274299325207,1.224737098330912,1.2175198815208863,1.2100592056623465,1.2023365464891862,1.1943311050842995,1.1860194123076404,1.1773748419005776,1.1683670053689295,1.1589609919216184,1.1491164025585388,1.138786106549846,1.1279146172718146,1.1164359363923184,1.104270639972453,1.0913218581118198,1.0774695963314322,1.062562495089303,1.0464054897205632,1.0287406334082088,1.009215941534801,0.987331949146968,0.9623435639222228,0.9330630650963818,0.8974134443322126,0.8512149526956727,0.7836870456455843,0.6379986118872886,0.030221150954689396,0.0002585196427686981,0.000258519641987793,0.000258519641987793,0.000258519641987793,0.000258519641987793,0.000258519641987793,0.000258519641987793,0.000258519641987793,0.000258519641987793,0.000258519641987793,0.000258519641987793,0.000258519641987793,0.000258519641987793,0.000258519641987793,0.000258519641987793,0.000258519641987793,0.000258519641987793,0.000258519641987793,0.000258519641987793,0.0002585196419877916,0.00025851964198779135,0.00025851964198779205,0.0002585196419877918,0.00025851964198779183,0.0002585196419877916,0.0002585196419877917,0.0002585196419877916,0.0002585196419877918,0.0002585196419877914,0.0002585196419877916,0.0002585196419877914,0.0002585196419877916,0.0002585196419877918,0.0002585196419877918,0.0002585196419877917,0.0002585196419877914,0.00025851964198779183,0.0002585196419877918,0.0002585196419877917,0.00025851964198779135,0.0002585196419877914,0.00025851964198779205,0.0002585196419877917,0.0002585196419877916,0.0002585196419877917,0.0002585196419877918,0.0002585196419877916,0.00025851964198779183,0.00025851964198779205,0.0002585196419877918,0.0002585196419877918,0.0002585196419877916,0.0002585196419877914,0.00025851964198779135,0.0002585196419877914,0.0002585196419877916,0.0002585196419877916,0.0002585196419877916,0.0002585196419877916,0.0002585196419877916,0.0002585196419877916,0.00025851964198779183,0.0002585196419877916,0.0002585196419877914,0.00025851964198779183,0.0002585196419877916,0.0002585196419877916,0.00025851964198779183,0.00025851964198779183,0.00025851964198779167
1.456452369952398,1.453703723624808,1.4509251507343337,1.4481159782354236,1.4452755088841551,1.442403020018225,1.4394977622588305,1.436558958128485,1.433585800578227,1.4305774514170733,1.4275330396358596,1.42445165961686,1.4213323692197173,1.4181741877332896,1.4149760936819533,1.4117370224737509,1.4084558638764573,1.4051314593061817,1.4017625989114828,1.3983480184341404,1.394886395825651,1.391376347596186,1.3878164248701133,1.3842051091191994,1.3805408075412238,1.37682184804789,1.373046473821536,1.3692128373951469,1.365318994204435,1.3613628955542025,1.357342380933636,1.35325516960648,1.349098851391978,1.3448708765407928,1.340568544596568,1.3361889921179684,1.3317291791175503,1.327185874052104,1.322555637173554,1.3178348020193036,1.313019454785097,1.3081054112808153,1.3030881911186438,1.2979629887218278,1.2927246406683974,1.2873675887947982,1.2818858383754084,1.2762729105606028,1.2705217880918984,1.2646248531095872,1.258573815615252,1.2523596308344471,1.2459724033246116,1.2394012751645567,1.2326342949102382,1.2256582631600321,1.218458549476585,1.2110188739712318,1.2033210449435687,1.1953446414012379,1.1870666258002822,1.1784608675586852,1.1694975512300834,1.1601424338104538,1.1503559021454097,1.1400917616983535,1.1292956586379739,1.1179029927257067,1.1058361093999505,1.0930004493567769,1.0792791533067965,1.0645253133340695,1.0485505229402208,1.031107385173825,1.0118617134877463,0.9903461870520494,0.9658783673120568,0.9374042383393982,0.9031678028166567,0.8599055728712874,0.8003852197274014,0.7015453900120218,0.0818822523639416,0.00025852176455185195,0.0002585196419877929,0.0002585196419877929,0.0002585196419877929,0.0002585196419877929,0.0002585196419877929,0.0002585196419877929,0.0002585196419877929,0.0002585196419877929,0.0002585196419877929,0.0002585196419877929,0.0002585196419877929,0.0002585196419877929,0.0002585196419877929,0.0002585196419877929,0.0002585196419877929,0.00025851964198779146,0.0002585196419877912,0.00025851964198779227,0.00025851964198779167,0.0002585196419877917,0.00025851964198779146,0.00025851964198779167,0.00025851964198779146,0.00025851964198779167,0.0002585196419877913,0.00025851964198779146,0.0002585196419877913,0.00025851964198779146,0.00025851964198779167,0.00025851964198779167,0.00025851964198779167,0.0002585196419877913,0.0002585196419877917,0.00025851964198779167,0.00025851964198779167,0.0002585196419877912,0.0002585196419877913,0.00025851964198779227,0.00025851964198779167,0.00025851964198779146,0.00025851964198779167,0.00025851964198779167,0.00025851964198779146,0.00025851964198779183,0.00025851964198779227,0.00025851964198779167,0.00025851964198779167,0.00025851964198779146,0.0002585196419877913,0.0002585196419877912,0.0002585196419877913,0.00025851964198779146,0.00025851964198779146,0.00025851964198779146,0.00025851964198779146,0.00025851964198779146,0.00025851964198779146,0.0002585196419877917,0.00025851964198779146,0.0002585196419877913,0.0002585196419877917,0.00025851964198779146,0.00025851964198779146,0.0002585196419877917,0.0002585196419877917,0.0002585196419877916
1.4723306516594052,1.469556033158244,1.466753028134788,1.4639210681094446,1.4610595641797468,1.4581679060896848,1.4552454612259198,1.452291573537544,1.4493055623754445,1.446286721246696,1.4432343164787775,1.4401475857877384,1.4370257367437351,1.43386794512661,1.4306733531633617,1.427441067638487,1.424170157867194,1.4208596535204272,1.4175085422894744,1.4141157673766027,1.4106802247967372,1.4072007604735564,1.4036761671115692,1.4001051808236884,1.3964864774915289,1.3928186688330513,1.3891002981492546,1.3853298357182895,1.3815056738015938,1.377626121222355,1.3736893974716993,1.369693626292393,1.3656368286834226,1.3615169152613995,1.3573316779062292,1.353078780608617,1.3487557494255586,1.3443599614366823,1.3398886325788308,1.3353388042181447,1.3307073282976702,1.3259908508734832,1.3211857938227554,1.3162883344721379,1.3112943828530919,1.306199556240926,1.3009991505744347,1.2956881082808827,1.2902609819437008,1.2847118931439685,1.2790344856767533,1.273221872183594,1.267266573044889,1.2611604461303616,1.2548946056985348,1.2484593283493,1.2418439434431734,1.2350367047744706,1.2280246394794796,1.2207933691147026,1.2133268964710304,1.2056073498806879,1.197614674359635,1.1893262556716802,1.1807164589569141,1.1717560574271422,1.162411518031472,1.1526440987715931,1.142408694688086,1.1316523435724022,1.120312263516102,1.1083132347118807,1.0955640441361463,1.0819525602657785,1.067338752474666,1.0515445332615347,1.034338514317816,1.015412275288175,0.9943417407104349,0.970520754567958,0.9430384810890388,0.9104307939549476,0.8701044061117272,0.8166972867948314,0.7352235865108793,0.1627335854982937,0.00025905464601438347,0.0002585196419877932,0.0002585196419877932,0.0002585196419877932,0.0002585196419877932,0.0002585196419877932,0.0002585196419877932,0.0002585196419877932,0.0002585196419877932,0.0002585196419877932,0.0002585196419877932,0.0002585196419877932,0.0002585196419877932,0.0002585196419877916,0.0002585196419877912,0.00025851964198779227,0.0002585196419877919,0.0002585196419877919,0.0002585196419877916,0.00025851964198779183,0.0002585196419877916,0.0002585196419877919,0.0002585196419877914,0.0002585196419877916,0.0002585196419877914,0.0002585196419877916,0.0002585196419877919,0.0002585196419877919,0.00025851964198779183,0.0002585196419877914,0.0002585196419877919,0.0002585196419877919,0.00025851964198779183,0.0002585196419877912,0.0002585196419877914,0.00025851964198779227,0.00025851964198779183,0.0002585196419877916,0.00025851964198779183,0.0002585196419877919,0.0002585196419877916,0.0002585196419877919,0.00025851964198779227,0.0002585196419877919,0.0002585196419877919,0.0002585196419877916,0.0002585196419877914,0.00025851964198779124,0.00025851964198779135,0.0002585196419877916,0.0002585196419877916,0.0002585196419877916,0.0002585196419877916,0.0002585196419877916,0.0002585196419877916,0.0002585196419877919,0.0002585196419877916,0.0002585196419877914,0.0002585196419877919,0.0002585196419877916,0.0002585196419877916,0.0002585196419877919,0.0002585196419877919,0.0002585196419877918
1.4880555371317463,1.4853073953813345,1.4825324550518122,1.4797302190138877,1.4769001735037306,1.4740417872030755,1.471154510270263,1.4682377733198215,1.4652909863473897,1.4623135375960887,1.4593047923597982,1.4562640917181846,1.453190751197741,1.4500840593525062,1.446943276257546,1.44376763190765,1.4405563245130417,1.4373085186831835,1.4340233434889835,1.4306998903928416,1.4273372110350244,1.4239343148637833,1.4204901665954281,1.4170036834892323,1.413473732420507,1.4098991267334868,1.4062786228537136,1.4026109166374197,1.3988946394329216,1.3951283538262012,1.391310549039653,1.3874396359492973,1.383513941681599,1.379531703746239,1.3754910636557325,1.3713900599764883,1.3672266207486918,1.362998555204052,1.3587035447008178,1.3543391327842955,1.3499027142681248,1.3453915232164162,1.340802619689183,1.3361328750927242,1.3313789559522196,1.3265373058949619,1.3216041255985143,1.3165753504174822,1.3114466253541286,1.306213276979993,1.3008702818457976,1.2954122308324534,1.2898332887934205,1.2841271487135428,1.2782869794560068,1.2723053659798866,1.2661742406761614,1.2598848041775355,1.2534274336302487,1.246791575952201,1.2399656230115956,1.2329367649038623,1.2256908165272706,1.218212011384073,1.210482754859246,1.2024833270049036,1.1941915218737829,1.1855822063937556,1.176626776207291,1.1672924781436365,1.157541558026642,1.1473301767668231,1.136607014641048,1.1253114492753364,1.113371140378411,1.1006987721905932,1.0871875725007645,1.0727050074352193,1.0570836720823262,1.0401077132742238,1.0214918221407843,1.0008472083905453,0.9776232369277049,0.9509996282846859,0.9196665486475856,0.8813081142009778,0.8310941976487708,0.7551232058511914,0.2791491510359104,0.00029870769216688647,0.00025851964198779314,0.00025851964198779314,0.00025851964198779314,0.00025851964198779314,0.00025851964198779314,0.00025851964198779314,0.00025851964198779314,0.00025851964198779314,0.00025851964198779314,0.00025851964198779183,0.0002585196419877914,0.00025851964198779227,0.0002585196419877919,0.000258519641987792,0.00025851964198779183,0.0002585196419877919,0.00025851964198779183,0.0002585196419877919,0.00025851964198779146,0.00025851964198779183,0.00025851964198779146,0.00025851964198779183,0.0002585196419877919,0.0002585196419877919,0.0002585196419877919,0.00025851964198779146,0.000258519641987792,0.0002585196419877919,0.0002585196419877919,0.0002585196419877914,0.00025851964198779146,0.00025851964198779227,0.0002585196419877919,0.00025851964198779183,0.0002585196419877919,0.0002585196419877919,0.00025851964198779183,0.000258519641987792,0.00025851964198779227,0.0002585196419877919,0.0002585196419877919,0.00025851964198779183,0.00025851964198779146,0.0002585196419877914,0.00025851964198779146,0.00025851964198779183,0.00025851964198779183,0.00025851964198779183,0.00025851964198779183,0.00025851964198779183,0.00025851964198779183,0.000258519641987792,0.00025851964198779183,0.00025851964198779146,0.000258519641987792,0.00025851964198779183,0.00025851964198779183,0.000258519641987792,0.000258519641987792,0.0002585196419877919
1.4968513990184558,1.4942859688087702,1.491695542094904,1.4890796236818216,1.4864377024479518,1.4837692506839233,1.4810737233815077,1.478350557472292,1.4755991710148635,1.4728189623286283,1.4700093090718285,1.4671695672607787,1.464299070226855,1.4613971275072655,1.4584630236651437,1.455496017033995,1.4524953383809822,1.4494601894829728,1.446389741608638,1.4432831338992382,1.4401394716399682,1.4369578244129393,1.4337372241219688,1.4304766628783432,1.4271750907356235,1.4238314132603098,1.420444488923801,1.4170131262995451,1.413536081047522,1.4100120526662594,1.4064396809903743,1.4028175424091502,1.399144145778856,1.395417927998327,1.3916372492137181,1.3878003876142322,1.383905533775938,1.379950784505441,1.375934136129035,1.371853477165917,1.367706580315951,1.363491093683096,1.3592045311448018,1.3548442617651115,1.3504074981345886,1.3458912835031407,1.341292477551842,1.3366077406264036,1.3318335162273296,1.3269660115191149,1.3220011755821013,1.3169346750844275,1.3117618669963187,1.3064777679026638,1.3010770193899057,1.295553848886422,1.2899020252176943,1.2841148079933646,1.2781848897658963,1.2721043296811858,1.265864477068513,1.2594558830754492,1.2528681980225358,1.2460900516056084,1.23910891237396,1.231910922010134,1.2244806987630092,1.2168011028438146,1.2088529545487776,1.20061469312777,1.1920619606930971,1.1831670903401073,1.1738984705074214,1.1642197474863838,1.1540888134127743,1.143456505676365,1.1322649116124675,1.1204451231390629,1.107914208530557,1.0945710428816258,1.0802904281208967,1.0649145662333528,1.0482402801449868,1.0299990913664048,1.0098246348712134,0.987196089021647,0.9613322033731266,0.9309717460139045,0.8938498784997566,0.8451499272879298,0.7707366065371042,0.4598991318494175,0.0022301514850044347,0.00025851964198779314,0.00025851964198779314,0.00025851964198779314,0.00025851964198779314,0.00025851964198779314,0.00025851964198779314,0.0002585196419877919,0.0002585196419877915,0.00025851964198779227,0.00025851964198779194,0.000258519641987792,0.0002585196419877919,0.00025851964198779194,0.0002585196419877919,0.00025851964198779194,0.00025851964198779156,0.0002585196419877919,0.00025851964198779156,0.0002585196419877919,0.00025851964198779194,0.00025851964198779194,0.00025851964198779194,0.00025851964198779156,0.000258519641987792,0.00025851964198779194,0.00025851964198779194,0.0002585196419877915,0.00025851964198779156,0.00025851964198779227,0.00025851964198779194,0.0002585196419877919,0.00025851964198779194,0.000258519641987792,0.0002585196419877919,0.00025851964198779205,0.00025851964198779227,0.00025851964198779194,0.00025851964198779194,0.0002585196419877919,0.00025851964198779156,0.00025851964198779156,0.00025851964198779156,0.0002585196419877919,0.0002585196419877919,0.0002585196419877919,0.0002585196419877919,0.0002585196419877919,0.0002585196419877919,0.000258519641987792,0.0002585196419877919,0.00025851964198779156,0.000258519641987792,0.0002585196419877919,0.0002585196419877919,0.000258519641987792,0.000258519641987792,0.0002585196419877919
1.5063052295361774,1.5038302438434517,1.5013320123040133,1.498810088344722,1.4962640116598398,1.4936933076176546,1.4910974866349223,1.4884760435169728,1.4858284567611637,1.4831541878211656,1.4804526803293832,1.4777233592745849,1.4749656301315748,1.4721788779394864,1.4693624663249856,1.466515736466351,1.4636380059940652,1.4607285678231552,1.45778668891211,1.4548116089427365,1.4518025389148024,1.448758659648752,1.4456791201891461,1.4425630361007957,1.439409487648772,1.4362175178526302,1.4329861304042226,1.4297142874374087,1.426400907136791,1.423044861171261,1.4196449719366608,1.4162000095901828,1.4127086888572589,1.4091696655895642,1.4055815330503796,1.401942817900848,1.3982519758576164,1.394507386988869,1.3907073506118315,1.3868500797503185,1.3829336951057758,1.3789562184893898,1.3749155656561098,1.370809538473665,1.3666358163507508,1.3623919468382122,1.3580753353050938,1.3536832335775164,1.3492127274121108,1.34466072265677,1.340023929929223,1.335298847617715,1.3304817429771252,1.325568631057114,1.3205552511551906,1.3154370404353282,1.3102091042900312,1.3048661829481256,1.29940261373892,1.293812288311836,1.288088603974095,1.2822244081410605,1.2762119346859004,1.2700427307163036,1.2637075719813584,1.2571963647020037,1.2504980310974485,1.2436003752122944,1.2364899247862344,1.229151743783145,1.2215692087153593,1.2137237399292131,1.2055944763693696,1.1971578787354522,1.1883872409773266,1.1792520831335658,1.1697173886688008,1.1597426352603875,1.1492805471232828,1.138275465711011,1.1266611877763855,1.1143580446838572,1.1012688757598308,1.087273347011612,1.0722197193878173,1.0559125476597997,1.0380936181836407,1.0184110980890275,0.9963668880175099,0.9712206121485866,0.9417987801122227,0.9060681936616198,0.8600025600484755,0.7935519204385494,0.6602384779103733,0.03912466873379975,0.00025851964762159824,0.000258519641987793,0.000258519641987793,0.00025851964198779194,0.0002585196419877916,0.00025851964198779227,0.000258519641987792,0.000258519641987792,0.00025851964198779194,0.000258519641987792,0.00025851964198779194,0.000258519641987792,0.00025851964198779167,0.00025851964198779194,0.00025851964198779167,0.00025851964198779194,0.000258519641987792,0.000258519641987792,0.000258519641987792,0.00025851964198779167,0.000258519641987792,0.000258519641987792,0.000258519641987792,0.0002585196419877916,0.00025851964198779167,0.0002585196419877923,0.000258519641987792,0.00025851964198779194,0.000258519641987792,0.000258519641987792,0.00025851964198779194,0.000258519641987792,0.00025851964198779227,0.000258519641987792,0.000258519641987792,0.00025851964198779194,0.00025851964198779167,0.0002585196419877916,0.00025851964198779167,0.00025851964198779194,0.00025851964198779194,0.00025851964198779194,0.00025851964198779194,0.00025851964198779194,0.00025851964198779194,0.000258519641987792,0.00025851964198779194,0.00025851964198779167,0.000258519641987792,0.00025851964198779194,0.00025851964198779194,0.000258519641987792,0.000258519641987792,0.0002585196419877919
1.5144522196093135,1.5119920239745863,1.509511867273812,1.5070114652823028,1.504490515729093,1.5019486972799383,1.4993856685090257,1.4968010668695608,1.4941945076718455,1.4915655830758707,1.4889138611038515,1.486238884676539,1.483540170675531,1.4808172090322418,1.4780694618426413,1.475296362505364,1.472497314879362,1.469671692455887,1.4668188375382822,1.4639380604218515,1.4610286385649223,1.4580898157411688,1.4551208011622832,1.4521207685591802,1.449088855209089,1.4460241608951108,1.4429257467840828,1.439792634207889,1.4366238033326637,1.4334181916996263,1.430174692620549,1.4268921534100727,1.4235693734362005,1.4202051019693143,1.4167980358089332,1.413346816666106,1.409850028277826,1.4063061932280472,1.4027137694478242,1.3990711463646242,1.395376640668035,1.3916284916557404,1.3878248561197575,1.3839638027283945,1.380043305854124,1.3760612387914173,1.3720153663014567,1.3679033364123243,1.3637226713935822,1.359470757812876,1.3551448355689963,1.3507419857804208,1.3462591173902578,1.3416929523272636,1.33704000903755,1.3322965841719783,1.3274587321791098,1.322522242511777,1.3174826141053917,1.3123350267261935,1.3070743087154864,1.3016949005685852,1.2961908136810636,1.2905555834652234,1.2847822158804734,1.278863126224686,1.2727900687894314,1.2665540556768993,1.260145262692673,1.2535529197428137,1.2467651825443609,1.2397689816625528,1.2325498438572349,1.2250916793740916,1.2173765270403307,1.2093842466592692,1.201092145014873,1.192474517463287,1.1835020811143377,1.1741412672597407,1.1643533288718009,1.1540932019480696,1.143308034475511,1.1319352593942928,1.1199000307765625,1.1071117528711107,1.0934592873809725,1.078804184415227,1.062970868731634,1.045731968026514,1.0267855599818954,1.0057182786127143,0.981942074574807,0.9545777932288545,0.9222193423939636,0.8823865387887935,0.8299573951993245,0.750526072141522,0.20162447760776617,0.000261708405394403,0.000258519641987832,0.0002585196419877924,0.00025851964198779205,0.0002585196419877921,0.000258519641987792,0.00025851964198779205,0.000258519641987792,0.00025851964198779205,0.0002585196419877917,0.000258519641987792,0.00025851964198779167,0.000258519641987792,0.00025851964198779205,0.00025851964198779205,0.00025851964198779205,0.0002585196419877916,0.0002585196419877921,0.00025851964198779205,0.00025851964198779205,0.00025851964198779156,0.0002585196419877916,0.0002585196419877924,0.00025851964198779205,0.000258519641987792,0.00025851964198779205,0.0002585196419877921,0.000258519641987792,0.0002585196419877921,0.0002585196419877924,0.00025851964198779205,0.00025851964198779205,0.000258519641987792,0.00025851964198779167,0.00025851964198779156,0.00025851964198779167,0.000258519641987792,0.000258519641987792,0.000258519641987792,0.000258519641987792,0.000258519641987792,0.000258519641987792,0.0002585196419877921,0.000258519641987792,0.0002585196419877916,0.0002585196419877921,0.000258519641987792,0.000258519641987792,0.0002585196419877921,0.0002585196419877921,0.00025851964198779183
1.521949282576915,1.5196307344304538,1.5172918397183315,1.5149322349526004,1.5125515458426373,1.5101493869099663,1.5077253610748755,1.5052790592144654,1.502810059691528,1.500317927853404,1.497802215499731,1.4952624603177829,1.4926981852838577,1.4901088980289763,1.4874940901668967,1.484853236582245,1.482185794676298,1.4794912035677117,1.4767688832452146,1.4740182336689915,1.471238633817174,1.4684294406735163,1.4655899881519687,1.462719585953449,1.4598175183496893,1.4568830428885347,1.4539153890145504,1.4509137565981938,1.4478773143661674,1.444805198224835,1.441696509467787,1.43855031285774,1.4353656345719659,1.432141459999318,1.428876731375687,1.4255703452433024,1.422221149717741,1.4188279415447111,1.415389462926701,1.4119043980973154,1.4083713696185642,1.4047889343734772,1.401155579223116,1.3974697162933036,1.3937296778520996,1.3899337107341514,1.3860799702624127,1.3821665136112606,1.3781912925475717,1.3741521454776984,1.370046788718295,1.3658728068973187,1.3616276423779954,1.357308583582703,1.3529127520751525,1.3484370882373935,1.3438783353523565,1.3392330218720532,1.334497441615181,1.329667631594398,1.324739347121457,1.3197080337755958,1.3145687957447036,1.3093163599564854,1.3039450353041626,1.298448666132861,1.2928205789820015,1.28705352136685,1.281139591117324,1.2750701544588277,1.268835750597808,1.2624259800363706,1.2558293731482413,1.2490332346513306,1.2420234584390668,1.234784305683905,1.227298137060702,1.219545087151895,1.2115026652947927,1.2031452618759504,1.1944435317101896,1.1853636156541854,1.1758661464226057,1.1659049621873467,1.1554254178451773,1.1443621319557549,1.1326359253966283,1.1201495745387224,1.1067817778931104,1.0923783446465143,1.0767389016445408,1.0595960490254626,1.0405811046777516,1.019164432784471,0.994543468848566,0.9654107623026169,0.9294018984097552,0.8814693508918622,0.8068157009137564,0.18059213654709647,0.021211589535095738,0.00025901482423148077,0.0002585196419877962,0.00025851964198779227,0.0002585196419877921,0.00025851964198779216,0.0002585196419877921,0.00025851964198779216,0.0002585196419877918,0.0002585196419877921,0.0002585196419877918,0.0002585196419877921,0.0002585196419877922,0.00025851964198779216,0.0002585196419877922,0.0002585196419877917,0.00025851964198779227,0.0002585196419877922,0.00025851964198779216,0.0002585196419877916,0.0002585196419877917,0.00025851964198779243,0.00025851964198779216,0.0002585196419877921,0.0002585196419877922,0.00025851964198779227,0.0002585196419877921,0.00025851964198779227,0.00025851964198779243,0.0002585196419877922,0.0002585196419877922,0.0002585196419877921,0.0002585196419877918,0.00025851964198779167,0.0002585196419877917,0.0002585196419877921,0.0002585196419877921,0.0002585196419877921,0.0002585196419877921,0.0002585196419877921,0.0002585196419877921,0.00025851964198779227,0.0002585196419877921,0.0002585196419877917,0.00025851964198779227,0.0002585196419877921,0.0002585196419877921,0.00025851964198779227,0.00025851964198779227,0.0002585196419877919
1.5334648366209247,1.531130756710092,1.5287772245373534,1.5264039207559272,1.5240105163295106,1.5215966720969532,1.519162038313804,1.5167062541693344,1.5142289472775285,1.5117297331404393,1.5092082145821721,1.5066639811516347,1.5040966084920548,1.5015056576750978,1.498890674497262,1.4962511887360346,1.4935867133630865,1.4908967437115703,1.4881807565943286,1.485438209369562,1.4826685389502028,1.479871160752917,1.4770454675822986,1.474190828445421,1.4713065872914743,1.4683920616707313,1.4654465413065456,1.4624692865734907,1.459459526874086,1.4564164589058175,1.4533392448093425,1.4502270101878443,1.4470788419864893,1.4438937862197891,1.4406708455333825,1.4374089765853193,1.4341070872303054,1.4307640334885423,1.427378616278741,1.4239495778925577,1.4204755981850758,1.4169552904529559,1.4133871969684932,1.4097697841339363,1.4061014372160157,1.4023804546155652,1.3986050416213196,1.3947733035903096,1.3908832384895835,1.3869327287251083,1.3829195321734107,1.3788412723195638,1.3746954273911918,1.3704793183618804,1.3661900956782935,1.3618247245428263,1.3573799685571213,1.3528523715003642,1.3482382369789359,1.3435336056394172,1.338734229583522,1.333835543559219,1.3288326324245503,1.3237201942861896,1.3184924985994617,1.313143338375023,1.3076659754627555,1.302053077666681,1.2962966461740209,1.2903879314413143,1.2843173352499564,1.2780742960945934,1.2716471543626153,1.2650229928493237,1.2581874469592398,1.2511244773682937,1.2438160958211757,1.236242031907114,1.2283793247962005,1.2202018185840007,1.2116795324186127,1.2027778659525081,1.1934565852813241,1.1836685118683992,1.1733578028696001,1.1624576588340485,1.1508872119979139,1.1385472139723674,1.1253139160508068,1.1110301423052937,1.095491840193815,1.0784270223931856,1.059461219454514,1.0380574233957494,1.0134036763208099,0.9841809788727253,0.9480134511935325,0.8998605852594299,0.8251325388567989,0.3339422733709554,0.28339455350594606,0.08347510335700126,0.0005847262166446324,0.00025851964199801364,0.0002585196419877921,0.00025851964198779216,0.0002585196419877921,0.0002585196419877922,0.0002585196419877918,0.0002585196419877921,0.0002585196419877918,0.0002585196419877921,0.0002585196419877922,0.0002585196419877922,0.0002585196419877922,0.0002585196419877917,0.00025851964198779227,0.0002585196419877922,0.00025851964198779216,0.0002585196419877916,0.0002585196419877917,0.00025851964198779243,0.00025851964198779216,0.0002585196419877921,0.0002585196419877922,0.00025851964198779227,0.0002585196419877921,0.00025851964198779227,0.00025851964198779243,0.0002585196419877922,0.0002585196419877922,0.0002585196419877921,0.0002585196419877918,0.00025851964198779167,0.0002585196419877917,0.0002585196419877921,0.0002585196419877921,0.0002585196419877921,0.0002585196419877921,0.0002585196419877921,0.0002585196419877921,0.00025851964198779227,0.0002585196419877921,0.0002585196419877917,0.00025851964198779227,0.0002585196419877921,0.0002585196419877921,0.00025851964198779227,0.00025851964198779227,0.0002585196419877919
1.5416375250510637,1.5393618816895058,1.537067109884271,1.5347528844083087,1.5324188697142136,1.5300647195269363,1.5276900764072912,1.5252945712858301,1.5228778229664144,1.520439437598586,1.5179790081176232,1.5154961136509417,1.5129903188892913,1.5104611734209765,1.5079082110271067,1.5053309489356488,1.5027288870318116,1.500101507022033,1.4974482715485622,1.4947686232513464,1.4920619837735898,1.4893277527070294,1.4865653064725752,1.4837739971315582,1.4809531511223706,1.478102067916782,1.475220018589665,1.4723062442952453,1.4693599546423284,1.4663803259601829,1.4633664994459445,1.4603175791834573,1.457232630022442,1.4541106753057105,1.4509506944308501,1.4477516202313414,1.4445123361604386,1.4412316732592882,1.4379084068887005,1.4345412532016215,1.431128865330714,1.427669829262431,1.424162659365554,1.4206057935382645,1.4169975879333738,1.4133363112162547,1.409620138304187,1.4058471435291293,1.4020152931582213,1.3981224371974041,1.3941663003932243,1.3901444723359073,1.3860543965528194,1.38189335846513,1.3776584720613634,1.3733466651190593,1.368954662779228,1.3644789692468853,1.3599158473536215,1.3552612956736152,1.3505110228311425,1.345660418573418,1.340704521105012,1.3356379800858527,1.330455014579833,1.325149365100001,1.319714238722336,1.3141422460243186,1.308425328335141,1.3025546734460638,1.2965206175014603,1.2903125302458707,1.2839186801023228,1.2773260746509236,1.2705202708930727,1.2634851481260898,1.256202634174533,1.2486523729256789,1.2408113173032564,1.2326532265508074,1.2241480393315889,1.215261083688745,1.205952069794529,1.1961737891792197,1.1858704107428215,1.1749752125833262,1.1634075079353037,1.1510683926907275,1.137834723032363,1.1235503514208234,1.1080129595151724,1.0909535107746695,1.0720026778885474,1.050632776573435,1.0260497893302651,0.9969723931930636,0.9611150858190224,0.913707396457782,0.8414089185460953,0.4629199583615527,0.4356439955725334,0.39859264665581656,0.3431761432136201,0.115343319237895,0.0010420586814964712,0.0002585196420645161,0.00025851964198779216,0.0002585196419877922,0.0002585196419877918,0.00025851964198779216,0.0002585196419877918,0.00025851964198779216,0.0002585196419877922,0.0002585196419877922,0.0002585196419877922,0.0002585196419877917,0.0002585196419877923,0.00025851964198779227,0.0002585196419877922,0.0002585196419877916,0.0002585196419877917,0.00025851964198779243,0.0002585196419877922,0.00025851964198779216,0.0002585196419877922,0.0002585196419877923,0.00025851964198779216,0.0002585196419877923,0.00025851964198779243,0.0002585196419877922,0.0002585196419877922,0.00025851964198779216,0.0002585196419877918,0.00025851964198779167,0.0002585196419877917,0.00025851964198779216,0.00025851964198779216,0.00025851964198779216,0.00025851964198779216,0.00025851964198779216,0.00025851964198779216,0.0002585196419877923,0.00025851964198779216,0.0002585196419877917,0.0002585196419877923,0.00025851964198779216,0.00025851964198779216,0.0002585196419877923,0.0002585196419877923,0.0002585196419877919
1.5473724091148684,1.545154094950893,1.5429168052184914,1.5406601999205611,1.5383839287821213,1.5360876308155813,1.5337709338634937,1.531433454117398,1.5290747956112678,1.5266945496879545,1.5242922944369037,1.5218675941012823,1.5194199984525136,1.5169490421300593,1.5144542439441084,1.5119351061386512,1.509391113612206,1.5068217330932359,1.5042264122670523,1.5016045788507175,1.4989556396121662,1.4962789793294344,1.4935739596855129,1.4908399180939476,1.4880761664498632,1.4852819898005938,1.4824566449295604,1.4795993588464407,1.4767093271759928,1.4737857124371736,1.47082764220334,1.4678342071334256,1.4648044588629399,1.461737407742494,1.4586320204102725,1.455487217183422,1.4523018692517193,1.4490747956550372,1.445804760024095,1.4424904670616476,1.4391305587386343,1.4357236101768511,1.4322681251863134,1.428762531421631,1.425205175117334,1.4215943153570574,1.4179281178257517,1.4142046479874657,1.4104218636236538,1.4065776066581583,1.4026695941848561,1.3986954086021492,1.3946524867447243,1.3905381078869636,1.3863493804735685,1.3820832274108648,1.377736369726188,1.3733053083718987,1.3687863039139399,1.3641753538011527,1.3594681668592583,1.3546601345905123,1.349746298784092,1.3447213148501007,1.3395794101777159,1.3343143366802885,1.32891931652051,1.3233869797984559,1.3177092927231238,1.311877474459062,1.3058819004240445,1.2997119892848397,1.2933560702199511,1.2868012261414863,1.280033107424996,1.273035709191166,1.26579110318224,1.2582791125867017,1.250476914508804,1.2423585497438032,1.2338943124896156,1.2250499826633092,1.2157858491403344,1.206055451187004,1.1958039338663498,1.1849658650280155,1.1734622859626471,1.1611966460188181,1.1480490688022111,1.1338680477923417,1.1184580396073225,1.1015602324913336,1.0828213793490498,1.0617404387343785,1.037570644915656,1.009122595204331,0.9743151014886753,0.9289385996223319,0.8619511011560534,0.5776562434097028,0.5595668623615027,0.5372256618852436,0.5088143863925838,0.4708891169167096,0.4148581299089683,0.21172124485131966,0.00658089905748193,0.0002585198697854317,0.0002585196419877918,0.00025851964198779216,0.0002585196419877918,0.00025851964198779216,0.00025851964198779227,0.0002585196419877922,0.00025851964198779227,0.0002585196419877917,0.0002585196419877923,0.00025851964198779227,0.0002585196419877922,0.0002585196419877916,0.0002585196419877917,0.00025851964198779243,0.0002585196419877922,0.00025851964198779216,0.00025851964198779227,0.0002585196419877923,0.00025851964198779216,0.0002585196419877923,0.00025851964198779243,0.00025851964198779227,0.00025851964198779227,0.00025851964198779216,0.0002585196419877918,0.00025851964198779167,0.0002585196419877917,0.00025851964198779216,0.00025851964198779216,0.00025851964198779216,0.00025851964198779216,0.00025851964198779216,0.00025851964198779216,0.0002585196419877923,0.00025851964198779216,0.0002585196419877917,0.0002585196419877923,0.00025851964198779216,0.00025851964198779216,0.0002585196419877923,0.0002585196419877923,0.0002585196419877919
1.5529447683668918,1.5507371724723877,1.5485108135943553,1.5462653575650884,1.5440004599517234,1.5417157656216083,1.5394109082842862,1.5370855100088492,1.5347391807153041,1.5323715176384562,1.529982104762694,1.5275705122259007,1.5251362956905814,1.5226789956801168,1.5201981368778832,1.5176932273867911,1.5151637579465744,1.5126092011059484,1.510029010346498,1.5074226191548892,1.5047894400397037,1.502128863488864,1.4994402568632634,1.4967229632218169,1.493976300072719,1.4911995580452053,1.4883919994755905,1.4855528569007652,1.482681331451675,1.4797765911385883,1.4768377690191448,1.4738639612392797,1.4708542249361225,1.4678075759908338,1.4647229866181035,1.461599382777625,1.4584356413912705,1.4552305873479365,1.4519829902760153,1.4486915610611932,1.4453549480847308,1.4419717331544821,1.4385404270976343,1.4350594649804076,1.4315272009157085,1.4279419024148559,1.4243017442339427,1.420604801658992,1.416849043166718,1.413032322389213,1.4091523693010666,1.4052067805360402,1.401193008727168,1.3971083507487179,1.3929499347203484,1.3887147056125781,1.38439940926767,1.3800005746204713,1.3755144938686696,1.370937200300151,1.3662644434351936,1.3614916610812453,1.3566139478256933,1.3516260194043976,1.3465221722770473,1.3412962376098574,1.3359415287055083,1.3304507807215518,1.3248160812712586,1.3190287901912312,1.313079446369762,1.3069576590342904,1.3006519802623404,1.2941497546627652,1.2874369411108983,1.2804979000256338,1.2733151378267038,1.2658689977325661,1.2581372827021327,1.250094791718576,1.2417127442118872,1.2329580583871589,1.2237924362843036,1.2141711895200686,1.2040417115973596,1.1933414600300256,1.1819952451895581,1.169911516739288,1.1569771637799844,1.1430500466715015,1.1279479488669957,1.1114316510019613,1.0931778881565368,1.072733862817517,1.0494356278089858,1.0222488335176823,0.9894205210080077,0.9475808380989121,0.8887086199661959,0.681702542782143,0.6682763790120356,0.6522732656228556,0.632933490134001,0.6091005828230733,0.5788441923773241,0.5384143573357575,0.4780105647131395,0.31117663641034854,0.022533407337066144,0.00025858105578447017,0.0002585196419877918,0.0002585196419877921,0.0002585196419877922,0.0002585196419877922,0.0002585196419877922,0.00025851964198779167,0.00025851964198779227,0.0002585196419877922,0.00025851964198779216,0.0002585196419877916,0.00025851964198779167,0.00025851964198779243,0.00025851964198779216,0.0002585196419877921,0.0002585196419877922,0.00025851964198779227,0.0002585196419877921,0.00025851964198779227,0.00025851964198779243,0.0002585196419877922,0.0002585196419877922,0.0002585196419877921,0.00025851964198779167,0.0002585196419877916,0.00025851964198779167,0.0002585196419877921,0.0002585196419877921,0.0002585196419877921,0.0002585196419877921,0.0002585196419877921,0.0002585196419877921,0.00025851964198779227,0.0002585196419877921,0.00025851964198779167,0.00025851964198779227,0.0002585196419877921,0.0002585196419877921,0.00025851964198779227,0.00025851964198779227,0.0002585196419877918
1.5583777848001255,1.5561784695484149,1.5539604836051968,1.5517234932387696,1.5494671545913847,1.5471911132489673,1.544895003788741,1.5425784493034158,1.5402410609005124,1.5378824371752722,1.5355021636555046,1.533099812216584,1.5306749404646762,1.528227091086124,1.5257557911607533,1.5232605514366933,1.5207408655640915,1.5181962092849017,1.5156260395756902,1.5130297937401305,1.5104068884475987,1.507756718713945,1.5050786568201922,1.5023720511645253,1.499636225042524,1.4968704753501225,1.4940740712032872,1.4912462524678185,1.4883862281920786,1.4854931749347426,1.4825662349788993,1.4796045144229792,1.4766070811380205,1.4735729625797234,1.4705011434425495,1.4673905631417792,1.4642401131079539,1.461048633876432,1.4578149119528976,1.4545376764335292,1.4512155953561054,1.4478472717556081,1.444431239394774,1.4409659581365233,1.4374498089211922,1.433881088306906,1.430258002526206,1.4265786610060343,1.4228410692912858,1.419043121304188,1.4151825908625943,1.4112571223696315,1.4072642205748123,1.4032012392923203,1.399065368945376,1.394853622785889,1.390562821615434,1.3861895768062553,1.3817302713886248,1.377181038932408,1.3725377399047702,1.3677959351309528,1.3629508559188435,1.3579973703280717,1.352929944967195,1.3477426015839855,1.3424288675683769,1.3369817193082347,1.3313935171155522,1.3256559301628585,1.3197598495206366,1.3136952869450502,1.3074512565027823,1.3010156353974236,1.2943749994266054,1.2875144272773609,1.2804172662561786,1.2730648499040378,1.2654361550562017,1.2575073819671492,1.2492514356829354,1.2406372792308815,1.2316291183771901,1.2221853620671985,1.212257279647639,1.2017872413971962,1.190706375769002,1.1789313930299659,1.1663601892199458,1.1528656169208698,1.138286413825153,1.1224135618352191,1.104968976677823,1.0855706390826176,1.0636721735246257,1.0384502062996022,1.0085730097328314,0.9716563577303481,0.9226899619425067,0.7757652543189206,0.7651792811569997,0.7527846313745761,0.7381574722840666,0.7207175728950205,0.6996341387074781,0.6736409225750283,0.6406203228161395,0.5964514454367792,0.5304052497903177,0.35882013546451635,0.030121837289028286,0.0002586962801783133,0.0002585196419877924,0.00025851964198779227,0.00025851964198779227,0.0002585196419877917,0.0002585196419877923,0.00025851964198779227,0.0002585196419877922,0.00025851964198779167,0.0002585196419877917,0.00025851964198779243,0.0002585196419877922,0.0002585196419877921,0.00025851964198779227,0.0002585196419877923,0.0002585196419877921,0.0002585196419877923,0.00025851964198779243,0.00025851964198779227,0.00025851964198779227,0.0002585196419877921,0.0002585196419877918,0.00025851964198779167,0.0002585196419877917,0.0002585196419877921,0.0002585196419877921,0.0002585196419877921,0.0002585196419877921,0.0002585196419877921,0.0002585196419877921,0.0002585196419877923,0.0002585196419877921,0.0002585196419877917,0.0002585196419877923,0.0002585196419877921,0.0002585196419877921,0.0002585196419877923,0.0002585196419877923,0.00025851964198779183
1.5637597912725938,1.5615679301258385,1.55935751598775,1.5571282183230784,1.554879696596927,1.5526115998719796,1.5503235663826254,1.5480152230850066,1.545686185181893,1.5433360556211222,1.5409644245662137,1.5385708688376218,1.536154951322925,1.5337162203540897,1.5312542090497874,1.5287684346205372,1.5262583976342723,1.5237235812396983,1.5211634503445968,1.5185774507459597,1.5159650082085954,1.51332552748852,1.51065839129715,1.5079629592019375,1.5052385664587118,1.502484522770553,1.4997001109675479,1.4968845856012645,1.4940371714471878,1.4911570619077286,1.4882434173076982,1.4852953630733523,1.4823119877852255,1.4792923410939955,1.4762354314875172,1.473140223895947,1.4700056371204921,1.4668305410697946,1.4636137537862086,1.4603540382423028,1.4570500988856925,1.4537005779078556,1.4503040512097383,1.4468590240337948,1.4433639262284599,1.4398171071069312,1.4362168298574216,1.4325612654566349,1.4288484860320514,1.4250764576114696,1.421243032190071,1.4173459390357832,1.4133827751427526,1.4093509947299612,1.4052478976671694,1.401070616692978,1.3968161032694184,1.3924811118935103,1.3880621826579038,1.3835556218191891,1.3789574800925581,1.3742635283438691,1.369469230293072,1.364569711774176,1.3595597260138053,1.3544336142892996,1.3491852612039255,1.343808043665205,1.3382947724653258,1.3326376251303118,1.3268280684144125,1.3208567684512127,1.3147134861108054,1.3083869545227924,1.3018647349669064,1.2951330463502988,1.2881765622050467,1.2809781674416396,1.2735186648287815,1.2657764181132476,1.2577269145197771,1.2493422235972345,1.2405903212765033,1.2314342364631117,1.2218309607603741,1.2117300372214284,1.201071706801899,1.1897844337659393,1.1777815404180783,1.1649565334346292,1.1511764545719663,1.1362721518295693,1.1200235679958008,1.1021366022186976,1.0822049342230917,1.0596431748902826,1.033560521129617,1.0024963481503077,0.9637810337653664,0.8613047693045705,0.8526182601496733,0.8425509776472602,0.83082339116159,0.8170742583596937,0.8008244029386974,0.781416727488983,0.757909885284916,0.7288716445509584,0.6919200016140866,0.6424626246659491,0.5685552585744199,0.329663593924802,0.015759837461984585,0.00025852374935996615,0.00025851964198779227,0.0002585196419877918,0.0002585196419877923,0.00025851964198779227,0.0002585196419877922,0.00025851964198779167,0.0002585196419877918,0.00025851964198779243,0.0002585196419877922,0.00025851964198779216,0.00025851964198779227,0.0002585196419877923,0.00025851964198779216,0.0002585196419877923,0.00025851964198779243,0.00025851964198779227,0.00025851964198779227,0.00025851964198779216,0.00025851964198779183,0.00025851964198779167,0.0002585196419877918,0.00025851964198779216,0.00025851964198779216,0.00025851964198779216,0.00025851964198779216,0.00025851964198779216,0.00025851964198779216,0.0002585196419877923,0.00025851964198779216,0.0002585196419877918,0.0002585196419877923,0.00025851964198779216,0.00025851964198779216,0.0002585196419877923,0.0002585196419877923,0.00025851964198779183
1.5704534077806866,1.5682496015116136,1.5660274569590262,1.5637866551299593,1.561526867540526,1.5592477558196784,1.5569489712930074,1.5546301545453955,1.5522909349612546,1.549930930240988,1.5475497458922127,1.5451469746941808,1.5427221961337088,1.5402749758108036,1.537804864812036,1.5353113990495517,1.5327940985634603,1.5302524667851418,1.5276859897588349,1.525094135318635,1.522476352217807,1.5198320692070542,1.5171606940580935,1.514461612528588,1.5117341872641266,1.5089777566325753,1.5061916334856962,1.5033751038424734,1.5005274254880736,1.497647826481803,1.494735503566793,1.4917896204734604,1.4888093061080012,1.4857936526163347,1.4827417133129397,1.4796525004629681,1.4765249829048193,1.4733580834990192,1.4701506763877596,1.4669015840477477,1.4636095741171398,1.4602733559751861,1.456891577050798,1.4534628188335252,1.4499855925573346,1.4464583345240587,1.4428794010293928,1.439247062849745,1.4355594992430294,1.4318147914105124,1.4280109153599512,1.4241457341023556,1.4202169891055705,1.4162222909173037,1.4121591088579597,1.4080247596693352,1.4038163949885758,1.3995309874972262,1.395165315572261,1.3907159462388923,1.3861792161929145,1.3815512106222854,1.3768277395122592,1.3720043110640656,1.3670761017918172,1.3620379227834463,1.3568841815157957,1.3516088384973148,1.346205357868853,1.3406666509168808,1.334985011235179,1.3291520399988805,1.323158559473253,1.3169945124482285,1.3106488447407567,1.304109367203209,1.2973625927661874,1.290393542857468,1.2831855159768468,1.2757198091297266,1.2679753800306794,1.2599284341918984,1.2515519157830592,1.2428148738488378,1.2336816651230469,1.224110939769441,1.2140543345059056,1.2034547648298268,1.1922441579591845,1.1803403894955038,1.1676430599779664,1.1540275362204826,1.1393363172966515,1.1233661270890063,1.1058478888799708,1.086414231663026,1.0645437625423917,1.0394585309574251,1.0099170693574384,0.9386002244098848,0.93125326168588,0.9227914636631829,0.9130087303950293,0.9016466079666335,0.8883747864265515,0.8727611652556493,0.8542238279864108,0.8319497707033155,0.8047480466161694,0.7707615323722835,0.7268367929968678,0.6669271488097179,0.5770711151085611,0.19853869624591516,0.0017526984173242663,0.0002585196420617246,0.0002585196419877923,0.00025851964198779227,0.00025851964198779216,0.00025851964198779167,0.0002585196419877918,0.00025851964198779254,0.0002585196419877922,0.0002585196419877921,0.00025851964198779227,0.0002585196419877923,0.0002585196419877921,0.0002585196419877923,0.00025851964198779254,0.00025851964198779227,0.00025851964198779227,0.0002585196419877921,0.0002585196419877919,0.00025851964198779167,0.00025851964198779183,0.0002585196419877921,0.0002585196419877921,0.0002585196419877921,0.0002585196419877921,0.0002585196419877921,0.0002585196419877921,0.0002585196419877923,0.0002585196419877921,0.0002585196419877918,0.0002585196419877923,0.0002585196419877921,0.0002585196419877921,0.0002585196419877923,0.0002585196419877923,0.0002585196419877918
1.5791851486470194,1.5769631087959721,1.5747229903169104,1.572464489861999,1.5701872952310667,1.5678910850048244,1.5655755281598673,1.5632402836644095,1.5608850000536165,1.5585093149833336,1.5561128547609158,1.5536952338517696,1.5512560543601268,1.548794905482447,1.5463113629317389,1.5438049883309508,1.5412753285734508,1.5387219151484486,1.536144263429061,1.5335418719205218,1.5309142214658527,1.5282607744060792,1.5255809736918442,1.5228742419430066,1.5201399804525213,1.517377568130578,1.5145863603846335,1.5117656879305805,1.508914855529875,1.50603314064697,1.5031197920208987,1.500174028144261,1.4971950356422392,1.4941819675435684,1.4911339414345948,1.4880500374866878,1.4849292963463028,1.4817707168758996,1.4785732537327219,1.4753358147710711,1.472057258252206,1.46873638984427,1.4653719593927463,1.4619626574397617,1.4585071114681165,1.4550038818431605,1.451451457422482,1.447848250799831,1.4441925931456367,1.4404827286018516,1.436716808183578,1.432892883133866,1.4290088976711268,1.4250626810605802,1.4210519389319278,1.4169742437547224,1.4128270243704977,1.4086075544662504,1.4043129398569942,1.3999401044253261,1.3954857745427116,1.3909464617698168,1.3863184436007832,1.3815977419778769,1.3767800992570507,1.371860951250032,1.3668353969025482,1.3616981640885835,1.3564435709038865,1.3510654817240815,1.34555725714836,1.3399116967718232,1.3341209735091693,1.3281765579177034,1.3220691306230354,1.3157884805155715,1.309323385832219,1.302661474527928,1.2957890594243453,1.288690942426853,1.2813501805273226,1.2737478042177204,1.2658624761283774,1.257670073882799,1.2491431758989635,1.2402504215224543,1.2309557064704169,1.2212171595770005,1.2109858248498753,1.200203939961177,1.1888026519900847,1.1766989323451151,1.16379132556914,1.1499539549209619,1.1350278418950177,1.1188079380335028,1.1010230201618014,1.0813030946284516,1.0591235456094745,1.0089068591714867,1.0025896060734472,0.9953466959666967,0.987018810439044,0.9774107191718121,0.966279817213898,0.9533194658295654,0.9381338930040822,0.9201986758741388,0.8987949962468239,0.8728921859301515,0.8409168197106501,0.8002331343510629,0.7457080642202012,0.6640430762760929,0.4606232466866713,0.042623894129555764,0.000258921497158616,0.0002585196419877923,0.00025851964198779216,0.00025851964198779167,0.0002585196419877918,0.00025851964198779254,0.00025851964198779216,0.0002585196419877921,0.0002585196419877922,0.00025851964198779227,0.0002585196419877921,0.00025851964198779227,0.00025851964198779254,0.0002585196419877922,0.0002585196419877922,0.0002585196419877921,0.00025851964198779183,0.00025851964198779167,0.0002585196419877918,0.0002585196419877921,0.0002585196419877921,0.0002585196419877921,0.0002585196419877921,0.0002585196419877921,0.0002585196419877921,0.00025851964198779227,0.0002585196419877921,0.0002585196419877918,0.00025851964198779227,0.0002585196419877921,0.0002585196419877921,0.00025851964198779227,0.00025851964198779227,0.0002585196419877918
1.5877852181497045,1.5855839149910773,1.5833649316756357,1.5811279752938772,1.5788727447313264,1.5765989303447774,1.5743062136229264,1.5719942668305047,1.5696627526349625,1.5673113237146874,1.564939622347677,1.5625472799795008,1.5601339167693105,1.5576991411125687,1.555242549139063,1.5527637241846772,1.5502622362352718,1.5477376413409,1.5451894809984614,1.5426172815007346,1.5400205532495852,1.5373987900309607,1.5347514682491004,1.5320780461171757,1.529377962801355,1.5266506375150368,1.5238954685597117,1.5211118323086406,1.5182990821291715,1.515456547239193,1.5125835314927931,1.5096793120897771,1.5067431382031933,1.5037742295185,1.5007717746773954,1.4977349296186915,1.4946628158078703,1.4915545183461665,1.4884090839491044,1.4852255187834242,1.4820027861502119,1.4787398040007849,1.475435442270502,1.4720885200140796,1.4686978023242365,1.46526199701351,1.4617797510368373,1.4582496466299852,1.4546701971360294,1.4510398424888709,1.4473569443190764,1.4436197806431474,1.4398265400925474,1.435975315633342,1.4320640977210592,1.4280907668281735,1.4240530852733395,1.4199486882719417,1.4157750741164468,1.4115295933822094,1.4072094370394044,1.402811623334297,1.398332983282595,1.3937701445935684,1.389119513815265,1.3843772564575747,1.3795392748100284,1.374601183123667,1.369558279769394,1.3644055159167747,1.3591374601945874,1.3537482586941214,1.3482315895539214,1.3425806112147696,1.3367879032489691,1.3308453984390236,1.3247443044953013,1.3184750134439378,1.3120269962634603,1.3053886797723298,1.298547302030459,1.2914887415619263,1.2841973144591412,1.2766555317866106,1.2688438075180313,1.2607401043028543,1.2523195003613996,1.243553655299292,1.234410144935425,1.2248516243199483,1.2148347623736815,1.2043088684562455,1.1932140965180087,1.1814790593867452,1.169017602290134,1.1557243498146028,1.1414684152935997,1.1260842714938033,1.1093580760238033,1.073082761217723,1.0675203505506035,1.0611620958556416,1.053877381118622,1.045508377032562,1.035862202793229,1.0246999238150727,1.011720655702774,0.9965378052901604,0.978642096836534,0.9573411602598747,0.9316547350481837,0.9001186959144137,0.8603812420346844,0.8082550745174917,0.7350393148401074,0.617490101985965,0.1554088913947812,0.000599880697960061,0.0002585196419881188,0.0002585196419877917,0.00025851964198779183,0.00025851964198779254,0.00025851964198779216,0.0002585196419877921,0.0002585196419877922,0.00025851964198779227,0.0002585196419877921,0.00025851964198779227,0.00025851964198779254,0.0002585196419877922,0.0002585196419877922,0.0002585196419877921,0.0002585196419877919,0.0002585196419877917,0.00025851964198779183,0.0002585196419877921,0.0002585196419877921,0.0002585196419877921,0.0002585196419877921,0.0002585196419877921,0.0002585196419877921,0.00025851964198779227,0.0002585196419877921,0.00025851964198779183,0.00025851964198779227,0.0002585196419877921,0.0002585196419877921,0.00025851964198779227,0.00025851964198779227,0.00025851964198779183
1.5977735718143566,1.5955757821704708,1.5933610415778443,1.591129087763947,1.5888796510677854,1.586612454176384,1.584327211845008,1.582023630600825,1.579701408429604,1.577360234444961,1.5749997885395661,1.5726197410176357,1.5702197522079515,1.567799472056543,1.565358539698089,1.5628965830049943,1.5604132181129915,1.557908048922023,1.5553806665710412,1.5528306488852526,1.5502575597942014,1.5476609487189628,1.5450403499265621,1.5423952818495974,1.5397252463688573,1.5370297280565601,1.5343081933776412,1.5315600898462873,1.5287848451347128,1.5259818661308813,1.5231505379416312,1.5202902228373356,1.5174002591339013,1.5144799600075411,1.5115286122373501,1.508545474870268,1.5055297778025163,1.502480720271058,1.499397469248025,1.4962791577303847,1.493124882916392,1.4899337042595369,1.4867046413897924,1.48343667189095,1.4801287289216918,1.476779698666785,1.4733884176033567,1.469953669565632,1.466474182589718,1.4629486255180202,1.4593756043406094,1.455753658248312,1.4520812553694031,1.4483567881585255,1.4445785684027304,1.4407448218053325,1.4368536821034463,1.4329031846695832,1.428891259541387,1.4248157238163617,1.4206742733401376,1.4164644736072154,1.4121837497820406,1.407829375735399,1.4033984619761315,1.3988879423407197,1.3942945592828448,1.389614847581016,1.3848451162541011,1.3799814284411562,1.3750195789622954,1.3699550692300972,1.3647830791245592,1.3594984353767645,1.3540955759246045,1.3485685096047535,1.342910770424365,1.3371153655082246,1.3311747156353173,1.3250805870538482,1.3188240129837963,1.312395202865381,1.305783436969593,1.2989769434252998,1.2919627539987395,1.2847265340341407,1.27725238075801,1.2695225825658316,1.2615173298097302,1.2532143647911396,1.2445885548474875,1.2356113671866937,1.2262502168427805,1.216467648853332,1.2062203010344525,1.1954575722535101,1.1841198891797786,1.1721364160456362,1.1594219766974296,1.132649079083981,1.1276889728647272,1.1220320638579449,1.115568278378141,1.1081661319527183,1.0996671436417464,1.0898782484818856,1.0785612515664391,1.0654177793360322,1.0500671409706797,1.0320125776445812,1.01058758946045,0.9848661279644437,0.9535026211267933,0.9144234095738983,0.8641647069972781,0.7962109847882927,0.6954392517796854,0.277621960505518,0.00385766844949224,0.00025851964313937105,0.0002585196419877919,0.00025851964198779254,0.0002585196419877922,0.00025851964198779216,0.0002585196419877922,0.00025851964198779227,0.00025851964198779216,0.00025851964198779227,0.00025851964198779254,0.0002585196419877922,0.0002585196419877922,0.00025851964198779216,0.0002585196419877919,0.0002585196419877918,0.0002585196419877919,0.00025851964198779216,0.00025851964198779216,0.00025851964198779216,0.00025851964198779216,0.00025851964198779216,0.00025851964198779216,0.00025851964198779227,0.00025851964198779216,0.0002585196419877919,0.00025851964198779227,0.00025851964198779216,0.00025851964198779216,0.00025851964198779227,0.00025851964198779227,0.0002585196419877919
1.6063836730057715,1.604245214356126,1.6020906769740937,1.5999198179673364,1.597732387880963,1.5955281304966202,1.5933067826168041,1.591068073834529,1.5888117262883596,1.5865374544027162,1.5842449646132564,1.5819339550770415,1.5796041153671099,1.5772551261509875,1.5748866588525916,1.5724983752968844,1.5700899273365698,1.5676609564600263,1.5652110933795946,1.562739957599246,1.560247156960569,1.5577322871659127,1.5551949312774342,1.5526346591906763,1.5500510270812051,1.5474435768227077,1.5448118353748184,1.5421553141388074,1.5394735082791158,1.5367658960085546,1.5340319378348066,1.531271075765684,1.5284827324703818,1.5256663103937385,1.522821190820267,1.5199467328844478,1.5170422725234805,1.51410712136835,1.511140565568728,1.508141864546814,1.505110249674799,1.5020449228701551,1.4989450551024233,1.495809784804599,1.4926382161815561,1.489429417407258,1.4861824187016957,1.4828962102776293,1.4795697401462236,1.4762019117695973,1.4727915815470747,1.4693375561206017,1.465838589483252,1.4622933798730744,1.4587005664326211,1.4550587256123653,1.4513663672938053,1.447621930605349,1.4438237794009927,1.4399701973683399,1.4360593827285704,1.4320894424864758,1.4280583861835807,1.4239641191015333,1.4198044348562722,1.4155770073158185,1.4112793817657359,1.4069089652361417,1.40246301589241,1.397938631378096,1.3933327359827903,1.3886420664891577,1.3838631565318362,1.3789923192755655,1.3740256281901024,1.3689588956642953,1.3637876491599523,1.3585071045564951,1.3531121362780851,1.3475972437237518,1.3419565134353753,1.3361835763346634,1.330271559234195,1.324213029673568,1.3179999329425318,1.3116235199193802,1.3050742640628001,1.2983417655329377,1.291414639961733,1.2842803888158492,1.2769252475603874,1.2693340068878562,1.261489801055897,1.2533738557852119,1.2449651860760649,1.236240231527138,1.2271724130318649,1.2177315897309307,1.207883388320471,1.1875633197198054,1.1830906622849195,1.177998632339989,1.172192256219488,1.1655590523029709,1.1579648057514442,1.1492479620293388,1.1392120412625064,1.1276151443593398,1.1141550613759428,1.0984475063301553,1.0799931861705296,1.058125879446378,1.031926360321495,1.0000704092488835,0.9605371647577825,0.9099792638439018,0.842077925223204,0.7412878872750097,0.3554746154068406,0.00896074419686621,0.0002585196969241396,0.00025851964198779254,0.0002585196419877922,0.00025851964198779216,0.00025851964198779227,0.0002585196419877923,0.00025851964198779216,0.0002585196419877923,0.00025851964198779254,0.00025851964198779227,0.00025851964198779227,0.00025851964198779216,0.0002585196419877919,0.0002585196419877918,0.0002585196419877919,0.00025851964198779216,0.00025851964198779216,0.00025851964198779216,0.00025851964198779216,0.00025851964198779216,0.00025851964198779216,0.0002585196419877923,0.00025851964198779216,0.0002585196419877919,0.0002585196419877923,0.00025851964198779216,0.00025851964198779216,0.0002585196419877923,0.0002585196419877923,0.0002585196419877919
1.6138512337936635,1.6117902663031218,1.6097143142553074,1.6076231562414292,1.6055165655474335,1.6033943099771495,1.6012561516682429,1.5991018469006397,1.5969311458970523,1.5947437926152277,1.5925395245315135,1.590318072415312,1.588079160093967,1.5858225042075997,1.5835478139533932,1.581254790818768,1.578943128302887,1.5766125116258705,1.5742626174250778,1.5718931134377574,1.5695036581693382,1.5670939005465732,1.5646634795547034,1.5622120238577546,1.5597391514010144,1.5572444689946794,1.5547275718775893,1.5521880432598927,1.5496254538434056,1.5470393613183413,1.5444293098349895,1.5417948294488304,1.5391354355374478,1.5364506281874974,1.5337398915498455,1.5310026931608642,1.5282384832277045,1.5254466938752174,1.5226267383519918,1.5197780101928076,1.5168998823345614,1.513991706182507,1.5110528106233923,1.5080825009817862,1.505080057915602,1.5020447362464673,1.4989757637202457,1.4958723396925933,1.4927336337340071,1.4895587841483244,1.4863468963981068,1.483097041429744,1.4798082538904684,1.4764795302287481,1.473109826668733,1.4696980570485456,1.4662430905112334,1.4627437490361106,1.4591988047970166,1.4556069773326639,1.451966930512764,1.4482772692819337,1.444536536161515,1.4407432074873483,1.4368956893591798,1.432992313274741,1.4290313314185565,1.4250109115721779,1.4209291316087513,1.4167839735305146,1.4125733170029626,1.4082949323338694,1.4039464728390576,1.399525466529604,1.395029307046948,1.3904552437629372,1.385800370951019,1.3810616159223112,1.376235726005908,1.3713192542361128,1.3663085435899955,1.3611997095961947,1.3559886211097032,1.3506708790167266,1.3452417925977755,1.3396963532348518,1.334029205098688,1.32823461239289,1.322306422661609,1.3162380255836472,1.3100223065757262,1.3036515944073357,1.297117601884553,1.2904113584846908,1.2835231336103594,1.276442348871276,1.269157477483295,1.261655928481744,1.2539239129612063,1.2382031096634867,1.2341337579223048,1.2295069831889283,1.2242392218304126,1.218232127308047,1.211369212782439,1.203511472836722,1.1944915752042713,1.1841060044878942,1.1721041982625964,1.1581731381395204,1.1419148420996919,1.1228123334317106,1.100176023925058,1.073054886165247,1.0400796655166997,0.9991619118879415,0.9468426099617592,0.8765812424471836,0.7721748766995494,0.37752640784532765,0.010147439443488001,0.00025851972515589396,0.00025851964198779227,0.0002585196419877922,0.0002585196419877923,0.0002585196419877923,0.0002585196419877922,0.0002585196419877923,0.0002585196419877925,0.0002585196419877923,0.0002585196419877923,0.0002585196419877922,0.00025851964198779194,0.00025851964198779183,0.0002585196419877919,0.0002585196419877922,0.0002585196419877922,0.0002585196419877922,0.0002585196419877922,0.0002585196419877922,0.0002585196419877922,0.0002585196419877923,0.0002585196419877922,0.0002585196419877919,0.0002585196419877923,0.0002585196419877922,0.0002585196419877922,0.0002585196419877923,0.0002585196419877923,0.0002585196419877919
1.6244813034653525,1.62243220717254,1.6203696031252033,1.6182933243149389,1.6162031996857167,1.6140990539824562,1.611980707594097,1.6098479763909954,1.6077006715564706,1.6055385994123141,1.6033615612380736,1.6011693530839068,1.598961765576797,1.5967385837199093,1.5944995866848524,1.592244547596608,1.5899732333108618,1.5876854041834703,1.5853808138317698,1.5830592088874287,1.5807203287405114,1.5783639052744158,1.5759896625913157,1.5735973167277175,1.5711865753597183,1.5687571374975189,1.5663086931687227,1.563840923089909,1.561353498325948,1.5588460799364694,1.5563183186088736,1.5537698542772198,1.5512003157262768,1.5486093201799795,1.545996472873474,1.543361366607871,1.5407035812867724,1.5380226834335624,1.5353182256883768,1.5325897462835933,1.5298367684965908,1.5270588000784417,1.5242553326570958,1.5214258411135078,1.5185697829290523,1.5156865975024345,1.5127757054341817,1.5098365077766498,1.506868385247327,1.5038706974030467,1.500842781772541,1.497783952944575,1.4946935016086789,1.4915706935452842,1.4884147685618037,1.4852249393709411,1.4820003904072212,1.4787402765774147,1.4754437219401968,1.4721098183100003,1.4687376237796306,1.4653261611557662,1.4618744163009953,1.4583813363755231,1.4548458279711163,1.451266755129241,1.4476429372346797,1.4439731467751766,1.4402561069568702,1.4364904891643886,1.4326749102535405,1.4288079296634781,1.4248880463340796,1.420913695413036,1.4168832447357658,1.412794991059778,1.4086471560334624,1.4044378818774874,1.4001652267550129,1.39582715980477,1.3914215558087055,1.3869461894632962,1.382398729220833,1.3777767306639006,1.3730776293729305,1.3682987332430836,1.3634372142027926,1.3584900992820597,1.3534542609740832,1.348326406828951,1.3431030682130676,1.3377805881626663,1.3323551082543466,1.3268225544101329,1.3211786215493095,1.3154187569944933,1.3095381425354506,1.3035316750516057,1.2973939455937546,1.2850523401123866,1.2813299990428253,1.2771021508197953,1.2722943532119884,1.2668194184276584,1.2605746571377043,1.2534383327452747,1.2452650288017446,1.2358794904987418,1.2250682752039228,1.2125681764610787,1.1980497572933342,1.181093220113568,1.161151795411044,1.1374938516878077,1.1091066688005666,1.0745262300842011,1.031510886968301,0.9763415952590984,0.9020335388146311,0.7918728006710845,0.35185195023079946,0.006910473991066114,0.00025851965197189343,0.0002585196419877922,0.0002585196419877923,0.0002585196419877923,0.0002585196419877922,0.0002585196419877923,0.0002585196419877925,0.0002585196419877923,0.0002585196419877923,0.0002585196419877922,0.00025851964198779194,0.00025851964198779183,0.0002585196419877919,0.0002585196419877922,0.0002585196419877922,0.0002585196419877922,0.0002585196419877922,0.0002585196419877922,0.0002585196419877922,0.0002585196419877923,0.0002585196419877922,0.0002585196419877919,0.0002585196419877923,0.0002585196419877922,0.0002585196419877922,0.0002585196419877923,0.0002585196419877923,0.0002585196419877919
1.6359837928647247,1.6339955254784284,1.6319950357494242,1.629982190469846,1.6279568531824096,1.6259188840815428,1.6238681399088255,1.6218044738429789,1.619727735384615,1.617637770235925,1.6155344201754678,1.6134175229281826,1.6112869120307385,1.6091424166923094,1.6069838616508452,1.6048110670248887,1.602623848160983,1.600422015476679,1.5982053742991604,1.5959737246994659,1.5937268613222935,1.591464573211341,1.5891866436301316,1.5868928498782537,1.58458296310293,1.5822567481058127,1.5799139631448877,1.577554359731347,1.5751776824212826,1.572783668602016,1.57037204827288,1.567942543820228,1.565494869786441,1.5630287326326655,1.5605438304949983,1.5580398529338118,1.5555164806758783,1.5529733853489303,1.5504102292082642,1.5478266648549637,1.545222334945288,1.5425968718907384,1.5399498975482813,1.537281022900174,1.5345898477228002,1.5318759602438818,1.5291389367874084,1.5263783414055647,1.5235937254969143,1.5207846274100405,1.5179505720318172,1.5150910703594163,1.5122056190551336,1.5092936999830548,1.5063547797265329,1.5033883090854125,1.50039372255187,1.4973704377636972,1.4943178549338005,1.491235356254641,1.4881223052762733,1.4849780462566136,1.481801903482491,1.4785931805600006,1.4753511596726248,1.472075100805541,1.4687642409344912,1.4654177931775525,1.4620349459081117,1.4586148618273227,1.4551566769943072,1.4516594998123544,1.448122409969383,1.4445444573309516,1.4409246607841517,1.4372620070307918,1.433555449328369,1.429803906177484,1.4260062599545191,1.422161355488651,1.418267998582567,1.414324954476638,1.4103309462567828,1.4062846532068405,1.4021847091070203,1.3980297004808784,1.3938181647943921,1.3895485886120496,1.3852194057165352,1.3808289952006274,1.3763756795424171,1.3718577226780366,1.367273328089874,1.3626206369329732,1.3578977262281964,1.353102607158149,1.3482332235112697,1.3432874503316068,1.3382630928475001,1.328244522369921,1.3248097932436012,1.3209121491267417,1.3164844687453399,1.3114484581417094,1.3057123341063743,1.2991678758680998,1.29168661906232,1.28311486327255,1.2732670039486125,1.2619164417287991,1.2487828950516415,1.2335142086850468,1.2156594401562872,1.1946275515370717,1.1696211800584209,1.1395247221866627,1.1027026176398422,1.0566050789639279,0.9969117828111659,0.9153833532567304,0.7931717915413058,0.27703564488715254,0.0025166225721076985,0.0002585196420506415,0.0002585196419877923,0.0002585196419877923,0.0002585196419877922,0.0002585196419877923,0.00025851964198779254,0.0002585196419877923,0.0002585196419877923,0.0002585196419877922,0.00025851964198779194,0.00025851964198779183,0.0002585196419877919,0.0002585196419877922,0.0002585196419877922,0.0002585196419877922,0.0002585196419877922,0.0002585196419877922,0.0002585196419877922,0.0002585196419877923,0.0002585196419877922,0.0002585196419877919,0.0002585196419877923,0.0002585196419877922,0.0002585196419877922,0.0002585196419877923,0.0002585196419877923,0.0002585196419877919
1.6462182319433873,1.6443400392210725,1.6424508240247353,1.6405504693712205,1.6386388558487688,1.6367158615538115,1.634781362025252,1.6328352301764,1.630877336224723,1.6289075476195574,1.626925728967911,1.6249317419584788,1.6229254452839708,1.6209066945618582,1.6188753422536122,1.6168312375825118,1.614774226450087,1.6127041513512421,1.610620851288109,1.6085241616826564,1.6064139142880784,1.6042899370989774,1.6021520542603371,1.6000000859752834,1.5978338484116101,1.5956531536070462,1.5934578093732226,1.5912476191982965,1.5890223821481706,1.586781892766251,1.5845259409716566,1.582254311955811,1.5799667860773143,1.577663138755004,1.5753431403590916,1.573006556100268,1.570653145916654,1.5682826643584715,1.565894860470307,1.563489477670829,1.5610662536298276,1.5586249201424278,1.5561652030003414,1.5536868218600133,1.5511894901075163,1.5486729147200613,1.546136796123982,1.5435808280490606,1.5410046973790745,1.5384080839984418,1.535790660634857,1.5331520926978273,1.5304920381130174,1.5278101471523517,1.5251060622598116,1.5223794178729164,1.5196298402398858,1.5168569472325129,1.5140603481548107,1.511239643547539,1.5083944249887467,1.5055242748905266,1.502628766292224,1.4997074626504046,1.4967599176259567,1.493785674868774,1.4907842678005538,1.4877552193963495,1.4846980419656042,1.481612236933538,1.4784972946238821,1.4753526940441068,1.472177902674474,1.4689723762624187,1.4657355586240028,1.4624668814544077,1.4591657641497204,1.4558316136425666,1.4524638242544976,1.4490617775684203,1.4456248423248004,1.4421523743458655,1.4386437164925872,1.435098198659847,1.4315151378159037,1.4278938380930752,1.4242335909374542,1.420533675326498,1.416793358064498,1.4130118941672523,1.409188527348769,1.405322490624552,1.4014130070479833,1.3974592905986025,1.3934605472437054,1.3894159761977627,1.38532477140777,1.3811861232969214,1.3769992208041364,1.3687072961265327,1.3655179186456796,1.3619014307955755,1.3577967182956046,1.353132743615401,1.3478265664179832,1.3417808492655845,1.33488067331215,1.3269894127247541,1.3179432997305776,1.3075441276291766,1.295549238649938,1.2816574372075598,1.2654885813716483,1.2465529756771745,1.2242035310616226,1.1975571366011284,1.1653571375385112,1.125713099313487,1.0755550252867594,1.0093160915200563,0.9150226099959231,0.7577880208613568,0.17050737150389558,0.0004906392244915065,0.00025851964198782577,0.0002585196419877923,0.0002585196419877922,0.0002585196419877923,0.0002585196419877925,0.00025851964198779227,0.00025851964198779227,0.0002585196419877922,0.00025851964198779194,0.00025851964198779183,0.0002585196419877919,0.0002585196419877922,0.0002585196419877922,0.0002585196419877922,0.0002585196419877922,0.0002585196419877922,0.0002585196419877922,0.0002585196419877923,0.0002585196419877922,0.0002585196419877919,0.0002585196419877923,0.0002585196419877922,0.0002585196419877922,0.0002585196419877923,0.0002585196419877923,0.0002585196419877919
1.6550841075050977,1.6533260039820379,1.6515580972579333,1.6497802871843732,1.6479924720088035,1.646194548360849,1.6443864112364155,1.6425679539797708,1.6407390682637897,1.6388996440685182,1.6370495696581948,1.6351887315568516,1.6333170145226001,1.6314343015206993,1.6295404736954837,1.6276354103412318,1.6257189888720316,1.623791084790709,1.6218515716568669,1.6199003210540808,1.6179372025562984,1.6159620836934794,1.6139748299165129,1.6119753045614464,1.6099633688130628,1.6079388816678377,1.605901699896305,1.6038516780048713,1.6017886681971083,1.5997125203345584,1.597623081897093,1.5955201979428613,1.593403711067873,1.5912734613652566,1.5891292863842494,1.586971021088968,1.584798497817015,1.5826115462379966,1.5804099933120084,1.5781936632481754,1.5759623774633251,1.5737159545408888,1.5714542101901325,1.5691769572058236,1.5668840054284636,1.5645751617052097,1.5622502298516414,1.5599090106145241,1.5575513016357487,1.555176897417637,1.5527855892898241,1.550377165377943,1.5479514105743635,1.545508106511261,1.5430470315363072,1.5405679606913116,1.5380706656941714,1.5355549149245105,1.5330204734134356,1.530467102837869,1.5278945615199544,1.5253026044320936,1.5226909832082005,1.5200594461618244,1.517407738311856,1.5147356014165791,1.5120427740169105,1.509328991489745,1.5065939861123954,1.503837487139217,1.5010592208915914,1.4982589108625572,1.4954362778374846,1.4925910400323172,1.4897229132510348,1.486831611064145,1.483916845010162,1.4809783248222135,1.4780157586820972,1.4750288535043266,1.4720173152529137,1.4689808492938992,1.4659191607868982,1.4628319551192208,1.4597189383864586,1.4565798179237635,1.4534143028924469,1.4502221049269426,1.4470029388476482,1.4437565234456926,1.440482582346247,1.4371808449576637,1.433851047514476,1.4304929342231305,1.4271062585203365,1.4236907844550533,1.4202462882065365,1.4167725597525256,1.4132694047037135,1.4063708515975855,1.4033987745678513,1.4000306443446229,1.3962103844600298,1.3918730005794682,1.3869428628343214,1.3813315625177076,1.3749352061145943,1.3676309537420774,1.3592725249925577,1.3496842655709596,1.338653162766922,1.325917861976618,1.3111531668489431,1.2939474971376772,1.2737688999725605,1.2499114912347233,1.2214062676615134,1.1868616311798297,1.1441497910442946,1.0897023892815254,1.0165795482212885,0.9070112597593689,0.6510184805386323,0.06942180197227983,0.00025993796378397804,0.0002585196419877924,0.00025851964198779216,0.0002585196419877923,0.0002585196419877925,0.00025851964198779227,0.00025851964198779227,0.00025851964198779216,0.00025851964198779194,0.00025851964198779183,0.0002585196419877919,0.00025851964198779216,0.00025851964198779216,0.00025851964198779216,0.00025851964198779216,0.00025851964198779216,0.00025851964198779216,0.0002585196419877923,0.00025851964198779216,0.0002585196419877919,0.0002585196419877923,0.00025851964198779216,0.00025851964198779216,0.0002585196419877923,0.0002585196419877923,0.0002585196419877919
1.6633636512952645,1.6617125461170668,1.6600530312857702,1.658385030763643,1.656708467604578,1.6550232639441331,1.6533293409895449,1.6516266190097393,1.6499150173253527,1.6481944542987799,1.6464648473242725,1.6447261128181,1.6429781662088,1.6412209219275322,1.6394542933985627,1.6376781930298996,1.6358925322041027,1.6340972212692972,1.6322921695304133,1.6304772852406841,1.628652475593432,1.626817646714174,1.6249727036530832,1.6231175503778419,1.6212520897669256,1.6193762236033584,1.6174898525689878,1.6155928762393221,1.613685193078985,1.611766700437836,1.609837294547819,1.6078968705205992,1.6059453223460496,1.603982542891662,1.6020084239029535,1.6000228560049463,1.5980257287048096,1.5960169303957492,1.5939963483622395,1.5919638687867057,1.5899193767577589,1.587862756280101,1.5857938902862276,1.5837126606500518,1.5816189482025975,1.5795126327499065,1.5773935930933183,1.5752617070522965,1.573116851489976,1.5709589023416295,1.5687877346462527,1.5666032225814928,1.5644052395021444,1.56219365798247,1.5599683498626007,1.5577291862993032,1.5554760378214103,1.5532087743902334,1.5509272654652977,1.548631380075758,1.5463209868978858,1.5439959543390285,1.5416561506284872,1.539301443915764,1.5369317023766866,1.5345467943279238,1.5321465883504577,1.5297309534226031,1.5272997590632114,1.5248528754857236,1.5223901737637975,1.5199115260092606,1.5174168055632002,1.5149058872010497,1.5123786473525795,1.5098349643377658,1.5072747186195576,1.5046977930746401,1.502104073283345,1.499493447839939,1.4968658086845843,1.4942210514583565,1.4915590758827675,1.4888797861653447,1.4861830914328906,1.483468906194152,1.480737150833711,1.477987752139026,1.475220643862639,1.472435767321683,1.4696330720369346,1.4668125164137578,1.4639740684674245,1.4611177065953913,1.4582434203992547,1.4553512115592144,1.4524410947640096,1.4495130986994091,1.4465672670984653,1.4407923444686084,1.4380127751763148,1.4348641589429691,1.4312946467885144,1.4272442683400286,1.422643406884297,1.4174109095269152,1.4114517197570522,1.4046538758825415,1.3968846540703075,1.3879855371041494,1.3777655392466222,1.3659921786717526,1.3523789988081225,1.3365678809263302,1.3181032326359614,1.2963930074509369,1.2706473707010808,1.2397772099471873,1.202215109566928,1.1555713564602155,1.0958859917112875,1.0156406840390455,0.8959340520968445,0.45513857001128755,0.013937452439982588,0.00025851983354415527,0.00025851964198779216,0.0002585196419877923,0.0002585196419877925,0.00025851964198779227,0.00025851964198779227,0.00025851964198779216,0.00025851964198779194,0.00025851964198779183,0.0002585196419877919,0.00025851964198779216,0.00025851964198779216,0.00025851964198779216,0.00025851964198779216,0.00025851964198779216,0.00025851964198779216,0.0002585196419877923,0.00025851964198779216,0.0002585196419877919,0.0002585196419877923,0.00025851964198779216,0.00025851964198779216,0.0002585196419877923,0.0002585196419877923,0.0002585196419877919
1.67293619859781,1.671372103745846,1.6698008703573843,1.668222447259627,1.6666367827209843,1.6650438244658678,1.6634435196877149,1.6618358150605141,1.66022065674906,1.6585979904181445,1.6569677612408722,1.6553299139062603,1.6536843926262756,1.6520311411424378,1.6503701027321156,1.648701220214616,1.6470244359571782,1.6453396918809515,1.6436469294670544,1.6419460897627842,1.6402371133880564,1.6385199405421433,1.6367945110107782,1.6350607641736892,1.633318639012627,1.6315680741199463,1.6298090077077974,1.6280413776179985,1.6262651213326338,1.6244801759854506,1.6226864783741073,1.6208839649733398,1.6190725719491041,1.6172522351737673,1.6154228902424046,1.6135844724902806,1.6117369170115798,1.609880158679462,1.6080141321675216,1.6061387719727298,1.6042540124399423,1.602359787788061,1.6004560321379417,1.598542679542142,1.5966196640166097,1.5946869195744158,1.5927443802616423,1.5907919801955388,1.5888296536050683,1.5868573348739672,1.5848749585864534,1.5828824595757163,1.5808797729753392,1.5788668342738017,1.576843579372221,1.574809944645502,1.5727658670070668,1.570711283977349,1.5686461337562423,1.5665703552997083,1.5644838884007453,1.5623866737749474,1.560278653150879,1.5581597693655027,1.5560299664649229,1.5538891898106952,1.5517373861919908,1.5495745039438913,1.547400493072129,1.5452153053845734,1.5430188946298042,1.540811216643108,1.5385922295002592,1.5363618936794596,1.5341201722318254,1.5318670309608307,1.5296024386111295,1.5273263670672033,1.5250387915622878,1.5227396908980666,1.5204290476756281,1.5181068485382099,1.515773084426271,1.5134277508454643,1.5110708481480968,1.5087023818287002,1.5063223628343563,1.5039308078904627,1.5015277398426503,1.4991131880156117,1.4966871885896464,1.4942497849957834,1.4918010283304106,1.4893409777904205,1.4868697011299905,1.4843872751402363,1.4818937861531538,1.4793893305714603,1.4768740154262345,1.4719616316140416,1.4693600332081929,1.4664142535045563,1.4630762887831974,1.4592907176343608,1.4549933374620247,1.4501094831931374,1.4445519325779332,1.4382182661415108,1.4309874965587697,1.4227157024047286,1.41323027886008,1.4023222253833643,1.3897355783036511,1.3751525734405923,1.3581722138208991,1.3382782625025786,1.3147895127945803,1.2867787496593894,1.2529327556350573,1.211292204643883,1.1587212108884293,1.0896837004902868,0.9928977734479383,0.8398368716027247,0.22375638951760404,0.000909770997152808,0.00025851964198810246,0.0002585196419877923,0.0002585196419877925,0.00025851964198779227,0.00025851964198779227,0.00025851964198779216,0.0002585196419877919,0.00025851964198779183,0.0002585196419877919,0.00025851964198779216,0.00025851964198779216,0.00025851964198779216,0.00025851964198779216,0.00025851964198779216,0.00025851964198779216,0.0002585196419877923,0.00025851964198779216,0.0002585196419877919,0.00025851964198779227,0.00025851964198779216,0.00025851964198779216,0.00025851964198779227,0.0002585196419877923,0.00025851964198779183
1.681638059782122,1.6801771714812412,1.6787102426654423,1.6772372362561918,1.675758115014452,1.674272841545658,1.6727813783050114,1.6712836876030996,1.6697797316118634,1.6682694723709186,1.6667528717942564,1.6652298916773323,1.663700493704567,1.6621646394572698,1.6606222904220125,1.6590734079994642,1.657517953513713,1.6559558882220966,1.6543871733255577,1.6528117699795546,1.6512296393055457,1.649640742403076,1.6480450403624909,1.6464424942783014,1.6448330652632361,1.6432167144630005,1.6415934030717814,1.6399630923485244,1.6383257436340208,1.6366813183688331,1.6350297781121026,1.6333710845612701,1.631705199572752,1.6300320851836125,1.628351703634272,1.6266640173922982,1.6249689891773236,1.623266581987139,1.621556759125012,1.6198394842282782,1.6181147212982674,1.61638243473161,1.6146425893529903,1.6128951504494016,1.6111400838059668,1.6093773557433926,1.6076069331571203,1.6058287835582443,1.6040428751162763,1.6022491767038214,1.6004476579432554,1.598638289255475,1.5968210419108115,1.5949958880821953,1.5931628009006564,1.5913217545132636,1.5894727241435926,1.587615686154828,1.5857506181156027,1.5838774988686817,1.5819963086026039,1.5801070289263983,1.578209642947489,1.5763041353529192,1.5743904924940166,1.5724687024746342,1.5705387552431,1.5686006426880152,1.566654358738048,1.5646998994658619,1.5627372631963417,1.5607664506192624,1.558787464906567,1.556800311834413,1.554804999910157,1.552801540504447,1.5507899479885974,1.5487702398774228,1.546742436977714,1.5447065635425374,1.542662647431543,1.540610720277472,1.5385508176590514,1.5364829792804677,1.5344072491576082,1.5323236758112675,1.5302323124675037,1.5281332172653384,1.5260264534719845,1.5239120897057896,1.5217902001670691,1.5196608648770091,1.5175241699248023,1.5153802077231775,1.5132290772724728,1.511070884433386,1.5089057422085341,1.5067337710329216,1.5045550990734156,1.5003132214157209,1.4978679897026068,1.4951002711639718,1.4919653887247513,1.4884118544391993,1.4843801470228488,1.4798012141601697,1.4745946202133073,1.4686662311951622,1.4619052873450429,1.4541806525311674,1.4453359378143067,1.4351830549666156,1.4234935316915631,1.4099865543554948,1.3943120843171888,1.3760262988294862,1.3545545717945087,1.3291331860437432,1.2987123894567691,1.2617832730611358,1.2160374234748772,1.157599854070473,1.0788987784826163,0.9601275929106482,0.6507937936389383,0.0551036310960744,0.00025880169053875526,0.0002585196419877923,0.0002585196419877925,0.00025851964198779227,0.00025851964198779227,0.00025851964198779216,0.0002585196419877919,0.0002585196419877918,0.0002585196419877919,0.00025851964198779216,0.00025851964198779216,0.00025851964198779216,0.00025851964198779216,0.00025851964198779216,0.00025851964198779216,0.0002585196419877923,0.00025851964198779216,0.0002585196419877919,0.00025851964198779227,0.00025851964198779216,0.00025851964198779216,0.00025851964198779227,0.0002585196419877923,0.00025851964198779183
1.6889257375194855,1.6875769068292978,1.6862230100275184,1.6848640207253658,1.6834999125348715,1.6821306590787592,1.6807562340004887,1.6793766109744934,1.6779917637166404,1.6766016659949339,1.6752062916404955,1.6738056145588338,1.6723996087414368,1.6709882482777025,1.6695715073672321,1.6681493603325042,1.666721781631956,1.6652887458734844,1.663850227828395,1.6624062024458128,1.66095664486758,1.659501530443657,1.6580408347480495,1.6565745335952826,1.6551026030574403,1.6536250194817943,1.6521417595090424,1.6506528000921794,1.64915811851602,1.6476576924174018,1.646151499806086,1.6446395190863856,1.6431217290795401,1.6415981090468663,1.6400686387137098,1.638533298294222,1.6369920685169927,1.635444930651566,1.6338918665358642,1.632332858604558,1.6307678899184037,1.6291969441945846,1.62762000583809,1.6260370599741605,1.6244480924818347,1.6228530900286375,1.6212520401064368,1.6196449310685148,1.6180317521678849,1.6164124935968969,1.6147871465281693,1.6131557031568886,1.6115181567445185,1.6098745016639628,1.6082247334462223,1.6065688488285967,1.6049068458044689,1.603238723674726,1.6015644831008622,1.5998841261598091,1.598197656400548,1.5965050789025508,1.5948064003361029,1.593101629024557,1.5913907750085763,1.5896738501124104,1.5879508680122703,1.5862218443068457,1.5844867965900231,1.5827457445258653,1.5809987099258953,1.5792457168287506,1.5774867915822601,1.5757219629279913,1.5739512620883345,1.5721747228561664,1.5703923816871528,1.568604277794739,1.5668104532478835,1.5650109530715728,1.5632058253501824,1.5613951213337125,1.5595788955469538,1.557757205901618,1.5559301138114707,1.554097684310509,1.5522599861742052,1.550417092043851,1.5485690785540263,1.5467160264632058,1.5448580207875293,1.5429951509377338,1.5411275108592624,1.5392551991755488,1.5373783193344714,1.5354969797579707,1.533611293994821,1.5317213808765355,1.5298273646763967,1.5261476297057825,1.5238409953062222,1.521230845264642,1.5182753294563642,1.5149262758262463,1.5111280727650291,1.5068163049441412,1.5019160730955776,1.4963399036174114,1.4899851186367585,1.4827304857504302,1.4744318901779456,1.4649166557424818,1.453975959835051,1.44135449723611,1.4267360683188677,1.4097229476064486,1.3898054307611518,1.3663152432826,1.3383511615067325,1.3046540359280239,1.2633831814492893,1.2116833162904133,1.1447538437777045,1.0535307528569873,0.9172765007316933,0.34229916634834784,0.0038266330443429,0.00025851964218224143,0.0002585196419877925,0.00025851964198779227,0.00025851964198779227,0.0002585196419877922,0.0002585196419877919,0.00025851964198779183,0.0002585196419877919,0.0002585196419877922,0.0002585196419877922,0.0002585196419877922,0.0002585196419877922,0.0002585196419877922,0.0002585196419877922,0.0002585196419877923,0.0002585196419877922,0.0002585196419877919,0.0002585196419877923,0.0002585196419877922,0.0002585196419877922,0.0002585196419877923,0.0002585196419877923,0.00025851964198779183
1.6955315460187568,1.6942826524418895,1.693029585287496,1.6917723287773847,1.690510867181521,1.6892451848354226,1.6879752661567047,1.6867010956609259,1.6854226579768523,1.6841399378612616,1.6828529202133813,1.681561590089058,1.6802659327147298,1.6789659335012816,1.6776615780578406,1.6763528522055733,1.675039741991538,1.673722233702633,1.6724003138796908,1.6710739693317513,1.6697431871505528,1.6684079547252733,1.6670682597575486,1.6657240902768011,1.664375434655899,1.6630222816271765,1.6616646202988332,1.6603024401717366,1.6589357311566497,1.657564483591902,1.6561886882615235,1.6548083364138628,1.6534234197807032,1.6520339305968998,1.6506398616205522,1.6492412061537292,1.647837958063768,1.6464301118051579,1.64501766244203,1.6436006056712715,1.6421789378462763,1.6407526560013512,1.6393217578767998,1.63788624194469,1.6364461074353358,1.6350013543644994,1.633551983561336,1.6320979966971008,1.6306393963146288,1.6291761858586145,1.6277083697066979,1.6262359532013861,1.6247589426828193,1.6232773455224039,1.6217911701573273,1.6203004261259777,1.6188051241042767,1.6173052759429563,1.6158008947057814,1.614291994708751,1.6127785915602866,1.6112607022024208,1.6097383449530183,1.6082115395490268,1.6066803071907896,1.6051446705874242,1.6036046540032898,1.6020602833055546,1.6005115860128774,1.598958591345217,1.597401330274782,1.595839835578135,1.5942741418894564,1.5927042857549851,1.5911303056886394,1.5895522422288284,1.5879701379964601,1.5863840377541534,1.5847939884666538,1.5832000393624626,1.5816022419966753,1.5800006503150328,1.5783953207191843,1.5767863121331618,1.5751736860710583,1.5735575067059164,1.5719378409398124,1.5703147584751413,1.5686883318870983,1.5670586366973522,1.565425751448918,1.5637897577822335,1.5621507405124495,1.560508787707958,1.5588639907701856,1.5572164445147034,1.5555662472537168,1.5539135008800258,1.5522583109525825,1.5490472265295698,1.5468760446049206,1.5444198107582472,1.5416394081153337,1.5384898672494864,1.5349193490482993,1.530867908783853,1.5262659815641342,1.521032508860861,1.5150725967593281,1.5082745546521783,1.5005061014149614,1.491609433351104,1.4813947052949772,1.4696312499072584,1.4560354901015173,1.4402538718251574,1.4218380331362421,1.400207355797377,1.374589948809423,1.3439243783795987,1.3066840277938039,1.2605321689355904,1.2015498915534804,1.1221372671857481,1.0030718057951258,0.735908397611391,0.08613020632837101,0.0002615996454364971,0.0002585196419877926,0.00025851964198779227,0.00025851964198779227,0.0002585196419877922,0.0002585196419877919,0.0002585196419877918,0.0002585196419877919,0.0002585196419877922,0.0002585196419877922,0.0002585196419877922,0.0002585196419877922,0.0002585196419877922,0.0002585196419877922,0.0002585196419877923,0.0002585196419877922,0.0002585196419877919,0.0002585196419877923,0.0002585196419877922,0.0002585196419877922,0.0002585196419877923,0.0002585196419877923,0.00025851964198779183
1.6991696988252476,1.6980686953863373,1.6969633095565955,1.6958535080398243,1.6947392604990708,1.6936205395993233,1.692497321028037,1.6913695834949252,1.6902373087125517,1.6891004813593302,1.6879590890265874,1.6868131221513591,1.6856625739365907,1.6845074402603872,1.6833477195759305,1.6821834128036157,1.6810145232169114,1.6798410563233659,1.6786630197421053,1.6774804230790854,1.6762932778012727,1.6751015971108296,1.6739053958202996,1.6727046902296832,1.6714994980062126,1.670289838067539,1.6690757304689585,1.6678571962952229,1.6666342575573945,1.665406937095136,1.6641752584847431,1.662939245953171,1.6616989242982372,1.660454318815121,1.6592054552292392,1.6579523596355106,1.6566950584439961,1.6554335783318506,1.654167946201485,1.6528981891448231,1.6516243344134864,1.6503464093947413,1.6490644415930054,1.647778458616703,1.6464884881702493,1.6451945580509226,1.6438966961503885,1.6425949304606289,1.6412892890840267,1.6399798002473602,1.6386664923194598,1.6373493938322823,1.6360285335051665,1.6347039402720365,1.633375643311323,1.6320436720783922,1.6307080563402618,1.6293688262124137,1.6280260121975025,1.6266796452257863,1.6253297566971006,1.6239763785242196,1.6226195431774493,1.6212592837303113,1.6198956339061896,1.618528628125811,1.6171583015554536,1.615784690155775,1.6144078307311691,1.6130277609795625,1.6116445195425733,1.6102581460559644,1.6088686812003232,1.6074761667519157,1.6060806456336627,1.6046821619661968,1.6032807611189557,1.6018764897612894,1.600469395913541,1.5990595289980856,1.5976469398903046,1.5962316809694792,1.594813806169589,1.5933933710300108,1.5919704327461068,1.5905450502197,1.5891172841094343,1.587687196881023,1.5862548528573877,1.5848203182686902,1.5833836613022725,1.5819449521525053,1.5805042630705688,1.579061668414167,1.577617244697207,1.5761710706394516,1.5747232272161775,1.5732737977078577,1.5718228677499075,1.569008633927157,1.5669566775383947,1.5646357135637492,1.5620089402838275,1.5590340833725005,1.5556624548913067,1.5518378129628285,1.5474949686408315,1.5425580685730491,1.5369384568228943,1.5305319831190698,1.5232155722300735,1.5148427910718947,1.5052380316238836,1.4941887433864955,1.4814348545720903,1.4666540360493767,1.4494406348668887,1.4292746372608545,1.4054742989005746,1.3771207534543053,1.3429318081161319,1.3010371401177654,1.2485450686748214,1.1806154826363882,1.0881484392997878,0.9501807300997885,0.3708143538552086,0.004786985319186086,0.0002585196424645947,0.00025851964198779227,0.00025851964198779227,0.0002585196419877922,0.00025851964198779194,0.00025851964198779183,0.0002585196419877919,0.0002585196419877922,0.0002585196419877922,0.0002585196419877922,0.0002585196419877922,0.0002585196419877922,0.0002585196419877922,0.0002585196419877923,0.0002585196419877922,0.0002585196419877919,0.0002585196419877923,0.0002585196419877922,0.0002585196419877922,0.0002585196419877923,0.0002585196419877923,0.0002585196419877918
1.7042837947295015,1.7032326966529159,1.702178838963087,1.7011222170402078,1.7000628264349062,1.6990006628753234,1.697935722274233,1.6968680007362233,1.6957974945649459,1.694724200270447,1.6936481145765883,1.6925692344285692,1.6914875570005556,1.690403079703425,1.689315800192634,1.6882257163762169,1.6871328264229182,1.6860371287704685,1.6849386221340066,1.683837305514653,1.6827331782082426,1.6816262398142154,1.6805164902446785,1.6794039297336318,1.6782885588463723,1.6771703784890748,1.6760493899185516,1.6749255947522022,1.6737989949781429,1.672669592965537,1.6715373914751093,1.6704023936698664,1.6692646031260105,1.6681240238440584,1.666980660260166,1.6658345172576579,1.6646856001787684,1.6635339148365962,1.6623794675272683,1.6612222650423258,1.660062314681324,1.658899624264654,1.6577342021465853,1.6565660572285306,1.655395198972537,1.654221637415002,1.653045383180616,1.65186644749653,1.6506848422067602,1.6495005797868103,1.648313673358533,1.6471241367052167,1.6459319842869018,1.6447372312559294,1.6435398934727186,1.6423399875217701,1.6411375307279015,1.6399325411727077,1.6387250377112463,1.6375150399889482,1.6363025684587498,1.6350876443984432,1.6338702899282493,1.6326505280285961,1.6314283825581177,1.6302038782718535,1.6289770408396558,1.6277478968647938,1.6265164739027536,1.625282800480226,1.624046906114279,1.622808821331708,1.6215685776885553,1.620326207789795,1.6190817453091744,1.6178352250091994,1.616586682761267,1.615336155565919,1.6140836815732245,1.6128293001032663,1.6115730516667297,1.6103149779855772,1.6090551220138014,1.6077935279582365,1.606530241299423,1.6052653088125066,1.6039987785881569,1.6027307000534936,1.6014611239930026,1.6001901025694254,1.598917689344608,1.5976439393002881,1.5963689088588098,1.5950926559037384,1.5938152398003704,1.5925367214161108,1.5912571631407058,1.5899766289063122,1.5886951842073924,1.586208998642816,1.5842749001773055,1.5820876670460295,1.5796127919598208,1.5768106730431621,1.5736357491630228,1.5700354556902636,1.5659489537030244,1.5613055703318455,1.5560228665754778,1.5500042186146976,1.5431357549393672,1.5352824273174237,1.5262828970377593,1.5159427691359433,1.5040254719287918,1.4902396946557763,1.4742216443814422,1.4555092305198538,1.4335031393025428,1.407405512363822,1.3761178767482993,1.3380587100987231,1.2908047327904246,1.2302847276210214,1.1485652842741145,1.0252596775082823,0.7318836337251726,0.07616105374044727,0.000259860287264063,0.0002585196419877923,0.0002585196419877923,0.0002585196419877922,0.00025851964198779194,0.00025851964198779183,0.0002585196419877919,0.0002585196419877922,0.0002585196419877922,0.0002585196419877922,0.0002585196419877922,0.0002585196419877922,0.0002585196419877922,0.0002585196419877923,0.0002585196419877922,0.0002585196419877919,0.0002585196419877923,0.0002585196419877922,0.0002585196419877922,0.0002585196419877923,0.0002585196419877923,0.0002585196419877918
1.7083552942867348,1.7073951469887414,1.706432607558357,1.7054676714442707,1.7045003342667517,1.703530591829367,1.7025584401302747,1.7015838753731471,1.700606893977783,1.6996274925904573,1.6986456680940505,1.697661417617993,1.6966747385480612,1.6956856285360473,1.6946940855093353,1.693700107680396,1.6927036935562274,1.6917048419477523,1.690703551979189,1.689699823097405,1.6886936550812668,1.687685048050995,1.6866740024775284,1.6856605191919092,1.6846445993946904,1.6836262446653738,1.6826054569718796,1.6815822386800525,1.680556592563208,1.6795285218117184,1.6784980300426446,1.6774651213094118,1.67642980011153,1.6753920714043649,1.6743519406089533,1.6733094136218716,1.6722644968251479,1.6712171970962275,1.670167521817986,1.6691154788887927,1.6680610767326223,1.6670043243092156,1.665945231124292,1.6648838072398078,1.6638200632842635,1.662754010463062,1.6616856605689112,1.6606150259922758,1.659542119731879,1.6584669554052438,1.6573895472592888,1.6563099101809644,1.655228059707936,1.6541440120393123,1.6530577840464153,1.651969393283598,1.650878857999099,1.649786197145943,1.6486914303928808,1.6475945781353678,1.6464956615065824,1.6453947023884794,1.6442917234228833,1.6431867480226097,1.642079800382624,1.6409709054912285,1.639860089141277,1.6387473779414163,1.6376327993273503,1.6365163815731236,1.6353981538024243,1.6342781459998974,1.6331563890224716,1.632032914610689,1.6309077554000373,1.6297809449322822,1.628652517666784,1.6275225089918108,1.626390955235824,1.625257893678744,1.6241233625631835,1.6229874011056435,1.6218500495076653,1.6207113489669311,1.6195713416883077,1.6184300708948254,1.6172875808385883,1.6161439168116025,1.6149991251565288,1.6138532532773404,1.6127063496498966,1.6115584638324183,1.6104096464758724,1.6092599493342667,1.608109425274858,1.6069581282882872,1.6058061134986545,1.6046534371735592,1.6035001567341312,1.6012616151536752,1.5994241949600918,1.5973466328553785,1.5949962879925637,1.5923357274507124,1.5893219205166111,1.5859052677591903,1.5820284222546208,1.5776248466080887,1.5726170303482607,1.566914265344273,1.5604098382417582,1.5529774423993712,1.5444665274977691,1.534696176361919,1.5234468973254505,1.5104493967778416,1.4953688591234708,1.4777823365905192,1.457145193353181,1.4327394319483118,1.403590539046743,1.3683263575264273,1.3249213599213694,1.2701934965434498,1.1987028734466931,1.0999705384416092,0.9499554464282788,0.3120633386049156,0.002325206450852378,0.0002585196419995399,0.0002585196419877923,0.0002585196419877922,0.0002585196419877919,0.0002585196419877918,0.0002585196419877919,0.0002585196419877922,0.0002585196419877922,0.0002585196419877922,0.0002585196419877922,0.0002585196419877922,0.0002585196419877922,0.0002585196419877923,0.0002585196419877922,0.0002585196419877919,0.0002585196419877923,0.0002585196419877922,0.0002585196419877922,0.0002585196419877923,0.0002585196419877923,0.0002585196419877918
1.7136323541733431,1.7127202917043136,1.711806348973435,1.7108905272562964,1.7099728279810726,1.7090532527319788,1.708131803252783,1.7072084814503776,1.706283289398407,1.7053562293409585,1.7044273036963096,1.7034965150607353,1.702563866212381,1.7016293601151917,1.7006929999229055,1.69975478898311,1.6988147308413613,1.6978728292453662,1.6969290881492285,1.695983511717761,1.6950361043308604,1.6940868705879504,1.6931358153124871,1.6921829435565354,1.6912282606054063,1.6902717719823672,1.6893134834534145,1.688353401032117,1.687391530984527,1.6864278798341583,1.6854624543670338,1.684495261636801,1.683526308969919,1.6825556039709113,1.681583154527689,1.6806089688169448,1.6796330553096155,1.6786554227764134,1.6776760802934265,1.6766950372477916,1.6757123033434325,1.6747278886068704,1.6737418033931015,1.672754058391545,1.6717646646320579,1.6707736334910193,1.6697809766974823,1.6687867063393926,1.6677908348698762,1.6667933751135893,1.6657943402731394,1.6647937439355662,1.6637916000788908,1.6627879230787266,1.6617827277149533,1.6607760291784528,1.6597678430779053,1.6587581854466458,1.657747072749578,1.6567345218901472,1.655720550217366,1.6547051755328968,1.6536884160981875,1.652670290641656,1.6516508183659258,1.6506300189551095,1.6496079125821361,1.6485845199161249,1.6475598621297982,1.6465339609069336,1.6455068384498555,1.6444785174869578,1.6434490212802604,1.6424183736329931,1.6413865988972076,1.6403537219814106,1.6393197683582172,1.6382847640720226,1.6372487357466832,1.6362117105932124,1.6351737164174767,1.634134781627899,1.633094935243155,1.6320542068998676,1.631012626860286,1.629970226019955,1.628927035915359,1.6278830887315454,1.626838417309715,1.62579305515478,1.6247470364428782,1.6237003960288443,1.6226531694536273,1.6216053929516512,1.620557103458109,1.6195083386161904,1.6184591367842278,1.6174095370427626,1.6163595792015168,1.6143208477775548,1.6125742168708725,1.6105996657508888,1.6083663166088473,1.6058387881410474,1.6029764472271233,1.5997325098940847,1.596052953557037,1.5918751906394182,1.5871264372901834,1.5817216880110585,1.575561174494053,1.5685271400215337,1.5604796917060006,1.5512513890497839,1.540640067611444,1.5283991442120126,1.5142242389456224,1.4977342551849517,1.4784438374245128,1.4557218683469535,1.4287262302743586,1.3962956608780372,1.3567576207746792,1.3075530350254756,1.2443954245338462,1.1589325487372253,1.029136036692489,0.6374610150036438,0.03857920672381299,0.00025854505651944445,0.0002585196419877923,0.0002585196419877922,0.00025851964198779194,0.00025851964198779183,0.0002585196419877919,0.0002585196419877922,0.0002585196419877922,0.0002585196419877922,0.0002585196419877922,0.0002585196419877922,0.0002585196419877922,0.0002585196419877924,0.0002585196419877922,0.0002585196419877919,0.0002585196419877923,0.0002585196419877922,0.0002585196419877922,0.0002585196419877923,0.0002585196419877924,0.0002585196419877918
1.7191306684084522,1.718267333015337,1.717402410879404,1.7165359051158962,1.7156678189719303,1.7147981558295828,1.7139269192089475,1.7130541127711751,1.7121797403214976,1.7113038058122443,1.710426313345857,1.7095472671779046,1.7086666717201056,1.7077845315433586,1.7069008513807875,1.7060156361308019,1.7051288908601772,1.7042406208071543,1.7033508313845651,1.7024595281829817,1.7015667169738937,1.7006724037129135,1.6997765945430128,1.6988792957977905,1.697980514004773,1.6970802558887483,1.6961785283751345,1.6952753385933843,1.6943706938804255,1.6934646017841382,1.6925570700668697,1.6916481067089864,1.6907377199124656,1.6898259181045243,1.6889127099412882,1.6879981043114995,1.6870821103402633,1.686164737392836,1.6852459950784486,1.6843258932541774,1.6834044420288448,1.6824816517669685,1.6815575330927452,1.680632096894074,1.6797053543266218,1.6787773168179245,1.67784799607153,1.6769174040711772,1.6759855530850143,1.6750524556698545,1.6741181246754693,1.673182573248919,1.672245814838917,1.671307863200235,1.6703687323981362,1.6694284368128498,1.6684869911440745,1.667544410415517,1.6666007099794624,1.6656559055213744,1.6647100130645285,1.663763048974671,1.6628150299647102,1.6618659730994307,1.6609158958002377,1.659964815849921,1.6590127513974486,1.658059720962777,1.6571057434416854,1.656150838110627,1.6551950246316,1.6542383230570337,1.6532807538346879,1.6523223378125662,1.6513630962438408,1.650403050791783,1.6494422235347044,1.6484806369709004,1.6475183140235976,1.6465552780459014,1.6455915528257419,1.6446271625908166,1.6436621320135265,1.6426964862159021,1.6417302507745213,1.6407634517254115,1.6397961155689351,1.638828269274659,1.6378599402861997,1.636891156526048,1.6359219464003645,1.6349523388037488,1.6339823631239752,1.6330120492466973,1.6320414275601158,1.6310705289596097,1.6300993848523275,1.6291280271617377,1.628156488332139,1.626270228025978,1.624601290715821,1.6227149141495063,1.6205817340199797,1.6181681286774234,1.6154355184496405,1.6123395255449045,1.6088289597804202,1.6048445846016852,1.6003176030250659,1.5951677824302903,1.5893011077742152,1.5826068104540347,1.5749535578022902,1.5661844947224521,1.556110685228241,1.544502274572278,1.5310763228160162,1.515479636971866,1.4972638337949689,1.475847850765793,1.4504592076393434,1.4200371986272655,1.3830629598730373,1.3372362081945945,1.2787917247950003,1.2008272260189032,1.0882130687044123,0.8946078584043654,0.18925862774597751,0.0004557864848838739,0.0002585196419877985,0.0002585196419877922,0.00025851964198779194,0.00025851964198779183,0.0002585196419877919,0.0002585196419877922,0.0002585196419877922,0.0002585196419877922,0.0002585196419877922,0.0002585196419877922,0.0002585196419877922,0.0002585196419877924,0.0002585196419877922,0.0002585196419877919,0.0002585196419877923,0.0002585196419877922,0.0002585196419877922,0.0002585196419877923,0.0002585196419877924,0.0002585196419877918
1.72339838266613,1.7225962511217263,1.7217926748776653,1.7209876556472967,1.7201811952687827,1.719373295711565,1.7185639590824857,1.717753187631606,1.7169409837577587,1.716127350013872,1.7153122891120853,1.7144958039286897,1.7136778975089098,1.7128585730715506,1.7120378340135214,1.711215683914253,1.7103921265400257,1.709567165848211,1.7087408059914406,1.7079130513217133,1.7070839063944439,1.7062533759724579,1.7054214650299444,1.7045881787563648,1.7037535225603253,1.702917502073414,1.702080123154007,1.7012413918910476,1.7004013146077925,1.6995598978655388,1.6987171484673234,1.6978730734615988,1.6970276801458892,1.6961809760704214,1.6953329690417394,1.6944836671262924,1.6936330786540081,1.692781212221843,1.6919280766973122,1.691073681222001,1.690218035215056,1.689361148376655,1.68850303069146,1.6876436924320457,1.686783144162311,1.685921396740871,1.685058461324425,1.684194349371107,1.6833290726438135,1.6824626432135126,1.6815950734625311,1.6807263760878177,1.6798565641041916,1.6789856508475625,1.6781136499781328,1.6772405754835786,1.676366441682206,1.6754912632260883,1.6746150551041787,1.6737378326454015,1.6728596115217211,1.671980407751186,1.6711002377009525,1.6702191180902828,1.6693370659935203,1.6684540988430394,1.6675702344321726,1.6666854909181108,1.6657998868247796,1.6649134410456885,1.6640261728467531,1.6631381018690925,1.6622492481317954,1.661359632034659,1.6604692743609009,1.659578196279835,1.658686419349523,1.6577939655193887,1.6569008571328017,1.6560071169296262,1.6551127680487363,1.6542178340304938,1.6533223388191898,1.6524263067654497,1.651529762628599,1.6506327315789895,1.6497352392002875,1.6488373114917239,1.6479389748702993,1.647040256172959,1.6461411826587224,1.6452417820107836,1.6443420823385742,1.6434421121797984,1.6425419005024466,1.6416414767067862,1.6407408706273476,1.6398401125349078,1.638939233138492,1.6371891198662438,1.6355864657186914,1.633775234872989,1.631727325467378,1.6294105807837682,1.6267881277957579,1.6238175859297175,1.620450114268079,1.6166292557787298,1.6122895239669623,1.607354659073915,1.6017354552586178,1.5953270235110473,1.588005301725097,1.5796225443748753,1.5700014047347868,1.5589270374820163,1.546136355188855,1.531303090176382,1.514016496853181,1.4937500929444205,1.4698141937596376,1.4412808619076947,1.4068592733680851,1.3646756646578988,1.311852501946716,1.2436084483730223,1.1509596055647702,1.0123463676673692,0.45149754349193505,0.008997679546117207,0.00025851965033448545,0.0002585196419877922,0.0002585196419877919,0.0002585196419877918,0.0002585196419877919,0.0002585196419877922,0.0002585196419877922,0.0002585196419877922,0.0002585196419877922,0.0002585196419877922,0.0002585196419877922,0.0002585196419877924,0.0002585196419877922,0.0002585196419877919,0.0002585196419877923,0.0002585196419877922,0.0002585196419877922,0.0002585196419877923,0.0002585196419877924,0.0002585196419877917
1.7268671608247836,1.7261179027108666,1.725367410408826,1.7246156857998356,1.7238627308897687,1.723108547811845,1.7223531388292965,1.7215965063380527,1.720838652869442,1.7200795810929093,1.7193192938187503,1.7185577940008612,1.7177950847395016,1.7170311692840727,1.716266051035907,1.7154997335510702,1.7147322205431774,1.713963515886215,1.7131936236173777,1.7124225479399098,1.7116502932259579,1.710876864019431,1.7101022650388642,1.709326501180292,1.7085495775201236,1.707771499318023,1.7069922720197936,1.7062119012602626,1.7054303928661687,1.7046477528590505,1.703863987458131,1.7030791030832064,1.702293106357528,1.7015060041106822,1.7007178033814678,1.6999285114207665,1.699138135694408,1.698346683886028,1.697554163899919,1.6967605838638709,1.6959659521320027,1.6951702772875836,1.6943735681458403,1.6935758337567541,1.6927770834078417,1.6919773266269236,1.691176573184874,1.6903748330983548,1.6895721166325313,1.688768434303771,1.6879637968823171,1.6871582153949478,1.686351701127605,1.6855442656280064,1.6847359207082302,1.6839266784472728,1.6831165511935817,1.6823055515675598,1.681493692464038,1.6806809870547221,1.6798674487906016,1.6790530914043311,1.6782379289125742,1.6774219756183126,1.6766052461131171,1.6757877552793834,1.6749695182925228,1.674150550623118,1.673330868039032,1.6725104866074734,1.6716894226970185,1.6708676929795827,1.6700453144323484,1.6692223043396357,1.6683986802947288,1.6675744602016431,1.6667496622768398,1.665924305050884,1.6650984073700414,1.6642719883978179,1.663445067616435,1.6626176648282407,1.661789800157056,1.6609614940494517,1.6601327672759558,1.65930364093219,1.6584741364399298,1.6576442755480898,1.6568140803336324,1.655983573202392,1.6551527768898209,1.6543217144616467,1.6534904093144454,1.6526588851761244,1.6518271661063113,1.6509952764966538,1.6501632410710174,1.6493310848855898,1.648498833328879,1.6468801609655406,1.6453458117952002,1.6436119771546016,1.6416518382793763,1.6394347238930402,1.6369254869576741,1.6340837607326446,1.6308630651059224,1.6272097255228057,1.6230615550912073,1.6183462342661439,1.6129792999204047,1.6068616235470223,1.599876212061253,1.5918840965738754,1.5827189721425343,1.5721800938682213,1.5600226852020245,1.545944706844358,1.5295681444831188,1.5104117538235757,1.4878499330541723,1.4610479071398537,1.428853837800777,1.3896060028787378,1.3407534675860435,1.2780010767193657,1.1929394836616112,1.0636181362389385,0.7320018288193387,0.0655940063603555,0.0002589809120750821,0.0002585196419877922,0.00025851964198779194,0.00025851964198779183,0.0002585196419877919,0.0002585196419877922,0.0002585196419877922,0.0002585196419877922,0.0002585196419877922,0.0002585196419877922,0.0002585196419877922,0.0002585196419877924,0.0002585196419877922,0.0002585196419877919,0.0002585196419877924,0.0002585196419877922,0.0002585196419877922,0.0002585196419877924,0.0002585196419877924,0.0002585196419877917
1.7299788910500284,1.7292783806784935,1.7285767855470466,1.7278741073494133,1.7271703478912805,1.7264655090929857,1.725759592992178,1.7250526017464587,1.7243445376359976,1.7236354030661332,1.722925200569953,1.7222139328108566,1.7215016025851047,1.7207882128243503,1.720073766598157,1.719358267116503,1.7186417177322693,1.7179241219437151,1.7172054833969386,1.716485805888324,1.7157650933669735,1.7150433499371243,1.7143205798605512,1.713596787558952,1.7128719776163195,1.7121461547812942,1.711419323969501,1.7106914902658694,1.709962658926932,1.709232835383107,1.7085020252409595,1.7077702342854444,1.7070374684821243,1.7063037339793705,1.7055690371105372,1.704833384396116,1.7040967825458646,1.7033592384609115,1.7026207592358347,1.7018813521607166,1.7011410247231697,1.7003997846103371,1.699657639710863,1.6989145981168359,1.6981706681257027,1.697425858242152,1.6966801771799662,1.695933633863844,1.6951862374311895,1.694437997233869,1.6936889228399359,1.6929390240353195,1.6921883108254798,1.69143679343703,1.690684482319319,1.6899313881459803,1.6891775218164438,1.6884228944574093,1.687667517424281,1.686911402302565,1.6861545609092266,1.685397005294006,1.6846387477406957,1.6838798007683753,1.683120177132603,1.6823598898265664,1.6815989520821881,1.6808373773711889,1.6800751794061035,1.6793123721412528,1.6785489697736693,1.6777849867439738,1.6770204377372055,1.6762553376836031,1.6754897017593353,1.6747235453871814,1.6739568842371597,1.6731897342271047,1.6724221115231892,1.6716540325403932,1.6708855139429173,1.6701165726445386,1.6693472258089106,1.6685774908498048,1.6678073854312891,1.6670369274678525,1.6662661351244608,1.665495026816554,1.6647236212099792,1.6639519372208569,1.6631799940153833,1.6624078110095666,1.66163540786889,1.6608628045079152,1.6600900210898073,1.6593170780257969,1.6585439959745667,1.6577707958415702,1.6569974987782785,1.6554914653853032,1.6540181341010392,1.652353414497929,1.6504716213971018,1.6483433922757402,1.645935095681502,1.6432081259514233,1.640118057097986,1.6366136207034747,1.6326354617731542,1.6281146115192555,1.6229705951544926,1.6171090631706746,1.6104187919142579,1.602767836600626,1.5939985258902596,1.5839208427279496,1.5723035083268557,1.558861715844108,1.543239837338857,1.5249863377621147,1.5035161344944223,1.478051788981659,1.4475269981113539,1.4104182951409359,1.3644281528087754,1.3058257840050786,1.227878177266807,1.1163158431787814,0.9315717494896253,0.2189495879839168,0.0006352562103912939,0.00025851964198781325,0.00025851964198779194,0.00025851964198779183,0.0002585196419877919,0.0002585196419877922,0.0002585196419877922,0.0002585196419877922,0.0002585196419877922,0.0002585196419877922,0.0002585196419877922,0.0002585196419877924,0.0002585196419877922,0.0002585196419877919,0.0002585196419877924,0.0002585196419877922,0.0002585196419877922,0.0002585196419877924,0.0002585196419877924,0.0002585196419877917
1.7316593290133295,1.7310412876748127,1.7304216116523778,1.7298002915933361,1.7291773189478066,1.7285526859867275,1.7279263858181328,1.7272984124016277,1.7266687605610223,1.726037425995083,1.7254044052863746,1.7247696959081733,1.724133296229444,1.7234952055178805,1.7228554239410194,1.7222139525654443,1.72157079335411,1.720925949161819,1.720279423728894,1.7196312216731005,1.7189813484798657,1.718329810490871,1.7176766148910767,1.7170217696942567,1.7163652837271222,1.7157071666121178,1.7150474287489752,1.7143860812951164,1.7137231361449943,1.7130586059084725,1.7123925038883294,1.7117248440569908,1.7110556410325855,1.7103849100544184,1.70971266695796,1.7090389281494434,1.7083637105801657,1.7076870317205846,1.7070089095342993,1.7063293624520008,1.70564840934548,1.70496606950177,1.7042823625975065,1.7035973086735727,1.702910928110108,1.7022232416019423,1.701534270134518,1.7008440349603662,1.7001525575761807,1.699459859700552,1.6987659632524008,1.6980708903301556,1.697374663191716,1.6966773042352292,1.6959788359807195,1.6952792810525896,1.6945786621630188,1.6938770020962823,1.6931743236939993,1.6924706498413262,1.691766003454107,1.6910604074669784,1.690353884822442,1.6896464584608966,1.688938151311632,1.6882289862847781,1.6875189862642013,1.686808174101342,1.6860965726099792,1.6853842045619087,1.684671092683526,1.6839572596532908,1.6832427281000613,1.682527520602281,1.6818116596879922,1.6810951678356678,1.6803780674758306,1.679660380993446,1.6789421307310655,1.6782233389927013,1.6775040280484068,1.6767842201395493,1.6760639374847461,1.675343202286449,1.6746220367381563,1.6739004630322305,1.673178503368303,1.6724561799622513,1.6717335150557207,1.6710105309261885,1.6702872498975374,1.6695636943511363,1.6688398867374028,1.668115849587844,1.6673916055275528,1.6666671772881552,1.6659425877211949,1.6652178598119443,1.6644930166936405,1.6630796509373331,1.6616600376825716,1.6600561638021776,1.6582433435857318,1.6561933696055053,1.6538739498769772,1.6512480379522698,1.6482730307259343,1.6448998013890348,1.6410715250434766,1.6367222409122355,1.6317750762624699,1.6261400306925213,1.6197111816291183,1.6123631169374941,1.6039463191688332,1.5942811028727402,1.5831495157770932,1.5702843115629255,1.555353605566317,1.5379389837824,1.5175033546247776,1.493342105242401,1.4645058270426963,1.4296719084998364,1.386917700686206,1.3332867084411477,1.2638622470994456,1.1694149943046013,1.0279638577080255,0.44878762272403094,0.008342142481447561,0.00025851964685642,0.0002585196419877919,0.0002585196419877918,0.0002585196419877919,0.00025851964198779216,0.00025851964198779216,0.00025851964198779216,0.00025851964198779216,0.00025851964198779216,0.00025851964198779216,0.0002585196419877924,0.00025851964198779216,0.0002585196419877919,0.0002585196419877924,0.00025851964198779216,0.00025851964198779216,0.0002585196419877924,0.0002585196419877924,0.0002585196419877917
1.7328033600584223,1.7322372615537138,1.731667781444784,1.7310950376321106,1.7305191494570749,1.72994023644509,1.7293584172584335,1.7287738088331777,1.7281865256771838,1.7275966793084836,1.7270043778155568,1.7264097255229707,1.7258128227476752,1.725213765632879,1.7246126460479176,1.7240095515438887,1.7234045653560244,1.7227977664448861,1.722189229569444,1.7215790253859844,1.7209672205675852,1.7203538779396004,1.7197390566272237,1.7191228122117626,1.7185051968927412,1.7178862596533961,1.7172660464275098,1.716644600265861,1.716021961500882,1.7153981679083505,1.7147732548651902,1.7141472555026362,1.7135202008541972,1.7128921199979856,1.712263040193117,1.711632987009983,1.7110019844542905,1.710370055084835,1.709737220125039,1.7091034995683392,1.708468912277544,1.7078334760783171,1.7071972078469737,1.7065601235927874,1.7059222385350297,1.7052835671749653,1.70464412336304,1.7040039203614945,1.7033629709026443,1.702721287243058,1.702078881213864,1.7014357642674163,1.7007919475205309,1.7001474417945128,1.699502257652171,1.6988564054320214,1.698209895279861,1.6975627371778927,1.6969149409715687,1.6962665163943125,1.6956174730902687,1.6949678206352239,1.6943175685558318,1.6936667263472651,1.6930153034894144,1.6923633094617434,1.691710753756898,1.691057645893172,1.690403995425908,1.689749811957928,1.6890951051490566,1.6884398847248183,1.6877841604843706,1.6871279423077288,1.686471240162348,1.6858140641091048,1.6851564243077326,1.68449833102175,1.6838397946229269,1.6831808255953211,1.6825214345389232,1.6818616321729407,1.6812014293387472,1.6805408370025285,1.679879866257643,1.67921852832673,1.6785568345635713,1.677894796454741,1.6772324256210496,1.6765697338188041,1.6759067329408979,1.6752434350177448,1.6745798522180695,1.6739159968495672,1.673251881359446,1.672587518334857,1.6719229205032313,1.6712581007325251,1.6705930720313895,1.6692917871752815,1.667932433165126,1.666396699472887,1.6646609746373824,1.662698284773215,1.6604777582955454,1.657963989600471,1.6551162782030868,1.6518877131181273,1.6482240632436445,1.6440624222410218,1.6393295395164769,1.6339397453287967,1.6277923446165754,1.6207683059194424,1.612726000890749,1.603495643474189,1.5928719141351557,1.5806039958472997,1.566381826737257,1.5498166612762492,1.5304127745376839,1.5075248121714555,1.4802906914876435,1.4475201810885094,1.4074963802962723,1.357586408509158,1.2933650642445642,1.2061720710474328,1.073146012189353,0.694060541277956,0.04909916740991938,0.00025860066332669674,0.0002585196419877919,0.0002585196419877918,0.0002585196419877919,0.0002585196419877922,0.0002585196419877922,0.0002585196419877922,0.0002585196419877922,0.0002585196419877922,0.0002585196419877922,0.0002585196419877924,0.0002585196419877922,0.0002585196419877919,0.0002585196419877924,0.0002585196419877922,0.0002585196419877922,0.0002585196419877924,0.0002585196419877924,0.0002585196419877917
1.7335233713889846,1.7329644798818535,1.7324048381144512,1.7318444466210574,1.7312833059957904,1.7307214168939167,1.7301587800331424,1.729595396194894,1.729031266225584,1.7284663910378693,1.7279007716118957,1.7273344089965326,1.7267673043105984,1.726199458744077,1.725630873559322,1.7250615500922564,1.7244914897535586,1.7239206940298422,1.7233491644848247,1.7227769027604884,1.7222039105782319,1.7216301897400093,1.721055742129463,1.7204805697130445,1.7199046745411242,1.7193280587490916,1.718750724558443,1.7181726742778602,1.7175939103042732,1.717014435123914,1.716434251313356,1.7158533615405398,1.7152717685657877,1.714689475242799,1.7141064845196372,1.7135227994396953,1.7129384231426512,1.7123533588654023,1.7117676099429866,1.7111811798094847,1.7105940719989041,1.7100062901460467,1.7094178379873557,1.708828719361744,1.7082389382114025,1.7076484985825877,1.7070574046263889,1.7064656605994732,1.7058732708648092,1.7052802398923663,1.704686572259794,1.7040922726530738,1.7034973458671516,1.7029017968065379,1.7023056304858926,1.7017088520305752,1.701111466677174,1.700513479774007,1.6999148967815938,1.6993157232731038,1.6987159649347707,1.698115627566285,1.6975147170811495,1.6969132395070126,1.6963112009859664,1.6957086077748167,1.6951054662453204,1.6945017828843938,1.6938975642942864,1.6932928171927248,1.692687548413023,1.6920817649041602,1.6914754737308235,1.6908686820734218,1.6902613972280596,1.6896536266064808,1.6890453777359773,1.6884366582592623,1.6878274759343093,1.6872178386341539,1.6866077543466642,1.6859972311742721,1.685386277333671,1.684774901155477,1.684163111083854,1.6835509156761055,1.682938323602226,1.6823253436444214,1.6817119846965916,1.6810982557637768,1.6804841659615704,1.6798697245154952,1.6792549407603468,1.6786398241395,1.6780243842041844,1.6774086306127236,1.676792573129744,1.67617622162535,1.6755595860742707,1.6743493743521545,1.6730453946560575,1.6715723012662806,1.6699074778548348,1.6680250936395056,1.6658955934019262,1.6634850917103283,1.6607546491968286,1.6576594024417766,1.6541475105671046,1.6501588701665508,1.6456235344213392,1.6404597502391942,1.6345714960744937,1.627845358143583,1.620146516709127,1.6113135149458293,1.6011513303315328,1.5894220271965394,1.5758318751863356,1.560013151857003,1.5414976716222417,1.5196769049110006,1.4937392777584082,1.4625662608046448,1.4245483291381722,1.3772297512625171,1.3165393634358555,1.2348295892049455,1.1144059591551114,0.890246673997886,0.15725486174579917,0.0003220680570227343,0.0002585196419877925,0.0002585196419877918,0.0002585196419877919,0.0002585196419877922,0.0002585196419877922,0.0002585196419877922,0.0002585196419877922,0.0002585196419877922,0.0002585196419877922,0.0002585196419877924,0.0002585196419877922,0.0002585196419877919,0.0002585196419877924,0.0002585196419877922,0.0002585196419877922,0.0002585196419877924,0.0002585196419877924,0.0002585196419877917
1.7356793509595954,1.7351362969667101,1.7345926171051456,1.7340483130448436,1.7335033864828076,1.732957839144519,1.7324116727852383,1.7318648891911987,1.731317490180716,1.7307694776052132,1.730220853350181,1.7296716193360757,1.729121777519161,1.7285713298923084,1.728020278485753,1.7274686253678133,1.7269163726455832,1.7263635224655922,1.7258100770144447,1.725256038519438,1.7247014092491593,1.7241461915140714,1.723590387667081,1.7230340001040954,1.7224770312645685,1.7219194836320402,1.7213613597346642,1.7208026621457295,1.7202433934841783,1.7196835564151152,1.7191231536503135,1.7185621879487185,1.7180006621169435,1.717438579009767,1.7168759415306227,1.716312752632092,1.7157490153163895,1.7151847326358491,1.7146199076934077,1.7140545436430876,1.7134886436904753,1.7129222110932023,1.7123552491614207,1.711787761258281,1.7112197508004052,1.7106512212583616,1.7100821761571363,1.7095126190766023,1.7089425536519927,1.7083719835743647,1.7078009125910698,1.7072293445062159,1.706657283181133,1.7060847325348356,1.7055116965444814,1.7049381792458327,1.7043641847337108,1.7037897171624548,1.7032147807463716,1.7026393797601913,1.7020635185395139,1.7014872014812588,1.7009104330441092,1.7003332177489556,1.6997555601793386,1.6991774649818845,1.6985989368667447,1.6980199806080274,1.6974406010442302,1.696860803078669,1.696280591679903,1.6956999718821604,1.6951189487857565,1.6945375275575147,1.69395571343118,1.6933735117078323,1.6927909277562971,1.6922079670135521,1.6916246349851318,1.6910409372455313,1.6904568794386032,1.6898724672779588,1.6892877065473597,1.6887026031011145,1.688117162864468,1.6875313918339938,1.6869452960779823,1.6863588817368302,1.6857721550234313,1.6851851222235634,1.6845977896962838,1.6840101638743206,1.6834222512644723,1.6828340584480108,1.6822455920810904,1.6816568588951675,1.681067865697428,1.6804786193712322,1.679889126876571,1.678731719488229,1.6774708423369233,1.676046593792005,1.6744371661391753,1.6726176628354392,1.6705596111756593,1.6682303840653172,1.6655925100253637,1.6626028446528536,1.6592115688517597,1.6553609684271309,1.6509839349226754,1.646002107113019,1.6403235436655745,1.633839776020102,1.626422029953966,1.6179163140163557,1.6081369354410402,1.5968577892462241,1.583800421029828,1.5686172916833212,1.5508676888254345,1.529981968990212,1.5052065090787714,1.475515187724663,1.4394593299833165,1.3948962407158363,1.3384562145280259,1.2643791912779465,1.1615876945138748,1.0047387702141504,0.3317084523451695,0.002505157260247308,0.0002585196419972155,0.0002585196419877918,0.0002585196419877919,0.00025851964198779216,0.00025851964198779216,0.00025851964198779216,0.00025851964198779216,0.00025851964198779216,0.00025851964198779216,0.0002585196419877924,0.00025851964198779216,0.0002585196419877919,0.0002585196419877924,0.00025851964198779216,0.00025851964198779216,0.0002585196419877924,0.0002585196419877924,0.00025851964198779167
1.7372588306828456,1.7367492846615884,1.736238922267408,1.7357277417548973,1.7352157416391898,1.7347029207007503,1.7341892779896215,1.7336748128291115,1.733159524818914,1.7326434138376534,1.7321264800448486,1.731608723882299,1.7310901460748875,1.730570747630809,1.7300505298412259,1.7295294942793653,1.7290076427990615,1.7284849775327635,1.727961500889018,1.7274372155494468,1.72691212446524,1.72638623085318,1.7258595381912272,1.7253320502136782,1.7248037709059374,1.7242747044989124,1.7237448554630719,1.7232142285021845,1.7226828285467743,1.722150660747315,1.7216177304671938,1.7210840432754773,1.720549604939501,1.7200144214173163,1.7194784988500214,1.7189418435540038,1.7184044620131238,1.7178663608708595,1.7173275469224478,1.7167880271070382,1.7162478084998904,1.715706898304633,1.7151653038456116,1.7146230325603378,1.714080091992073,1.7135364897825505,1.7129922336648662,1.7124473314565452,1.7119017910528054,1.7113556204200278,1.71080882758945,1.7102614206510909,1.7097134077479181,1.7091647970702704,1.7086155968505368,1.7080658153581028,1.707515460894573,1.706964541789266,1.7064130663949926,1.7058610430841188,1.7053084802449112,1.7047553862781695,1.7042017695941483,1.7036476386097583,1.7030930017460575,1.7025378674260185,1.70198224407258,1.7014261401069688,1.700869563947297,1.7003125240074242,1.6997550286960812,1.6991970864162536,1.698638705564813,1.6980798945323956,1.6975206617035201,1.6969610154569355,1.6964009641661992,1.6958405162004713,1.695279679925521,1.694718463704943,1.694156875901565,1.6935949248790543,1.693032619003703,1.6924699666463934,1.6919069761847332,1.691343656005353,1.6907800145063627,1.6902160600999527,1.6896518012151431,1.6890872463006648,1.688522403827971,1.6879572822943711,1.6873918902262819,1.6868262361825839,1.6862603287580855,1.685694176587079,1.685127788346989,1.6845611727621024,1.683994338607375,1.6828812486467597,1.6816582450315103,1.6802769167358078,1.6787161690568972,1.6769519306950789,1.6749566873580988,1.6726989293019603,1.6701424933091098,1.667245774172956,1.6639607735077202,1.6602319439189854,1.6559947732109659,1.6511740348257644,1.6456816047882765,1.6394137085074907,1.6322474073045665,1.6240360556238052,1.6146033410140206,1.6037353357447774,1.591169699083217,1.5765806970758,1.5595579110764495,1.539575112300509,1.5159432222688902,1.4877363196066853,1.4536693523222766,1.4118828401223449,1.3595300890939135,1.291881085911535,1.1999390284611233,1.061012635343856,0.5395375111017516,0.016579613294199803,0.0002585198148975222,0.0002585196419877917,0.0002585196419877919,0.0002585196419877922,0.0002585196419877922,0.0002585196419877922,0.0002585196419877922,0.0002585196419877922,0.0002585196419877922,0.0002585196419877924,0.0002585196419877922,0.0002585196419877919,0.0002585196419877924,0.0002585196419877922,0.0002585196419877922,0.0002585196419877924,0.0002585196419877924,0.00025851964198779167
1.7370426780120913,1.7365752398592884,1.7361069996758336,1.7356379547329346,1.7351681024481405,1.7346974403883668,1.734225966272831,1.7337536779758929,1.7332805735298038,1.7328066511273537,1.732331909124418,1.7318563460424028,1.7313799605705815,1.7309027515683253,1.7304247180672216,1.7299458592730832,1.7294661745678388,1.728985663511314,1.7285043258428914,1.728022161483053,1.7275391705348067,1.7270553532849884,1.7265707102054484,1.726085241954114,1.7255989493759312,1.7251118335036872,1.72462389555871,1.7241351369514482,1.7236455592819295,1.7231551643401026,1.7226639541060567,1.7221719307501273,1.721679096632882,1.7211854543049954,1.7206910065070071,1.7201957561689707,1.7196997064099926,1.719202860537663,1.7187052220473802,1.7182067946215753,1.7177075821288348,1.717207588622922,1.7167068183417111,1.71620527570602,1.7157029653183609,1.7151998919615994,1.7146960605975363,1.7141914763654025,1.7136861445802827,1.713180070731463,1.7126732604807102,1.712165719660483,1.7116574542720804,1.711148470483732,1.7106387746286305,1.7101283732029111,1.7096172728635841,1.709105480426419,1.7085930028637875,1.708079847302468,1.7075660210214127,1.7070515314494838,1.706536386163159,1.7060205928842134,1.705504159477373,1.7049870939479537,1.704469404439479,1.7039510992312843,1.7034321867361082,1.7029126754976731,1.702392574188261,1.7018718916062792,1.7013506366738267,1.7008288184342553,1.700306446049733,1.699783528798807,1.699260076073969,1.6987360973792245,1.6982116023276674,1.697686600639058,1.6971611021374065,1.6966351167485636,1.696108654497817,1.6955817255074916,1.6950543399945577,1.6945265082682428,1.6939982407276482,1.6934695478593684,1.6929404402351138,1.6924109285093334,1.6918810234168382,1.691350735770421,1.6908200764584747,1.6902890564426027,1.6897576867552233,1.6892259784971622,1.6886939428352348,1.6881615909998118,1.6876289342823696,1.6865798961078193,1.6853979522630995,1.6840630405251498,1.6825547938076164,1.6808499759825624,1.6789220341053237,1.676740568653662,1.6742707034338158,1.6714723317729927,1.6682992089260886,1.6646978516288484,1.6606061934930751,1.6559519280738157,1.6506504478640005,1.6446022539987226,1.637689663104018,1.6297725665546787,1.620682890398942,1.6102172394536407,1.5981269484742688,1.5841043381392235,1.567763254475248,1.5486107012236745,1.5260040178820748,1.4990834006315474,1.4666596373308343,1.4270136251173964,1.377502256270799,1.3136701172144778,1.2267824216946703,1.0939430794012164,0.7428098450115053,0.06304961410564583,0.0002588332744075965,0.0002585196419877918,0.0002585196419877919,0.0002585196419877922,0.0002585196419877922,0.0002585196419877922,0.0002585196419877922,0.0002585196419877922,0.0002585196419877922,0.0002585196419877924,0.0002585196419877922,0.0002585196419877919,0.0002585196419877924,0.0002585196419877922,0.0002585196419877922,0.0002585196419877924,0.0002585196419877924,0.00025851964198779167
1.7379472822489115,1.7374861472386667,1.7370244852117622,1.7365622965332257,1.7360995815918974,1.7356363408013524,1.7351725746007625,1.7347082834557068,1.7342434678589365,1.7337781283310973,1.7333122654214175,1.7328458797083628,1.732378971800262,1.731911542335908,1.7314435919851339,1.7309751214493705,1.730506131462184,1.7300366227897963,1.7295665962315911,1.7290960526206054,1.7286249928240067,1.7281534177435613,1.727681328316089,1.7272087255139068,1.7267356103452673,1.726261983854781,1.7257878471238373,1.7253132012710106,1.7248380474524627,1.7243623868623357,1.7238862207331362,1.7234095503361144,1.7229323769816336,1.7224547020195335,1.721976526839488,1.7214978528713498,1.721018681585496,1.7205390144931605,1.7200588531467615,1.7195781991402208,1.7190970541092774,1.718615419731792,1.7181332977280446,1.7176506898610253,1.7171675979367167,1.7166840238043688,1.716199969356766,1.715715436530487,1.715230427306156,1.7147449437086855,1.7142589878075123,1.7137725617168245,1.7132856675957788,1.7127983076487125,1.712310484125344,1.711822199320966,1.71133345557663,1.7108442552793224,1.7103546008621295,1.709864494804397,1.7093739396318786,1.7088829379168728,1.7083914922783574,1.7078996053821076,1.7074072799408084,1.706914518714158,1.7064213245089597,1.7059277001792068,1.7054336486261554,1.7049391727983896,1.7044442756918767,1.703948960350013,1.7034532298636595,1.7029570873711684,1.7024605360584009,1.7019635791587335,1.7014662199530581,1.7009684617697693,1.700470307984745,1.6999717620213166,1.6994728273502313,1.6989735074896037,1.6984738060048614,1.6979737265086787,1.6974732726609068,1.6969724481684902,1.6964712567853815,1.6959697023124443,1.695467788597353,1.694965519534484,1.6944628990648012,1.6939599311757398,1.6934566199010819,1.6929529693208325,1.6924489835610899,1.69194466679392,1.6914400232372264,1.6909350571546273,1.6904297728553326,1.6894327468382997,1.6882904088761397,1.6870003040527597,1.6855427769467277,1.6838954080390853,1.6820325833870375,1.6799249857239198,1.677538989441519,1.6748359371083548,1.6717712687980055,1.668293466935429,1.6643427677329248,1.6598495742751769,1.6547324839719797,1.6488958114362422,1.6422264422007293,1.6345897856071796,1.6258244944709608,1.6157354641393546,1.6040843784275025,1.5905766697999442,1.5748430840565393,1.5564128450571413,1.5346732017744038,1.5088057975119054,1.477681175039946,1.43967187519942,1.3922916457427335,1.3314141810884539,1.2492822890938535,1.1279454206360946,0.9015711499704082,0.1593312543374091,0.00032305703523102824,0.0002585196419877921,0.0002585196419877919,0.0002585196419877922,0.0002585196419877922,0.0002585196419877922,0.0002585196419877922,0.0002585196419877922,0.0002585196419877922,0.0002585196419877924,0.0002585196419877922,0.0002585196419877919,0.0002585196419877924,0.0002585196419877922,0.0002585196419877922,0.0002585196419877924,0.0002585196419877924,0.00025851964198779167
1.7393082418965227,1.7388565486876217,1.738404390247784,1.7379517673789866,1.7374986809002895,1.7370451316480235,1.7365911204759827,1.736136648255612,1.7356817158762003,1.735226324245074,1.7347704742877874,1.7343141669483182,1.733857403189261,1.7334001839920226,1.7329425103570166,1.7324843833038617,1.7320258038715763,1.7315667731187772,1.7311072921238766,1.7306473619852814,1.7301869838215913,1.7297261587717996,1.7292648879954904,1.7288031726730426,1.7283410140058275,1.7278784132164113,1.7274153715487577,1.7269518902684275,1.7264879706627827,1.7260236140411882,1.7255588217352147,1.725093595098843,1.7246279355086658,1.7241618443640918,1.7236953230875505,1.7232283731246947,1.7227609959446064,1.7222931930399996,1.7218249659274256,1.7213563161474776,1.7208872452649946,1.7204177548692667,1.71994784657424,1.7194775220187208,1.7190067828665807,1.7185356308069608,1.7180640675544765,1.7175920948494225,1.7171197144579768,1.7166469281724046,1.7161737378112631,1.7157001452196061,1.7152261522691858,1.714751760858658,1.7142769729137852,1.7138017903876392,1.7133262152608044,1.71285024954158,1.7123738952661827,1.7118971544989476,1.7114200293325303,1.710942521888109,1.710464634315583,1.7099863687937746,1.709507727530629,1.7090287127634127,1.7085493267589136,1.7080695718136383,1.7075894502540103,1.707108964436569,1.706628116748164,1.7061469096061526,1.7056653454585953,1.7051834267844517,1.7047011560937737,1.7042185359278998,1.703735568859649,1.7032522574935118,1.7027686044658434,1.7022846124450544,1.701800284131801,1.7013156222591748,1.7008306295928919,1.7003453089314813,1.6998596631064715,1.6993736949825793,1.6988874074578928,1.698400803464059,1.6979138859664662,1.6974266579644302,1.6969391224913737,1.6964512826150104,1.6959631414375262,1.695474702095758,1.6949859677613728,1.694496941641049,1.6940076269766515,1.6935180270454087,1.6930281451600897,1.6920615647034887,1.6909496283151482,1.6896939666719297,1.6882754910970053,1.686672436188959,1.684859945046286,1.6828095792181132,1.6804887366716919,1.6778599565123258,1.6748800831454091,1.6714992544591125,1.667659667599771,1.6632940607867146,1.658323828546714,1.6526566579618212,1.6461835307149781,1.6387748730624077,1.6302755422898418,1.6204981952806246,1.609214360909813,1.5961421770470228,1.5809291520502444,1.563127272691847,1.5421559102510132,1.5172444379898211,1.487339385027397,1.450945760476416,1.4058368643414936,1.3484761388884967,1.2727299270894517,1.1665437969297818,1.001632867525526,0.30155460228401726,0.0017080917113157792,0.00025851964198903623,0.0002585196419877919,0.0002585196419877922,0.0002585196419877922,0.0002585196419877922,0.0002585196419877922,0.0002585196419877922,0.0002585196419877922,0.0002585196419877924,0.0002585196419877922,0.0002585196419877919,0.0002585196419877924,0.0002585196419877922,0.0002585196419877922,0.0002585196419877924,0.0002585196419877924,0.0002585196419877916
1.7396773411983313,1.7392496187087072,1.7388213886237134,1.738392650681016,1.737963404657104,1.7375336503680303,1.737103387670141,1.7366726164607895,1.736241336679038,1.7358095483063443,1.735377251367236,1.734944445929969,1.7345111321071738,1.7340773100564872,1.7336429799811686,1.7332081421307044,1.7327727968013948,1.7323369443369279,1.7319005851289377,1.7314637196175484,1.7310263482918997,1.7305884716906608,1.7301500904025264,1.7297112050666945,1.7292718163733316,1.72883192506402,1.7283915319321856,1.727950637823513,1.7275092436363395,1.7270673503220337,1.726624958885356,1.7261820703848005,1.7257386859329198,1.7252948066966303,1.7248504338975004,1.724405568812018,1.7239602127718423,1.7235143671640325,1.7230680334312616,1.7226212130720073,1.722173907640726,1.7217261187480066,1.7212778480607025,1.7208290973020488,1.7203798682517542,1.719930162746077,1.7194799826778784,1.7190293299966573,1.7185782067085655,1.718126614876402,1.7176745566195855,1.7172220341141098,1.7167690495924774,1.7163156053436133,1.7158617037127581,1.7154073471013418,1.7149525379668369,1.7144972788225912,1.714041572237642,1.713585420836509,1.7131288272989675,1.7126717943598013,1.7122143248085386,1.711756421489165,1.7112980872998171,1.7108393251924612,1.7103801381725456,1.7099205292986412,1.7094605016820563,1.709000058486438,1.7085392029273516,1.7080779382718427,1.7076162678379811,1.707154194994386,1.706691723159733,1.7062288558022445,1.7057655964391614,1.7053019486361984,1.7048379160069806,1.7043735022124658,1.703908710960346,1.7034435460044388,1.7029780111440558,1.7025121102233611,1.7020458471307092,1.7015792257979718,1.7011122501998475,1.7006449243531567,1.7001772523161245,1.6997092381876469,1.699240886106545,1.6987722002508068,1.6983031848368146,1.6978338441185625,1.6973641823868588,1.6968942039685206,1.6964239132255563,1.6959533145543375,1.6954824123847614,1.6945520524506268,1.693469041411073,1.6922461019032733,1.690864666631133,1.689303569897314,1.6875386465976252,1.685542258961833,1.6832827351702735,1.680723699705558,1.6778232696508255,1.674533083598093,1.67079711963064,1.6665502448903224,1.6617164199036227,1.6562064536502805,1.6499151665240779,1.6427177619039357,1.6344651234784124,1.6249776290673237,1.6140368760090962,1.6013744022786773,1.5866559788357344,1.5694591883422269,1.5492404934373825,1.5252852194822242,1.4966284933961187,1.4619240537338505,1.4192129040664778,1.3654815230323691,1.2957182262090852,1.2005036571799939,1.0572095582081409,0.4718913949404348,0.009426614879891368,0.0002585196493301405,0.0002585196419877919,0.0002585196419877922,0.0002585196419877922,0.0002585196419877922,0.0002585196419877922,0.0002585196419877922,0.0002585196419877922,0.0002585196419877924,0.0002585196419877922,0.0002585196419877919,0.0002585196419877924,0.0002585196419877922,0.0002585196419877922,0.0002585196419877924,0.0002585196419877924,0.0002585196419877916
1.7407199757511034,1.7402993414917485,1.739878285140338,1.7394568072466574,1.739034908372422,1.738612589091844,1.7381898499921558,1.73776669167409,1.7373431147523253,1.7369191198559029,1.736494707628611,1.7360698787293496,1.7356446338324705,1.7352189736280998,1.7347928988224446,1.7343664101380845,1.733939508314249,1.7335121941070868,1.7330844682899202,1.732656331653495,1.7322277850062218,1.731798829174407,1.731369465002484,1.7309396933532302,1.7305095151079886,1.730078931166878,1.7296479424490026,1.7292165498926568,1.7287847544555281,1.728352557114896,1.7279199588678285,1.7274869607313763,1.7270535637427666,1.726619768959591,1.7261855774599952,1.725750990342865,1.725316008728012,1.7248806337563558,1.724444866590107,1.7240087084129476,1.7235721604302099,1.7231352238690543,1.722697899978646,1.7222601900303312,1.7218220953178105,1.7213836171573114,1.7209447568877616,1.7205055158709588,1.7200658954917396,1.7196258971581497,1.7191855223016095,1.71874477237708,1.7183036488632295,1.7178621532625964,1.7174202871017503,1.7169780519314568,1.7165354493268348,1.7160924808875175,1.7156491482378096,1.7152054530268446,1.7147613969287403,1.7143169816427533,1.7138722088934326,1.713427080430772,1.712981598030361,1.7125357634935343,1.7120895786475219,1.711643045345595,1.7111961654672148,1.7107489409181755,1.7103013736307509,1.7098534655638364,1.7094052187030917,1.7089566350610823,1.708507716677419,1.7080584656188984,1.7076088839796413,1.7071589738812285,1.7067087374728402,1.7062581769313918,1.705807294461668,1.7053560922964588,1.7049045726966954,1.704452737951582,1.7040005903787327,1.7035481323243056,1.703095366163136,1.7026422942988735,1.7021889191641157,1.7017352432205484,1.7012812689590806,1.7008269988999887,1.7003724355930552,1.6999175816177174,1.6994624395832147,1.699007012128743,1.6985513019236123,1.6980953116674125,1.6976390440901832,1.6967374297240083,1.6956830066551287,1.6944924391367282,1.6931476865711073,1.6916281903633712,1.689910487137012,1.6879677527438266,1.6857692619984217,1.6832797450522028,1.6804586160254245,1.6772590424596538,1.6736268146513025,1.6694989609801258,1.6648020374844252,1.6594499949442227,1.6533414912383604,1.6463564654725216,1.63835171493252,1.6291551025743392,1.6185578484567475,1.606304083281545,1.5920763942387486,1.575475338324018,1.5559895724690442,1.5329508050018748,1.505462987922989,1.472285080224579,1.4316232991603328,1.3807270413177588,1.3149882710631364,1.2254484136851067,1.0885288070262356,0.64686176922731,0.03374469856690589,0.00025852805188694353,0.0002585196419877919,0.0002585196419877922,0.0002585196419877922,0.0002585196419877922,0.0002585196419877922,0.0002585196419877922,0.0002585196419877922,0.0002585196419877924,0.0002585196419877922,0.0002585196419877919,0.0002585196419877924,0.0002585196419877922,0.0002585196419877922,0.0002585196419877924,0.0002585196419877924,0.0002585196419877916
1.7415580104466424,1.7411640996812372,1.740768992011709,1.7403726965688464,1.7399752255481489,1.7395765938116563,1.739176818515611,1.738775918764293,1.7383739152899604,1.7379708301585268,1.737566686500363,1.737161508265398,1.7367553200015495,1.7363481466553998,1.7359400133939447,1.735530945446201,1.7351209679634216,1.7347101058966576,1.7342983838904216,1.7338858261912184,1.7334724565697497,1.7330582982556313,1.7326433738835127,1.7322277054495452,1.7318113142771845,1.7313942209913904,1.7309764455003271,1.7305580069837403,1.7301389238872307,1.7297192139217163,1.7292988940674165,1.7288779805817565,1.728456489010631,1.7280344342025276,1.7276118303250412,1.7271886908833747,1.7267650287404361,1.7263408561382114,1.7259161847201003,1.7254910255539562,1.7250653891555872,1.7246392855125179,1.7242127241078236,1.7237857139438817,1.7233582635659088,1.7229303810851568,1.7225020742016817,1.722073350226596,1.7216442161037366,1.7212146784307005,1.7207847434791974,1.7203544172146932,1.7199237053153158,1.7194926131900123,1.7190611459959484,1.7186293086551436,1.7181971058703516,1.7177645421401888,1.7173316217735244,1.7168983489031477,1.7164647274987255,1.7160307613790748,1.7155964542237685,1.7151618095840973,1.7147268308934105,1.7142915214768653,1.7138558845605996,1.7134199232803637,1.712983640689628,1.7125470397671954,1.7121101234243448,1.7116728945115238,1.71123535582462,1.710797510110832,1.710359360074161,1.7099209083805487,1.709482157662679,1.7090431105244641,1.7086037695452372,1.7081641372836671,1.7077242162814172,1.70728400906656,1.7068435181567692,1.706402746062303,1.7059616952887922,1.7055203683398505,1.7050787677195185,1.7046368959345546,1.7041947554965862,1.7037523489241344,1.7033096787445197,1.702866747495664,1.7024235577277975,1.7019801120050793,1.7015364129071455,1.701092463030592,1.700648264990399,1.7002038214213122,1.699759134979184,1.6988806793151547,1.6978516864722477,1.6966899249739424,1.695377826617114,1.6938953779080468,1.6922197462429291,1.6903248396600412,1.6881807858086115,1.6857533119799772,1.683003003041572,1.6798844074543269,1.6763449525969596,1.6723236184302883,1.667749301734894,1.6625387796748468,1.6565941481173418,1.649799562035313,1.6420170345522571,1.6330809448373336,1.6227907413374716,1.6109010677836688,1.597108116387272,1.5810302960907863,1.562180036666743,1.539921191534058,1.5134018359467714,1.4814423013189906,1.4423349529232037,1.393450537626622,1.3303544654475001,1.244388017837122,1.1133700239974702,0.8034205031222194,0.08695924656582527,0.00026042110793825766,0.00025851964198779183,0.0002585196419877922,0.0002585196419877922,0.0002585196419877922,0.0002585196419877922,0.0002585196419877922,0.0002585196419877922,0.0002585196419877924,0.0002585196419877922,0.00025851964198779183,0.0002585196419877924,0.0002585196419877922,0.0002585196419877922,0.0002585196419877924,0.0002585196419877924,0.0002585196419877916
1.7418670830032232,1.7414753149832805,1.7410831414446846,1.7406905624575018,1.740297578111758,1.7399041885177895,1.739510393806586,1.739116194130125,1.7387215896617045,1.7383265805962642,1.737931167150703,1.73753534956419,1.7371391280984698,1.7367425030381614,1.7363454746910512,1.7359480433883803,1.7355502094851263,1.7351519733602794,1.734753335417111,1.734354296083439,1.7339548558118858,1.7335550150801293,1.7331547743911504,1.7327541342734722,1.732353095281395,1.731951657995222,1.731549823021483,1.7311475909931477,1.7307449625698357,1.7303419384380172,1.7299385193112096,1.7295347059301656,1.7291304990630552,1.7287258995056403,1.7283209080814443,1.7279155256419108,1.7275097530665584,1.7271035912631278,1.7266970411677214,1.7262901037449316,1.7258827799879704,1.7254750709187818,1.7250669775881533,1.7246585010758155,1.7242496424905374,1.7238404029702101,1.7234307836819271,1.7230207858220514,1.7226104106162776,1.722199659319688,1.7217885332167944,1.7213770336215775,1.7209651618775155,1.7205529193576035,1.720140307464368,1.7197273276298675,1.7193139813156915,1.718900270012945,1.7184861952422286,1.7180717585536078,1.7176569615265744,1.717241805770001,1.7168262929220843,1.7164104246502823,1.7159942026512414,1.715577628650716,1.7151607044034793,1.714743431693226,1.7143258123324663,1.7139078481624117,1.7134895410528521,1.713070892902025,1.7126519056364773,1.7122325812109174,1.7118129216080598,1.7113929288384633,1.7109726049403575,1.7105519519794665,1.7101309720488203,1.7097096672685603,1.709288039785739,1.7088660917741096,1.7084438254339087,1.7080212429916335,1.7075983466998108,1.707175138836759,1.706751621706343,1.706327797637724,1.7059036689851013,1.7054792381274488,1.7050545074682455,1.704629479435199,1.704204156479966,1.7037785410778628,1.7033526357275777,1.7029264429508708,1.7024999652922757,1.7020732053187924,1.7016461656195787,1.7008009970980187,1.6997974357714518,1.6986644155114479,1.6973848142296635,1.6959391290505452,1.6943051130786948,1.6924573478401863,1.6903667375641385,1.687999907829719,1.6853184863131605,1.6822782370028004,1.6788280106979878,1.6749084629815572,1.6704504748494133,1.665373188828107,1.659581541709075,1.6529631292826377,1.6453841711645465,1.6366842426770245,1.6266692850395683,1.615102158759373,1.6016896030273085,1.586063784013948,1.567755417255963,1.5461532365526283,1.52044025746579,1.4894882451887748,1.4516712933632296,1.40450790159059,1.3438931524772517,1.262173961852706,1.1420061363388534,0.9244765318021354,0.17562545606350433,0.0003640923535460566,0.00025851964198779254,0.0002585196419877922,0.0002585196419877922,0.0002585196419877922,0.0002585196419877922,0.0002585196419877922,0.0002585196419877922,0.0002585196419877924,0.0002585196419877922,0.0002585196419877919,0.0002585196419877924,0.0002585196419877922,0.0002585196419877922,0.0002585196419877924,0.0002585196419877924,0.0002585196419877916
1.7416248159766667,1.7412524390408592,1.7408796447643762,1.740506432718176,1.7401328024965608,1.7397587537177401,1.739384286024368,1.7390093990840583,1.7386340925898816,1.7382583662608424,1.7378822198423385,1.7375056531066035,1.7371286658531357,1.7367512579091104,1.7363734291297792,1.7359951793988548,1.735616508628884,1.7352374167616078,1.7348579037683076,1.7344779696501422,1.73409761443847,1.7337168381951624,1.7333356410129022,1.7329540230154734,1.7325719843580405,1.7321895252274115,1.731806645842295,1.7314233464535413,1.7310396273443778,1.730655488830626,1.7302709312609135,1.7298859550168686,1.7295005605133096,1.7291147481984166,1.7287285185538956,1.7283418720951276,1.727954809371309,1.7275673309655784,1.7271794374951304,1.726791129611319,1.7264024079997482,1.7260132733803502,1.7256237265074506,1.7252337681698227,1.7248433991907282,1.7244526204279444,1.7240614327737822,1.7236698371550871,1.7232778345332305,1.7228854259040869,1.7224926122979995,1.7220993947797305,1.7217057744484017,1.7213117524374204,1.7209173299143914,1.7205225080810191,1.7201272881729939,1.7197316714598663,1.71933565924491,1.7189392528649698,1.718542453690297,1.7181452631243734,1.7177476826037208,1.7173497135976992,1.7169513576082924,1.7165526161698785,1.7161534908489908,1.715753983244066,1.7153540949851773,1.714953827733759,1.7145531831823164,1.7141521630541248,1.713750769102915,1.7133490031125511,1.712946866896691,1.7125443622984404,1.712141491189994,1.711738255472263,1.7113346570744963,1.710930697953889,1.7105263800951778,1.7101217055102327,1.7097166762376317,1.7093112943422313,1.7089055619147255,1.7084994810711953,1.708093053952652,1.70768628272457,1.7072791695764122,1.7068717167211511,1.706463926394779,1.7060558008558149,1.7056473423848046,1.7052385532838177,1.7048294358759373,1.7044199925047503,1.7040102255338325,1.7036001373462342,1.7031897303439645,1.7023758442228385,1.7013961996527096,1.7002902021374438,1.6990411464153623,1.6976300062031766,1.696035080638568,1.694231578285452,1.6921911253305149,1.6898811810988366,1.68726433941711,1.6842974882504829,1.6809307918559517,1.6771064485925276,1.6727571622760868,1.667804243719468,1.6621552290493342,1.655700858175913,1.6483111934777366,1.6398305640760955,1.630070876183968,1.6188026025559028,1.6057423965773197,1.5905356632493923,1.5727313574495327,1.5517443619636329,1.5267971602276562,1.4968252123616634,1.4603147321804058,1.4150048765452834,1.3572915133660495,1.2808908515807842,1.1733553709220637,1.0051318059835386,0.2940982989660902,0.001526395500580928,0.0002585196419884024,0.0002585196419877922,0.0002585196419877922,0.0002585196419877922,0.0002585196419877922,0.0002585196419877922,0.0002585196419877922,0.0002585196419877924,0.0002585196419877922,0.00025851964198779183,0.0002585196419877924,0.0002585196419877922,0.0002585196419877922,0.0002585196419877924,0.0002585196419877924,0.0002585196419877916
1.7418769179812459,1.741542554081279,1.7412050065062665,1.7408644870456915,1.7405211949788213,1.7401753172994712,1.739827029037787,1.7394764936556326,1.7391238634960609,1.738769280270712,1.7384128755718138,1.7380547713978827,1.7376950806842753,1.7373339078314805,1.7369713492255028,1.736607493745926,1.7362424232582785,1.7358762130881868,1.7355089324755175,1.7351406450073108,1.7347714090287842,1.7344012780320928,1.7340303010228444,1.7336585228646324,1.7332859846020416,1.7329127237627444,1.7325387746394203,1.732164168552313,1.7317889340933026,1.7314130973524031,1.7310366821276213,1.7306597101191015,1.730282201108497,1.72990417312447,1.7295256425952075,1.7291466244888192,1.728767132442433,1.7283871788807839,1.7280067751250423,1.7276259314926012,1.7272446573884856,1.726862961389027,1.7264808513183951,1.7260983343185412,1.7257154169130815,1.725332105065601,1.7249484042328325,1.7245643194131322,1.7241798551906398,1.7237950157754864,1.7234098050403819,1.7230242265538924,1.7226382836106908,1.7222519792590436,1.721865316325773,1.7214782974389196,1.7210909250483033,1.7207032014441777,1.720315128774138,1.7199267090584514,1.7195379442039416,1.7191488360165688,1.718759386212816,1.7183695964299979,1.7179794682355887,1.7175890031356598,1.7171982025825125,1.7168070679815777,1.7164156006976552,1.7160238020605525,1.7156316733701793,1.715239215901154,1.7148464309069613,1.7144533196237135,1.7140598832735436,1.713666123067674,1.7132720402091868,1.7128776358955282,1.712482911320772,1.7120878676776639,1.7116925061594717,1.7112968279616578,1.7109008342833953,1.710504526328937,1.7101079053088597,1.7097109724411936,1.7093137289524443,1.708916176078528,1.70851831506562,1.7081201471709306,1.7077216736634175,1.7073228958244377,1.7069238149483503,1.706524432343073,1.7061247493306013,1.7057247672474936,1.7053244874453266,1.70492391129113,1.7045230401677993,1.7037280987152972,1.7027695237232119,1.701687378536219,1.7004653432857801,1.6990848352657733,1.6975246654394767,1.6957606345850635,1.6937650562243027,1.691506190132037,1.6889475658332578,1.6860471696792225,1.6827564613128174,1.679019174803437,1.6747698453126751,1.6699319821443195,1.6644157808722249,1.6581152269780204,1.6509043848620597,1.6426325792452667,1.6331180444337732,1.622139412875801,1.6094240894027663,1.5946320239875864,1.5773324896698349,1.556969872209295,1.5328115228664558,1.503864972928971,1.4687398820990756,1.4254033726281181,1.3707112405364807,1.2994093924438574,1.201635659227444,1.0543862446077097,0.4310592511585843,0.0064651243872273344,0.000258519642876969,0.0002585196419877922,0.0002585196419877922,0.0002585196419877922,0.0002585196419877922,0.0002585196419877922,0.0002585196419877922,0.00025851964198779243,0.0002585196419877922,0.0002585196419877919,0.0002585196419877924,0.0002585196419877922,0.0002585196419877922,0.0002585196419877924,0.00025851964198779243,0.0002585196419877916
1.7406220296214083,1.7402848134059112,1.739947164298678,1.7396090811047624,1.739270562657448,1.73893160781874,1.7385922154798483,1.7382523845616615,1.737912114015212,1.737571402822133,1.7372302499951033,1.7368886545782865,1.736546615647755,1.7362041323119088,1.7358612037118788,1.7355178290219242,1.7351740074498145,1.7348297382372038,1.7344850206599904,1.734139854028667,1.7337942376886575,1.7334481710206424,1.7331016534408714,1.732754684401463,1.7324072633906915,1.7320593899332617,1.731711063590569,1.7313622839609464,1.731013050679898,1.7306633634203192,1.7303132218927018,1.7299626258453253,1.7296115750644343,1.7292600693744007,1.7289081086378713,1.7285556927559005,1.7282028216680687,1.7278494953525854,1.7274957138263751,1.7271414771451516,1.7267867854034724,1.7264316387347818,1.726076037311434,1.725719981344705,1.7253634710847852,1.7250065068207565,1.7246490888805555,1.7242912176309169,1.7239328934773055,1.7235741168638283,1.723214888273132,1.722855208226283,1.7224950772826328,1.722134496039667,1.7217734651328356,1.7214119852353718,1.7210500570580884,1.7206876813491634,1.7203248588939066,1.719961590514511,1.7195978770697873,1.7192337194548843,1.7188691186009908,1.7185040754750234,1.7181385910792988,1.7177726664511888,1.7174063026627615,1.717039500820406,1.716672262064443,1.7163045875687182,1.7159364785401838,1.7155679362184613,1.7151989618753953,1.7148295568145857,1.7144597223709124,1.7140894599100418,1.7137187708279211,1.7133476565502583,1.7129761185319916,1.71260415825674,1.7122317772362476,1.7118589770098118,1.7114857591436994,1.711112125230552,1.7107380768887785,1.7103636157619388,1.709988743518113,1.709613461849262,1.7092377724705796,1.708861677119832,1.7084851775566876,1.7081082755620418,1.7077309729373278,1.7073532715038235,1.7069751731019496,1.706596679590559,1.70621779284622,1.7058385147624961,1.7054588472492156,1.7047028567273472,1.7037695549625154,1.7027159165124144,1.7015260434707695,1.7001818328949725,1.6986626421854463,1.6969448958086613,1.6950016209566166,1.6928018965441476,1.690310195774953,1.6874855970066485,1.684280830318084,1.680641117313847,1.6765027482551553,1.67179132204518,1.6664195486108933,1.6602844762695572,1.6532639532025255,1.645212053315968,1.6359530780155394,1.6252735623015866,1.6129114236954745,1.598540919810059,1.5817512832394887,1.5620155048462523,1.5386431707702528,1.510706277333676,1.4769165753960734,1.4354093365324059,1.3833273853905226,1.3159114524290008,1.224047390582136,1.0843786753646079,0.5756200437088903,0.020412514769101962,0.00025852011424738633,0.0002585196419877922,0.0002585196419877922,0.0002585196419877922,0.0002585196419877922,0.0002585196419877922,0.0002585196419877922,0.00025851964198779243,0.0002585196419877922,0.0002585196419877919,0.0002585196419877924,0.0002585196419877922,0.0002585196419877922,0.0002585196419877924,0.00025851964198779243,0.0002585196419877916
1.7408130151685723,1.7404770303901393,1.7401406886770234,1.7398039895723356,1.739466932625511,1.7391295173925168,1.738791743436049,1.738453610325722,1.7381151176382477,1.7377762649576067,1.7374370518752156,1.7370974779900845,1.736757542908974,1.7364172462465426,1.736076587625493,1.7357355666767156,1.7353941830394233,1.7350524363612905,1.7347103262985835,1.7343678525162913,1.7340250146882534,1.7336818124972861,1.733338245635304,1.732994313803445,1.7326500167121879,1.732305354081473,1.7319603256408178,1.7316149311294347,1.7312691702963425,1.7309230429004823,1.7305765487108282,1.730229687506498,1.7298824590768627,1.7295348632216547,1.7291868997510764,1.728838568485905,1.728489869257597,1.7281408019083944,1.7277913662914255,1.727441562270809,1.7270913897217521,1.7267408485306528,1.726389938595197,1.7260386598244581,1.7256870121389916,1.7253349954709318,1.7249826097640872,1.7246298549740322,1.7242767310682023,1.7239232380259824,1.7235693758388004,1.7232151445102146,1.7228605440560032,1.722505574504251,1.7221502358954366,1.7217945282825176,1.7214384517310137,1.7210820063190917,1.720725192137647,1.7203680092903846,1.7200104578939,1.7196525380777579,1.719294249984571,1.7189355937700768,1.7185765696032145,1.7182171776661996,1.717857418154599,1.7174972912774038,1.7171367972571032,1.716775936329754,1.7164147087450534,1.7160531147664075,1.7156911546710008,1.7153288287498651,1.714966137307946,1.7146030806641688,1.7142396591515077,1.7138758731170471,1.713511722922049,1.7131472089420148,1.7127823315667512,1.7124170912004306,1.712051488261656,1.7116855231835202,1.7113191964136703,1.7109525084143675,1.71058545966255,1.7102180506498927,1.7098502818828694,1.709482153882815,1.7091136671859872,1.7087448223436288,1.7083756199220304,1.7080060605025968,1.7076361446819108,1.7072658730718009,1.7068952462994091,1.7065242650072627,1.7061529298533478,1.7054138276161759,1.704502331586051,1.7034733824278605,1.7023114821270735,1.7009989879726293,1.6995157882932375,1.6978389216245662,1.6959421273956308,1.693795313168456,1.6913639194763999,1.688608158049772,1.6854820922219989,1.6819325188999203,1.6778975986817695,1.6733051630726783,1.6680706031223602,1.6620942088964483,1.6552577788561154,1.6474202442748507,1.6384119428816144,1.6280270054671873,1.6160130500929755,1.6020569402523592,1.5857646231654694,1.5666317601466067,1.543999443411824,1.5169845284402974,1.4843639748141542,1.444368835084349,1.3942803359119216,1.3295206168168894,1.2411173881325122,1.1053546870321913,0.7141738435205603,0.050222431043433484,0.00025859681265299106,0.0002585196419877922,0.0002585196419877922,0.0002585196419877922,0.0002585196419877922,0.0002585196419877922,0.0002585196419877922,0.00025851964198779243,0.0002585196419877922,0.0002585196419877919,0.0002585196419877924,0.0002585196419877922,0.0002585196419877922,0.0002585196419877924,0.00025851964198779243,0.0002585196419877916
1.7391407450169913,1.7388354247332107,1.7385296031165818,1.7382232778919082,1.7379164468422057,1.7376091078096305,1.737301258696386,1.7369928974656,1.736684022142177,1.7363746308136263,1.736064721630857,1.7357542928089493,1.7354433426278961,1.7351318694333138,1.734819871637127,1.7345073477182178,1.73419429622305,1.7338807157662586,1.733566605031208,1.733251962770521,1.7329367878065727,1.732621079031951,1.7323048354098889,1.7319880559746572,1.7316707398319278,1.7313528861591014,1.7310344942056015,1.7307155632931324,1.7303960928159048,1.7300760822408245,1.7297555311076473,1.7294344390290968,1.729112805690949,1.7287906308520797,1.7284679143444757,1.7281446560732125,1.7278208560163941,1.7274965142250578,1.7271716308230423,1.7268462060068204,1.7265202400452968,1.7261937332795676,1.7258666861226462,1.7255390990591517,1.725210972644964,1.7248823075068398,1.7245531043419977,1.7242233639176634,1.7238930870705835,1.7235622747065014,1.7232309277996014,1.7228990473919166,1.722566634592702,1.7222336905777749,1.7219002165888215,1.7215662139326688,1.7212316839805257,1.7208966281671876,1.7205610479902131,1.720224945009064,1.7198883208442173,1.7195511771762428,1.7192135157448516,1.7188753383479145,1.7185366468404466,1.7181974431335658,1.717857729193422,1.7175175070400936,1.717176778746459,1.7168355464370397,1.7164938122868147,1.7161515785200079,1.7158088474088506,1.715465621272316,1.7151219024748294,1.7147776934249537,1.7144329965740484,1.7140878144149079,1.7137421494803735,1.713396004341925,1.7130493816082486,1.7127022839237835,1.712354713967248,1.7120066744501448,1.711658168115246,1.7113091977350616,1.710959766110284,1.7106098760682218,1.7102595304612096,1.7099087321650057,1.7095574840771723,1.7092057891154397,1.7088536502160574,1.7085010703321308,1.7081480524319443,1.707794599497272,1.7074407145216772,1.7070864005088018,1.7067316604706417,1.7060232479230562,1.7051336263612522,1.704129359089424,1.7029953169653886,1.7017142773877056,1.7002666080769875,1.6986298958635733,1.6967785089772085,1.6946830784120608,1.6923098801321568,1.6896200948730855,1.6865689156410042,1.683104464069674,1.6791664646436733,1.6746846090555907,1.6695765195722618,1.6637451870721867,1.657075711427005,1.6494311012056637,1.6406467832760863,1.6305233088400954,1.6188164826083267,1.6052237173452495,1.5893646972060715,1.5707531633757046,1.5487542752709806,1.5225173362527047,1.490863737959914,1.452086759949439,1.4035588291477796,1.340854357219659,1.2553768163237498,1.125485357157015,0.8346992678592156,0.10157439055085563,0.0002630359217571299,0.0002585196419877922,0.0002585196419877922,0.0002585196419877922,0.0002585196419877922,0.0002585196419877922,0.0002585196419877922,0.00025851964198779243,0.0002585196419877922,0.0002585196419877919,0.00025851964198779243,0.0002585196419877922,0.0002585196419877922,0.00025851964198779243,0.00025851964198779243,0.0002585196419877916
1.7376949160470927,1.737401034335278,1.7371067305941796,1.7368120031416614,1.7365168503160122,1.7362212704762847,1.7359252620026309,1.73562882329663,1.7353319527816118,1.735034648902973,1.7347369101284884,1.734438734948612,1.7341401218767747,1.7338410694496724,1.7335415762275472,1.7332416407944597,1.7329412617585553,1.7326404377523195,1.7323391674328261,1.7320374494819781,1.7317352826067358,1.7314326655393404,1.7311295970375244,1.7308260758847152,1.7305221008902276,1.7302176708894474,1.7299127847440052,1.729607441341939,1.7293016395978482,1.728995378453037,1.7286886568756459,1.7283814738607748,1.7280738284305943,1.7277657196344474,1.7274571465489386,1.7271481082780136,1.7268386039530275,1.7265286327328029,1.726218193803675,1.7259072863795275,1.725595909701817,1.7252840630395836,1.7249717456894544,1.7246589569756325,1.7243456962498755,1.7240319628914635,1.7237177563071535,1.7234030759311252,1.7230879212249133,1.7227722916773283,1.7224561868043682,1.7221396061491145,1.7218225492816222,1.7215050157987928,1.721187005324241,1.720868517508146,1.720549552027094,1.7202301085839082,1.719910186907469,1.7195897867525207,1.7192689078994696,1.7189475501541698,1.7186257133476979,1.7183033973361173,1.717980602000233,1.7176573272453328,1.717333573000921,1.7170093392204384,1.7166846258809771,1.7163594329829786,1.7160337605499283,1.7157076086280343,1.715380977285901,1.7150538666141906,1.7147262767252753,1.714398207752883,1.7140696598517284,1.7137406331971405,1.71341112798468,1.7130811444297442,1.7127506827671715,1.7124197432508292,1.7120883261531994,1.711756431764954,1.7114240603945243,1.7110912123676618,1.7107578880269936,1.7104240877315682,1.710089811856399,1.7097550607919985,1.7094198349439063,1.709084134732215,1.7087479605910856,1.7084113129682632,1.7080741923245824,1.707736599133475,1.7073985338804647,1.7070599970626683,1.7067209891882837,1.7060419546304546,1.7051758061131697,1.7041980377038708,1.70309391933953,1.701846682487496,1.7004372121101679,1.6988436850093542,1.6970411433180772,1.6950009890523021,1.6926903819157193,1.6900715176619048,1.687100757830285,1.683727572969094,1.6798932496506531,1.67552929535674,1.6705554526970356,1.66487720241088,1.6583825884893246,1.6509381310221387,1.6423834906838277,1.6325243922907762,1.6211230672815309,1.6078850707494154,1.5924406446447168,1.5743175928215196,1.552900403846323,1.5273659973432998,1.496577353300295,1.458895600997573,1.4118191746246316,1.3512095691584647,1.269350171759823,1.14874994600334,0.9299823321025192,0.1764498142560776,0.00036376615857928714,0.00025851964198779303,0.0002585196419877922,0.0002585196419877922,0.0002585196419877922,0.0002585196419877922,0.0002585196419877922,0.00025851964198779243,0.0002585196419877922,0.0002585196419877919,0.00025851964198779243,0.0002585196419877922,0.0002585196419877922,0.00025851964198779243,0.00025851964198779243,0.0002585196419877916
1.7374412817190523,1.737145788918737,1.7368499396333854,1.736553732811858,1.7362571674070133,1.7359602423757716,1.7356629566791837,1.7353653092825025,1.7350672991552563,1.7347689252713248,1.734470186609017,1.7341710821511516,1.7338716108851362,1.7335717718030497,1.7332715639017269,1.7329709861828386,1.7326700376529787,1.7323687173237468,1.7320670242118332,1.731764957339104,1.7314625157326864,1.7311596984250517,1.7308565044541018,1.7305529328632536,1.7302489827015222,1.7299446530236056,1.7296399428899676,1.729334851366922,1.7290293775267145,1.7287235204476048,1.728417279213949,1.728110652916279,1.7278036406513857,1.7274962415223967,1.727188454638856,1.7268802791168039,1.726571714078852,1.7262627586542638,1.7259534119790296,1.725643673195942,1.7253335414546715,1.7250230159118407,1.7247120957310975,1.7244007800831884,1.7240890681460308,1.7237769591047822,1.7234644521519142,1.7231515464872784,1.7228382413181778,1.7225245358594337,1.7222104293334528,1.721895920970295,1.7215810100077376,1.7212656956913408,1.7209499772745116,1.7206338540185668,1.7203173251927957,1.7200003900745215,1.7196830479491634,1.7193652981102945,1.7190471398597025,1.718728572507448,1.7184095953719225,1.718090207779905,1.7177704090666173,1.717450198575782,1.7171295756596747,1.71680853967918,1.7164870900038436,1.7161652260119247,1.7158429470904502,1.7155202526352633,1.7151971420510759,1.7148736147515176,1.714549670159186,1.714225307705695,1.7139005268317242,1.7135753269870646,1.7132497076306679,1.712923668230691,1.7125972082645453,1.7122703272189397,1.7119430245899272,1.7116152998829504,1.7112871526128848,1.7109585823040854,1.7106295884904288,1.7103001707153576,1.7099703285319254,1.7096400615028398,1.7093093692005057,1.70897825120707,1.7086467071144642,1.7083147365244493,1.7079823390486613,1.707649514308653,1.707316261935943,1.7069825815720583,1.7066484728685833,1.705979887366583,1.7051311503569682,1.7041731021303967,1.7030913340572655,1.7018694477015215,1.7004887551056707,1.698927927093214,1.697162578722881,1.6951647782647665,1.6929024624651599,1.6903387361273146,1.6874310277416316,1.6841300644519257,1.6803786181822806,1.676109958999774,1.6712459298574043,1.6656945258642153,1.6593468166894647,1.652072985522053,1.6437171606223093,1.6340905666123113,1.6229622889891309,1.6100465676459026,1.594984903792462,1.5773201679252353,1.556457905777274,1.5316062373497803,1.5016780391191187,1.4651223436897596,1.4196122047774462,1.3614117459957535,1.2839296307823922,1.1738287286618532,0.99813503746384,0.2708823263761444,0.001125492829988834,0.00025851964198791473,0.0002585196419877922,0.0002585196419877922,0.0002585196419877922,0.0002585196419877922,0.0002585196419877922,0.00025851964198779243,0.0002585196419877922,0.0002585196419877919,0.00025851964198779243,0.0002585196419877922,0.0002585196419877922,0.00025851964198779243,0.00025851964198779243,0.0002585196419877916
1.7373844508159455,1.7370885963384288,1.7367924127648926,1.7364958993120443,1.7361990551985582,1.735901879645132,1.7356043718745473,1.7353065311117275,1.7350083565837964,1.7347098475201386,1.7344110031524578,1.7341118227148387,1.733812305443806,1.7335124505783845,1.7332122573601627,1.7329117250333506,1.7326108528448432,1.7323096400442823,1.732008085884118,1.7317061896196717,1.7314039505091978,1.7311013678139489,1.7307984407982369,1.7304951687294967,1.7301915508783532,1.7298875865186811,1.7295832749276732,1.7292786153859028,1.72897360717739,1.7286682495896672,1.728362541913845,1.7280564834446772,1.727750073480628,1.7274433113239387,1.727136196280695,1.7268287276608933,1.726520904778509,1.7262127269515646,1.7259041935021973,1.7255953037567275,1.7252860570457291,1.7249764527040965,1.7246664900711157,1.7243561684905333,1.7240454873106277,1.723734445884277,1.7234230435690325,1.7231112797271897,1.722799153725857,1.7224866649370298,1.7221738127376625,1.72186059650974,1.72154701564035,1.7212330695217581,1.7209187575514788,1.7206040791323516,1.7202890336726122,1.71997362058597,1.7196578392916806,1.719341689214623,1.7190251697853725,1.718708280440279,1.7183910206215414,1.7180733897772857,1.7177553873616411,1.7174370128348164,1.7171182656631805,1.7167991453193372,1.7164796512822058,1.716159783037099,1.7158395400758033,1.715518921896657,1.7151979280046317,1.7148765579114116,1.7145548111354754,1.7142326872021765,1.7139101856438261,1.7135873059997742,1.713264047816492,1.7129404106476558,1.71261639405423,1.712291997604551,1.7119672208744114,1.7116420634471456,1.7113165249137132,1.7109906048727872,1.710664302930838,1.7103376187022217,1.710010551809266,1.7096831018823593,1.7093552685600375,1.7090270514890735,1.708698450324566,1.7083694647300298,1.708040094377486,1.7077103389475512,1.7073801981295318,1.707049671621513,1.7067187591304531,1.706057361235986,1.7052227505740136,1.7042807089006489,1.7032170917346912,1.7020158055938415,1.7006585155428189,1.6991243022911362,1.6973892583559544,1.6954260101505496,1.6932031494008668,1.6906845527478565,1.6878285623634883,1.6845869923239256,1.6809039145260105,1.676714162899747,1.6719414737740876,1.6664961507905856,1.6602721005564882,1.6531430237153866,1.6449574547020707,1.6355322046446228,1.6246435459504913,1.612015131943986,1.5973010758954216,1.5800616422974945,1.5597272769071435,1.5355434894852256,1.5064827947215875,1.4710967168456828,1.4272510426971268,1.3716133940165294,1.2985535742046312,1.197416598661574,1.0439393806239887,0.37872662821849995,0.003859297108992319,0.0002585196420412581,0.0002585196419877922,0.0002585196419877922,0.0002585196419877922,0.0002585196419877922,0.0002585196419877922,0.00025851964198779243,0.0002585196419877922,0.0002585196419877919,0.00025851964198779243,0.0002585196419877922,0.0002585196419877922,0.00025851964198779243,0.00025851964198779243,0.00025851964198779156
1.7374339796831222,1.7371384387610311,1.7368425888530148,1.7365464293644874,1.736249959702787,1.735953179277226,1.7356560874991451,1.7353586837819643,1.735060967541236,1.7347629381946965,1.7344645951623192,1.7341659378663672,1.7338669657314467,1.7335676781845593,1.7332680746551554,1.7329681545751896,1.7326679173791724,1.7323673625042266,1.7320664893901399,1.731765297479422,1.7314637862173579,1.7311619550520647,1.7308598034345477,1.730557330818756,1.7302545366616398,1.7299514204232072,1.729647981566582,1.7293442195580622,1.7290401338671764,1.7287357239667445,1.7284309893329362,1.7281259294453302,1.7278205437869747,1.7275148318444475,1.7272087931079165,1.7269024270712021,1.7265957332318378,1.726288711091133,1.725981360154235,1.7256736799301928,1.7253656699320208,1.7250573296767613,1.7247486586855505,1.7244396564836826,1.7241303226006757,1.7238206565703371,1.7235106579308301,1.723200326224741,1.7228896609991449,1.7225786618056753,1.7222673282005918,1.7219556597448482,1.7216436560041637,1.7213313165490887,1.7210186409550803,1.720705628802569,1.7203922796770315,1.7200785931690632,1.7197645688744487,1.719450206394236,1.71913550533481,1.7188204653079657,1.7185050859309834,1.7181893668267016,1.717873307623596,1.7175569079558521,1.7172401674634443,1.7169230857922122,1.7166056625939377,1.7162878975264237,1.7159697902535735,1.7156513404454696,1.715332547778454,1.7150134119352085,1.7146939326048363,1.7143741094829426,1.7140539422717185,1.7137334306800234,1.7134125744234674,1.713091373224498,1.7127698268124816,1.7124479349237913,1.712125697301893,1.7118031136974303,1.7114801838683131,1.711156907579805,1.7108332846046124,1.7105093147229742,1.7101849977227506,1.7098603333995142,1.7095353215566418,1.7092099620054062,1.7088842545650693,1.7085581990629748,1.708231795334644,1.707905043223869,1.7075779425828104,1.7072504932720938,1.7069226951609058,1.7062682164166658,1.7054465883847147,1.704519255328692,1.703472314957198,1.702289953417837,1.7009541595601596,1.6994443901950858,1.6977371762402917,1.6958056570996063,1.6936190273195855,1.69114187523054,1.6883333875374544,1.6851463861437477,1.6815261531019918,1.677408985368599,1.6727204013361643,1.6673728934277907,1.6612630815286034,1.6542680647039096,1.6462406839208175,1.6370032806420636,1.6263393387653602,1.6139820846148167,1.5995986093800934,1.5827672174452114,1.562944194375928,1.539413419025545,1.5112068842010262,1.4769731137054367,1.4347455950786043,1.3815009896571686,1.3122136262254975,1.2174193587633582,1.0741072360900057,0.49445508505386526,0.010926443629654498,0.00025851965597799016,0.0002585196419877922,0.0002585196419877922,0.0002585196419877922,0.0002585196419877922,0.0002585196419877922,0.00025851964198779243,0.0002585196419877922,0.0002585196419877919,0.00025851964198779243,0.0002585196419877922,0.0002585196419877922,0.00025851964198779243,0.00025851964198779243,0.00025851964198779156
1.7368138606034278,1.7365350061062543,1.736255675382156,1.7359758661381444,1.7356955761862738,1.7354148034447858,1.7351335459391495,1.734851801802997,1.7345695692789502,1.7342868467193329,1.7340036325867672,1.7337199254546514,1.7334357240075162,1.7331510270412602,1.7328658334632612,1.7325801422923648,1.7322939526587482,1.7320072638036614,1.7317200750790467,1.7314323859470342,1.7311441959793197,1.7308555048564214,1.7305663123668245,1.7302766184060066,1.7299864229753577,1.7296957261809858,1.729404528232424,1.72911282944123,1.728820630219493,1.7285279310782435,1.7282347326257739,1.7279410355658746,1.7276468406959882,1.727352148905288,1.727056961172684,1.726761278564763,1.7264651022336661,1.726168433414909,1.7258712734251518,1.7255736236599222,1.7252754855912937,1.7249768607655338,1.7246777508007152,1.7243781573843038,1.7240780822707262,1.7237775272789213,1.7234764942898786,1.723174985244176,1.7228730021395118,1.7225705470282446,1.722267622014938,1.7219642292539237,1.7216603709468772,1.7213560493404196,1.7210512667237425,1.7207460254262663,1.7204403278153295,1.7201341762939186,1.7198275732984372,1.7195205212965203,1.7192130227848978,1.7189050802873054,1.7185966963524528,1.7182878735520442,1.717978614478859,1.7176689217448926,1.7173587979795593,1.7170482458279577,1.716737267949204,1.716425867014829,1.7161140457072448,1.715801806718279,1.7154891527477776,1.7151760865022778,1.71486261069375,1.7145487280384093,1.7142344412555979,1.713919753066731,1.713604666194319,1.7132891833610502,1.7129733072889426,1.7126570406985615,1.7123403863082984,1.712023346833715,1.7117059249869457,1.7113881234761585,1.7110699450050753,1.710751392272541,1.7104324679721528,1.7101131747919296,1.709793515414036,1.709473492514548,1.709153108763259,1.7088323668235255,1.70851126935215,1.708189818999294,1.7078680184084232,1.707545870216277,1.7072233770528635,1.7065794739525877,1.7057707402034765,1.7048579931575147,1.7038275627836008,1.7026639024075525,1.7013493091201037,1.6998635965200914,1.6981837100423405,1.6962832726916641,1.6941320458524587,1.6916952857152359,1.6889329704036986,1.685798865595364,1.6822393865858962,1.6781922013006028,1.6735845001569152,1.6683308326025084,1.6623303730430328,1.6554634252025138,1.6475868949294263,1.6385283427224426,1.6280780447364782,1.6159782031057286,1.601907978461247,1.5854622303111114,1.5661204723972215,1.5432000181136973,1.5157823628991018,1.4825915369568872,1.4417794531456276,1.3905114397926075,1.3240524746821662,1.233270310261976,1.0944257176872163,0.610685195670495,0.025623977644566347,0.0002585212616792366,0.0002585196419877922,0.0002585196419877922,0.0002585196419877922,0.0002585196419877922,0.0002585196419877922,0.00025851964198779243,0.0002585196419877922,0.0002585196419877919,0.00025851964198779243,0.0002585196419877922,0.0002585196419877922,0.00025851964198779243,0.00025851964198779243,0.00025851964198779156
1.7346454558890059,1.734394088265722,1.7341421633734213,1.7338896779556312,1.733636628851165,1.7333830129953922,1.7331288274214471,1.732874069261388,1.7326187357472913,1.732362824212292,1.7321063320915604,1.7318492569232231,1.731591596349218,1.7313333481160922,1.7310745100757325,1.7308150801860394,1.7305550565115335,1.7302944372238984,1.7300332206024633,1.7297714050346165,1.7295089890161597,1.7292459711515957,1.7289823501543495,1.7287181248469299,1.728453294161022,1.7281878571375198,1.7279218129264922,1.7276551607870847,1.7273879000873618,1.7271200303040815,1.7268515510224107,1.7265824619355783,1.726312762844465,1.7260424536571344,1.7257715343883022,1.725500005158748,1.7252278661946658,1.7249551178269602,1.7246817604904816,1.7244077947232077,1.7241332211653704,1.7238580405585253,1.7235822537445724,1.7233058616647197,1.7230288653584005,1.722751265962137,1.7224730647083561,1.7221942629241602,1.7219148620300453,1.7216348635385799,1.7213542690530357,1.721073080265978,1.7207912989578114,1.7205089269952878,1.720225966329973,1.7199424189966768,1.7196582871118444,1.7193735728719153,1.7190882785516433,1.7188024065023884,1.7185159591503723,1.7182289389949075,1.7179413486065929,1.7176531906254837,1.7173644677592335,1.71707518278121,1.7167853385285872,1.7164949379004117,1.7162039838556475,1.7159124794112015,1.7156204276399232,1.7153278316685898,1.7150346946758712,1.7147410198902762,1.7144468105880828,1.7141520700912534,1.7138568017653344,1.7135610090173425,1.7132646952936361,1.7129678640777748,1.7126705188883682,1.712372663276913,1.7120743008256183,1.7117754351452228,1.7114760698728022,1.7111762086695677,1.7108758552186558,1.7105750132229132,1.7102736864026693,1.709971878493508,1.7096695932440302,1.7093668344136086,1.7090636057701405,1.7087599110877953,1.7084557541447531,1.708151138720944,1.7078460685957795,1.7075405475458816,1.7072345793428085,1.7066205886949979,1.705829413336807,1.7049364329304018,1.7039282558067086,1.702789649380162,1.7015032655170599,1.700049319114207,1.6984052103713982,1.6965450789010752,1.6944392747922372,1.6920537277975294,1.689349190612731,1.6862803252968788,1.6827945925671965,1.6788308910112208,1.6743178757343604,1.6691718614117315,1.663294179778821,1.6565678110315842,1.648853034050702,1.6399817281695237,1.6297497864821746,1.6179068278144333,1.6041419502477012,1.5880635198250599,1.569169669795066,1.5468037453869652,1.5200841236995228,1.487787624494846,1.4481418070846441,1.398417832802783,1.3340144160982497,1.2459054892983552,1.11023973113307,0.7208113949317765,0.051548831427248275,0.00025860659212171406,0.0002585196419877922,0.0002585196419877922,0.0002585196419877922,0.0002585196419877922,0.0002585196419877922,0.00025851964198779243,0.0002585196419877922,0.0002585196419877919,0.00025851964198779243,0.0002585196419877922,0.0002585196419877922,0.00025851964198779243,0.00025851964198779243,0.00025851964198779156
1.7330248753674635,1.7327839359119712,1.7325424644005538,1.7323004577258132,1.7320579128748705,1.731814826930472,1.731571197072008,1.7313270205764428,1.731082294819156,1.7308370172746916,1.7305911855174185,1.7303447972220913,1.7300978501643245,1.729850342220967,1.7296022713703862,1.7293536356926555,1.7291044333696468,1.7288546626850325,1.7286043220241905,1.728353409874019,1.72810192482266,1.7278498655591283,1.72759723087286,1.7273440196531633,1.7270902308885903,1.7268358636662227,1.726580917170875,1.726325390684219,1.7260692835838287,1.725812595342151,1.7255553255254044,1.7252974737924054,1.72503903989333,1.7247800236684085,1.7245204250465596,1.7242602440439652,1.7239994807625914,1.7237381353886534,1.723476208191037,1.7232136995196663,1.7229506098038367,1.7226869395505022,1.7224226893425303,1.7221578598369227,1.7218924517630072,1.7216264659206029,1.721359903178163,1.7210927644708984,1.7208250507988838,1.720556763225154,1.7202879028737854,1.720018470927976,1.7197484686281181,1.7194778972698734,1.719206758202246,1.7189350528256657,1.7186627825900755,1.718389948993031,1.7181165535778127,1.717842597931553,1.7175680836833827,1.7172930125025956,1.7170173860968367,1.7167412062103133,1.716464474622033,1.7161871931440689,1.715909363619854,1.7156309879225058,1.715352067953185,1.7150726056394836,1.7147926029338512,1.7145120618120526,1.7142309842716665,1.7139493723306132,1.713667228025727,1.7133845534113592,1.7131013505580246,1.7128176215510804,1.712533368489445,1.7122485934843545,1.711963298658153,1.711677486143124,1.7113911580803534,1.711104316618629,1.710816963913374,1.7105291021256142,1.7102407334209762,1.7099518599687171,1.7096624839407835,1.7093726075108981,1.709082232853674,1.7087913621437516,1.7084999975549617,1.7082081412595074,1.707915795427167,1.7076229622245136,1.7073296438141503,1.7070358423539598,1.7067415599963638,1.7061494912981452,1.7053770040160954,1.7045051153534783,1.7035207491709483,1.7024090314626519,1.7011530220047875,1.699733400229425,1.6981280959957856,1.6963118536336368,1.694255714663033,1.6919264007215402,1.6892855731344742,1.6862889387918998,1.68288516290299,1.6790145368434075,1.6746073323130388,1.6695817493066665,1.6638413318026954,1.6572716766557458,1.6497361900443672,1.6410705390209341,1.631075281324523,1.6195058963227205,1.6060590141468452,1.5903529169803017,1.5718991042036898,1.550059321377214,1.5239777144442206,1.4924676631932148,1.453809197782023,1.405350550303819,1.3426145702214165,1.2568612871966913,1.1257953381819816,0.8194593252082742,0.09179941919398163,0.000260969108525775,0.0002585196419877922,0.0002585196419877922,0.0002585196419877922,0.0002585196419877922,0.0002585196419877922,0.00025851964198779243,0.0002585196419877922,0.0002585196419877919,0.00025851964198779243,0.0002585196419877922,0.0002585196419877922,0.00025851964198779243,0.00025851964198779243,0.00025851964198779156
1.7278078542593394,1.7276166724209376,1.7274248040307336,1.7272322444658186,1.7270389892018811,1.7268450338138344,1.726650373976453,1.7264550054650116,1.726258924155913,1.726062126027306,1.7258646071596864,1.7256663637364729,1.7254673920445625,1.7252676884748488,1.7250672495227173,1.724866071788497,1.7246641519778791,1.7244614869022974,1.7242580734792623,1.724053908732657,1.7238489897929867,1.723643313897583,1.7234368783907614,1.7232296807239322,1.7230217184556624,1.7228129892516892,1.7226034908848833,1.7223932212351645,1.7221821782893638,1.7219703601410394,1.7217577649902374,1.721544391143205,1.7213302370120527,1.7211153011143643,1.7208995820727562,1.7206830786143887,1.720465789570423,1.7202477138754313,1.7200288505667545,1.7198091987838116,1.7195887577673594,1.7193675268587028,1.7191455054988565,1.718922693227659,1.7186990896828376,1.7184746945990284,1.7182495078067457,1.7180235292313093,1.7177967588917231,1.7175691968995102,1.7173408434575013,1.7171116988585828,1.7168817634843974,1.7166510378040045,1.7164195223724987,1.7161872178295856,1.7159541248981176,1.7157202443825907,1.7154855771675999,1.715250124216259,1.7150138865685802,1.7147768653398179,1.7145390617187768,1.714300476966083,1.7140611124124228,1.7138209694567454,1.7135800495644344,1.7133383542654457,1.713095885152415,1.7128526438787348,1.7126086321566016,1.712363851755034,1.712118304497862,1.7118719922616927,1.7116249169738436,1.7113770806102568,1.7111284851933852,1.7108791327900559,1.710629025509309,1.7103781655002186,1.7101265549496896,1.7098741960802335,1.7096210911477285,1.7093672424391582,1.7091126522703342,1.708857322983602,1.7086012569455309,1.7083444565445909,1.7080869241888117,1.7078286623034349,1.7075696733285481,1.707309959716714,1.7070495239305847,1.7067883684405092,1.7065264957221338,1.7062639082539932,1.706000608515099,1.705736598982519,1.7054718821289585,1.7049324471582912,1.7041852941315598,1.7033418577936543,1.7023894359453708,1.701313571094268,1.7000977865047255,1.6987232768870302,1.6971685444655167,1.6954089689051537,1.693416296665416,1.691158031572305,1.688596703451975,1.6856889851247137,1.68238461930682,1.6786251051193022,1.6743420776403346,1.669455291274199,1.6638700855802175,1.6574741657940515,1.650133461830592,1.641686726311615,1.6319383725023588,1.6206487993042331,1.6075210347003037,1.5921818237475331,1.574154041296053,1.5528150003907695,1.5273306921724683,1.496546436092027,1.4587924562383732,1.4115066328115928,1.3504106012757129,1.2673778642241873,1.1431849450961866,0.9013516022248481,0.14698483617846672,0.0002959567190949042,0.0002585196419877922,0.0002585196419877922,0.0002585196419877922,0.0002585196419877922,0.0002585196419877922,0.00025851964198779243,0.0002585196419877922,0.0002585196419877919,0.00025851964198779243,0.0002585196419877922,0.0002585196419877922,0.00025851964198779243,0.00025851964198779243,0.00025851964198779156
1.7226390241527747,1.7224778279493875,1.722315947826452,1.7221533791639776,1.7219901174010928,1.7218261580366407,1.72166149662975,1.7214961288003796,1.721330050229838,1.721163256661278,1.7209957439001635,1.7208275078147113,1.7206585443363058,1.7204888494598878,1.7203184192443144,1.7201472498126942,1.7199753373526927,1.7198026781168119,1.7196292684226413,1.7194551046530817,1.7192801832565394,1.719104500747095,1.7189280537046412,1.7187508387749926,1.71857285266997,1.7183940921674512,1.7182145541113971,1.7180342354118476,1.7178531330448894,1.7176712440525925,1.7174885655429226,1.7173050946896191,1.7171208287320494,1.7169357649750305,1.7167499007886244,1.7165632336079022,1.7163757609326824,1.7161874803272374,1.715998389419976,1.7158084859030902,1.715617767532182,1.7154262321258549,1.7152338775652816,1.7150407017937412,1.714846702816131,1.7146518786984468,1.71445622756724,1.714259747609044,1.7140624370697755,1.7138642942541071,1.7136653175248155,1.7134655053021006,1.7132648560628798,1.713063368340057,1.7128610407217635,1.7126578718505765,1.7124538604227106,1.712249005187184,1.712043304944962,1.7118367585480754,1.7116293648987149,1.7114211229483023,1.7112120316965387,1.71100209019043,1.71079129752329,1.7105796528337216,1.7103671553045776,1.7101538041618973,1.7099395986738277,1.7097245381495185,1.709508621938003,1.7092918494270561,1.7090742200420352,1.7088557332447019,1.7086363885320277,1.7084161854349806,1.7081951235172963,1.707973202374233,1.7077504216313097,1.7075267809430328,1.7073022799916022,1.7070769184856112,1.7068506961587258,1.7066236127683578,1.706395668094321,1.7061668619374781,1.7059371941183776,1.7057066644758792,1.7054752728657698,1.7052430191593722,1.7050099032421429,1.7047759250122656,1.7045410843792366,1.704305381262442,1.704068815589734,1.7038313872959983,1.7035930963217192,1.7033539426115427,1.7031139261128354,1.7026192866166117,1.7018998197888466,1.7010875443976103,1.700170191624371,1.6991337905926225,1.6979624107070197,1.696637859298516,1.695139325364831,1.693442957934138,1.6915213646693465,1.6893430125558584,1.6868715075805945,1.6840647237968556,1.680873743487666,1.6772415584321998,1.6731014662877108,1.6683750739332828,1.6629697883855605,1.6567756310505,1.6496611453260526,1.641468068902218,1.632004290169544,1.6210343674675052,1.6082664965819125,1.5933341465599122,1.5757694138561937,1.5549629932200881,1.530101493883548,1.5000642236371402,1.4632423889799626,1.4171966916544427,1.3579394898127708,1.2782060855011226,1.1623521279280529,0.9652290747682385,0.2156688505816681,0.000552603452788777,0.00025851964198779655,0.0002585196419877922,0.0002585196419877922,0.0002585196419877922,0.0002585196419877922,0.0002585196419877925,0.0002585196419877922,0.0002585196419877919,0.00025851964198779243,0.0002585196419877922,0.0002585196419877922,0.00025851964198779243,0.0002585196419877925,0.00025851964198779156
1.7205550829753824,1.7203812984726305,1.7202069961088118,1.7200321725084995,1.7198568243059,1.7196809481449453,1.7195045406793916,1.7193275985729173,1.7191501184992208,1.7189720971421212,1.7187935311956577,1.7186144173641889,1.71843475236249,1.718254532915853,1.718073755760181,1.7178924176420833,1.7177105153189685,1.7175280455591355,1.7173450051418635,1.7171613908574972,1.7169771995075322,1.7167924279046969,1.7166070728730316,1.716421131247964,1.7162345998763864,1.7160474756167223,1.7158597553389974,1.715671435924903,1.7154825142678598,1.715292987273075,1.7151028518575997,1.7149121049503793,1.714720743492306,1.7145287644362621,1.7143361647471653,1.714142941402008,1.7139490913898918,1.7137546117120643,1.7135594993819463,1.7133637514251598,1.7131673648795511,1.712970336795211,1.7127726642344927,1.7125743442720234,1.7123753739947172,1.7121757505017803,1.7119754709047166,1.7117745323273275,1.7115729319057094,1.7113706667882487,1.7111677341356135,1.7109641311207406,1.7107598549288219,1.7105549027572846,1.7103492718157727,1.7101429593261215,1.70993596252233,1.7097282786505326,1.7095199049689656,1.7093108387479308,1.7091010772697581,1.7088906178287635,1.7086794577312057,1.7084675942952379,1.708255024850861,1.7080417467398687,1.707827757315795,1.7076130539438559,1.7073976340008905,1.707181494875299,1.7069646339669775,1.7067470486872531,1.7065287364588126,1.7063096947156333,1.7060899209029088,1.705869412476974,1.7056481669052277,1.7054261816660528,1.7052034542487353,1.704979982153381,1.7047557628908314,1.7045307939825753,1.7043050729606617,1.7040785973676098,1.703851364756317,1.7036233726899652,1.7033946187419287,1.7031651004956752,1.7029348155446706,1.7027037614922804,1.702471935951669,1.7022393365456996,1.7020059609068319,1.7017718066770187,1.701536871507602,1.7013011530592084,1.7010646490016417,1.7008273570137757,1.700589274783448,1.7001000643615394,1.6993987174946563,1.6986069700371798,1.697712888701547,1.6967028885324469,1.6955614835656359,1.6942709942831555,1.6928112029244857,1.691158945493253,1.6892876264319001,1.6871666382050992,1.6847606631368988,1.6820288283653044,1.6789236761176143,1.675389899813628,1.6713627805256541,1.6667662362123552,1.6615103650966911,1.6554883202477424,1.6485722880003502,1.6406082471763008,1.6314090405536277,1.6207450625899575,1.6083315008149544,1.59381045661409,1.5767252099768192,1.556481969605453,1.53229078716702,1.5030699299604584,1.467282085947299,1.4226335606893366,1.3654714417645608,1.2894311557790492,1.1819093491899821,1.0129932714629515,0.2956739333487119,0.0015212542089929545,0.00025851964198822964,0.0002585196419877922,0.0002585196419877922,0.0002585196419877922,0.0002585196419877922,0.0002585196419877925,0.0002585196419877922,0.0002585196419877919,0.0002585196419877925,0.0002585196419877922,0.0002585196419877922,0.0002585196419877925,0.0002585196419877925,0.00025851964198779156
1.7189833284750766,1.7187999505592075,1.718616118695417,1.7184318300215107,1.718247081679692,1.7180618708163788,1.7178761945820544,1.7176900501311454,1.7175034346219236,1.7173163452164322,1.7171287790804257,1.7169407333833315,1.7167522052982203,1.7165631920017916,1.7163736906743698,1.7161836984999075,1.7159932126659978,1.7158022303638953,1.7156107487885388,1.7154187651385826,1.715226276616431,1.7150332804282762,1.71483977378414,1.7146457538979174,1.7144512179874238,1.714256163274443,1.7140605869847774,1.7138644863482997,1.7136678585990055,1.7134707009750658,1.7132730107188838,1.7130747850771473,1.7128760213008856,1.7126767166455248,1.7124768683709437,1.7122764737415315,1.7120755300262416,1.7118740344986503,1.711671984437011,1.7114693771243126,1.7112662098483344,1.711062479901702,1.7108581845819437,1.7106533211915456,1.7104478870380069,1.7102418794338954,1.7100352956969025,1.7098281331498972,1.7096203891209805,1.7094120609435397,1.7092031459563017,1.7089936415033866,1.7087835449343611,1.7085728536042908,1.7083615648737929,1.708149676109088,1.7079371846820528,1.7077240879702706,1.7075103833570842,1.7072960682316447,1.707081139988964,1.7068655960299652,1.7066494337615306,1.7064326505965544,1.7062152439539902,1.7059972112589021,1.7057785499425122,1.7055592574422507,1.7053393312018033,1.7051187686711609,1.7048975673066662,1.7046757245710633,1.7044532379335442,1.7042301048697959,1.7040063228620486,1.703781889399122,1.7035568019764724,1.7033310580962384,1.7031046552672882,1.7028775910052638,1.7026498628326288,1.702421468278711,1.7021924048797505,1.7019626701789403,1.7017322617264738,1.7015011770795871,1.7012694138026008,1.7010369694669647,1.7008038416512972,1.700570027941428,1.7003355259304356,1.7001003332186888,1.6998644474138818,1.699627866131071,1.6993905869927093,1.6991526076286774,1.6989139256763144,1.6986745387804443,1.6984344445933988,1.6979432414440825,1.6972538490202473,1.6964756742756903,1.6955970177218023,1.6946045656675546,1.6934831477463528,1.692215452680524,1.6907816936786575,1.6891592127244364,1.6873220102531252,1.685240183112162,1.6828792489729572,1.680199329090767,1.6771541529186367,1.673689836733504,1.6697433729131823,1.665240745012995,1.660094553622158,1.6542009949764036,1.6474359719462142,1.6396500248415162,1.6306616302125685,1.620248200178937,1.608133771394611,1.5939718081570322,1.5773205817391842,1.557606878448174,1.5340706057611893,1.505676608388481,1.4709668979247603,1.4277968657080073,1.3728253921048932,1.300421445254584,1.1999521207063344,1.0471995533246168,0.38308231093286654,0.0040080554782784186,0.0002585196420468498,0.0002585196419877922,0.0002585196419877922,0.0002585196419877922,0.0002585196419877922,0.0002585196419877925,0.0002585196419877922,0.0002585196419877919,0.0002585196419877925,0.0002585196419877922,0.0002585196419877922,0.0002585196419877925,0.0002585196419877925,0.00025851964198779156
1.7171125956365383,1.7169384627183324,1.7167636141686649,1.716588045281568,1.7164117516439135,1.7162347291371831,1.7160569739384555,1.715878482520607,1.7156992516517402,1.7155192783938396,1.71533856010068,1.7151570944149956,1.7149748792649389,1.7147919128598472,1.7146081936853523,1.7144237204978545,1.7142384923184026,1.7140525084260092,1.7138657683504404,1.713678271864517,1.713490018975969,1.7133010099188826,1.7131112451447799,1.712920725313376,1.7127294512830518,1.7125374241010873,1.7123446449936957,1.712151115355897,1.7119568367412745,1.7117618108516526,1.7115660395267294,1.7113695247337088,1.7111722685569581,1.710974273187733,1.7107755409139966,1.7105760741103633,1.7103758752281992,1.710174946785901,1.7099732913593824,1.7097709115727866,1.70956781008945,1.7093639896031305,1.7091594528295246,1.7089542024980797,1.7087482413441226,1.7085415721013104,1.708334197494415,1.70812612023245,1.7079173430021444,1.7077078684617673,1.707497699235311,1.7072868379070285,1.7070752870163275,1.7068630490530228,1.7066501264529406,1.706436521593875,1.7062222367918898,1.7060072742979604,1.7057916362949541,1.7055753248949341,1.7053583421367877,1.7051406899841648,1.7049223703237202,1.704703384963652,1.7044837356325229,1.7042634239783585,1.70404245156801,1.7038208198867704,1.7035985303382386,1.7033755842444125,1.7031519828460095,1.7029277273029968,1.7027028186953275,1.7024772580238638,1.702251046211487,1.7020241841043753,1.7017966724734455,1.701568512015945,1.7013397033571893,1.7011102470524295,1.7008801435888476,1.7006493933876654,1.7004179968063626,1.7001859541409945,1.6999532656286007,1.699719931449699,1.6994859517308578,1.6992513265473377,1.6990160559257976,1.6987801398470597,1.6985435782489249,1.6983063710290358,1.698068518047781,1.697830019131233,1.6975908740741184,1.697351082642814,1.6971106445783617,1.6968695595995045,1.69662782740573,1.6961349340655716,1.6954549629774665,1.6946874844621083,1.6938209837163483,1.692842361694195,1.6917366983015578,1.6904869750890392,1.6890737491578403,1.687474767946277,1.6856645119174813,1.6836136487198752,1.6812883778605385,1.6786496389232564,1.6756521483224085,1.672243218710935,1.6683613002961382,1.6639341627487674,1.658876607550129,1.653087559583871,1.6464463274196008,1.6388077342834824,1.629995690181892,1.6197945731643424,1.607937467691628,1.594089786921598,1.5778259274797366,1.5585950657220256,1.5356693789175706,1.5080625005725554,1.4743946989633754,1.4326558759201498,1.379754099366688,1.310553164875138,1.2154200265793385,1.0712930107616088,0.4745285109348872,0.00923776089366046,0.00025851964727126,0.0002585196419877922,0.0002585196419877922,0.0002585196419877922,0.0002585196419877922,0.00025851964198779254,0.0002585196419877922,0.0002585196419877919,0.0002585196419877925,0.0002585196419877922,0.0002585196419877922,0.0002585196419877925,0.00025851964198779254,0.00025851964198779156
1.7148040117357535,1.7146364856971312,1.7144682356052152,1.7142992566430615,1.7141295442535858,1.713959094141231,1.7137879022730589,1.7136159648792622,1.7134432784530982,1.7132698397502522,1.7130956457876287,1.7129206938415893,1.7127449814456446,1.7125685063876124,1.71239126670626,1.7122132606874547,1.7120344868598292,1.7118549439899982,1.7116746310773403,1.7114935473483732,1.711311692250749,1.7111290654468925,1.7109456668073155,1.7107614964036326,1.7105765545013079,1.710390841552158,1.710204358186653,1.7100171052060256,1.7098290835742356,1.7096402944098081,1.709450738977577,1.7092604186803615,1.709069335050603,1.7088774897419874,1.7086848845210814,1.7084915212590044,1.7082974019231594,1.7081025285690474,1.7079069033321876,1.707710528420157,1.7075134061047774,1.7073155387144596,1.7071169286267254,1.7069175782609203,1.706717490071135,1.7065166665393376,1.7063151101687408,1.7061128234774061,1.7059098089920925,1.705706069242363,1.7055016067549498,1.7052964240483868,1.7050905236279092,1.7048839079806288,1.7046765795709808,1.7044685408364473,1.704259794183556,1.704050341984153,1.7038401865719477,1.703629330239328,1.7034177752344424,1.7032055237585466,1.7029925779636068,1.7027789399501576,1.7025646117654074,1.7023495954015893,1.7021338927945437,1.701917505822535,1.7017004363052866,1.7014826860032357,1.7012642566169933,1.7010451497870063,1.7008253670934133,1.7006049100560847,1.7003837801348398,1.7001619787298354,1.6999395071821168,1.6997163667743207,1.6994925587315253,1.6992680842222414,1.699042944359532,1.698817140202258,1.6985906727564377,1.698363542976718,1.6981357517679467,1.6979072999868403,1.6976781884437397,1.697448417904448,1.697217989092143,1.6969869026893618,1.6967551593400432,1.69652275965163,1.6962897041972218,1.6960559935177746,1.6958216281243348,1.6955866085003128,1.6953509351037819,1.695114608369801,1.6948776287127565,1.694394040114213,1.693725307598662,1.6929705243248432,1.6921183705282867,1.6911559701769452,1.6900686587478393,1.6888397114272,1.687450023687939,1.6858777342264395,1.6840977776971577,1.682081351376685,1.6797952755541348,1.6772012217103311,1.674254774891738,1.670904286354242,1.667089458458075,1.6627395843309052,1.6577713375711096,1.6520859685553937,1.6455657080016823,1.638069096165113,1.629424832461219,1.6194235503515626,1.6078066227193073,1.59425061646164,1.5783451982736019,1.5595608679760562,1.5372002890319838,1.5103219415905909,1.4776143447786199,1.437175243700362,1.3860887696312756,1.3195054275192382,1.2281758389010258,1.088567375771218,0.5674837300170756,0.01891468661438421,0.0002585199265804886,0.0002585196419877922,0.0002585196419877922,0.0002585196419877922,0.0002585196419877922,0.00025851964198779254,0.0002585196419877922,0.0002585196419877919,0.0002585196419877925,0.0002585196419877922,0.0002585196419877922,0.0002585196419877925,0.00025851964198779254,0.00025851964198779156
1.7137937664706768,1.7135991300654696,1.7134042502813542,1.71320912596241,1.7130137558572702,1.7128181386181707,1.7126222728001392,1.7124261568603303,1.7122297891575,1.7120331679516254,1.711836291403665,1.7116391575754575,1.711441764429766,1.7112441098304532,1.7110461915428012,1.7108480072339594,1.7106495544735307,1.7104508307342876,1.7102518333930132,1.710052559731473,1.709853006937506,1.7096531721062342,1.709453052241393,1.7092526442567673,1.7090519449777395,1.7088509511429413,1.708649659406004,1.7084480663374053,1.7082461684264034,1.7080439620830619,1.7078414436403497,1.7076386093563205,1.707435455416359,1.7072319779354965,1.7070281729607795,1.7068240364736984,1.7066195643926614,1.7064147525755107,1.7062095968220783,1.7060040928767706,1.7057982364311821,1.705592023126727,1.7053854485572866,1.7051785082718673,1.704971197777261,1.7047635125407063,1.7045554479925418,1.7043469995288492,1.7041381625140783,1.7039289322836553,1.7037193041465588,1.7035092733878707,1.7032988352712917,1.7030879850416154,1.7028767179271624,1.7026650291421679,1.7024529138891158,1.7022403673610247,1.7020273847436718,1.7018139612177614,1.7016000919610288,1.7013857721502792,1.7011709969633613,1.7009557615810689,1.700740061188974,1.7005238909791853,1.7003072461520339,1.7000901219176816,1.6998725134976567,1.6996544161263085,1.6994358250521862,1.699216735539342,1.6989971428685529,1.6987770423384665,1.6985564292666706,1.6983352989906835,1.6981136468688698,1.697891468281282,1.6976687586304258,1.6974455133419553,1.6972217278652946,1.696997397674193,1.696772518267209,1.6965470851681332,1.6963210939263413,1.6960945401170942,1.6958674193417709,1.695639727228052,1.695411459430044,1.6951826116283586,1.6949531795301376,1.694723158869037,1.6944925454051682,1.6942613349249986,1.6940295232412181,1.6937971061925707,1.693564079643659,1.693330439484719,1.6930961816313737,1.6926185183630078,1.6919612142757205,1.691219360733913,1.6903818429282345,1.6894360196574425,1.6883674959099688,1.6871598567494477,1.6857943546492562,1.6842495405020246,1.682500826058736,1.6805199623458302,1.678274414416484,1.6757266072624972,1.6728330103534312,1.6695430183721043,1.665797572256952,1.6615274461307712,1.6566510998233872,1.6510719600119466,1.644674940085788,1.6373219310418574,1.6288458788937807,1.6190428845188856,1.607661478582123,1.5943877637991215,1.5788243425038462,1.5604595913255184,1.5386213506210087,1.5124042256049088,1.4805494399259678,1.4412323840399124,1.3916501822342078,1.3271034814459668,1.238454689928299,1.1016560167988256,0.6578453587515031,0.034820813291296604,0.0002585286901434917,0.0002585196419877922,0.0002585196419877922,0.0002585196419877922,0.0002585196419877922,0.00025851964198779254,0.0002585196419877922,0.0002585196419877919,0.0002585196419877925,0.0002585196419877922,0.0002585196419877922,0.0002585196419877925,0.00025851964198779254,0.00025851964198779156
1.7130993783378412,1.7129004074604024,1.7127011052711454,1.7125014699935601,1.7123014998449737,1.7121011930365237,1.7119005477731393,1.7116995622535192,1.7114982346701182,1.7112965632091341,1.711094546050499,1.7108921813678728,1.7106894673286412,1.7104864020939161,1.7102829838185405,1.7100792106510954,1.7098750807339127,1.7096705922030873,1.7094657431884985,1.70926053181383,1.7090549561965962,1.7088490144481707,1.7086427046738204,1.7084360249727415,1.7082289734380998,1.7080215481570753,1.70781374721091,1.7076055686749596,1.7073970106187484,1.7071880711060305,1.7069787481948517,1.7067690399376163,1.70655894438116,1.7063484595668224,1.7061375835305275,1.705926314302866,1.7057146499091818,1.7055025883696622,1.7052901276994332,1.7050772659086564,1.7048640010026326,1.7046503309819072,1.70443625384238,1.7042217675754197,1.7040068701679807,1.7037915596027255,1.7035758338581495,1.7033596909087103,1.7031431287249608,1.7029261452736857,1.7027087385180422,1.7024909064177036,1.7022726469290088,1.7020539580051115,1.7018348375961374,1.7016152836493412,1.7013952941092714,1.701174866917933,1.7009540000149597,1.7007326913377845,1.7005109388218178,1.7002887404006253,1.7000660940061114,1.6998429975687062,1.699619449017554,1.6993954462807048,1.6991709872853122,1.6989460699578307,1.698720692224217,1.6984948520101353,1.6982685472411647,1.6980417758430095,1.6978145357417114,1.6975868248638666,1.6973586411368429,1.6971299824890014,1.6969008468499198,1.6966712321506172,1.6964411363237837,1.6962105573040098,1.6959794930280194,1.695747941434904,1.69551590046636,1.6952833680669268,1.6950503421842278,1.6948168207692118,1.6945828017763989,1.6943482831641246,1.694113262894786,1.6938777389350936,1.6936417092563183,1.693405171834544,1.69316812465092,1.6929305656919145,1.6926924929495673,1.6924539044217493,1.6922147981124143,1.6919751720318588,1.6917350241969782,1.6912480496125333,1.6905966282382383,1.6898614986984208,1.6890316792811324,1.6880946860328714,1.6870363104014554,1.6858403593718931,1.684488350538482,1.6829591527128964,1.681228560290585,1.6792687865074365,1.6770478566687155,1.6745288770765618,1.6716691482353219,1.668419081278304,1.6647208634292414,1.6605068002075825,1.6556972368015568,1.6501979252138863,1.6438966522322138,1.6366588677403766,1.6283219399311575,1.618687491063912,1.6075109954049904,1.5944873793220502,1.5792306191643253,1.561244021909609,1.5398754424993235,1.5142468917542513,1.4831377570310533,1.444776839805057,1.3964344934294495,1.3335044440527284,1.2469501178085294,1.1129973993814055,0.7423335615792562,0.05857679610072284,0.00025869906317211466,0.0002585196419877922,0.0002585196419877922,0.0002585196419877922,0.0002585196419877922,0.00025851964198779254,0.0002585196419877922,0.0002585196419877919,0.00025851964198779254,0.0002585196419877922,0.0002585196419877922,0.00025851964198779254,0.00025851964198779254,0.00025851964198779156
1.712369320543099,1.712165770818094,1.7119619026875807,1.7117577145174987,1.711553204673199,1.711348371519455,1.7111432134204805,1.7109377287399463,1.7107319158410035,1.7105257730863035,1.7103192988380254,1.7101124914579016,1.709905349307247,1.7096978707469879,1.7094900541376945,1.7092818978396125,1.7090734002126984,1.708864559616653,1.7086553744109578,1.708445842954914,1.7082359636076772,1.7080257347283,1.7078151546757692,1.707604221809048,1.7073929344871173,1.7071812910690174,1.7069692899138922,1.7067569293810323,1.7065442078299196,1.7063311236202738,1.7061176751120966,1.7059038606657198,1.705689678641852,1.7054751274016273,1.7052602053066535,1.7050449107190617,1.7048292420015565,1.7046131975174663,1.7043967756307958,1.7041799747062756,1.703962793109418,1.7037452292065676,1.7035272813649573,1.703308947952761,1.70309022733915,1.702871117894349,1.7026516179896902,1.702431725997675,1.7022114402920254,1.7019907592477481,1.7017696812411907,1.7015482046501003,1.701326327853686,1.701104049232678,1.7008813671693894,1.7006582800477783,1.7004347862535107,1.7002108841740227,1.6999865721985845,1.6997618487183659,1.6995367121265,1.6993111608181486,1.6990851931905702,1.6988588076431843,1.69863200257764,1.6984047763978842,1.6981771275102284,1.6979490543234197,1.6977205552487091,1.6974916286999224,1.6972622730935292,1.6970324868487172,1.69680226838746,1.6965716161345932,1.6963405285178843,1.696109003968108,1.6958770409191184,1.6956446378079246,1.6954117930747656,1.6951785051631845,1.6949447725201043,1.6947105935959068,1.6944759668445055,1.6942408907234254,1.6940053636938794,1.6937693842208479,1.693532950773155,1.6932960618235486,1.6930587158487804,1.692820911329684,1.6925826467512555,1.6923439206027338,1.6921047313776807,1.6918650775740631,1.691624957694332,1.6913843702455056,1.6911433137392498,1.6909017866919602,1.6906597876248437,1.690170312945979,1.689524594145986,1.6887959462246762,1.687973502196138,1.6870449119009805,1.6859961233650647,1.6848111275048372,1.6834716588477212,1.681956843158595,1.6802427805729803,1.6783020498623311,1.6761031155596524,1.6736096145213748,1.6707794916258885,1.6675639450365491,1.6639061288129604,1.6597395432018611,1.6549860185271132,1.6495531639489152,1.6433311023754404,1.636188239371616,1.6279657037744997,1.6184699286387487,1.6074625744478452,1.594646562519252,1.5796462538333425,1.5619785167347986,1.5410090285960072,1.5158834175501654,1.4854127482072728,1.4478691955523153,1.4005852884353438,1.3390567519315564,1.2544972610936842,1.124517962557484,0.8186904021558786,0.09151823841585104,0.00026091192675736915,0.0002585196419877922,0.0002585196419877922,0.0002585196419877922,0.0002585196419877922,0.00025851964198779254,0.0002585196419877922,0.0002585196419877919,0.00025851964198779254,0.0002585196419877922,0.0002585196419877922,0.00025851964198779254,0.00025851964198779254,0.00025851964198779156
1.7117465427555325,1.7115390714210432,1.7113313010110978,1.7111232300791794,1.7109148571795052,1.7107061808669402,1.7104971996969276,1.7102879122254335,1.7100783170089031,1.7098684126042278,1.7096581975687215,1.709447670460106,1.7092368298365013,1.7090256742564245,1.708814202278793,1.7086024124629322,1.7083903033685883,1.7081778735559436,1.7079651215856353,1.7077520460187785,1.70753864541699,1.7073249183424146,1.7071108633577534,1.7068964790262957,1.706681763911948,1.7064667165792693,1.706251335593504,1.7060356195206174,1.7058195669273335,1.7056031763811692,1.7053864464504749,1.7051693757044715,1.7049519627132896,1.7047342060480113,1.7045161042807075,1.7042976559844811,1.7040788597335077,1.7038597141030762,1.7036402176696324,1.7034203690108212,1.703200166705529,1.7029796093339273,1.7027586954775158,1.7025374237191664,1.702315792643168,1.7020938008352702,1.7018714468827285,1.7016487293743487,1.7014256469005327,1.701202198053324,1.7009783814264539,1.7007541956153862,1.7005296392173654,1.700304710831461,1.7000794090586175,1.6998537325016982,1.6996276797655343,1.6994012494569728,1.6991744401849227,1.6989472505604049,1.6987196791965988,1.6984917247088926,1.6982633857149305,1.6980346608346626,1.6978055486903936,1.6975760479068338,1.697346157111146,1.6971158749329984,1.696885200004613,1.6966541309608172,1.6964226664390931,1.6961908050796293,1.695958545525372,1.6957258864220763,1.695492826418357,1.6952593641657416,1.6950254983187212,1.694791227534803,1.6945565504745626,1.6943214658016974,1.694085972183077,1.6938500682887987,1.6936137527922386,1.6933770243701054,1.6931398817024932,1.6929023234729355,1.6926643483684578,1.692425955079631,1.692187142300625,1.6919479087292615,1.6917082530670673,1.6914681740193271,1.6912276702951363,1.690986740607453,1.6907453836731503,1.690503598213066,1.6902613829520567,1.6900187366190433,1.689775657947063,1.6892849511948467,1.6886445627678206,1.687921967322422,1.687106402584674,1.6861856400887736,1.6851457697409522,1.6839709484416734,1.682643105616713,1.6811415967823804,1.6794427940482652,1.6775195995762058,1.6753408642372807,1.6728706887169844,1.6700675776590088,1.666883408457079,1.663262164056668,1.6591383622181608,1.6544350900275397,1.6490615188255706,1.6429097261831016,1.6358505801432224,1.6277283337049626,1.6183534126061203,1.6074926189260412,1.5948555484317806,1.5800753021650147,1.562680308155449,1.542051725729503,1.5173562955359636,1.487434755478234,1.450603446670439,1.404268681190624,1.3440801128841422,1.26171387745469,1.137130664818217,0.884230406395921,0.13365512880143085,0.00028020953035083824,0.0002585196419877922,0.0002585196419877922,0.0002585196419877922,0.0002585196419877922,0.00025851964198779254,0.0002585196419877922,0.0002585196419877919,0.00025851964198779254,0.0002585196419877922,0.0002585196419877922,0.00025851964198779254,0.00025851964198779254,0.00025851964198779156
1.711228921062821,1.711018180313948,1.7108071579134707,1.7105958525979772,1.710384263103867,1.7101723881673814,1.7099602265246399,1.7097477769116738,1.7095350380644592,1.7093220087189516,1.7091086876111208,1.7088950734769834,1.7086811650526403,1.708466961074309,1.7082524602783595,1.708037661401349,1.7078225631800574,1.7076071643515216,1.7073914636530727,1.7071754598223698,1.7069591515974367,1.7067425377166978,1.7065256169190133,1.7063083879437166,1.70609084953065,1.7058730004202003,1.705654839353337,1.705436365071649,1.7052175763173794,1.7049984718334654,1.7047790503635738,1.7045593106521388,1.7043392514443994,1.704118871486438,1.7038981695252167,1.703677144308617,1.7034557945854771,1.7032341191056295,1.703012116619942,1.7027897858803525,1.7025671256399122,1.702344134652821,1.702120811674469,1.7018971554614744,1.7016731647717236,1.7014488383644113,1.701224175000079,1.7009991734406558,1.7007738324494994,1.7005481507914353,1.7003221272327966,1.7000957605414664,1.6998690494869189,1.699641992840257,1.6994145893742585,1.699186837863413,1.6989587370839663,1.6987302858139606,1.6985014828332772,1.6982723269236788,1.6980428168688502,1.697812951454443,1.6975827294681163,1.6973521496995807,1.6971212109406402,1.696889911985237,1.6966582516294935,1.696426228671756,1.6961938419126392,1.6959610901550692,1.6957279722043288,1.6954944868681,1.69526063295651,1.6950264092821763,1.6947918146602496,1.6945568479084614,1.6943215078471665,1.6940857932993914,1.6938497030908777,1.6936132360501286,1.6933763910084565,1.6931391668000269,1.6929015622619064,1.692663576234109,1.6924252075596435,1.6921864550845596,1.6919473176579958,1.6917077941322276,1.6914678833627141,1.6912275842081468,1.690986895530497,1.6907458161950646,1.6905043450705275,1.6902624810289892,1.6900202229460282,1.6897775697007476,1.6895345201758247,1.6892910732575595,1.6890472278359265,1.6885557656881678,1.687920212705002,1.687203105797058,1.686393776879578,1.685480106819982,1.684448312828324,1.6832827005264297,1.6819653737032747,1.6804758930834398,1.6787908732720933,1.6768835042324957,1.674722979977689,1.6722738123035386,1.6694950009151788,1.6663390225685328,1.6627505899439812,1.6586651145332674,1.6540067848184692,1.6486861383465985,1.6425969591134064,1.6356122622506817,1.6275790237576635,1.6183111527515532,1.60757995071101,1.595100890466389,1.5805148537973406,1.5633607485264882,1.5430341840325654,1.5187225190693716,1.4892975083780264,1.45312625410484,1.407709907361182,1.3489137243046387,1.2690564311345756,1.1509217861090673,0.9382663061152221,0.1842718389681414,0.0003897214905312535,0.000258519641987793,0.0002585196419877922,0.0002585196419877922,0.0002585196419877922,0.00025851964198779254,0.0002585196419877922,0.0002585196419877919,0.00025851964198779254,0.0002585196419877922,0.0002585196419877922,0.00025851964198779254,0.00025851964198779254,0.00025851964198779156
1.7098175649067926,1.7096190862002172,1.7094202265749228,1.7092209838632397,1.7090213559356935,1.708821340701442,1.7086209361086961,1.7084201401451184,1.708218950838208,1.7080173662556581,1.7078153845057003,1.7076130037374218,1.7074102221410636,1.7072070379482995,1.7070034494324855,1.7067994549088954,1.7065950527349263,1.7063902413102854,1.706185019077151,1.7059793845203126,1.705773336167283,1.7055668725883921,1.7053599923968517,1.705152694248801,1.7049449768433231,1.7047368389224438,1.7045282792710996,1.7043192967170877,1.7041098901309877,1.7039000584260633,1.7036898005581367,1.7034791155254432,1.703268002368459,1.7030564601697082,1.702844488053546,1.7026320851859176,1.7024192507740983,1.7022059840664066,1.7019922843518995,1.7017781509600427,1.7015635832603602,1.701348580662064,1.7011331426136624,1.7009172686025444,1.70070095815455,1.7004842108335143,1.7002670262407982,1.7000494040147927,1.699831343830411,1.6996128453985588,1.699393908465588,1.6991745328127306,1.6989547182555182,1.6987344646431821,1.6985137718580399,1.6982926398148632,1.6980710684602325,1.6978490577718734,1.697626607757983,1.6974037184565374,1.6971803899345896,1.69695662228755,1.6967324156384571,1.6965077701372346,1.6962826859599363,1.69605716330798,1.69583120240737,1.6956048035079083,1.6953779668823978,1.695150692825832,1.6949229816545777,1.6946948337055503,1.6944662493353766,1.6942372289195526,1.6940077728515914,1.6937778815421665,1.6935475554182453,1.693316794922218,1.69308560051102,1.6928539726552472,1.6926219118382688,1.6923894185553323,1.692156493312666,1.6919231366265757,1.6916893490225378,1.6914551310342911,1.6912204832029223,1.6909854060759497,1.6907499002064073,1.6905139661519204,1.690277604473788,1.6900408157360551,1.6898036005045904,1.6895659593461605,1.6893278928275024,1.6890894015143987,1.6888504859707507,1.6886111467576541,1.6883713844324728,1.6878875115973808,1.6872578990494338,1.6865474871349397,1.6857457052236289,1.6848405449006794,1.6838183494405892,1.6826635683946463,1.6813584704257283,1.6798828058882802,1.6782134085497935,1.6763237231278179,1.674183241759214,1.6717568278239834,1.669003899289179,1.665877435304091,1.6623227582732396,1.658276027736456,1.6536623601098894,1.648393456656,1.6423645762373986,1.6354506219820826,1.6275010097873739,1.6183328313453853,1.6077215802356235,1.5953883145464869,1.5809814684267096,1.564050374871584,1.5440054681078514,1.5200561147210658,1.4911088161361774,1.4555904894439418,1.4111181678818505,1.353819688293398,1.2767453051697295,1.1654163682170025,0.9816359644381766,0.24252966491847258,0.0007797837379598131,0.00025851964198780864,0.0002585196419877922,0.0002585196419877922,0.0002585196419877922,0.0002585196419877926,0.0002585196419877922,0.0002585196419877919,0.00025851964198779254,0.0002585196419877922,0.0002585196419877922,0.00025851964198779254,0.0002585196419877926,0.00025851964198779156
1.70796487093489,1.7077759077537606,1.707586570679251,1.7073968575224365,1.7072067661191674,1.7070162943301703,1.7068254400411635,1.706634201162985,1.7064425756317279,1.7062505614088848,1.7060581564814923,1.7058653588622794,1.7056721665898156,1.705478577728656,1.7052845903694858,1.7050902026292543,1.7048954126513134,1.7047002186055389,1.704504618688452,1.7043086111233292,1.704112194160305,1.7039153660764643,1.7037181251759257,1.7035204697899144,1.7033223982768253,1.7031239090222734,1.7029250004391343,1.7027256709675735,1.7025259190750637,1.7023257432563885,1.7021251420336376,1.7019241139561858,1.7017226576006637,1.701520771570912,1.7013184544979267,1.7011157050397894,1.7009125218815864,1.7007089037353145,1.7005048493397745,1.7003003574604518,1.700095426889384,1.6998900564450166,1.6996842449720457,1.699477991341248,1.6992712944492985,1.6990641532185755,1.6988565665969535,1.698648533557583,1.6984400530986585,1.6982311242431758,1.6980217460386728,1.6978119175569653,1.6976016378938628,1.6973909061688792,1.6971797215249294,1.6969680831280118,1.6967559901668847,1.6965434418527272,1.696330437418792,1.6961169761200428,1.6959030572327873,1.6956886800542952,1.6954738439024053,1.6952585481151266,1.6950427920502251,1.694826575084803,1.694609896614868,1.6943927560548924,1.6941751528373639,1.6939570864123261,1.6937385562469138,1.6935195618248733,1.6933001026460819,1.693080178226053,1.6928597880954381,1.6926389317995183,1.6924176088976888,1.6921958189629378,1.6919735615813178,1.6917508363514102,1.6915276428837833,1.6913039808004453,1.691079849734291,1.690855249328543,1.6906301792361875,1.6904046391194067,1.690178628649005,1.6899521475038297,1.6897251953701928,1.6894977719412831,1.6892698769165777,1.6890415100012506,1.688812670905578,1.68858335934434,1.688353575036222,1.6881233177032113,1.6878925870699943,1.6876613828633518,1.6874297048115505,1.6869605923469513,1.686340143831647,1.6856400426581442,1.684849860596472,1.6839577490925646,1.6829502308591795,1.6818119568501504,1.680525421800235,1.6790706298945535,1.6774247000572458,1.675561397668982,1.6734505760317213,1.6710575063083897,1.668342068570687,1.6652577684079641,1.6617505324414745,1.6577572208056914,1.6532037733312683,1.6480028759324479,1.6420509901037335,1.635224524363753,1.6273748303853213,1.6183215591391935,1.6078436806320404,1.5956670964465582,1.581447150750572,1.5647432699277772,1.5449810287871268,1.5213932994506096,1.4929248728717452,1.4580694286436422,1.4145717863166765,1.358836329937962,1.2846151490892432,1.1796385302883248,1.015224587413638,0.30638915112281917,0.0017435270384651214,0.0002585196419885462,0.0002585196419877922,0.0002585196419877922,0.0002585196419877922,0.0002585196419877926,0.0002585196419877922,0.0002585196419877919,0.00025851964198779254,0.0002585196419877922,0.0002585196419877922,0.00025851964198779254,0.0002585196419877926,0.00025851964198779156
1.7047824447856714,1.7046295293590716,1.7044746285425343,1.7043179173644771,1.7041595500592361,1.7039996625018108,1.7038383743584813,1.7036757909864437,1.703512005111747,1.7033470983113892,1.7031811423224168,1.7030142001981972,1.7028463273296912,1.70267757234747,1.7025079779183767,1.7023375814491295,1.7021664157077152,1.7019945093721605,1.7018218875151592,1.701648572032032,1.7014745820186368,1.701299934105066,1.701124642750294,1.7009487205023306,1.7007721782279102,1.7005950253152704,1.7004172698531657,1.7002389187888909,1.7000599780677614,1.6998804527562266,1.6997003471505168,1.6995196648725226,1.6993384089543941,1.6991565819131798,1.6989741858166665,1.6987912223414532,1.6986076928241611,1.6984235983065854,1.698238939575493,1.698053717197696,1.697867931550949,1.69768158285116,1.6974946711763423,1.697307196487692,1.6971191586481214,1.6969305574385483,1.6967413925722024,1.6965516637071758,1.6963613704574274,1.696170512402417,1.695979089095527,1.6957871000714193,1.6955945448524399,1.6954014229541905,1.6952077338903588,1.695013477176893,1.6948186523355973,1.6946232588972134,1.694427296404047,1.6942307644121923,1.6940336624933972,1.6938359902366136,1.6936377472492665,1.6934389331582724,1.6932395476108357,1.693039590275049,1.692839060840318,1.6926379590176306,1.6924362845396843,1.6922340371608944,1.6920312166572857,1.691827822826293,1.6916238554864642,1.6914193144770926,1.6912141996577734,1.6910085109078987,1.6908022481260963,1.6905954112296155,1.6903880001536693,1.6901800148507335,1.6899714552898102,1.689762321455657,1.689552613347987,1.6893423309806415,1.6891314743807386,1.6889200435877998,1.6887080386528581,1.6884954596375465,1.6882823066131738,1.688068579659784,1.687854278865206,1.6876394043240892,1.6874239561369329,1.6872079344091064,1.6869913392498617,1.6867741707713408,1.6865564290875807,1.6863381143135097,1.6861192265639464,1.6856731937247906,1.6850648004241302,1.684378241478088,1.6836032678689332,1.6827282308893992,1.6817398759244602,1.6806231018337465,1.6793606791514026,1.677932918718594,1.6763172803163022,1.6744879082285484,1.6724150772416986,1.6700645280984274,1.66739666549021,1.6643655837364233,1.6609178745618378,1.6569911566668363,1.6525122463149364,1.647394859234108,1.6415366925264487,1.6348156743088877,1.627085077604715,1.618167055562906,1.6078439367919632,1.5958462689594637,1.581836019178097,1.565382349499832,1.5459256279545952,1.5227220696376604,1.4947549989568447,1.4605853421103396,1.41808376600638,1.3639119619488393,1.2924100804197807,1.1928422945266817,1.0407669918941893,0.3741670335669409,0.0036978829387597995,0.00025851964202375916,0.0002585196419877922,0.0002585196419877922,0.0002585196419877922,0.0002585196419877926,0.0002585196419877922,0.0002585196419877919,0.00025851964198779254,0.0002585196419877922,0.0002585196419877922,0.00025851964198779254,0.0002585196419877926,0.00025851964198779156
1.702549365387261,1.7023901125368555,1.7022304172883187,1.7020702767767841,1.7019096881624571,1.7017486486308613,1.701587155393078,1.7014252056859807,1.7012627967724618,1.7010999259416495,1.700936590509117,1.7007727878170833,1.700608515234606,1.7004437701577595,1.70027855000981,1.700112852241374,1.6999466743305698,1.699780013783158,1.6996128681326694,1.6994452349405234,1.6992771117961343,1.6991084963170053,1.6989393861488131,1.6987697789654788,1.6985996724692274,1.6984290643906363,1.6982579524886703,1.6980863345507056,1.697914208392542,1.6977415718584012,1.697568422820916,1.6973947591811025,1.6972205788683257,1.6970458798402475,1.6968706600827674,1.6966949176099468,1.6965186504639236,1.6963418567148136,1.6961645344605998,1.69598668182701,1.6958082969673818,1.6956293780625162,1.6954499233205182,1.6952699309766268,1.6950893992930323,1.6949083265586813,1.694726711089072,1.6945445512260366,1.6943618453375109,1.6941785918172958,1.6939947890848046,1.6938104355848012,1.6936255297871248,1.6934400701864076,1.693254055301778,1.693067483676554,1.692880353877929,1.6926926644966425,1.6925044141466457,1.6923156014647527,1.6921262251102853,1.6919362837647056,1.6917457761312409,1.6915547009344982,1.6913630569200708,1.691170842854135,1.690978057523037,1.6907846997328757,1.6905907683090713,1.6903962620959303,1.690201179956201,1.6900055207706208,1.6898092834374576,1.6896124668720434,1.6894150700062995,1.6892170917882579,1.689018531181574,1.6888193871650334,1.6886196587320543,1.6884193448901819,1.6882184446605784,1.6880169570775108,1.6878148811878262,1.6876122160504319,1.6874089607357636,1.6872051143252536,1.6870006759107934,1.6867956445941943,1.6865900194866432,1.686383799708155,1.6861769843870258,1.6859695726592785,1.6857615636681114,1.6855529565633407,1.6853437505008437,1.6851339446420015,1.6849235381531378,1.6847125302049597,1.684500919971996,1.6840685813250318,1.6834718695252846,1.6827984803641516,1.6820383563912729,1.6811800655950186,1.6802105985867126,1.6791151318683581,1.67787675047395,1.6764761216856758,1.6748911094951446,1.6730963168641648,1.6710625394459087,1.6687561099860642,1.6661381067605312,1.6631633915871065,1.6597794324077113,1.6559248510536353,1.6515276169109478,1.646502779269236,1.640749591255961,1.634147820260799,1.6265529536761878,1.6177898781487556,1.6076444074005432,1.595851709255058,1.5820801488855858,1.5659081581939,1.5467901402465698,1.5240044663008443,1.4965708943587825,1.4631129036818922,1.4216140100948618,1.368951753213588,1.2999062832574777,1.2046701462929943,1.0601491939105778,0.4448462660354806,0.007248618902954408,0.0002585196433410167,0.0002585196419877922,0.0002585196419877922,0.0002585196419877922,0.0002585196419877926,0.0002585196419877922,0.0002585196419877919,0.0002585196419877926,0.0002585196419877922,0.0002585196419877922,0.0002585196419877926,0.0002585196419877926,0.00025851964198779156
1.7013477808427615,1.7011810131901823,1.7010138788058782,1.7008463754240783,1.7006785007851517,1.7005102526354927,1.700341628727434,1.7001726268191772,1.7000032446747457,1.6998334800639527,1.69966333076238,1.6994927945513736,1.6993218692180434,1.6991505525552761,1.6989788423617525,1.6988067364419712,1.6986342326062787,1.6984613286708998,1.6982880224579766,1.6981143117956063,1.6979401945178818,1.697765668464936,1.697590731482984,1.697415381424368,1.6972396161476047,1.6970634335174277,1.6968868314048358,1.696709807687136,1.6965323602479905,1.6963544869774585,1.6961761857720425,1.6959974545347296,1.6958182911750332,1.6956386936090346,1.6954586597594228,1.6952781875555327,1.6950972749333835,1.6949159198357129,1.694734120212015,1.6945518740185708,1.6943691792184832,1.6941860337817065,1.6940024356850758,1.693818382912336,1.6936338734541685,1.6934489053082156,1.6932634764791046,1.6930775849784716,1.692891228824981,1.6927044060443466,1.6925171146693478,1.692329352739849,1.6921411183028134,1.6919524094123173,1.6917632241295637,1.691573560522892,1.6913834166677901,1.6911927906469009,1.6910016805500316,1.6908100844741587,1.6906180005234333,1.6904254268091834,1.6902323614499184,1.6900388025713282,1.6898447483062837,1.6896501967948363,1.6894551461842138,1.6892595946288187,1.6890635402902219,1.6888669813371575,1.688669915945516,1.6884723422983365,1.6882742585857982,1.688075663005208,1.6878765537609932,1.6876769290646865,1.687476787134916,1.6872761261973879,1.6870749444848756,1.686873240237202,1.6866710117012227,1.6864682571308105,1.686264974786836,1.686061162937148,1.6858568198565558,1.6856519438268058,1.6854465331365616,1.6852405860813813,1.6850341009636924,1.6848270760927697,1.6846195097847076,1.6844114003623942,1.6842027461554834,1.6839935455003652,1.6837837967401355,1.6835734982245618,1.6833626483100521,1.683151245359615,1.6829392877428226,1.6825072766720512,1.6819187320360744,1.6812546009453473,1.6805049795081641,1.6796586127704038,1.6787026959071234,1.6776226422561429,1.676401811636433,1.6750211908358894,1.6734590161580873,1.6716903253449187,1.6696864228495232,1.667414238054912,1.6648355502485983,1.6619060464474567,1.6585741677719732,1.6547796859079043,1.6504519316635085,1.64550757032734,1.6398477797744146,1.633354631302641,1.6258863907928753,1.6172713338400824,1.607299477428884,1.5957113279837931,1.5821822509811303,1.5663002307413454,1.5475333178027515,1.5251803549915561,1.4982933234361235,1.4655487791117348,1.4250213699903178,1.373750628268361,1.3068081056807397,1.2148587421824846,1.0747738399122162,0.5163272992232933,0.01310484875774629,0.00025851967800413186,0.0002585196419877922,0.0002585196419877922,0.0002585196419877922,0.0002585196419877926,0.0002585196419877922,0.0002585196419877919,0.0002585196419877926,0.0002585196419877922,0.0002585196419877922,0.0002585196419877926,0.0002585196419877926,0.00025851964198779156
1.7003892437378554,1.700216445244088,1.7000433151002774,1.6998698513598796,1.6996960520778694,1.6995219153107948,1.6993474391168317,1.6991726215558371,1.6989974606894023,1.698821954580909,1.6986461012955791,1.6984698989005313,1.6982933454648326,1.6981164390595511,1.697939177757809,1.6977615596348357,1.6975835827680192,1.6974052452369588,1.6972265451235176,1.6970474805118738,1.6968680494885713,1.6966882501425735,1.696508080565313,1.6963275388507435,1.6961466230953888,1.6959653313983958,1.6957836618615845,1.6956016125894975,1.695419181689451,1.6952363672715847,1.6950531674489102,1.6948695803373635,1.694685604055851,1.6945012367263017,1.6943164764737144,1.6941313214262077,1.693945769715068,1.6937598194747971,1.6935734688431632,1.6933867159612468,1.6931995589734892,1.6930119960277414,1.6928240252753097,1.6926356448710058,1.692446852973191,1.6922576477438265,1.6920680273485182,1.6918779899565646,1.691687533741003,1.6914966568786562,1.6913053575501795,1.6911136339401058,1.690921484236892,1.6907289066329663,1.6905358993247719,1.690342460512814,1.6901485884017056,1.689954281200212,1.6897595371212966,1.6895643543821663,1.6893687312043166,1.689172665813576,1.6889761564401513,1.688779201318673,1.688581798688239,1.6883839467924597,1.688185643879502,1.6879868882021358,1.687787678017775,1.6875880115885256,1.687387887181226,1.6871873030674953,1.6869862575237744,1.6867847488313712,1.6865827752765055,1.6863803351503512,1.6861774267490826,1.6859740483739167,1.685770198331158,1.6855658749322426,1.6853610764937812,1.6851558013376056,1.6849500477908095,1.6847438141857949,1.6845370988603157,1.6843299001575216,1.6841222164260028,1.6839140460198334,1.683705387298617,1.6834962386275296,1.6832865983773653,1.6830764649245813,1.6828658366513405,1.6826547119455586,1.6824430892009474,1.6822309668170612,1.6820183431993407,1.6818052167591588,1.6815915859138664,1.6811573782161158,1.6805747785201137,1.679917399256842,1.6791754536706809,1.6783378228593526,1.6773918604699487,1.6763231649820134,1.675115313196919,1.6737495470394315,1.6722044038391877,1.6704552777592965,1.6684738967887596,1.6662276954540771,1.6636790577719944,1.6607843974465055,1.6574930321783183,1.6537457951436727,1.6494733076524457,1.6445938103819782,1.6390104128515537,1.6326075664319155,1.6252464863912286,1.6167591289326548,1.6069401458203902,1.5955359503330084,1.5822295590713402,1.5666190846438746,1.5481863704338743,1.5262497139272346,1.4998896683764271,1.4678265457921298,1.4282044830413545,1.378175300965985,1.3129847150387584,1.223492056650046,1.0860978144242555,0.587092445824395,0.02206994361243587,0.000258520321250584,0.0002585196419877922,0.0002585196419877922,0.0002585196419877922,0.00025851964198779265,0.0002585196419877922,0.0002585196419877919,0.0002585196419877926,0.0002585196419877922,0.0002585196419877922,0.0002585196419877926,0.00025851964198779265,0.00025851964198779156
1.6988665326737333,1.6987055411308758,1.6985440099049396,1.6983819354532614,1.6982193143829563,1.698056143452107,1.697892419570729,1.6977281398015112,1.6975633013603308,1.6973979016165412,1.6972319380930345,1.6970654084660766,1.6968983105649191,1.6967306423711863,1.6965624020180463,1.6963935877891623,1.696224198117431,1.6960542315835179,1.6958836869141818,1.6957125629804097,1.6955408587953562,1.6953685735121,1.6951957064212213,1.6950222569482123,1.6948482246507233,1.6946736092156551,1.6944984104561087,1.6943226283081962,1.694146262827725,1.6939693141867658,1.69379178267011,1.6936136686716308,1.6934349726905522,1.6932556953276443,1.6930758372813426,1.6928953993438134,1.6927143823969675,1.6925327874084348,1.6923506154275079,1.6921678675810676,1.691984545069495,1.6918006491625834,1.691616181195458,1.6914311425645105,1.6912455347233597,1.6910593591788452,1.6908726174870614,1.6906853112494427,1.690497442108903,1.6903090117460393,1.6901200218754073,1.689930474241871,1.6897403706170375,1.6895497127957786,1.6893585025928473,1.6891667418395913,1.6889744323807714,1.6887815760714873,1.688588174774211,1.6883942303559396,1.68819974468546,1.6880047196307375,1.687809157056425,1.6876130588214946,1.6874164267769964,1.6872192627639435,1.687021568611322,1.6868233461342297,1.6866245971321436,1.6864253233873112,1.6862255266632715,1.6860252087034997,1.685824371230177,1.6856230159430823,1.6854211445186074,1.6852187586088876,1.685015859841052,1.6848124498165877,1.6846085301108131,1.6844041022724625,1.6841991678233743,1.683993728258282,1.6837877850447018,1.683581339622919,1.683374393406058,1.6831669477802467,1.6829590041048574,1.6827505637128282,1.682541627911059,1.682332197980874,1.6821222751785496,1.681911860735903,1.6817009558609333,1.6814895617385135,1.6812776795311277,1.6810653103796454,1.680852455404133,1.6806391157046927,1.6804252923623244,1.6799913128893433,1.6794139343911902,1.678762472633558,1.678027239493603,1.6771972303069482,1.6762599314818991,1.6752010963599455,1.674004483114905,1.672651547018874,1.6711210775282435,1.6693887682236952,1.6674267044915723,1.6652027497058344,1.6626798052071388,1.6598149120769574,1.6565581528569566,1.6528512979341703,1.648626122785796,1.643802296395518,1.638284704484602,1.631960018420912,1.6246922433141606,1.6163168630699558,1.6066330228799033,1.5953929106157798,1.5822870457822997,1.566923423154876,1.5487971228144954,1.5272445364477159,1.5013715366406704,1.469934724443996,1.4311311712168422,1.3821893355082857,1.3184558002137274,1.2308609673550062,1.095467633015492,0.6561981790278251,0.03506892308123882,0.0002585291518179796,0.0002585196419877922,0.0002585196419877922,0.0002585196419877922,0.00025851964198779265,0.0002585196419877922,0.0002585196419877919,0.0002585196419877926,0.0002585196419877922,0.0002585196419877922,0.0002585196419877926,0.00025851964198779265,0.00025851964198779156
1.6976501313322072,1.6974814672293395,1.697312457512817,1.6971431000934787,1.6969733928948032,1.6968033338528796,1.6966329209163942,1.6964621520466363,1.6962910252175185,1.696119538415606,1.6959476896401557,1.6957754769031643,1.6956028982294196,1.695429951656557,1.6952566352351173,1.6950829470286095,1.6949088851135707,1.6947344475796273,1.6945596325295558,1.694384438079341,1.694208862358234,1.6940329035088058,1.693856559686997,1.6936798290621695,1.6935027098171473,1.6933252001482593,1.6931472982653732,1.6929690023919306,1.692790310764972,1.6926112216351605,1.6924317332668,1.6922518439378467,1.6920715519399188,1.6918908555782985,1.6917097531719305,1.691528243053412,1.6913463235689832,1.6911639930785063,1.690981249955443,1.6907980925868276,1.6906145193732285,1.690430528728712,1.6902461190807965,1.6900612888704005,1.6898760365517895,1.6896903605925135,1.689504259473341,1.689317731688186,1.6891307757440335,1.6889433901608555,1.688755573471525,1.688567324221722,1.6883786409698394,1.6881895222868757,1.6879999667563321,1.6878099729740976,1.6876195395483322,1.687428665099346,1.687237348259471,1.6870455876729311,1.6868533819957057,1.6866607298953895,1.6864676300510477,1.6862740811530668,1.6860800819030008,1.6858856310134154,1.6856907272077248,1.685495369220027,1.6852995557949335,1.685103285687398,1.6849065576625377,1.6847093704954537,1.6845117229710467,1.6843136138838306,1.6841150420377407,1.6839160062459413,1.683716505330628,1.683516538122828,1.6833161034621986,1.6831152001968197,1.6829138271829893,1.6827119832850095,1.6825096673749758,1.6823068783325625,1.6821036150448028,1.6818998764058724,1.6816956613168659,1.681490968685575,1.681285797426262,1.681080146459435,1.6808740147116163,1.680667401115116,1.680460304607797,1.680252724132845,1.680044658638531,1.6798361070779768,1.6796270684089167,1.679417541593459,1.6792075255978445,1.678780842541036,1.678210724369526,1.6775674535808838,1.6768414634283653,1.6760218870218493,1.675096367323434,1.6740508357905048,1.6728692535477718,1.6715333075342345,1.6700220522370632,1.66831148526415,1.6663740419464854,1.6641779901586615,1.661686701265666,1.6588577660702513,1.6556419151681705,1.6519816902301039,1.647809794960751,1.643047029648718,1.6375996779672732,1.63135616379114,1.6241827209223267,1.6159177061463483,1.6063640130965078,1.5952787713928638,1.5823590714058229,1.5672217068059584,1.5493736129550257,1.5281672510800846,1.5027304119016829,1.4718497542528788,1.433763551981088,1.3857555594507958,1.3232406907346175,1.2372159778472378,1.103889126844909,0.7215902649602134,0.052750870364419396,0.0002586191363684968,0.0002585196419877922,0.0002585196419877922,0.0002585196419877922,0.00025851964198779265,0.0002585196419877922,0.0002585196419877919,0.0002585196419877926,0.0002585196419877922,0.0002585196419877922,0.0002585196419877926,0.00025851964198779265,0.00025851964198779156
1.696820002289468,1.6966460735082491,1.6964718414811775,1.696297304494493,1.6961224608366583,1.6959473087984174,1.695771846672853,1.6955960727554482,1.6954199853441405,1.6952435827393828,1.6950668632441965,1.6948898251642308,1.6947124668078157,1.6945347864860183,1.6943567825126968,1.6941784532045527,1.693999796881186,1.693820811865145,1.69364149648198,1.693461849060293,1.6932818679317887,1.6931015514313243,1.6929208978969574,1.6927399056699952,1.6925585730950419,1.6923768985200456,1.6921948802963445,1.6920125167787128,1.691829806325405,1.6916467472982002,1.6914633380624466,1.691279576987103,1.6910954624447812,1.6909109928117878,1.6907261664681645,1.6905409817977288,1.6903554371881124,1.6901695310308003,1.689983261721169,1.689796627658523,1.6896096272461318,1.6894222588912664,1.689234521005233,1.6890464120034088,1.6888579303052753,1.6886690743344515,1.6884798425187264,1.6882902332900906,1.6881002450847684,1.6879098763432463,1.6877191255103057,1.6875279910350496,1.6873364713709322,1.6871445649757877,1.6869522703118558,1.6867595858458102,1.6865665100487834,1.6863730413963933,1.6861791783687676,1.6859849194505678,1.6857902631310144,1.6855952079039083,1.685399752267655,1.6852038947252856,1.6850076337844804,1.6848109679575871,1.6846138957616443,1.6844164157183998,1.6842185263543314,1.684020226200665,1.683821513793394,1.6836223876732987,1.683422846385962,1.683222888481788,1.6830225125160203,1.6828217170487565,1.6826205006449662,1.6824188618745057,1.6822167993121362,1.6820143115375352,1.6818113971353157,1.6816080546950378,1.6814042828112252,1.6812000800833786,1.6809954451159903,1.6807903765185574,1.6805848729055954,1.6803789328966527,1.680172555116323,1.6799657381942574,1.6797584807651806,1.6795507814689008,1.6793426389503234,1.679134051859465,1.6789250188514646,1.6787155385865968,1.6785056097302848,1.6782952309531132,1.6780844009308395,1.6776569114240525,1.6770921290024403,1.6764549112747509,1.675735793767992,1.67492402788995,1.6740073937666409,1.6729719822987728,1.6718019404452777,1.6704791723361363,1.6689829870197437,1.6672896813360798,1.6653720434046075,1.6631987582870287,1.6607336922005596,1.6579350247494624,1.65475418934599,1.6511345693411983,1.6470098799612076,1.642302141820834,1.6369191173227202,1.6307510315972988,1.6236663267440063,1.6155060888135149,1.606076618996818,1.595139355136481,1.5823969169295207,1.5674733159426677,1.5498850779465356,1.5289976199119357,1.5039564678448476,1.4735727552077593,1.4361186301172268,1.3889250067130472,1.3274763765484887,1.242913687610645,1.1122353163558116,0.7819672604097153,0.07560193151676764,0.00025932134369112853,0.0002585196419877922,0.0002585196419877922,0.0002585196419877922,0.00025851964198779265,0.0002585196419877922,0.0002585196419877919,0.0002585196419877926,0.0002585196419877922,0.0002585196419877922,0.0002585196419877926,0.00025851964198779265,0.00025851964198779156
1.69613517565978,1.6959568841983423,1.6957783130489532,1.6955994607148783,1.6954203257002676,1.6952409065101774,1.6950612016505968,1.694881209628472,1.6947009289517372,1.6945203581293435,1.6943394956712903,1.6941583400886593,1.693976889893646,1.693795143599597,1.6936130997210426,1.6934307567737354,1.6932481132746848,1.6930651677421957,1.6928819186959052,1.6926983646568214,1.6925145041473617,1.6923303356913908,1.69214585781426,1.6919610690428466,1.691775967905593,1.691590552932546,1.6914048226553964,1.691218775607519,1.6910324103240126,1.690845725341739,1.6906587191993638,1.6904713904373965,1.6902837375982287,1.6900957592261776,1.6899074538675216,1.6897188200705449,1.689529856385574,1.68934056136502,1.6891509335634172,1.6889609715374643,1.6887706738460637,1.688580039050362,1.6883890657137897,1.6881977524021008,1.6880060976834137,1.6878141001282505,1.687621758309577,1.6874290708028423,1.6872360361860195,1.6870426530396443,1.6868489199468564,1.6866548354934372,1.6864603982678517,1.6862656068612862,1.68607045986769,1.6858749558838138,1.6856790935092492,1.6854828713464685,1.6852862880008657,1.6850893420807938,1.684892032197606,1.684694356965695,1.6844963150025323,1.6842979049287066,1.6840991253679658,1.6838999749472545,1.6837004522967545,1.6835005560499232,1.6833002848435348,1.6830996373177172,1.6828986121159957,1.6826972078853268,1.6824954232761429,1.6822932569423887,1.682090707541562,1.6818877737347526,1.681684454186682,1.681480747565743,1.6812766525440388,1.6810721677974239,1.680867292005541,1.6806620238518637,1.6804563620237338,1.6802503052124018,1.6800438521130665,1.679837001424914,1.679629751851158,1.6794221020990792,1.6792140508800646,1.6790055969096473,1.678796738907546,1.6785874755977055,1.6783778057083343,1.6781677279719456,1.6779572411253962,1.6777463439099263,1.677535035071197,1.6773233133593328,1.6771111775289569,1.6766819071873666,1.6761213128596655,1.6754888522452267,1.6747751436474063,1.6739695346688646,1.6730599175506293,1.672032514266923,1.6708716255125255,1.66955933634689,1.6680751695045226,1.666395675121064,1.664493942690905,1.6623390172314156,1.659895196557328,1.6571211798064955,1.653969028250376,1.650382887018425,1.646297399266342,1.6416357204311747,1.636307006350032,1.6302032002053337,1.6231948715789835,1.6151257533954064,1.6058054573753697,1.5949995877694492,1.582416047763163,1.5676856130267725,1.5503335743654878,1.5297368838378556,1.5050565558576077,1.475125100256844,1.4382454799443396,1.3917970130921977,1.3313566561658459,1.248330200202409,1.1211598389556374,0.8367500410357099,0.10406227623141745,0.00026369083754764644,0.0002585196419877922,0.0002585196419877922,0.0002585196419877922,0.0002585196419877926,0.0002585196419877922,0.0002585196419877919,0.0002585196419877926,0.0002585196419877922,0.0002585196419877922,0.0002585196419877926,0.0002585196419877926,0.00025851964198779156
1.6955573177175824,1.6953753313377176,1.6951930834315858,1.6950105726716842,1.6948277977316806,1.6946447572863335,1.6944614500114261,1.6942778745837161,1.6940940296808968,1.6939099139815659,1.6937255261652058,1.6935408649121697,1.6933559289036755,1.6931707168218035,1.6929852273495014,1.6927994591705922,1.6926134109697855,1.6924270814326932,1.6922404692458468,1.6920535730967183,1.691866391673743,1.6916789236663425,1.691491167764951,1.6913031226610438,1.6911147870471641,1.690926159616954,1.6907372390651838,1.690548024087784,1.6903585133818775,1.6901687056458115,1.689978599579191,1.6897881938829127,1.6895974872591994,1.6894064784116332,1.6892151660451913,1.689023548866281,1.6888316255827749,1.6886393949040461,1.688446855541005,1.6882540062061335,1.6880608456135235,1.6878673724789113,1.6876735855197154,1.6874794834550713,1.68728506500587,1.6870903288947943,1.6868952738463558,1.686699898586931,1.6865042018447998,1.6863081823501818,1.686111838835274,1.6859151700342885,1.6857181746834886,1.6855208515212285,1.6853231992879896,1.6851252167264177,1.6849269025813622,1.6847282555999128,1.6845292745314386,1.684329958127625,1.6841303051425116,1.6839303143325324,1.6837299844565514,1.6835293142759025,1.6833283025544277,1.6831269480585147,1.682925249557136,1.6827232058218877,1.6825208156270277,1.6823180777495144,1.682114990969046,1.6819115540680982,1.681707765831964,1.6815036250487922,1.6812991305096268,1.681094281008445,1.6808890753421972,1.6806835123108466,1.680477590717406,1.6802713093679797,1.680064667071801,1.6798576626412711,1.6796502948919996,1.6794425626428424,1.6792344647159407,1.6790259999367614,1.6788171671341332,1.6786079651402888,1.6783983927909003,1.6781884489251189,1.677978132385614,1.6777674420186082,1.6775563766739172,1.6773449352049856,1.6771331164689236,1.676920919326541,1.6767083426423857,1.6764953852847724,1.6762820461258203,1.6758510920200933,1.6752940033446067,1.6746655256153389,1.6739563468393786,1.6731558957079515,1.6722521590846284,1.6712314697190889,1.6700782584389042,1.6687747637302628,1.6673006899037803,1.6656328028328968,1.663744449385304,1.6616049829133774,1.6591790722103528,1.6564258647233385,1.6532979658987885,1.6497401843855775,1.6456879760583205,1.6410654963873874,1.6357831374263772,1.6297343777141258,1.622791702889575,1.6148012490276307,1.605575658126277,1.594884378409295,1.5824402236136432,1.5678802979595012,1.5507381454311433,1.5304016671483354,1.5060467944447595,1.4765272748293068,1.4401787169716203,1.3944378801589026,1.335008348900065,1.2536859653748833,1.1308470544338138,0.8848180953565049,0.13782713445866504,0.00028503197860340956,0.0002585196419877922,0.0002585196419877922,0.0002585196419877922,0.0002585196419877926,0.0002585196419877922,0.0002585196419877919,0.0002585196419877926,0.0002585196419877922,0.0002585196419877922,0.0002585196419877926,0.0002585196419877926,0.00025851964198779156
1.6950667842891811,1.6948816522355077,1.694696273735132,1.694510647615671,1.6943247727048563,1.694138647830568,1.6939522718208637,1.6937656435040103,1.6935787617085132,1.6933916252631482,1.6932042329969927,1.6930165837394553,1.6928286763203078,1.6926405095697163,1.6924520823182723,1.6922633933970235,1.6920744416375062,1.6918852258717751,1.6916957449324364,1.6915059976526783,1.691315982866303,1.6911256994077581,1.6909351461121698,1.6907443218153726,1.6905532253539421,1.690361855565228,1.6901702112873849,1.6899782913594048,1.6897860946211498,1.6895936199133839,1.6894008660778055,1.68920783195708,1.6890145163948727,1.68882091823588,1.6886270363258642,1.688432869511685,1.6882384166413316,1.6880436765639582,1.6878486481299138,1.6876533301907781,1.6874577215993927,1.6872618212098955,1.6870656278777534,1.6868691404597966,1.6866723578142504,1.6864752788007706,1.6862779022804766,1.686080227115984,1.6858822521714403,1.6856839763125575,1.685485398406646,1.6852865173226497,1.6850873319311797,1.6848878411045471,1.6846880437168006,1.684487938643757,1.684287524763039,1.6840868009541072,1.6838857660982969,1.6836844190788516,1.6834827587809582,1.6832807840917814,1.6830784939004997,1.6828758870983391,1.6826729625786108,1.6824697192367428,1.682266155970319,1.682062271679112,1.68185806526512,1.6816535356326023,1.681448681688114,1.6812435023405434,1.681037996501147,1.6808321630835856,1.6806260010039604,1.6804195091808498,1.6802126865353448,1.6800055319910858,1.6797980444742995,1.679590222913835,1.679382066241201,1.6791735733906015,1.6789647432989745,1.678755574906027,1.6785460671542745,1.6783362189890751,1.6781260293586697,1.6779154972142178,1.6777046215098361,1.677493401202635,1.6772818352527568,1.6770699226234138,1.6768576622809266,1.6766450531947608,1.676432094337567,1.6762187846852175,1.6760051232168456,1.6757911089148836,1.6755767407651023,1.6751443505663244,1.6745903115704617,1.6739652985013096,1.6732600599532534,1.6724640951042662,1.6715654730777045,1.6705506229419371,1.6694040887030406,1.6681082423323936,1.6666429461926373,1.6649851540641598,1.6631084371689466,1.6609824179150807,1.6585720892324087,1.6558369908951596,1.6527302054993425,1.6491971248636796,1.6451739212001673,1.640585634428673,1.6353437543979867,1.6293431297106762,1.6224579656646665,1.6145365699982264,1.6053943456092428,1.5948042776913733,1.5824837530790883,1.5680758588556367,1.5511220935610748,1.5310211863890308,1.50696435212392,1.477828188621999,1.4419857478420113,1.3969444116821286,1.3385705869138496,1.259151252602354,1.14123368774373,0.9260332082965206,0.17646883076126899,0.0003649693828733179,0.00025851964198779254,0.0002585196419877922,0.0002585196419877922,0.00025851964198779265,0.0002585196419877922,0.00025851964198779194,0.0002585196419877926,0.0002585196419877922,0.0002585196419877922,0.0002585196419877926,0.00025851964198779265,0.00025851964198779156
1.6954130938670118,1.6952084363464066,1.6950037536453157,1.6947990465758493,1.694594315831833,1.694389561987603,1.6941847854969587,1.6939799866922638,1.6937751657837077,1.69357032285872,1.6933654578815454,1.693160570692976,1.6929556610102403,1.6927507284270535,1.6925457724138213,1.692340792318001,1.6921357873646174,1.6919307566569304,1.691725699177253,1.6915206137879162,1.6913154992323791,1.691110354136481,1.6909051770098285,1.6906999662473179,1.690494720130788,1.6902894368307952,1.6900841144085104,1.6898787508177306,1.6896733439070009,1.6894678914218388,1.6892623910070612,1.6890568402092,1.6888512364790091,1.6886455771740476,1.6884398595613435,1.68823408082012,1.68802823804459,1.6878223282468017,1.687616348359536,1.6874102952392471,1.6872041656690389,1.6869979563616717,1.6867916639625937,1.6865852850529885,1.6863788161528364,1.6861722537239792,1.685965594173184,1.6857588338552025,1.685551969075817,1.685344996094866,1.685137911129253,1.6849307103559183,1.684723389914785,1.684515945911662,1.6843083744211054,1.6841006714892324,1.6838928331364837,1.6836848553603305,1.683476734137922,1.6832684654286691,1.6830600451767648,1.682851469313633,1.6826427337603067,1.6824338344297334,1.6822247672290012,1.6820155280614892,1.6818061128289388,1.6815965174334389,1.6813867377793348,1.6811767697750502,1.6809666093348246,1.6807562523803696,1.6805456948424375,1.6803349326623067,1.6801239617931825,1.6799127782015155,1.6797013778682368,1.6794897567899105,1.679277910979806,1.679065836468892,1.6788535293067537,1.6786409855624316,1.6784282013251905,1.6782151727052137,1.6780018958342302,1.6777883668660754,1.677574581977188,1.677360537367045,1.6771462292585417,1.6769316538983121,1.6767168075570047,1.6765016865295026,1.6762862871351065,1.676070605717671,1.6758546386457072,1.6756383823124497,1.6754218331358959,1.6752049875588169,1.6749878420487505,1.6745509607928954,1.6739992723292834,1.673376948321476,1.6726747908666513,1.6718823621079157,1.6709878054512457,1.6699776378105524,1.6688365073222384,1.6675469096780173,1.6660888545735812,1.6644394716456998,1.6625725425146,1.660457941943941,1.6580609663754937,1.6553415217600806,1.6522531340775084,1.6487417343231665,1.6447441537183434,1.6401862424930023,1.6349804937610262,1.6290230080322687,1.6221895662638077,1.6143304778074898,1.6052637137075407,1.5947655902725213,1.5825578696442304,1.568289475823656,1.5515098575992088,1.5316288953488966,1.5078541284824083,1.47908760486271,1.4437458361732036,1.399420456952915,1.3421711640726632,1.2648371911967196,1.1521215535258635,0.9609313043460423,0.2197284134177703,0.0005904211556172191,0.0002585196419877964,0.0002585196419877922,0.0002585196419877922,0.0002585196419877926,0.0002585196419877922,0.00025851964198779194,0.0002585196419877926,0.0002585196419877922,0.0002585196419877922,0.0002585196419877926,0.0002585196419877926,0.00025851964198779156
1.6930115725147705,1.69285664528758,1.6927010167661596,1.6925446821690868,1.6923876369935786,1.6922298770173276,1.6920713983000204,1.691912197184531,1.6917522702977799,1.6915916145512544,1.691430227141184,1.6912681055483683,1.6911052475376591,1.6909416511570936,1.6907773147366867,1.6906122368868763,1.6904464164966377,1.6902798527312648,1.6901125450298262,1.6899444931023107,1.6897756969264592,1.6896061567443075,1.6894358730584358,1.68926484662795,1.6890930784641953,1.6889205698262222,1.6887473222160165,1.6885733373735028,1.6883986172713428,1.6882231641095342,1.6880469803098337,1.6878700685100116,1.6876924315579542,1.6875140725056357,1.687334994602963,1.6871552012915176,1.686974696198208,1.6867934831288416,1.6866115660616372,1.68642894914069,1.686245636669402,1.6860616331038922,1.6858769430464,1.6856915712386968,1.6855055225555133,1.6853188019980003,1.6851314146872287,1.6849433658577473,1.684754660851201,1.6845653051100244,1.6843753041712206,1.68418466366023,1.683993389284902,1.6838014868295756,1.683608962149277,1.6834158211640355,1.6832220698533378,1.6830277142507066,1.6828327604384272,1.6826372145424129,1.682441082727221,1.6822443711912207,1.682047086161915,1.6818492338914162,1.681650820652086,1.6814518527323294,1.6812523364325533,1.6810522780612844,1.6808516839314485,1.680650560356811,1.6804489136485756,1.6802467501121439,1.6800440760440285,1.6798408977289254,1.6796372214369335,1.679433053420929,1.6792283999140827,1.6790232671275236,1.678817661248141,1.6786115884365234,1.6784050548250304,1.6781980665159912,1.6779906295800278,1.677782750054497,1.6775744339420464,1.6773656872092795,1.6771565157855253,1.6769469255617067,1.6767369223893025,1.676526512079396,1.6763157004018086,1.6761044930843085,1.6758928958118906,1.6756809142261222,1.6754685539245486,1.6752558204601506,1.6750427193408526,1.6748292560290714,1.6746154359412995,1.6741844179496104,1.6736347439003212,1.6730146707032028,1.6723150277667544,1.671525408206159,1.6706339909197276,1.6696273340306198,1.6684901342779448,1.6672049457028624,1.6657518493948251,1.6641080640284183,1.6622474842776234,1.660140130724163,1.6577514902752766,1.6550417199366276,1.651964678421427,1.6484667386048315,1.644485317913262,1.639947041381559,1.6347654203197766,1.6288378837178468,1.6220419325040827,1.6142300870363042,1.6052231466133258,1.5948010434011342,1.5826901929035557,1.5685456087096286,1.5519249464271871,1.5322496357734046,1.5087444235112282,1.4803388776684028,1.445497528271004,1.4019054135852698,1.3458307580402065,1.2706693126570667,1.1630293542187455,0.9897351679542455,0.2665600835597145,0.0010820403061583684,0.0002585196419878579,0.0002585196419877922,0.0002585196419877922,0.0002585196419877926,0.0002585196419877922,0.0002585196419877919,0.0002585196419877926,0.0002585196419877922,0.0002585196419877922,0.0002585196419877926,0.0002585196419877926,0.00025851964198779156
1.6896284569323705,1.6894953937254502,1.689361740916056,1.6892274944846166,1.6890926505170947,1.688957205205954,1.6888211548510714,1.6886844958605902,1.6885472247517195,1.6884093381514704,1.6882708327973397,1.688131705537929,1.687991953333509,1.6878515732565222,1.6877105624920254,1.6875689183380735,1.6874266382060437,1.6872837196208967,1.687140160221381,1.686995957760172,1.6868511101039583,1.6867056152334579,1.6865594712433822,1.6864126763423368,1.6862652288526605,1.6861171272102082,1.6859683699640704,1.6858189557762366,1.6856688834211981,1.6855181517854925,1.6853667598671898,1.6852147067753211,1.685061991729251,1.6849086140579903,1.684754573199456,1.6845998686996735,1.6844445002119235,1.6842884674958367,1.684131770416432,1.6839744089431044,1.6838163831485577,1.6836576932076883,1.6834983393964171,1.6833383220904705,1.6831776417641138,1.683016298988836,1.6828542944319862,1.682691628855365,1.6825283031137679,1.6823643181534864,1.6821996750107653,1.6820343748102144,1.6818684187631814,1.6817018081660828,1.6815345443986944,1.6813666289224045,1.6811980632784262,1.6810288490859773,1.6808589880404194,1.6806884819113685,1.6805173325407634,1.6803455418409103,1.6801731117924896,1.6800000444425345,1.6798263419023811,1.6796520063455869,1.679477040005824,1.679301445174747,1.6791252241998331,1.6789483794821993,1.6787709134743956,1.6785928286781775,1.6784141276422564,1.678234812960029,1.67805488726729,1.6778743532399234,1.67769321359158,1.6775114710713377,1.677329128461346,1.677146188574458,1.6769626542518477,1.6767785283606165,1.6765938137913894,1.6764085134558981,1.6762226302845589,1.6760361672240403,1.675849127234823,1.6756615132887556,1.6754733283666032,1.6752845754555936,1.6750952575469582,1.6749053776334724,1.674714938706992,1.674523943755993,1.6743323957631078,1.674140297702665,1.6739476525382304,1.6737544632201533,1.673560732683114,1.673165434952611,1.67262790002696,1.672021393484583,1.6713368976957648,1.6705641710856631,1.669691570064703,1.668705841929791,1.6675918832113528,1.6663324566941857,1.6649078587619417,1.6632955267028144,1.6614695730276299,1.6594002304953819,1.6570531871428533,1.6543887847822032,1.651361046597375,1.6479164888015148,1.64399265656365,1.6395163036767688,1.6344011057983867,1.6285447539822364,1.6218252113910987,1.6140958198442772,1.6051787949374465,1.594856416275464,1.5828588459216222,1.5688468901195012,1.5523869607921108,1.5329136045980511,1.5096714294707243,1.481621237307575,1.447280244517159,1.4044318310653838,1.3495525687818704,1.2765519068247126,1.1735704539043552,1.0132040517306766,0.3161903811863031,0.001995918955016352,0.0002585196419891523,0.0002585196419877922,0.0002585196419877922,0.00025851964198779265,0.0002585196419877922,0.00025851964198779194,0.0002585196419877926,0.0002585196419877922,0.0002585196419877922,0.0002585196419877926,0.00025851964198779265,0.00025851964198779156
1.6871396771654772,1.687012600205306,1.68688501770885,1.6867569262483817,1.6866283224527443,1.6864992030078283,1.6863695646570247,1.686239404201655,1.686108718501374,1.6859775044745478,1.6858457590986047,1.685713479410359,1.6855806625063068,1.685447305542893,1.6853134057367516,1.685178960364916,1.685043966764999,1.684908422335346,1.684772324535156,1.6846356708845749,1.6844984589647576,1.6843606864179017,1.684222350947249,1.684083450317059,1.6839439823525522,1.683803944939822,1.6836633360257194,1.6835221536177047,1.6833803957836724,1.683238060651745,1.683095146410039,1.6829516513063998,1.6828075736481085,1.6826629118015624,1.6825176641919228,1.6823718293027379,1.6822254056755368,1.6820783919093965,1.6819307866604807,1.6817825886415525,1.6816337966214605,1.6814844094245989,1.6813344259303418,1.6811838450724514,1.6810326658384633,1.6808808872690446,1.68072850845733,1.6805755285482333,1.6804219467377366,1.6802677622721551,1.6801129744473824,1.6799575826081108,1.6798015861470343,1.6796449845040253,1.6794877771652978,1.6793299636625452,1.6791715435720616,1.6790125165138443,1.6788528821506774,1.6786926401871984,1.6785317903689467,1.6783703324813963,1.6782082663489735,1.678045591834056,1.6778823088359602,1.6777184172899127,1.677553917166007,1.6773888084681496,1.6772230912329902,1.6770567655288409,1.6768898314545844,1.6767222891385702,1.6765541387374996,1.676385380435302,1.676216014442001,1.6760460409925697,1.6758754603457804,1.6757042727830451,1.675532478607247,1.6753600781415674,1.6751870717283048,1.6750134597276871,1.674839242516682,1.6746644204877976,1.6744889940478818,1.6743129636169174,1.6741363296268126,1.6739590925201895,1.6737812527491693,1.6736028107741574,1.6734237670626237,1.6732441220878858,1.673063876327887,1.6728830302639799,1.6727015843797055,1.672519539159575,1.6723368950878537,1.672153652647344,1.6719698123181745,1.6715927952473604,1.671067274270679,1.670474286365165,1.6698050001699072,1.669049382648202,1.668196023385955,1.6672319299991767,1.6661422890858557,1.6649101858866493,1.6635162742089098,1.6619383861155548,1.6601510682438099,1.6581250282054372,1.6558264700638226,1.6532162920076257,1.6502491115108002,1.6468720727073436,1.6430233762690414,1.6386304520321395,1.6336076663329087,1.627853415355328,1.6212463961805474,1.6136407579149505,1.6048596983140306,1.5946868559477971,1.5828544999278835,1.5690269399264791,1.5527765831997529,1.5335482897996193,1.5106043776620348,1.4829361833215033,1.4491146818198026,1.4070225320659557,1.3533351386279358,1.2824079043789678,1.1835224219306937,1.032291468176419,0.36830015782080844,0.0035522550627043715,0.00025851964201543476,0.0002585196419877922,0.0002585196419877922,0.00025851964198779265,0.0002585196419877922,0.00025851964198779194,0.00025851964198779265,0.0002585196419877922,0.0002585196419877922,0.00025851964198779265,0.00025851964198779265,0.00025851964198779156
1.6843666492605454,1.6842654780300363,1.684162950507546,1.6840590706170673,1.6839538461173322,1.6838472881362827,1.683739410726787,1.6836302304465904,1.6835197659645667,1.683408037694556,1.683295067457433,1.6831808781714992,1.6830654935708755,1.6829489379512037,1.6828312359417104,1.6827124123024642,1.6825924917455208,1.682471498778532,1.6823494575693376,1.6822263918300306,1.682102324718975,1.6819772787592784,1.6818512757722535,1.6817243368244625,1.6815964821869802,1.6814677313055983,1.681338102780758,1.6812076143560681,1.6810762829143615,1.6809441244802994,1.6808111542286295,1.6806773864972657,1.6805428348044407,1.680407511869243,1.6802714296349244,1.680134599294426,1.6799970313176227,1.6798587354798526,1.6797197208913415,1.6795799960271778,1.6794395687575516,1.6792984463779876,1.6791566356393623,1.6790141427775143,1.6788709735422875,1.6787271332258817,1.6785826266904016,1.6784374583945163,1.6782916324191681,1.6781451524922777,1.6779980220124127,1.6778502440713954,1.677701821475843,1.6775527567676336,1.6774030522433094,1.6772527099724284,1.6771017318148846,1.6769501194372214,1.676797874327966,1.6766449978120144,1.6764914910641047,1.6763373551214074,1.6761825908952759,1.67602719918219,1.6758711806739308,1.6757145359670245,1.6755572655714939,1.6753993699189536,1.6752408493700814,1.6750817042215054,1.6749219347121418,1.67476154102901,1.6746005233125643,1.674438881661566,1.6742766161375322,1.674113726768782,1.6739502135541136,1.6737860764661312,1.6736213154542527,1.6734559304474146,1.6732899213564998,1.6731232880765092,1.6729560304884912,1.6727881484612561,1.6726196418528827,1.6724505105120429,1.672280754279152,1.672110372987363,1.6719393664634192,1.6717677345283737,1.671595476998193,1.6714225936842526,1.6712490843937373,1.6710749489299543,1.6709001870925724,1.6707247986777929,1.6705487834784614,1.6703721412841328,1.670194871881092,1.6698302618808907,1.6693150767018439,1.668733736015446,1.668077575748162,1.6673367516592528,1.666500066421503,1.6655547681645053,1.6644863149550206,1.6632780984196829,1.6619111181058779,1.6603635961226892,1.6586105189648317,1.6566230900053351,1.654368071683102,1.6518069905367039,1.648895170419961,1.64558054871867,1.6418022160593388,1.6374886002027147,1.6325551870292738,1.6269016318504694,1.6204080565483547,1.6129302422772342,1.6042932971080566,1.594283174875023,1.5826350961077171,1.56901738445053,1.5530083131598775,1.5340619243416636,1.5114557577727106,1.484207531274972,1.4509356260614275,1.4096110595583948,1.3570817269307995,1.2880604691017445,1.192605007128876,1.0475970042469842,0.421761279277766,0.006007943978904245,0.00025851964246216536,0.0002585196419877922,0.0002585196419877922,0.00025851964198779265,0.0002585196419877922,0.00025851964198779194,0.00025851964198779265,0.0002585196419877922,0.0002585196419877922,0.00025851964198779265,0.00025851964198779265,0.00025851964198779156
1.6821614177428057,1.6820464701578473,1.6819310498006748,1.6818151534540002,1.6816987779299801,1.6815819200704818,1.6814645767473375,1.6813467448625858,1.6812284213487,1.6811096031688055,1.680990287316883,1.6808704708179592,1.6807501507282854,1.6806293241355028,1.680507988158795,1.6803861399490252,1.680263776688865,1.6801408955929047,1.680017493907754,1.6798935689121286,1.6797691179169223,1.679644138265267,1.679518627332579,1.6793925825265912,1.6792660012873744,1.6791388810873402,1.6790112194312372,1.678883013856128,1.6787542619313554,1.6786249612584958,1.6784951094712979,1.6783647042356085,1.6782337432492862,1.6781022242421004,1.677970144975617,1.6778375032430732,1.6777042968692375,1.6775705237102563,1.6774361816534897,1.677301268617333,1.6771657825510256,1.677029721434448,1.676893083277906,1.6767558661219026,1.6766180680368974,1.6764796871230545,1.6763407215099781,1.6762011693564365,1.6760610288500724,1.675920298207106,1.6757789756720227,1.6756370595172505,1.6754945480428287,1.6753514395760616,1.6752077324711647,1.6750634251089,1.6749185158961992,1.6747730032657775,1.67462688567574,1.6744801616091727,1.6743328295737305,1.6741848881012102,1.674036335747118,1.6738871710902266,1.6737373927321237,1.6735869992967531,1.673435989429944,1.6732843617989386,1.6731321150919056,1.6729792480174495,1.6728257593041125,1.672671647699868,1.6725169119716097,1.6723615509046306,1.6722055633020998,1.67204894798453,1.6718917037892422,1.6717338295698223,1.6715753241955742,1.6714161865509676,1.6712564155350818,1.6710960100610435,1.670934969055463,1.6707732914578644,1.6706109762201147,1.6704480223058469,1.6702844286898835,1.6701201943576554,1.6699553183046185,1.66978979953567,1.6696236370645616,1.6694568299133117,1.6692893771116175,1.6691212776962654,1.668952530710542,1.668783135203643,1.6686130902300864,1.6684423948491216,1.6682710481241418,1.6679176897356365,1.6674123869906454,1.6668421852103172,1.666198581363194,1.6654719131951783,1.6646511890996787,1.6637238898339173,1.6626757366104883,1.6614904188321538,1.6601492731382028,1.6586309033888642,1.656910728590945,1.654960442372225,1.652747363183747,1.6502336485824158,1.6473753392073742,1.6441211876740383,1.6404112134929498,1.6361749056793726,1.6313289675363263,1.6257744594375731,1.6193931394261445,1.6120427186015862,1.6035506229600056,1.5937056591120144,1.5822466720318598,1.5688467756701907,1.553090876616625,1.5344426936519526,1.5121946789607354,1.4853888138807165,1.452685013767716,1.4121287081224254,1.3607064442216121,1.293395848764168,1.2007348682371883,1.0598763979322514,0.47587610740225994,0.009672134856533118,0.00025851964858848063,0.00025851964198779216,0.00025851964198779216,0.00025851964198779265,0.00025851964198779216,0.0002585196419877919,0.00025851964198779265,0.00025851964198779216,0.00025851964198779216,0.00025851964198779265,0.00025851964198779265,0.00025851964198779156
1.6800627576244624,1.6799564204218862,1.6798494369077597,1.6797418027070314,1.679633513622902,1.6795245656378723,1.6794149549145156,1.6793046777959746,1.679193730806177,1.6790821106497829,1.6789698142118457,1.6788568385572098,1.6787431809296305,1.6786288387506312,1.6785138096180965,1.678398091304611,1.6782816817555448,1.678164579086897,1.6780467815829032,1.6779282876934145,1.6778090960310559,1.6776892053681782,1.6775686146336064,1.6774473229091995,1.6773253294262316,1.6772026335616035,1.6770792348338976,1.6769551328992909,1.6768303275473293,1.676704818696584,1.6765786063902004,1.6764516907913452,1.6763240721785742,1.6761957509411245,1.6760667275741494,1.6759370026739036,1.675806576932894,1.675675451135006,1.6755436261506191,1.6754111029317207,1.675277882507031,1.6751439659771497,1.6750093545097335,1.6748740493347187,1.6747380517395936,1.674601363064732,1.6744639846987999,1.6743259180742383,1.6741871646628361,1.6740477259713966,1.6739076035375042,1.6737667989254053,1.6736253137219972,1.673483149532944,1.6733403079789149,1.673196790691954,1.6730525993119865,1.6729077354834616,1.6727622008521388,1.6726159970620194,1.672469125752422,1.6723215885552145,1.6721733870921867,1.672024522972583,1.6718749977907825,1.6717248131241325,1.6715739705309347,1.6714224715485824,1.671270317691847,1.671117510451317,1.67096405129198,1.6708099416519517,1.6706551829413525,1.670499776541316,1.6703437238031429,1.670187026047586,1.6700296845642655,1.6698717006112154,1.6697130754145495,1.669553810168251,1.6693939060340746,1.6692333641415615,1.6690721855881614,1.6689103714394542,1.6687479227294733,1.6685848404611163,1.6684211256066461,1.6682567791082732,1.668091801878816,1.6679261948024302,1.6677599587354082,1.667593094507035,1.6674256029205041,1.6672574847538792,1.667088740761103,1.666919371673042,1.6667493781985663,1.6665787610256557,1.666407520822528,1.6660550890658195,1.6655566735400058,1.6649942707365861,1.6643595041881865,1.6636428572488184,1.6628335061711579,1.6619191256352142,1.6608856613780758,1.6597170633349716,1.658394971125642,1.6568983417021752,1.6552030063739132,1.6532811410482173,1.6511006291092103,1.6486242905316895,1.6458089430802287,1.6426042510430965,1.6389513028444607,1.6347808395252488,1.6300110291793861,1.6245446444581004,1.6182654456964845,1.6110334922108236,1.6026789842291018,1.5929940529227888,1.5817216227362763,1.5685399904296822,1.553040952578461,1.5346978819072994,1.5128175159760007,1.4864640981159558,1.4543338757373943,1.414533912948127,1.3641580441376373,1.2983686635855585,1.2079694442840392,1.0698903250851362,0.5304124695980903,0.014937758233872113,0.00025851971754278704,0.00025851964198779216,0.00025851964198779216,0.00025851964198779265,0.00025851964198779216,0.0002585196419877919,0.00025851964198779265,0.00025851964198779216,0.00025851964198779216,0.00025851964198779265,0.00025851964198779265,0.00025851964198779156
1.6783887960996897,1.6782718543241364,1.6781544910968778,1.6780367035475807,1.6779184888244811,1.6777998440943285,1.6776807665423565,1.67756125337227,1.6774413018062502,1.677320909084971,1.6772000724676281,1.6770787892319745,1.6769570566743595,1.6768348721097766,1.6767122328719088,1.6765891363131793,1.6764655798047985,1.6763415607368126,1.676217076518148,1.6760921245766571,1.675966702359155,1.675840807331457,1.6757144369784118,1.6755875888039262,1.6754602603309885,1.6753324491016863,1.675204152677216,1.675075368637889,1.6749460945831325,1.6748163281314816,1.6746860669205672,1.6745553086070963,1.6744240508668284,1.674292291394541,1.6741600279039934,1.6740272581278808,1.673893979817782,1.6737601907441038,1.673625888696012,1.673491071481365,1.6733557369266316,1.6732198828768088,1.673083507195331,1.6729466077639705,1.6728091824827358,1.67267122926976,1.6725327460611845,1.6723937308110357,1.6722541814910956,1.6721140960907672,1.6719734726169326,1.6718323090938052,1.671690603562777,1.6715483540822589,1.671405558727515,1.6712622155904935,1.6711183227796487,1.6709738784197605,1.670828880651746,1.6706833276324686,1.6705372175345392,1.670390548546113,1.6702433188706836,1.6700955267268687,1.6699471703481945,1.669798247982872,1.669648757893572,1.669498698357194,1.6693480676646308,1.6691968641205304,1.6690450860430512,1.6688927317636169,1.6687397996266649,1.6685862879893918,1.668432195221496,1.6682775197049164,1.6681222598335688,1.667966414013077,1.6678099806605038,1.667652958204078,1.6674953450829169,1.6673371397467496,1.6671783406556362,1.6670189462796832,1.6668589550987596,1.6666983656022083,1.666537176288558,1.6663753856652308,1.6662129922482491,1.666049994561941,1.6658863911386435,1.6657221805184035,1.665557361248679,1.6653919318840351,1.665225890985843,1.665059237121972,1.6648919688664832,1.6647240847993197,1.6645555835059938,1.6642086431825622,1.6637174313268814,1.6631631616162024,1.662537580227649,1.6618313100237292,1.6610336861168902,1.6601325642961442,1.6591140970467262,1.6579624706755158,1.6566595955074934,1.6551847391402188,1.6535140901976957,1.6516202367247728,1.6494715390533767,1.64703137129496,1.6442571980691005,1.6410994429506784,1.6375000913714044,1.6333909518207381,1.6286914728701036,1.6233059762997217,1.6171201129900155,1.6099962695589398,1.6017675357822452,1.592229661796969,1.581130148742768,1.5681531529995296,1.5528981046746935,1.5348485753289927,1.5133254178849367,1.4874133015853124,1.455839493382401,1.416760144595576,1.36734807125911,1.3028863560948873,1.2143044480264777,1.0781595583283305,0.584246534047503,0.022145680009729524,0.00025852034480141424,0.00025851964198779216,0.00025851964198779216,0.0002585196419877927,0.00025851964198779216,0.0002585196419877919,0.00025851964198779265,0.00025851964198779216,0.00025851964198779216,0.00025851964198779265,0.0002585196419877927,0.00025851964198779156
1.6762598344303592,1.6761513766982152,1.6760423895572987,1.675932869378178,1.6758228126030799,1.6757122157464628,1.6756010753955377,1.6754893882107356,1.6753771509261217,1.675264360349755,1.6751510133639955,1.6750371069257557,1.6749226380667004,1.6748076038933895,1.67469200158737,1.6745758284052137,1.6744590816784986,1.674341758813743,1.674223857292282,1.6741053746700945,1.6739863085775786,1.6738666567192753,1.6737464168735436,1.6736255868921845,1.6735041647000177,1.6733821482944096,1.6732595357447564,1.67313632519192,1.6730125148476187,1.6728881029937763,1.6727630879818272,1.6726374682319805,1.6725112422324446,1.6723844085386135,1.672256965772212,1.6721289126204122,1.6720002478349059,1.6718709702309524,1.671741078686388,1.671610572140608,1.6714794495935195,1.6713477101044651,1.6712153527911235,1.6710823768283813,1.6709487814471853,1.670814565933371,1.6706797296264724,1.6705442719185122,1.6704081922527756,1.670271490122567,1.670134165069954,1.6699962166844984,1.6698576446019742,1.6697184485030792,1.669578628112133,1.6694381831957716,1.6692971135616361,1.6691554190570532,1.6690130995677162,1.668870155016362,1.6687265853614472,1.6685823905958241,1.6684375707454193,1.668292125867912,1.6681460560514187,1.6679993614131794,1.6678520420982512,1.667704098278204,1.6675555301498302,1.6674063379338528,1.66725652187365,1.6671060822339814,1.6669550192997322,1.6668033333746584,1.6666510247801476,1.6664980938539917,1.6663445409491668,1.6661903664326287,1.666035570684118,1.6658801540949777,1.6657241170669843,1.6655674600111896,1.6654101833467778,1.6652522874999305,1.66509377290271,1.66493463999195,1.6647748892081617,1.6646145209944518,1.6644535357954506,1.6642919340562543,1.6641297162213777,1.663966882733717,1.6638034340335262,1.6636393705574013,1.6634746927372757,1.663309400999427,1.663143495763489,1.6629769774414767,1.6628098464368175,1.6624658609667937,1.6619803338636607,1.6614324888787901,1.6608141721457312,1.6601161210480335,1.6593278022138414,1.6584372228620514,1.657430710349028,1.6562926535780251,1.6550051984254082,1.6535478874085043,1.6518972313343214,1.650026197440439,1.6479035943145466,1.6454933282996498,1.6427534986563135,1.6396352887451584,1.6360815968794655,1.6320253317704192,1.6273872714071,1.6220733473981905,1.615971164032574,1.6089454843260758,1.6008323006228182,1.5914309321636833,1.580493316695517,1.56770921576469,1.552685298586863,1.5349147415254747,1.5137315275232235,1.488238825041188,1.457190691622512,1.4187828249920464,1.3702460530507379,1.3069408993978568,1.2198513593762694,1.085249901479498,0.6367073242106626,0.031649836491538026,0.00025852503625588014,0.00025851964198779216,0.00025851964198779216,0.0002585196419877927,0.00025851964198779216,0.0002585196419877919,0.0002585196419877927,0.00025851964198779216,0.00025851964198779216,0.0002585196419877927,0.0002585196419877927,0.00025851964198779156
1.6738364925803066,1.6737347000852991,1.673632373522483,1.6735295092158158,1.6734261035510782,1.6733221529763291,1.6732176540023296,1.673112603202937,1.6730069972154664,1.6729008327410186,1.6727941065447778,1.6726868154562713,1.6725789563695985,1.6724705262436241,1.6723615221021366,1.6722519410339713,1.6721417801931,1.6720310367986835,1.6719197081350896,1.6718077915518759,1.671695284463739,1.6715821843504244,1.6714684887566071,1.671354195291732,1.6712393016298241,1.6711238055092623,1.6710077047325198,1.6708909971658703,1.670773680739062,1.6706557534449582,1.670537213339145,1.6704180585395076,1.6702982872257768,1.6701778976390387,1.6700568880812223,1.6699352569145511,1.6698130025609665,1.6696901235015236,1.6695666182757585,1.6694424854810292,1.6693177237718257,1.6691923318590585,1.669066308509319,1.668939652544116,1.6688123628390878,1.66868443832319,1.6685558779778618,1.6684266808361707,1.6682968459819334,1.6681663725488185,1.6680352597194286,1.6679035067243633,1.6677711128412638,1.6676380773938402,1.6675043997508794,1.6673700793252428,1.6672351155728413,1.6670995079916016,1.6669632561204144,1.6668263595380708,1.6666888178621877,1.6665506307481182,1.6664117978878543,1.6662723190089157,1.6661321938732312,1.6659914222760102,1.6658500040446051,1.665707939037367,1.6655652271424939,1.6654218682768707,1.6652778623849047,1.6651332094373568,1.6649879094301645,1.6648419623832644,1.664695368339407,1.6645481273629719,1.6644002395387767,1.6642517049708887,1.664102523781429,1.663952696109379,1.6638022221093853,1.6636511019505642,1.6634993358153052,1.6633469238980767,1.6631938664042312,1.6630401635488123,1.662885815555362,1.6627308226547326,1.6625751850838977,1.6624189030847676,1.6622619769030076,1.6621044067868591,1.6619461929859631,1.6617873357501889,1.661627835328466,1.6614676919676206,1.6613069059112164,1.6611454773984,1.6609834066627498,1.6606489123024886,1.6601706245289278,1.6596309311732085,1.6590217935080482,1.658334078718494,1.657557399837492,1.656679929327238,1.65568818121719,1.6545667555425843,1.6532980373472002,1.6518618406245293,1.6502349851424256,1.6483907909488411,1.6462984712456477,1.6439223988992904,1.6412212146465992,1.63814673535639,1.6346426075142029,1.6306426329255432,1.6260686682661163,1.6208279641804497,1.6148097579334877,1.6078808579107022,1.5998798451499412,1.5906093441419682,1.5798255434435233,1.5672237060328524,1.5524176677520303,1.5349100188483094,1.5140472530646405,1.4889494260043956,1.4583937870266677,1.4206082349915328,1.3728675789162779,1.3105863910805142,1.2247882441203746,1.0917094213119904,0.687553090916529,0.04387495080346986,0.0002585548591914966,0.00025851964198779216,0.00025851964198779216,0.0002585196419877927,0.00025851964198779216,0.0002585196419877919,0.0002585196419877927,0.00025851964198779216,0.00025851964198779216,0.0002585196419877927,0.0002585196419877927,0.00025851964198779156
1.671304469610548,1.6712087053172606,1.6711124129649146,1.6710155889010538,1.6709182295252283,1.6708203312891403,1.6707218906968013,1.6706229043046932,1.67052336872193,1.6704232806104184,1.6703226366850108,1.6702214337136494,1.6701196685174982,1.6700173379710639,1.6699144390022982,1.6698109685926863,1.6697069237773143,1.6696023016449217,1.6694970993379281,1.669391314052444,1.6692849430382566,1.6691779835987968,1.669070433091079,1.6689622889256224,1.6688535485663476,1.6687442095304486,1.6686342693882423,1.668523725762995,1.6684125763307236,1.6683008188199746,1.668188451011579,1.668075470738383,1.6679618758849557,1.6678476643872748,1.667732834232387,1.6676173834580463,1.6675013101523306,1.6673846124532343,1.6672672885482394,1.6671493366738648,1.6670307551151946,1.6669115422053824,1.6667916963251377,1.6666712159021908,1.6665500994107356,1.6664283453708537,1.6663059523479216,1.6661829189519914,1.6660592438371622,1.6659349257009244,1.665809963283492,1.665684355367114,1.6655581007753693,1.6654311983724466,1.665303647062405,1.6651754457884218,1.6650465935320211,1.6649170893122924,1.6647869321850894,1.6646561212422186,1.664524655610612,1.6643925344514885,1.6642597569595003,1.6641263223618694,1.66399222991751,1.6638574789161427,1.6637220686773928,1.663585998549885,1.6634492679103214,1.6633118761625552,1.6631738227366515,1.6630351070879434,1.6628957286960768,1.662755687064048,1.6626149817172378,1.6624736122024322,1.6623315780868435,1.6621888789571215,1.662045514418361,1.6619014840931035,1.661756787620335,1.6616114246544798,1.6614653948643896,1.6613186979323311,1.661171333552968,1.6610233014323452,1.6608746012868643,1.6607252328422641,1.6605751958325947,1.6604244899991938,1.6602731150896606,1.6601210708568293,1.659968357057744,1.659814973452631,1.659660919803875,1.6595061958749917,1.6593508014296048,1.6591947362304214,1.6590380000382083,1.658713556107647,1.6582431702198925,1.6577123762096797,1.6571132614539215,1.6564368352596288,1.6556728708665935,1.654809721378149,1.6538341045773,1.6527308504300318,1.651482603613596,1.6500694715409043,1.6484686059561484,1.6466537030777275,1.6445944032254232,1.642255565556373,1.6395963864808398,1.6365693208625802,1.6331187522543893,1.6291793407382478,1.6246739522726308,1.6195110385027904,1.6135812856391605,1.6067532771143542,1.5988678040324955,1.5897302876973292,1.5791005111839365,1.5666784224253154,1.5520840384311594,1.5348281890922741,1.5142684438657648,1.4895398369218906,1.4594399290477331,1.4222240649120512,1.3752035467208594,1.3138399626543902,1.22922362395629,1.0979046148040381,0.7357329913062783,0.05900315031249703,0.00025871478043988443,0.00025851964198779216,0.00025851964198779216,0.0002585196419877927,0.00025851964198779216,0.0002585196419877919,0.0002585196419877927,0.00025851964198779216,0.00025851964198779216,0.0002585196419877927,0.0002585196419877927,0.00025851964198779156
1.6666995482448412,1.6666632595529096,1.6666252894586273,1.666585629116592,1.6665442717986563,1.6665012128702101,1.6664564497535603,1.6664099818794718,1.6663618106279863,1.6663119392596841,1.66626037283856,1.666207118147694,1.6661521835988746,1.6660955791373058,1.6660373161424789,1.6659774073262483,1.665915866629084,1.6658527091154118,1.6657879508688789,1.6657216088883233,1.665653700985131,1.6655842456826155,1.6655132621179654,1.66544076994724,1.665366789253828,1.6652913404607135,1.6652144442468317,1.6651361214677431,1.665056393080793,1.664975280074876,1.6648928034048815,1.6648089839308442,1.6647238423617954,1.664637399204272,1.6645496747154065,1.6644606888605007,1.6643704612749606,1.664279011230444,1.664186357605072,1.664092518857517,1.663997513004802,1.6639013576036026,1.6638040697348666,1.6637056659915492,1.6636061624692553,1.6635055747595973,1.6634039179460602,1.6633012066021826,1.663197454791859,1.663092676071575,1.6629868834943957,1.662880089615533,1.6627723064993227,1.6626635457274526,1.662553818408292,1.662443135187173,1.6623315062574977,1.6622189413725366,1.6621054498578052,1.661991040623905,1.6618757221797307,1.6617595026459488,1.6616423897686603,1.6615243909331694,1.6614055131777912,1.6612857632076257,1.6611651474082505,1.6610436718592736,1.6609213423477038,1.660798164381099,1.6606741432004597,1.6605492837928328,1.660423590903608,1.660297069048484,1.6601697225250824,1.6600415554242078,1.6599125716407355,1.6597827748841236,1.6596521686885493,1.6595207564226642,1.6593885412989728,1.6592555263828408,1.659121714601132,1.6589871087504893,1.658851711505266,1.6587155254251162,1.6585785529622599,1.6584407964684331,1.6583022582015396,1.658162940332016,1.6580228449489314,1.6578819740658308,1.6577403296263442,1.6575979135095795,1.6574547275353122,1.6573107734689951,1.6571660530266035,1.657020567879335,1.6568743196581852,1.6565690551935623,1.6561086400766274,1.655589041123605,1.655002491917261,1.6543401644968552,1.653592013047588,1.6527465916704558,1.6517908412111444,1.6507098389815724,1.6494865037604072,1.648101246618311,1.6465315557577564,1.644751500518682,1.6427311357517844,1.64043578257945,1.6378251546971723,1.6348522901622253,1.6314622361158038,1.62759041667062,1.6231605901259103,1.6180822674636872,1.6122474146212686,1.6055261882173928,1.5977613450823072,1.5887607981743053,1.5782875273578434,1.56604562471542,1.5516605311241665,1.534650245373584,1.5143819131818976,1.490003499151601,1.4603301932747426,1.4236416042172055,1.3772831804891414,1.3167696103429851,1.2333142289392014,1.104169735270062,0.7807182553743571,0.07718846531202835,0.0002594499158581831,0.00025851964198779216,0.00025851964198779216,0.0002585196419877927,0.00025851964198779216,0.0002585196419877919,0.0002585196419877927,0.00025851964198779216,0.00025851964198779216,0.0002585196419877927,0.0002585196419877927,0.00025851964198779156
1.6602255614878834,1.6602375209650815,1.6602479419402185,1.6602568157906847,1.6602641343597138,1.6602698899575061,1.6602740753619232,1.6602766838187488,1.6602777090415255,1.6602771452109635,1.6602749869739322,1.6602712294420312,1.6602658681897515,1.6602588992522314,1.6602503191226081,1.660240124748982,1.6602283135309914,1.6602148833160133,1.6601998323949905,1.6601831594979062,1.6601648637889055,1.6601449448610768,1.6601234027309089,1.6601002378324283,1.6600754510110338,1.660049043517036,1.6600210169989182,1.6599913734963294,1.6599601154328227,1.6599272456083536,1.6598927671915498,1.6598566837117685,1.6598189990509555,1.6597797174353166,1.6597388434268214,1.6596963819145472,1.6596523381058843,1.6596067175176117,1.6595595259668598,1.6595107695619753,1.6594604546933003,1.659408588023882,1.6593551764801246,1.6593002272424007,1.6592437477356317,1.6591857456198515,1.659126228780773,1.659065205320358,1.6590026835474139,1.6589386719682242,1.6588731792772267,1.658806214347747,1.6587377862228054,1.6586679041059995,1.6585965773524785,1.6585238154600177,1.658449628060201,1.6583740249097207,1.6582970158818038,1.6582186109577708,1.6581388202187373,1.658057653837462,1.6579751220703474,1.657891235249601,1.6578060037755609,1.6577194381091906,1.6576315487647453,1.657542346302616,1.6574518413223522,1.657360044455866,1.6572669663608204,1.6571726177142008,1.6570770092060738,1.6569801515335296,1.6568820553948107,1.656782731483624,1.656682190483638,1.6565804430631568,1.656477499869978,1.6563733715264233,1.656268068624542,1.656161601721485,1.6560539813350428,1.655945217939342,1.6558353219607012,1.6557243037736333,1.6556121736969938,1.6554989419902668,1.6553846188499834,1.655269214406266,1.6551527387194889,1.6550352017770527,1.654916613490261,1.6547969836912928,1.6546763221302643,1.6545546384723704,1.6544319422950977,1.6543082430855027,1.6541835502375426,1.653917144693323,1.6534715279429886,1.652968490175925,1.6524004618579116,1.6517588308547637,1.6510337873003897,1.6502141425078465,1.6492871168954737,1.6482380907680043,1.6470503103659926,1.6457045397871795,1.6441786470705404,1.6424471097521294,1.6404804213239514,1.6382443749319695,1.6356991938848662,1.632798469463901,1.6294878541905267,1.6257034417529381,1.6213697411763242,1.6163971194429136,1.610678538781444,1.6040853444497587,1.596461753073915,1.5876175283594522,1.577318071498237,1.565270728088512,1.5511053916504538,1.5343462101312897,1.5143688402090036,1.490333035094135,1.4610704304797122,1.4248841970875494,1.3791562090309741,1.3194697357355354,1.2372344762611112,1.1107862581697736,0.8224258266099602,0.09866286742769714,0.0002624206190130601,0.00025851964198779216,0.00025851964198779216,0.0002585196419877927,0.00025851964198779216,0.0002585196419877919,0.0002585196419877927,0.00025851964198779216,0.00025851964198779216,0.0002585196419877927,0.0002585196419877927,0.00025851964198779156
1.6522188826847786,1.6523144373023635,1.6524071606462425,1.6524970418723373,1.652584072286852,1.6526682453366466,1.6527495565922081,1.6528280037234508,1.6529035864686166,1.6529763065965901,1.6530461678629793,1.65311317596034,1.653177338462958,1.6532386647666122,1.6532971660237747,1.6533528550747008,1.6534057463748866,1.6534558559193617,1.6535032011642952,1.653547800946379,1.6535896754004589,1.6536288458758581,1.6536653348518335,1.6536991658525892,1.653730363362247,1.6537589527401615,1.653784960136934,1.6538084124114734,1.6538293370494062,1.6538477620831362,1.6538637160138077,1.6538772277354148,1.6538883264612703,1.6538970416530163,1.6539034029523452,1.6539074401155631,1.6539091829511143,1.6539086612601566,1.6539059047802587,1.6539009431322682,1.653893805770383,1.6538845219354337,1.6538731206113775,1.6538596304849777,1.6538440799086374,1.6538264968663383,1.6538069089426213,1.6537853432945444,1.6537618266265306,1.6537363851680216,1.6537090446538423,1.6536798303071705,1.6536487668250097,1.6536158783660515,1.6535811885408154,1.6535447204039517,1.6535064964485884,1.6534665386026057,1.6534248682267205,1.653381506114268,1.6533364724925574,1.6532897870256995,1.6532414688187844,1.6531915364233118,1.6531400078437595,1.6530869005451978,1.6530322314618455,1.652976017006479,1.6529182730805985,1.6528590150852756,1.6527982579325948,1.6527360160576108,1.6526723034307595,1.6526071335706436,1.6525405195571394,1.6524724740447616,1.652403009276231,1.652332137096202,1.6522598689650956,1.6521862159730032,1.6521111888536204,1.6520347979981787,1.6519570534693446,1.6518779650150581,1.6517975420822908,1.6517157938306994,1.6516327291461637,1.6515483566541864,1.6514626847331535,1.6513757215274356,1.6512874749603343,1.6511979527468599,1.651107162406342,1.651015111274875,1.6509218065175917,1.6508272551407728,1.650731464003796,1.650634439830924,1.6505361892229402,1.6503180165722746,1.6498940213518862,1.6494152272840261,1.6488743673273285,1.6482631623847215,1.6475721679834265,1.646790594690951,1.6459060970697723,1.644904524795383,1.6437696280851746,1.6424827077247883,1.6410221976227615,1.639363164823485,1.637476708060733,1.6353292309575396,1.6328815594770172,1.6300878646288288,1.6268943398871536,1.6232375669893577,1.6190424817646467,1.6142198202464855,1.608662879530176,1.6022433595183259,1.5948059474920968,1.5861611449750523,1.5760755771231274,1.5642586002804193,1.5503433055540479,1.5338587539189967,1.5141879456566383,1.4905014441116575,1.461646872370336,1.4259520096635205,1.3808408233870597,1.3219860216096102,1.2410694921645389,1.1178163590168544,0.8602040774586652,0.12322069408822706,0.0002728061013637192,0.00025851964198779216,0.00025851964198779216,0.0002585196419877927,0.00025851964198779216,0.0002585196419877919,0.0002585196419877927,0.00025851964198779216,0.00025851964198779216,0.0002585196419877927,0.0002585196419877927,0.00025851964198779156
1.6454426002361147,1.645542120946615,1.6456395671464545,1.6457349302458508,1.6458282026363638,1.6459193776869734,1.6460084497375176,1.646095414089554,1.6461802669947054,1.6462630056405834,1.6463436281343826,1.6464221334842584,1.646498521578607,1.6465727931633805,1.6466449498175733,1.6467149939270256,1.6467829286566984,1.646848757921568,1.646912486356303,1.646974119283881,1.6470336626833042,1.6470911231565706,1.6471465078950605,1.6471998246454875,1.6472510816755674,1.6473002877395457,1.6473474520437237,1.6473925842121213,1.6474356942523911,1.6474767925221179,1.6475158896955977,1.6475529967312186,1.6475881248395214,1.6476212854520413,1.6476524901909988,1.6476817508399182,1.6477090793152325,1.6477344876389295,1.647757987912285,1.647779592290725,1.6477993129598416,1.6478171621125948,1.6478331519277103,1.6478472945492884,1.6478596020676253,1.6478700865012503,1.6478787597801643,1.6478856337302779,1.6478907200590232,1.647894030342128,1.6478955760115195,1.647895368344338,1.6478934184530232,1.6478897372764456,1.6478843355720443,1.647877223908935,1.64786841266195,1.647857912006568,1.6478457319146955,1.647831882151259,1.6478163722715584,1.6477992116193525,1.647780409325621,1.6477599743079714,1.6477379152706448,1.6477142407050815,1.647688958891004,1.6476620778979856,1.6476336055874594,1.6476035496151347,1.6475719174337855,1.6475387162963793,1.6475039532595097,1.6474676351871052,1.647429768754384,1.6473903604520275,1.6473494165905453,1.647306943304808,1.6472629465587247,1.6472174321500435,1.647170405715255,1.6471218727345804,1.6470718385370275,1.6470203083054975,1.6469672870819323,1.6469127797724832,1.6468567911526963,1.6467993258726983,1.6467403884623781,1.6466799833365524,1.6466181148001102,1.6465547870531296,1.646490004195963,1.6464237702342817,1.6463560890840818,1.646286964576646,1.6462164004634563,1.6461444004210597,1.6460709680558836,1.6458985833036957,1.6454980211704793,1.645045535971743,1.6445342017762636,1.6439561177447792,1.6433022578981007,1.6425622945815075,1.6417243903120669,1.6407749514769814,1.6396983358239554,1.6384765037636195,1.6370886010779924,1.635510457549467,1.633713982094627,1.6316664299345165,1.6293295107805639,1.6266582984223015,1.6235998906747207,1.6200917531803813,1.6160596592062362,1.6114151073852,1.6060520555785822,1.5998427438908285,1.5926322803869568,1.5842315072825002,1.574407415233597,1.5628699608069967,1.5492534405043576,1.5330893353911956,1.5137652468881746,1.4904600499994647,1.4620359517034132,1.4268465658661975,1.3823652109344189,1.324376803298734,1.2449038174334905,1.1252607101271983,0.8939459578411586,0.15068978305363676,0.00030409138797230103,0.00025851964198779216,0.00025851964198779216,0.0002585196419877927,0.00025851964198779216,0.0002585196419877919,0.0002585196419877927,0.00025851964198779216,0.00025851964198779216,0.0002585196419877927,0.0002585196419877927,0.00025851964198779156
1.6391341941102724,1.6392405884625636,1.6393452674039406,1.639448223478702,1.6395494495707206,1.6396489389030222,1.6397466850370275,1.6398426818714642,1.6399369236409596,1.6400294049143131,1.6401201205924627,1.6402090659061441,1.6402962364132603,1.6403816279959555,1.640465236857416,1.640547059518392,1.6406270928134608,1.6407053338870325,1.6407817801891105,1.6408564294708161,1.6409292797796846,1.6410003294547488,1.641069577121412,1.6411370216861283,1.641202662330895,1.6412664985075756,1.641328529932053,1.6413887565782377,1.6414471786719305,1.6415037966845587,1.6415586113267937,1.6416116235420621,1.6416628344999618,1.641712245589596,1.6417598584128337,1.641805674777511,1.641849696690581,1.6418919263512262,1.6419323661439447,1.6419710186316177,1.6420078865485703,1.6420429727936383,1.642076280423249,1.6421078126445225,1.642137572808411,1.6421655644028774,1.6421917910461266,1.6422162564798972,1.6422389645628215,1.642259919263859,1.6422791246558195,1.6422965849089708,1.6423123042847472,1.6423262871295614,1.6423385378687267,1.6423490610004938,1.6423578610902074,1.6423649427645917,1.6423703107061605,1.6423739696477644,1.6423759243672735,1.6423761796824017,1.6423747404456703,1.6423716115395213,1.642366797871572,1.6423603043700228,1.6423521359792121,1.6423422976553206,1.642330794362225,1.6423176310675065,1.6423028127386023,1.642286344339111,1.6422682308252434,1.6422484771424202,1.6422270882220131,1.64220406897823,1.6421794243051375,1.6421531590738212,1.6421252781296822,1.6420957862898613,1.6420646883407923,1.642031989035877,1.6419976930932807,1.6419618051938438,1.6419243299791026,1.6418852720494155,1.6418446359621917,1.6418024262302173,1.6417586473200698,1.6417133036506195,1.6416663995916116,1.6416179394623243,1.6415679275302923,1.6415163680100977,1.6414632650622165,1.6414086227919171,1.6413524452482031,1.6412947364227992,1.641235500249166,1.641090145280429,1.6407090279951386,1.6402784302936935,1.6397917315077593,1.6392413737090212,1.6386187159481547,1.637913862655124,1.637115460906951,1.6362104600358016,1.635183825498411,1.634018196967071,1.6326934781139681,1.6311863423859356,1.6294696349944224,1.627511646086743,1.6252752232235392,1.6227166823084977,1.6197844642073753,1.6164174682972863,1.6125429723675593,1.6080740179661859,1.6029060971686864,1.5969129137971974,1.5899408974285374,1.5818020014682466,1.5722640805516608,1.5610377510460889,1.5477579666110453,1.5319573443866714,1.5130260536977538,1.490148728972923,1.462199808640277,1.4275582964276325,1.3837521355902709,1.3266981313340087,1.2488133141646163,1.1330926936299093,0.9239263670543427,0.18107597066753997,0.0003846909782290639,0.0002585196419877924,0.0002585196419877921,0.0002585196419877927,0.0002585196419877921,0.0002585196419877919,0.0002585196419877927,0.0002585196419877921,0.0002585196419877921,0.0002585196419877927,0.0002585196419877927,0.00025851964198779156
1.6316832575269271,1.6318349395122143,1.6319843942333851,1.6321316137663222,1.6322765907314267,1.632419318293861,1.6325597901629332,1.6326980005906808,1.6328339443697018,1.632967616830277,1.6330990138368202,1.6332281317836959,1.6333549675904337,1.6334795186963715,1.6336017830547542,1.6337217591263153,1.6338394458723682,1.6339548427474295,1.6340679496913986,1.6341787671213186,1.6342872959227388,1.6343935374407028,1.6344974934703835,1.6345991662473882,1.6346985584377527,1.6347956731276516,1.6348905138128391,1.6349830843878481,1.635073389134966,1.635161432713009,1.6352472201459167,1.6353307568111857,1.6354120484281662,1.6354911010462436,1.6355679210329164,1.635642515061804,1.635714890100593,1.635785053398949,1.6358530124764084,1.635918775110272,1.6359823493235184,1.6360437433727528,1.6361029657362143,1.6361600251018524,1.636214930355493,1.6362676905691098,1.6363183149892162,1.6363668130253906,1.636413194238951,1.6364574683317965,1.6364996451354177,1.6365397346001003,1.6365777467843277,1.6366136918443899,1.6366475800242188,1.6366794216454488,1.636709227097716,1.6367370068292078,1.6367627713374613,1.6367865311604246,1.6368082968677817,1.636828079052551,1.6368458883229546,1.6368617352945694,1.6368756305827563,1.6368875847953757,1.6368976085257831,1.6369057123461133,1.636911906800847,1.636916202400664,1.6369186096165742,1.636919138874335,1.6369178005491423,1.6369146049605972,1.636909562367944,1.6369026829655726,1.6368939768787834,1.636883454159807,1.6368711247840717,1.6368569986467167,1.6368410855593367,1.6368233952469582,1.6368039373452317,1.63678272139784,1.6367597568541044,1.6367350530667855,1.6367086192900697,1.6366804646777273,1.6366505982814332,1.636619029049243,1.6365857658242087,1.6365508173431242,1.6365141922353945,1.636475899022006,1.6364359461145963,1.6363943418146052,1.6363510943124964,1.636306211687036,1.6362597019046163,1.6361386284678436,1.6357746253670382,1.6353632886556446,1.634898265926784,1.634372300902382,1.6337770918382766,1.6331031246238936,1.6323394753539004,1.6314735759234327,1.630490934651926,1.6293748019800018,1.6281057687857896,1.6266612816653527,1.6250150553940816,1.6231363574273823,1.6209891322932226,1.6185309244970907,1.6157115462871454,1.612471420147322,1.6087395034858452,1.6044306720709514,1.5994423952545993,1.5936504732550745,1.5869035134723586,1.579015679394735,1.569757017290611,1.5588402892567446,1.5459025978606085,1.5304789467599413,1.5119627696701357,1.4895443453484536,1.4621094967340083,1.4280619897621407,1.3849867034379837,1.328943241558274,1.2527684029618076,1.1410941944988369,0.9500286927928168,0.21385157174672673,0.0005573874892133186,0.0002585196419877949,0.0002585196419877921,0.0002585196419877927,0.0002585196419877921,0.0002585196419877919,0.0002585196419877927,0.0002585196419877921,0.0002585196419877921,0.0002585196419877927,0.0002585196419877927,0.00025851964198779156
1.6244233797105623,1.6245997520523547,1.6247737688797605,1.624945422610453,1.6251147062940596,1.6252816136092736,1.6254461388601766,1.625608276971789,1.6257680234848628,1.6259253745499274,1.6260803269206114,1.6262328779462574,1.6263830255638478,1.626530768289273,1.6266761052079524,1.6268190359648493,1.626959560753892,1.6270976803068387,1.62723339588161,1.6273667092501234,1.6274976226856528,1.6276261389497542,1.627752261278783,1.6278759933700355,1.627997339367554,1.62811630384762,1.628232891803976,1.6283471086328059,1.6284589601175101,1.6285684524133042,1.6286755920316818,1.628780385824765,1.628882840969585,1.6289829649523166,1.6290807655525017,1.6291762508272927,1.629269429095744,1.6293603089231827,1.629448899105683,1.6295352086546775,1.6296192467817239,1.6297010228834596,1.6297805465267639,1.6298578274341504,1.629932875469414,1.6300057006235518,1.6300763130009743,1.6301447228060295,1.6302109403298533,1.6302749759375625,1.6303368400558054,1.6303965431606802,1.630454095766036,1.6305095084121641,1.6305627916548895,1.6306139560550708,1.630663012168514,1.6307099705363053,1.6307548416755688,1.63079763607065,1.630838364164727,1.6308770363518532,1.6309136629694252,1.6309482542910818,1.6309808205200256,1.6310113717827663,1.6310399181232837,1.6310664694976011,1.631091035768766,1.6311136267022324,1.6311342519616325,1.6311529211049363,1.6311696435809855,1.631184428726394,1.6311972857628054,1.6312082237944976,1.6312172518063213,1.631224378661963,1.6312296131025217,1.631232963745384,1.631234439083388,1.6312340474842617,1.6312317971903247,1.6312276963184345,1.6312217528601742,1.631213974682256,1.6312043695271365,1.6311929450138218,1.6311797086388566,1.6311646677774756,1.6311478296849071,1.6311292014978147,1.631108790235861,1.6310866028033792,1.6310626459911413,1.631036926478203,1.6310094508338195,1.6309802255194084,1.630949256890553,1.6308576560348265,1.6305122779691268,1.6301218873494918,1.6296804168318328,1.629180929024522,1.628615478565324,1.627974949192091,1.6272488605798074,1.6264251384813133,1.6254898401517046,1.6244268250649339,1.6232173584246814,1.6218396317685855,1.6202681808506894,1.6184731756685165,1.6164195505783436,1.6140659333559577,1.6113633200155089,1.6082534260387487,1.604666622658157,1.6005193363099934,1.5957107460917217,1.5901185511343632,1.583593485789275,1.5759521160599383,1.5669672223181217,1.5563547015927042,1.5437552978610467,1.5287083778767,1.5106129762885467,1.488667487239647,1.4617714841387104,1.428355755091601,1.3860649541412386,1.3311060989625088,1.25673448586905,1.1490755193820017,0.972524850785734,0.24867297353075976,0.0008753191386535559,0.0002585196419878136,0.0002585196419877921,0.0002585196419877927,0.0002585196419877921,0.0002585196419877919,0.0002585196419877927,0.0002585196419877921,0.0002585196419877921,0.0002585196419877927,0.0002585196419877927,0.00025851964198779156
1.6165610813570923,1.6167591806206625,1.6169550373405135,1.6171486448246701,1.6173399967377902,1.617529087099728,1.6177159102838319,1.6179004610149896,1.6180827343674244,1.6182627257622617,1.6184404309648663,1.6186158460819637,1.6187889675585534,1.6189597921746204,1.6191283170416526,1.619294539598972,1.6194584576098867,1.6196200691576712,1.619779372641378,1.6199363667714939,1.620091050565441,1.6202434233429333,1.6203934847211947,1.6205412346100418,1.6206866732068448,1.6208298009913644,1.620970618720479,1.6211091274228044,1.6212453283932136,1.6213792231872624,1.6215108136155298,1.6216401017378772,1.6217670898576326,1.6218917805157091,1.6220141764846607,1.6221342807626835,1.6222520965675684,1.6223676273306122,1.62248087669049,1.6225918484870987,1.622700546755377,1.6228069757191053,1.6229111397846918,1.6230130435349541,1.6231126917228973,1.6232100892654941,1.6233052412374778,1.6233981528651442,1.623488829520177,1.6235772767134924,1.6236635000891149,1.623747505418084,1.6238292985923992,1.6239088856190032,1.6239862726138126,1.6240614657957972,1.6241344714811083,1.6242052960772664,1.6242739460774032,1.6243404280545692,1.6244047486561026,1.624466914598067,1.6245269326597558,1.62458480967827,1.6246405525431695,1.624694168191196,1.6247456636010777,1.624795045788406,1.6248423218005963,1.624887498711925,1.6249305836186503,1.6249715836342102,1.6250105058845072,1.6250473575032707,1.6250821456275033,1.6251148773930069,1.6251455599299938,1.625174200358774,1.6252008057855254,1.6252253832981425,1.625247939962165,1.6252684828167798,1.6252870188709034,1.6253035550993356,1.6253180984389863,1.6253306557851765,1.6253412339880056,1.6253498398487864,1.6253564801165488,1.6253611614846024,1.6253638905871648,1.6253646739960457,1.6253635182173884,1.625360429688467,1.6253554147745326,1.6253484797657112,1.6253396308739445,1.625328874229979,1.625316215880391,1.625259104891221,1.6249328470251492,1.6245639385535913,1.6241465973163094,1.6236742039099559,1.6231391671626068,1.6225327648804249,1.6218449546547502,1.6210641482878334,1.6201769418475915,1.6191677914061497,1.6180186220349153,1.6167083544612213,1.6152123297244212,1.6135016069082613,1.6115421021644831,1.6092935282061216,1.6067080814180994,1.6037288075174654,1.6002875545361026,1.596302391138659,1.591674324817636,1.5862830917845745,1.5799816976596788,1.5725892471522247,1.563881380045193,1.5535772728699908,1.5413215650133179,1.526658521680727,1.5089938455194543,1.4875359231015006,1.4612009654614513,1.4284506561929176,1.3869937626430389,1.3331868395698452,1.2606852808005633,1.1569097534134176,0.9918896368122548,0.2854950374018515,0.0014073868307085634,0.00025851964198800765,0.0002585196419877921,0.0002585196419877927,0.0002585196419877921,0.0002585196419877919,0.0002585196419877927,0.0002585196419877921,0.0002585196419877921,0.0002585196419877927,0.0002585196419877927,0.00025851964198779156
1.608302803295085,1.6085439715050964,1.608782236671923,1.609017592803081,1.6092500350003527,1.6094795594541353,1.6097061634341763,1.609929845276895,1.6101506043694955,1.610368441131064,1.61058335699086,1.6107953543639877,1.61100443662466,1.6112106080772512,1.6114138739253439,1.6116142402389706,1.6118117139202583,1.6120063026676728,1.6121980149390662,1.6123868599137285,1.6125728474536263,1.6127559880640343,1.6129362928537316,1.613113773494944,1.6132884421832074,1.613460311597313,1.6136293948594875,1.613795705495961,1.6139592573980555,1.6141200647839231,1.6142781421610535,1.614433504289657,1.6145861661470242,1.6147361428929472,1.614883449836282,1.615028102402721,1.6151701161038323,1.6153095065074161,1.6154462892092187,1.6155804798060303,1.6157120938701968,1.6158411469255527,1.6159676544247858,1.6160916317282328,1.6162130940840977,1.6163320566100803,1.6164485342763968,1.616562541890166,1.6166740940811368,1.6167832052887168,1.616889889750273,1.616994161490661,1.6170960343129397,1.6171955217902247,1.6172926372586414,1.6173873938113181,1.6174798042933787,1.61756988129788,1.617657637162643,1.6177430839679285,1.617826233534907,1.6179070974248688,1.617985686939128,1.6180620131195695,1.6181360867497945,1.6182079183568108,1.61827751821323,1.6183448963399256,1.6184100625091054,1.6184730262477647,1.6185337968414775,1.6185923833384885,1.6186487945540735,1.6187030390751331,1.618755125264988,1.61880506126835,1.618852855016437,1.6188985142322105,1.618942046435708,1.6189834589494527,1.6190227589039172,1.619059953243024,1.619095048729668,1.6191280519512403,1.619158969325148,1.6191878071043109,1.6192145713826267,1.6192392681003946,1.6192619030496929,1.6192824818796954,1.6193010101019276,1.6193174930954524,1.6193319361119844,1.6193443442809268,1.6193547226143237,1.619363076011733,1.6193694092650088,1.6193737270629955,1.6193760339961278,1.61934767245079,1.6190404435932806,1.6186929432414958,1.618299683330439,1.6178543738866864,1.6173497924263591,1.6167776289555744,1.6161283013535166,1.6153907346737608,1.614552096333247,1.6135974771808337,1.612509505931673,1.61126788126458,1.6098488018010053,1.6082242689349064,1.6063612306763375,1.6042205257633657,1.6017555755046282,1.5989107549899266,1.5956193537249306,1.591801005769057,1.5873584269620793,1.5821732352572973,1.576100538878777,1.5689618382397705,1.560535570879736,1.5505442801918363,1.5386368093007043,1.5243629214048653,1.5071359477635915,1.4861756658992438,1.460416830488229,1.428354345694657,1.387762854202925,1.3351444398399046,1.2645179517666247,1.1643607855830806,1.0082857063325885,0.32368427476615236,0.0022314759327042174,0.0002585196419900653,0.0002585196419877921,0.0002585196419877927,0.0002585196419877921,0.0002585196419877919,0.0002585196419877927,0.0002585196419877921,0.0002585196419877921,0.0002585196419877927,0.0002585196419877927,0.00025851964198779156
1.5996159092664228,1.5999217739005367,1.6002235227783277,1.6005211517227813,1.60081465870495,1.6011040438199653,1.6013893092577596,1.6016704592686655,1.6019475001240806,1.6022204400724145,1.6024892892905536,1.6027540598310939,1.6030147655656182,1.6032714221242979,1.6035240468321201,1.6037726586420475,1.6040172780654243,1.6042579270999526,1.6044946291555617,1.6047274089784942,1.6049562925739354,1.6051813071275087,1.6054024809259482,1.6056198432772655,1.6058334244307055,1.6060432554967887,1.6062493683677173,1.6064517956384161,1.606650570528462,1.6068457268051424,1.6070372987078736,1.6072253208741822,1.6074098282674514,1.6075908561066052,1.607768439797896,1.6079426148689384,1.6081134169051183,1.6082808814884921,1.608445044139267,1.6086059402599482,1.608763605082215,1.6089180736165756,1.6090693806048393,1.6092175604754253,1.6093626473015195,1.609504674762074,1.6096436761056383,1.6097796841169942,1.609912731086559,1.610042848782515,1.610170068425609,1.6102944206665668,1.6104159355660492,1.6105346425770801,1.6106505705298688,1.6107637476189416,1.6108742013924946,1.6109819587438847,1.6110870459051563,1.6111894884425175,1.6112893112536664,1.6113865385668744,1.6114811939417244,1.611573300271415,1.611662879786529,1.6117499540601765,1.6118345440144177,1.6119166699278729,1.6119963514444355,1.6120736075829967,1.6121484567481021,1.6122209167414576,1.6122910047742032,1.6123587374798891,1.612424130928074,1.6124872006384783,1.6125479615956348,1.6126064282639656,1.612662614603234,1.6127165340843157,1.612768199705236,1.612817624007427,1.6128648190921602,1.6129097966371138,1.612952567913035,1.6129931438004637,1.6130315348064836,1.6130677510814746,1.6131018024358343,1.6131336983566524,1.6131634480243051,1.6131910603289619,1.6132165438869768,1.6132399070571546,1.6132611579568754,1.6132803044780657,1.6132973543030038,1.613312314919953,1.6133251936386073,1.6133176863809617,1.6130272654784195,1.6126986973645157,1.6123267630594855,1.6119054758772022,1.6114279551709343,1.6108862762163407,1.6102712910632424,1.6095724139395247,1.6087773632152758,1.607871849941048,1.606839200441348,1.6056598972152767,1.6043110182628828,1.6027655496382291,1.6009915391486371,1.59895105014645,1.5965988625453273,1.5938808524451944,1.5907319604322152,1.587073629220414,1.5828105498760372,1.577826496103139,1.571978937676495,1.5650919899509939,1.5569470472038036,1.5472701119007317,1.5357142759753544,1.521834855837362,1.5050529771269343,1.4846002130786533,1.459430581164616,1.4280729724814865,1.3883671187115472,1.3369515809069215,1.2681621511561316,1.1712967062852353,1.0220759499580367,0.36289682515723026,0.0034442314196794005,0.0002585196420104829,0.0002585196419877921,0.0002585196419877927,0.0002585196419877921,0.0002585196419877919,0.0002585196419877927,0.0002585196419877921,0.0002585196419877921,0.0002585196419877927,0.0002585196419877927,0.00025851964198779156
1.592505066283788,1.592769171985399,1.5930309009138508,1.5932902481843914,1.593547209119542,1.593801779247781,1.594053954302089,1.594303730218365,1.5945511031337318,1.5947960693847405,1.595038625505479,1.5952787682256033,1.5955164944682858,1.5957518013480998,1.5959846861688358,1.5962151464212584,1.5964431797808112,1.5966687841052651,1.596891957432323,1.5971126979771761,1.59733100413002,1.597546874453527,1.5977603076802873,1.5979713027102052,1.5981798586078688,1.5983859745998839,1.5985896500721768,1.5987908845672691,1.5989896777815253,1.599186029562372,1.599379939905492,1.5995714089519968,1.5997604369855736,1.5999470244296117,1.6001311718443088,1.600312879923757,1.6004921494930102,1.6006689815051356,1.6008433770382469,1.6010153372925224,1.6011848635872103,1.6013519573576185,1.6015166201520918,1.6016788536289799,1.601838659553591,1.6019960397951383,1.6021509963236762,1.6023035312070293,1.6024536466077126,1.6026013447798477,1.6027466280660705,1.6028894988944364,1.603029959775322,1.6031680132983206,1.6033036621291403,1.603436909006496,1.6035677567390032,1.6036962082020731,1.6038222663348054,1.6039459341368862,1.6040672146654857,1.6041861110321616,1.6043026263997646,1.6044167639793512,1.6045285270270986,1.604637918841229,1.60474494275894,1.6048496021533423,1.6049519004304065,1.605051841025919,1.6051494274024474,1.605244663046318,1.6053375514646029,1.6054280961821195,1.6055163007384448,1.6056021686849395,1.60568570358179,1.6057669089950612,1.6058457884937691,1.6059223456469647,1.6059965840208392,1.6060685071758425,1.6061381186638217,1.606205422025178,1.606270420786042,1.6063331184554688,1.6063935185226539,1.6064516244541684,1.6065074396912173,1.606560967646918,1.6066122117036012,1.6066611752101352,1.6067078614792722,1.6067522737850193,1.6067944153600318,1.6068342893930305,1.6068718990262443,1.6069072473528765,1.6069403374145959,1.6069711321622677,1.6067004627939099,1.6063940754822827,1.6060470414086958,1.6056536964847,1.6052075181795673,1.6047009786604416,1.6041253690711756,1.6034705885334843,1.602724889892765,1.6018745722634713,1.600903607941774,1.5997931880960872,1.5985211676194409,1.5970613843592962,1.5953828212552317,1.5934485711829063,1.591214552760211,1.5886279098953777,1.5856250067620197,1.5821289006015995,1.57804613329502,1.5732626227478477,1.5676383467926052,1.5610003792266427,1.553133632485008,1.5437683368992445,1.5325627564278101,1.5190787410228639,1.5027461184487034,1.4828089484317566,1.4582407992155684,1.4276039652184542,1.3888000549867654,1.338591438248457,1.2715813084793008,1.1776777853496962,1.0336963165950044,0.4031335400587228,0.005175110661971086,0.00025851964219520047,0.0002585196419877921,0.0002585196419877927,0.0002585196419877921,0.0002585196419877919,0.0002585196419877927,0.0002585196419877921,0.0002585196419877921,0.0002585196419877927,0.0002585196419877927,0.00025851964198779156
1.5875275234126187,1.587761181521884,1.5879929010845075,1.5882226770626868,1.5884505044948982,1.5886763784979692,1.588900294268618,1.5891222470845443,1.5893422323051536,1.5895602453719664,1.5897762818087708,1.5899903372215614,1.5902024072982914,1.5904124878084818,1.590620574602697,1.5908266636119213,1.5910307508468415,1.5912328323970606,1.591432904430244,1.59163096319122,1.5918270050010317,1.5920210262559538,1.5922130234264817,1.5924029930562893,1.5925909317611693,1.5927768362279546,1.5929607032134239,1.5931425295431938,1.5933223121106022,1.5935000478755807,1.5936757338635212,1.5938493671641356,1.5940209449303104,1.594190464376957,1.59435792277986,1.5945233174745201,1.594686645854999,1.5948479053727591,1.5950070935355047,1.5951642079060206,1.5953192461010133,1.5954722057899489,1.5956230846938948,1.5957718805843595,1.5959185912821352,1.5960632146561413,1.5962057486222678,1.5963461911422232,1.596484540222382,1.5966207939126351,1.5967549503052423,1.5968870075336892,1.5970169637715423,1.5971448172313116,1.5972705661633135,1.5973942088545383,1.5975157436275182,1.5976351688392034,1.597752482879838,1.59786768417184,1.5979807711686878,1.5980917423538061,1.5982005962394634,1.5983073313656642,1.5984119462990536,1.598514439631823,1.5986148099806199,1.5987130559854652,1.5988091763086725,1.598903169633774,1.598995034664452,1.5990847701234736,1.599172374751633,1.5992578473066987,1.5993411865623641,1.5994223913072065,1.5995014603436506,1.5995783924869362,1.5996531865640953,1.5997258414129285,1.5997963558809953,1.5998647288246022,1.599930959107801,1.5999950456013903,1.600056987181923,1.6001167827307174,1.6001744311328752,1.6002299312762998,1.6002832820507216,1.6003344823467243,1.6003835310547734,1.6004304270642464,1.600475169262462,1.6005177565337072,1.6005581877582638,1.6005964618114268,1.600632577562514,1.6006665338738688,1.6006983295998443,1.6007287151134193,1.6004708561423446,1.6001789788826994,1.5998483896510123,1.5994736939841856,1.59904867880992,1.5985661717477437,1.5980178724610623,1.59739414973078,1.596683796340838,1.5958737318631147,1.5949486408836118,1.593890530966268,1.592678190498593,1.5912865212280858,1.5896857134079483,1.5878402225132071,1.585707494747303,1.5832363730066372,1.5803650940923208,1.5770187594612717,1.5731061221189893,1.5685154756523985,1.563109348487884,1.556717581453461,1.5491281725269375,1.540074961700459,1.5292207155648976,1.5161332964181362,1.5002510563485814,1.4808307539134584,1.456865780230761,1.426951085479089,1.3890456464497614,1.3400197505280818,1.2746915458105332,1.183394584802341,1.0433594770356278,0.4437505236920512,0.00754606411793509,0.0002585196436560327,0.0002585196419877921,0.0002585196419877927,0.0002585196419877921,0.0002585196419877919,0.0002585196419877927,0.0002585196419877921,0.0002585196419877921,0.0002585196419877927,0.0002585196419877927,0.00025851964198779156
1.582412674573632,1.5826386270389132,1.582862643517885,1.5830847184942078,1.5833048465992348,1.5835230226107422,1.5837392414516052,1.5839534981884182,1.5841657880300617,1.584376106326215,1.5845844485658227,1.5847908103755053,1.5849951875179233,1.5851975758900962,1.5853979715216722,1.5855963705731535,1.5857927693340823,1.5859871642211802,1.5861795517764528,1.586369928665251,1.586558291674302,1.5867446377096983,1.5869289637948603,1.587111267068464,1.5872915447823401,1.587469794299346,1.5876460130912122,1.5878201987363636,1.5879923489177197,1.5881624614204757,1.5883305341298637,1.5884965650288991,1.5886605521961104,1.5888224938032591,1.5889823881130478,1.5891402334768177,1.5892960283322421,1.5894497712010132,1.5896014606865252,1.5897510954715561,1.5898986743159498,1.5900441960542995,1.5901876595936353,1.590329063911116,1.5904684080517288,1.5906056911259956,1.5907409123076905,1.5908740708315674,1.591005165991102,1.591134197136245,1.5912611636711933,1.5913860650521765,1.591508900785261,1.5916296704241735,1.5917483735681452,1.591865009859775,1.5919795789829174,1.592092080660591,1.5922025146529124,1.5923108807550548,1.5924171787952297,1.5925214086326986,1.592623570155808,1.592723663280052,1.5928216879461659,1.592917644118242,1.5930115317818814,1.5931033509423678,1.5931931016228749,1.5932807838627003,1.593366397715532,1.5934499432477405,1.5935314205367046,1.5936108296691627,1.5936881707395978,1.5937634438486479,1.5938366491015479,1.5939077866066005,1.5939768564736743,1.594043858812732,1.594108793732385,1.5941716613384769,1.5942324617326928,1.5942911950111973,1.5943478612632969,1.5944024605701275,1.5944549930033705,1.5945054586239882,1.5945538574809877,1.5946001896102047,1.594644455033112,1.5946866537556479,1.5947267857670673,1.5947648510388117,1.5948008495234007,1.5948347811533397,1.594866645840048,1.5948964434728035,1.594924173917704,1.5949485974725057,1.5946984758795837,1.5944153907528853,1.5940948023125603,1.593731494867861,1.5933194635185794,1.592851778897917,1.5923204250656116,1.5917161044448123,1.5910280021534116,1.5902435001155868,1.5893478288282923,1.5883236414359634,1.5871504906173832,1.5858041834186885,1.584255982180882,1.582471610567676,1.580410011649357,1.5780217889830324,1.5752472401286544,1.572013862816774,1.5682331736530402,1.5637966225185744,1.5585703041543455,1.5523880474888778,1.545042278326998,1.5362717579654623,1.5257448184075637,1.5130358920111926,1.497591672922658,1.4786805438741955,1.455313642861289,1.4261150619526364,1.3890942482126993,1.3412124316565504,1.2774545455565998,1.18843269032686,1.0513778793373407,0.4844315331508229,0.010697910902107968,0.00025851965373979816,0.0002585196419877921,0.0002585196419877927,0.0002585196419877921,0.0002585196419877919,0.0002585196419877927,0.0002585196419877921,0.0002585196419877921,0.0002585196419877927,0.0002585196419877927,0.00025851964198779156
1.5774512267397007,1.5776702414814545,1.5778873492587324,1.5781025443158407,1.5783158210692083,1.5785271741065148,1.578736598185658,1.5789440882335748,1.5791496393449285,1.5793532467806661,1.579554905966462,1.5797546124910467,1.5799523621044356,1.580148150716058,1.580341974392792,1.5805338293569176,1.580723711983983,1.580911618800595,1.5810975464821362,1.581281491850413,1.5814634518712394,1.5816434236519576,1.5818214044389034,1.581997391614817,1.582171382696203,1.5823433753306466,1.582513367294082,1.5826813564880278,1.5828473409367811,1.5830113187845811,1.5831732882927434,1.583333247836769,1.5834911959034286,1.5836471310878315,1.5838010520904733,1.583952957714275,1.5841028468616094,1.5842507185313226,1.5843965718157518,1.584540405897739,1.584682220047653,1.584822013620409,1.5849597860525024,1.5850955368590491,1.5852292656308402,1.5853609720314112,1.5854906557941322,1.5856183167193125,1.585743954671336,1.5858675695758138,1.5859891614167672,1.5861087302338408,1.5862262761195443,1.5863417992165256,1.5864552997148829,1.5865667778495083,1.5866762338974694,1.5867836681754326,1.5868890810371217,1.5869924728708225,1.587093844096925,1.587193195165513,1.587290526553994,1.5873858387647763,1.5874791323229909,1.5875704077742576,1.5876596656825,1.5877469066278052,1.5878321312043306,1.5879153400182586,1.5879965336857966,1.5880757128312253,1.5881528780849927,1.5882280300818545,1.588301169459061,1.5883722968545897,1.5884414129054216,1.5885085182458634,1.5885736135059123,1.588636699309665,1.5886977762737664,1.5887568450059022,1.5888139061033308,1.588868960151452,1.5889220077224173,1.5889730493737735,1.5890220856471462,1.5890691170669515,1.589114144139147,1.5891571673500091,1.5891981871649439,1.5892372040273235,1.5892742183573536,1.5893092305509608,1.5893422409787086,1.5893732499847333,1.5894022578856992,1.5894292649697734,1.5894542714956184,1.589474890548108,1.589231010947234,1.5889550136717285,1.5886424812777569,1.5882883400030896,1.5878867500376337,1.587430974570248,1.5869132228844784,1.586324461597453,1.5856541866378373,1.5848901466467513,1.58401800603664,1.5830209327930207,1.5818790920345793,1.5805690210628585,1.5790628547336016,1.5773273609173988,1.57532273382263,1.5730010769502893,1.5703044858898652,1.5671626117796853,1.5634895456357898,1.5591798066324727,1.5541031353911925,1.5480976725553448,1.5409609198302134,1.5324375938444865,1.5222030174508316,1.5098399067564026,1.494805026572636,1.4763796253708035,1.4535925558643696,1.425094538937383,1.3889383002449003,1.3421588409334502,1.2798656362658636,1.192839990534433,1.0580908579661503,0.5251993015052021,0.01481509015926045,0.00025851971576317336,0.0002585196419877921,0.00025851964198779276,0.0002585196419877921,0.0002585196419877919,0.00025851964198779276,0.0002585196419877921,0.0002585196419877921,0.00025851964198779276,0.00025851964198779276,0.00025851964198779156
1.5715127600043621,1.571793438418022,1.572070026604099,1.5723425195772607,1.5726109164284139,1.5728752202712017,1.5731354381664224,1.5733915810257475,1.5736436634962496,1.5738917038273674,1.5741357237220257,1.574375748173697,1.574611805291233,1.574843926113307,1.5750721444143112,1.5752964965035232,1.575517021019306,1.5757337587200497,1.5759467522734898,1.5761560460459334,1.5763616858928382,1.5765637189520785,1.5767621934411133,1.5769571584591626,1.577148663795372,1.5773367597438295,1.5775214969261802,1.5777029261224669,1.577881098110713,1.5780560635156546,1.5782278726669339,1.5783965754669576,1.5785622212685406,1.5787248587623794,1.5788845358743067,1.5790412996722247,1.5791951962825508,1.579346270815943,1.5794945673020437,1.5796401286329242,1.5797829965148835,1.5799232114282302,1.580060812594649,1.5801958379517342,1.580328324134272,1.5804583064618285,1.580585818932215,1.5807108942203894,1.580833563682361,1.5809538573636763,1.581071804012068,1.5811874310938592,1.5813007648137387,1.5814118301375253,1.5815206508175645,1.5816272494204175,1.5817316473565128,1.5818338649114627,1.5819339212787524,1.582031834593539,1.5821276219673086,1.5822212995231681,1.582312882431553,1.582402384946167,1.5824898204399716,1.5825752014410719,1.582658539668358,1.582739846066766,1.5828191308420636,1.5828964034950441,1.5829716728550611,1.583044947112821,1.5831162338523748,1.5831855400822665,1.5832528722657884,1.5833182363503189,1.5833816377957226,1.5834430816017901,1.5835025723347227,1.5835601141526503,1.5836157108301938,1.5836693657820822,1.5837210820858358,1.5837708625035416,1.5838187095027343,1.5838646252764208,1.5839086117622654,1.5839506706609767,1.5839908034539234,1.5840290114200175,1.5840652956518981,1.5840996570714594,1.584132096444753,1.5841626143963097,1.58419121142292,1.584217887906905,1.5842426441289295,1.5842654802803837,1.5842863964753806,1.584300571489805,1.584061558950279,1.5837911044660957,1.583484892050948,1.5831379663877412,1.5827446262953981,1.5822982976281443,1.5817913810189876,1.5812150687294688,1.5805591234039398,1.579811609656343,1.5789585670195003,1.5779836097000037,1.5768674345920282,1.5755872138214093,1.5741158413249456,1.572420994078178,1.5704639568123375,1.5681981433348855,1.5655672263365215,1.5625027585424778,1.5589211277986212,1.5547196318531087,1.5497713767801613,1.5439185824871031,1.53696369655145,1.5286574338477523,1.5186824021536376,1.5066302080286733,1.4919685962122966,1.473992704575845,1.4517496837996804,1.4239157816570944,1.388581673820157,1.3428413563435244,1.281893307325361,1.1966099410327362,1.063699823556983,0.565409770207642,0.020025238861336624,0.00025852005054088163,0.0002585196419877921,0.00025851964198779276,0.0002585196419877921,0.0002585196419877919,0.00025851964198779276,0.0002585196419877921,0.0002585196419877921,0.00025851964198779276,0.00025851964198779276,0.00025851964198779156
1.565685565883757,1.565928980894583,1.5661702559911472,1.5664093853634755,1.5666463634257208,1.566881184814446,1.567113844386838,1.5673443372188613,1.5675726586033438,1.5677988040480042,1.5680227692734166,1.5682445502109148,1.5684641430004416,1.5686815439883364,1.5688967497250712,1.5691097569629298,1.5693205626536346,1.5695291639459223,1.5697355581830685,1.5699397429003634,1.5701417158225401,1.5703414748611573,1.5705390181119354,1.5707343438520518,1.5709274505373918,1.5711183367997594,1.571307001444051,1.5714934434453876,1.5716776619462132,1.5718596562533582,1.5720394258350685,1.5722169703180005,1.5723922894841902,1.572565383267988,1.5727362517529673,1.5729048951688078,1.573071313888151,1.5732355084234335,1.5733974794236976,1.5735572276713796,1.5737147540790803,1.573870059686314,1.574023145656244,1.5741740132723978,1.574322663935373,1.5744690991595245,1.5746133205696426,1.5747553298976218,1.574895128979115,1.5750327197501854,1.575168104243946,1.575301284587197,1.5754322629970567,1.5755610417775892,1.5756876233164285,1.5758120100814053,1.5759342046171674,1.5760542095418069,1.5761720275434863,1.576287661377068,1.5764011138607483,1.5765123878726974,1.5766214863477028,1.5767284122738245,1.576833168689054,1.5769357586779826,1.5770361853684842,1.5771344519284045,1.5772305615622622,1.5773245175079664,1.5774163230335445,1.5775059814338854,1.5775934960274987,1.5776788701532884,1.5777621071673456,1.577843210439757,1.5779221833514332,1.5779990292909554,1.5780737516514414,1.5781463538274352,1.5782168392118137,1.578285211192719,1.578351473150511,1.5784156284547446,1.578477680461172,1.5785376325087666,1.5785954879167738,1.57865124998179,1.5787049219748628,1.5787565071386236,1.5788060086844449,1.5788534297896248,1.5788987735946047,1.5789420432002104,1.5789832416649279,1.5790223720022067,1.579059437177795,1.579094440107106,1.579127383652616,1.57916429957854,1.5789342210760595,1.5786737767274188,1.5783787743419908,1.5780443955162735,1.5776650903801865,1.577234451957534,1.5767450656283302,1.5761883280720927,1.5755542286671753,1.5748310845361322,1.5740052181479076,1.573060563462291,1.571978182826004,1.5707356719212378,1.569306423636513,1.5676587132270228,1.5657545557742856,1.5635482716141413,1.5609846744316314,1.5579967676968975,1.5545027944299452,1.550402427495884,1.5455718043938056,1.5398569886210047,1.5330652574903783,1.5249533362920658,1.5152112526029353,1.503439741327779,1.4891178280043473,1.47155480438166,1.449816064243709,1.4226022471074349,1.3880379327296242,1.3432651827190627,1.2835461125125218,1.199797543283997,1.068456669879296,0.6047608111256884,0.02647109634804381,0.0002585216532280932,0.0002585196419877921,0.00025851964198779276,0.0002585196419877921,0.00025851964198779194,0.00025851964198779276,0.0002585196419877921,0.0002585196419877921,0.00025851964198779276,0.00025851964198779276,0.00025851964198779156
1.5584417112033653,1.5587144979450513,1.558984901972776,1.5592529179513244,1.5595185408062506,1.559781765722313,1.560042588141711,1.5603010037621383,1.5605570085346747,1.5608105986615268,1.5610617705936376,1.5613105210281701,1.561556846905879,1.5618007454083747,1.5620422139552934,1.5622812502013737,1.5625178520334493,1.5627520175673622,1.5629837451448019,1.5632130333300729,1.5634398809067969,1.5636642868745525,1.5638862504454554,1.564105771040683,1.5643228482869465,1.5645374820129125,1.564749672245579,1.5649594192066036,1.5651667233085969,1.565371585151367,1.5655740055181366,1.5657739853717185,1.565971525850664,1.5661666282653772,1.5663592940942062,1.5665495249795034,1.5667373227236678,1.5669226892851622,1.567105626774513,1.5672861374502915,1.567464223715082,1.567639888111434,1.5678131333178051,1.5679839621444938,1.5681523775295638,1.568318382534763,1.56848198034144,1.5686431742464542,1.5688019676580898,1.5689583640919686,1.5691123671669633,1.5692639806011206,1.5694132082075831,1.569560053890525,1.569704521641091,1.5698466155333493,1.5699863397202543,1.570123698429621,1.5702586959601175,1.5703913366772668,1.5705216250094727,1.5706495654440558,1.5707751625233142,1.5708984208406023,1.571019345036429,1.5711379397945808,1.5712542098382665,1.571368159926285,1.571479794849221,1.5715891194256626,1.571696138498448,1.571800856930939,1.5719032796033225,1.5720034114089398,1.5721012572506468,1.572196822037204,1.5722901106796956,1.572381128087982,1.5724698791671814,1.5725563688141866,1.5726406019142116,1.572722583337373,1.5728023179353037,1.5728798105378017,1.5729550659495113,1.5730280889466397,1.5730988842737075,1.5731674566403355,1.5732338107180641,1.5732979511372087,1.573359882483752,1.5734196092962693,1.5734771360628887,1.5735324672182898,1.5735856071407326,1.5736365601491258,1.5736853305001282,1.5737319223852815,1.5737763399281834,1.5738352714322863,1.5736160249377367,1.5733677432806397,1.5730863932365344,1.5727673333089847,1.5724052102853299,1.5719938355599368,1.5715260367311599,1.5709934788795543,1.5703864485471712,1.5696935916787662,1.5689015945472935,1.5679947938232657,1.5669546982659721,1.5657593997469323,1.5643828450926374,1.5627939320334083,1.5609553816235688,1.5588223247769253,1.5563405204582939,1.553444095234957,1.5500526547798943,1.5460675621147275,1.541367096430965,1.5358000866897321,1.529177433440308,1.5212606517924552,1.5117461188876211,1.500242960495597,1.4862412075658544,1.4690644606133463,1.4477966185813926,1.4211623162063707,1.3873175306498442,1.3434451942592904,1.284855534675965,1.2024904478645684,1.072623389791333,0.6432716951932425,0.034351049634926634,0.00025852861761357227,0.0002585196419877921,0.00025851964198779276,0.0002585196419877921,0.00025851964198779194,0.00025851964198779276,0.0002585196419877921,0.0002585196419877921,0.00025851964198779276,0.00025851964198779276,0.00025851964198779156
1.5531346606609375,1.5533983615040057,1.553659902215902,1.5539192776224253,1.5541764827047906,1.5544315126024293,1.5546843626149391,1.5549350282033292,1.5551835049906697,1.5554297887622608,1.5556738754653834,1.555915761208715,1.5561554422614536,1.556392915052201,1.5566281761676404,1.5568612223510414,1.557092050500617,1.5573206576677512,1.557547041055122,1.557771198014726,1.557993126045823,1.5582128227928116,1.5584302860430366,1.5586455137245465,1.5588585039038,1.5590692547833305,1.5592777646993687,1.5594840321194359,1.5596880556399022,1.5598898339835199,1.5600893659969288,1.5602866506481436,1.560481687024018,1.5606744743276917,1.5608650118760221,1.5610532990970025,1.561239335527167,1.561423120808984,1.561604654688242,1.5617839370114281,1.5619609677230974,1.5621357468632404,1.562308274564645,1.5624785510502552,1.5626465766305313,1.562812351700807,1.5629758767386497,1.5631371523012199,1.5632961790226374,1.5634529576113485,1.5636074888475002,1.5637597735803184,1.5639098127254962,1.564057607262587,1.5642031582324072,1.56434646673445,1.5644875339243076,1.5646263610111057,1.5647629492549493,1.564897299964381,1.565029414493856,1.5651592942412238,1.565286940645232,1.565412355183043,1.5655355393677632,1.5656564947459943,1.5657752228953972,1.5658917254222748,1.566006003959174,1.5661180601625042,1.5662278957101743,1.5663355122992515,1.5664409116436375,1.5665440954717642,1.5666450655243112,1.566743823551942,1.5668403713130628,1.566934710571599,1.5670268430947967,1.5671167706510403,1.567204495007697,1.5672900179289768,1.5673733411738169,1.5674544664937857,1.567533395631009,1.5676101303161138,1.5676846722661957,1.567757023182804,1.5678271847499454,1.567895158632107,1.567960946472298,1.568024549890103,1.5680859704797574,1.5681452098082291,1.5682022694133162,1.5682571508017504,1.5683098554473087,1.5683603847889267,1.5684087402288076,1.5684760854076314,1.5682663446246956,1.56802878745675,1.567759539028125,1.5674541371173139,1.5671074314949287,1.5667134633764064,1.5662653205244457,1.5657549624334905,1.5651730086341482,1.5645084813869148,1.563748491784408,1.5628778554069316,1.5618786199885166,1.560729482793194,1.5594050692241426,1.5578750361040934,1.5561029523838132,1.5540448957612154,1.5516476843615266,1.5488466360397304,1.5455627106505132,1.5416988375191134,1.5371351529219042,1.531722756899696,1.525275422163765,1.5175584105965223,1.5082731044074857,1.497035408711003,1.483344574946291,1.4665366982036214,1.4457124574154232,1.419618738896395,1.3864404939638617,1.3433970060106306,1.285839255902596,1.2047372773383511,1.0763687107827882,0.6803362860329775,0.043726425279753754,0.0002585557414955079,0.0002585196419877921,0.00025851964198779276,0.0002585196419877921,0.00025851964198779194,0.00025851964198779276,0.0002585196419877921,0.0002585196419877921,0.00025851964198779276,0.00025851964198779276,0.00025851964198779156
1.5483507374845937,1.5486085936896026,1.5488643261441348,1.5491179292926232,1.549369397794295,1.5496187265212804,1.5498659105566028,1.550110945192061,1.5503538259259966,1.550594548460959,1.5508331087012597,1.5510695027504309,1.55130372690858,1.5515357776696521,1.5517656517185987,1.5519933459284567,1.5522188573573474,1.5524421832453854,1.5526633210115184,1.5528822682502883,1.5530990227285246,1.553313582381972,1.5535259453118557,1.5537361097813907,1.5539440742122368,1.5541498371809066,1.5543533974151265,1.5545547537901598,1.5547539053250934,1.5549508511790926,1.555145590647628,1.55533812315868,1.5555284482689282,1.5557165656599186,1.555902475134227,1.556086176611615,1.5562676701251816,1.5564469558175187,1.5566240339368727,1.5567989048333126,1.556971568954916,1.5571420268439689,1.5573102791331863,1.5574763265419578,1.557640169872621,1.5578018100067623,1.5579612479015563,1.5581184845861353,1.558273521158005,1.5584263587794962,1.558576998674265,1.5587254421238386,1.5588716904642101,1.5590157450824853,1.5591576074135827,1.559297278936987,1.5594347611735635,1.5595700556824261,1.559703164057869,1.5598340879263566,1.5599628289435774,1.5600893887915601,1.5602137691758546,1.560335971822774,1.5604559984767081,1.5605738508974951,1.560689530857864,1.5608030401409416,1.5609143805378232,1.5610235538452104,1.5611305618631153,1.5612354063926264,1.5613380892337425,1.5614386121832653,1.5615369770327612,1.5616331855665782,1.56172723955993,1.5618191407770359,1.561908890969319,1.561996491873666,1.5620819452107388,1.562165252683343,1.5622464159748484,1.5623254367476616,1.5624023166417484,1.5624770572732045,1.5625496602328706,1.5626201270849964,1.562688459365942,1.5627546585829237,1.5628187262127975,1.5628806637008796,1.5629404724598004,1.562998153868393,1.563053709270612,1.5631071399744805,1.563158447251064,1.5632076323334685,1.5632546964158618,1.5633207297876288,1.5631174955472789,1.5628873124381821,1.5626264271239838,1.5623305173031932,1.5619945940959932,1.5616128850880284,1.5611786936604046,1.5606842291444731,1.5601204009564584,1.5594765681066594,1.558740233230889,1.5578966674124108,1.5569284483582113,1.5558148897042268,1.5545313329986974,1.5530482657675981,1.5513302183264703,1.5493343777108408,1.547008837862454,1.5442903789645397,1.5411016324115647,1.5373474363730908,1.5329101122624034,1.5276432813619674,1.5213636707708997,1.5138400892333508,1.5047783153228376,1.4937999006172815,1.4804115900142605,1.463959661060189,1.4435587731707975,1.417974919660265,1.3854186333578082,1.3431420860943073,1.2865357864613933,1.2066182513035415,1.0798759617557798,0.7157018538337169,0.054677050764422475,0.00025865143619745694,0.0002585196419877921,0.0002585196419877928,0.0002585196419877921,0.0002585196419877919,0.0002585196419877928,0.0002585196419877921,0.0002585196419877921,0.0002585196419877928,0.0002585196419877928,0.00025851964198779156
1.5437985029969408,1.5440519400577197,1.544303232223609,1.5445523736559155,1.5447993588155051,1.5450441824610084,1.5452868396466128,1.545527325719465,1.5457656363167105,1.546001767362181,1.5462357150627584,1.5464674759044248,1.5466970466480214,1.5469244243247273,1.5471496062312762,1.5473725899249275,1.5475933732182037,1.5478119541734097,1.5480283310969518,1.5482425025334658,1.5484544672597722,1.548664224278671,1.548871772812594,1.5490771122971234,1.5492802423743943,1.5494811628863954,1.549679873868181,1.549876375541009,1.5500706683054168,1.5502627527342498,1.5504526295656587,1.5506402996960726,1.5508257641731662,1.5510090241888321,1.551190081072169,1.551368936282499,1.5515455914024257,1.5517200481309454,1.551892308276619,1.552062373750818,1.5522302465610525,1.5523959288043934,1.5525594226609938,1.552720730387723,1.5528798543119167,1.5530367968252519,1.5531915603777584,1.5533441474719651,1.553494560657194,1.5536428025240034,1.5537888756987883,1.5539327828385403,1.55407452662577,1.554214109763599,1.5543515349710217,1.554486804978339,1.554619922522767,1.5547508903442246,1.5548797111812935,1.5550063877673606,1.5551309228269357,1.5552533190721496,1.555373579199426,1.5554917058863311,1.5556077017885988,1.5557215695373263,1.555833311736343,1.5559429309597443,1.5560504297495945,1.5561558106137892,1.556259076024076,1.5563602284142348,1.5564592701784046,1.5565562036695613,1.5566510311981363,1.5567437550307757,1.5568343773892321,1.5569229004493872,1.557009326340396,1.5570936571439546,1.5571758948936785,1.5572560415745895,1.557334099122711,1.5574100694247532,1.5574839543179004,1.5575557555896755,1.557625474977894,1.5576931141706885,1.557758674806604,1.5578221584747614,1.5578835667150719,1.5579429010185128,1.558000162827443,1.5580553535359642,1.5581084744903162,1.5581595269893018,1.558208512284735,1.5582554315819082,1.5583002860400728,1.558363159634413,1.558164844435284,1.557940246527631,1.5576857085964042,1.557397019571007,1.5570693197085317,1.5566969868594838,1.5562734996511924,1.555791272253211,1.5552414540279007,1.554613685633832,1.5538958009293669,1.5530734611724064,1.5521297043361937,1.551044387599244,1.549793494867495,1.5483482730647409,1.54667415020988,1.5447293740326882,1.542463290682813,1.5398141569124122,1.536706342845307,1.5330467312130642,1.528720044917045,1.5235827250644465,1.517454814362388,1.510109037735669,1.5012558440820516,1.4905224495176064,1.4774226440429494,1.4613117457084366,1.4413163840998522,1.4162187691126749,1.3842515825190462,1.3426971465894366,1.286988259516258,1.2082241176026158,1.083325141567991,0.7494182387012216,0.0673593811599145,0.000258963499217763,0.0002585196419877921,0.0002585196419877928,0.0002585196419877921,0.0002585196419877919,0.0002585196419877928,0.0002585196419877921,0.0002585196419877921,0.0002585196419877928,0.0002585196419877928,0.00025851964198779156
1.540143152759851,1.5403712330224009,1.5405975560193474,1.5408221160993307,1.5410449076973844,1.5412659253372756,1.5414851636332174,1.5417026172910602,1.5419182811090608,1.5421321499783005,1.542344218882819,1.5425544828995066,1.5427629371978078,1.5429695770392586,1.5431743977768921,1.5433773948545353,1.5435785638060115,1.5437779002542669,1.543975399910436,1.544171058572848,1.5443648721259944,1.5445568365394537,1.544746947866787,1.5449352022444054,1.5451215958904125,1.545306125103432,1.54548878626141,1.54566957582041,1.545848490313392,1.5460255263489797,1.5462006806102182,1.5463739498533249,1.5465453309064305,1.546714820668316,1.5468824161071404,1.5470481142591672,1.5472119122274839,1.547373807180718,1.5475337963517517,1.5476918770364299,1.5478480465922708,1.5480023024371692,1.5481546420481034,1.5483050629598358,1.5484535627636187,1.5486001391058928,1.5487447896869921,1.5488875122598433,1.5490283046286708,1.5491671646476979,1.5493040902198534,1.549439079295476,1.5495721298710223,1.5497032399877768,1.5498324077305634,1.5499596312264596,1.550084908643514,1.5502082381894668,1.5503296181104729,1.550449046689829,1.5505665222467049,1.5506820431348785,1.5507956077414744,1.5509072144857092,1.5510168618176388,1.5511245482169134,1.551230272191535,1.5513340322766225,1.5514358270331827,1.5515356550468846,1.551633514926842,1.5517294053044026,1.5518233248319413,1.5519152721816634,1.5520052460444105,1.552093245128478,1.5521792681584357,1.5522633138739572,1.5523453810286583,1.5524254683889396,1.5525035747328384,1.552579698848888,1.552653839534986,1.5527259955972657,1.5527961658489788,1.5528643491093856,1.5529305442026493,1.5529947499567378,1.5530569652023347,1.5531171887717523,1.5531754194978513,1.5532316562129658,1.5532858977478277,1.5533381429305002,1.5533883905853012,1.5534366395317345,1.5534828885834104,1.5535271365469614,1.5535693822209469,1.5536282459641102,1.5534338643672567,1.5532137396577714,1.5529642938227064,1.5526814079485254,1.5523603296296624,1.5519955620202466,1.5515807303605025,1.551108420759163,1.550569984677521,1.5499553008564717,1.5492524842462165,1.5484475286946284,1.5475238665328976,1.5464618235067578,1.5452379413868365,1.5438241325674344,1.5421866203509733,1.540284604450814,1.5380685721294696,1.535478149253056,1.5324393492546649,1.528861026706702,1.5246302681870065,1.5196063437584963,1.51361267634628,1.5064260262970413,1.4977616665936795,1.487252611609845,1.474419701576546,1.4586269932668063,1.4390122415963025,1.4143722858732661,1.3829597713447737,1.3420857930926968,1.2872308165807829,1.2096126993519616,1.086806032589325,0.781008704373063,0.08170023229776893,0.0002598915473901339,0.0002585196419877921,0.0002585196419877928,0.0002585196419877921,0.0002585196419877919,0.0002585196419877928,0.0002585196419877921,0.0002585196419877921,0.0002585196419877928,0.0002585196419877928,0.00025851964198779156
1.53624921764992,1.5364770615223844,1.5367029533001482,1.5369268865587264,1.537148855215008,1.5373688535248733,1.5375868760803397,1.5378029178062533,1.5380169739565301,1.5382290401099639,1.5384391121656091,1.5386471863377549,1.5388532591505055,1.5390573274319819,1.5392593883081636,1.5394594391963863,1.5396574777985175,1.5398535020938244,1.5400475103315616,1.5402395010232912,1.5404294729349635,1.5406174250787745,1.5408033567048276,1.540987267292614,1.5411691565423427,1.5413490243661359,1.5415268708791132,1.5417026963903904,1.5418765013940092,1.542048286559823,1.5422180527243603,1.5423858008816822,1.5425515321742607,1.5427152478838926,1.542876949422669,1.5430366383240215,1.543194316233859,1.543349984901817,1.5435036461726295,1.5436553019776447,1.5438049543264962,1.5439526052989443,1.5440982570368995,1.5442419117366395,1.5443835716412355,1.5445232390331902,1.5446609162273037,1.544796605563771,1.5449303094015205,1.545062030111802,1.5451917700720212,1.5453195316598396,1.5454453172475289,1.5455691291965918,1.5456909698526518,1.545810841540604,1.5459287465600413,1.546044687180943,1.5461586656396333,1.5462706841350047,1.5463807448250046,1.5464888498233822,1.5465950011966931,1.5466992009615572,1.5468014510821644,1.5469017534680258,1.5470001099719628,1.5470965223883293,1.5471909924514595,1.5472835218343404,1.547374112147492,1.5474627649380592,1.5475494816891033,1.5476342638190814,1.5477171126815161,1.547798029564839,1.5478770156924049,1.5479540722226661,1.5480292002495015,1.5481024008026913,1.5481736748485266,1.548243023290552,1.548310446970426,1.5483759466688984,1.548439523106888,1.5485011769466628,1.5485609087931074,1.5486187191950707,1.5486746086467909,1.5487285775893844,1.548780626412394,1.548830755455391,1.5488789650096177,1.5489252553196702,1.548969626585209,1.5490120789626955,1.5490526125671402,1.5490912274738657,1.549127923720268,1.5491772062329032,1.5489847241272166,1.5487667945810164,1.5485198917340814,1.5482399592960419,1.5479223202724797,1.5475615688701112,1.5471514405336693,1.546684655040901,1.5461527262731913,1.5455457306041227,1.5448520236967291,1.5440578927260151,1.5431471274523327,1.5421004889016043,1.540895048306552,1.5395033609441033,1.5378924288948819,1.5360223926008045,1.5338448720362405,1.5313008523151415,1.5283179725682614,1.5248070261740885,1.5206574072862125,1.5157311305163563,1.5098548863348706,1.50280933700765,1.4943144390995362,1.4840088707155952,1.4714203901701877,1.4559216218614168,1.4366611480875513,1.4124499349731627,1.381560085857465,1.3413323844150855,1.2873033100443176,1.2108499746480659,1.0903997020472076,0.8103444908943657,0.09767219350592664,0.0002624301800637409,0.0002585196419877921,0.0002585196419877928,0.0002585196419877921,0.00025851964198779194,0.0002585196419877928,0.0002585196419877921,0.0002585196419877921,0.0002585196419877928,0.0002585196419877928,0.00025851964198779156
1.5308318834925223,1.5311037484309502,1.5313726611007117,1.5316386143099958,1.5319016020785263,1.532161619628346,1.532418663372043,1.5326727308985073,1.5329238209563125,1.5331719334348126,1.5334170693430593,1.5336592307866388,1.533898420942538,1.5341346440321497,1.534367905292535,1.5345982109460528,1.5348255681684912,1.53504998505581,1.5352714705896289,1.5354900346015863,1.5357056877366964,1.5359184414158331,1.5361283077974706,1.5363352997388073,1.536539430756401,1.5367407149864427,1.5369391671447858,1.5371348024868612,1.5373276367675879,1.537517686201397,1.5377049674224805,1.5378894974453678,1.5380712936259378,1.5382503736229554,1.538426755360233,1.5386004569894982,1.538771496854049,1.5389398934532776,1.539105665408127,1.5392688314275436,1.5394294102759936,1.5395874207420832,1.5397428816083392,1.5398958116221817,1.540046229468135,1.5401941537412955,1.540339602922086,1.5404825953523127,1.540623149212543,1.5407612825008037,1.5408970130126112,1.5410303583223284,1.5411613357658442,1.5412899624245646,1.541416255110704,1.5415402303538595,1.5416619043888433,1.5417812931447572,1.5418984122352777,1.5420132769501211,1.5421259022476645,1.542236302748682,1.5423444927311654,1.5424504861261896,1.5425542965147905,1.5426559371258064,1.5427554208346541,1.5428527601629916,1.542947967279227,1.543041053999839,1.5431320317914559,1.5432209117736628,1.5433077047224921,1.543392421074551,1.5434750709317568,1.5435556640666297,1.543634209928112,1.5437107176478708,1.5437851960470501,1.5438576536434336,1.5439280986589863,1.5439965390277368,1.5440629824039713,1.5441274361707058,1.5441899074484036,1.5442504031039137,1.5443089297595975,1.5443654938026177,1.5444201013943644,1.544472758479993,1.544523470798049,1.5445722438901575,1.5446190831107558,1.5446639936368485,1.5447069804777633,1.5447480484848897,1.5447872023613807,1.5448244466718022,1.5448597858517072,1.5449070504644922,1.5447166700810024,1.5445011305986163,1.5442569493622202,1.543980120794146,1.5436660276980247,1.5433093351345137,1.5429038629289347,1.542442431874146,1.5419166774198296,1.5413168230095782,1.5406314031310306,1.5398469234368057,1.5389474417820108,1.5379140494462484,1.536724225810072,1.5353510318498906,1.5337620973214943,1.531918342456296,1.5297723560011487,1.5272663254314145,1.5243293790453345,1.5208741485996826,1.5167922875719055,1.5119485716833758,1.5061730442563892,1.4992504131033728,1.4909054919670524,1.4807827821545243,1.468417057150338,1.4531895140652455,1.4342595009134684,1.410452134873677,1.3800595949354273,1.340455258830816,1.2872427860869284,1.2120006564215664,1.094180989730749,0.8375633085800485,0.11536400855713515,0.000268910152320465,0.0002585196419877921,0.0002585196419877928,0.0002585196419877921,0.00025851964198779194,0.0002585196419877928,0.0002585196419877921,0.0002585196419877921,0.0002585196419877928,0.0002585196419877928,0.00025851964198779156
1.5266073361496018,1.5268491963300235,1.527089079475915,1.5273269794072681,1.5275628901270772,1.5277968058240639,1.528028720874543,1.5282586298435752,1.5284865274855386,1.5287124087442088,1.5289362687524408,1.5291581028315102,1.5293779064901711,1.5295956754234787,1.5298114055114067,1.5300250928172927,1.5302367335861378,1.5304463242427735,1.5306538613899237,1.5308593418061622,1.5310627624437887,1.531264120426626,1.5314634130477482,1.5316606377671471,1.5318557922093414,1.5320488741609362,1.532239881568132,1.5324288125341927,1.5326156653168712,1.5328004383257987,1.5329831301198376,1.5331637394044002,1.5333422650287423,1.5335187059832203,1.533693061396526,1.5338653305328966,1.5340355127892968,1.5342036076925842,1.534369614896648,1.5345335341795336,1.5346953654405473,1.5348551086973432,1.535012764082996,1.5351683318430602,1.535321812332615,1.5354732060133005,1.5356225134503378,1.5357697353095479,1.5359148723543545,1.5360579254427862,1.5361988955244672,1.5363377836376095,1.536474590905996,1.536609318535963,1.5367419678133825,1.536872540100641,1.5370010368336218,1.5371274595186866,1.5372518097296608,1.5373740891048207,1.537494299343887,1.5376124422050226,1.5377285195018349,1.5378425331003898,1.5379544849162268,1.538064376911391,1.5381722110914668,1.5382779895026275,1.5383817142286944,1.5384833873882076,1.5385830111315109,1.5386805876378469,1.5387761191124727,1.5388696077837838,1.5389610559004574,1.539050465728612,1.539137839548983,1.5392231796541171,1.5393064883455827,1.5393877679312011,1.5394670207222974,1.5395442490309685,1.539619455167374,1.5396926414370464,1.5397638101382216,1.539832963559193,1.5399001039756837,1.5399652336482423,1.54002835481966,1.5400894697124075,1.5401485805260928,1.540205689434943,1.540260798585299,1.5403139100931351,1.5403650260415913,1.540414148478523,1.5404612794140637,1.5405064208181953,1.5405495746183278,1.5406117902146075,1.5404268233413527,1.5402173476438517,1.5399799543793864,1.5397107193181159,1.5394051146149164,1.5390579032901934,1.5386630124051235,1.5382133800419235,1.5377007699623844,1.5371155462413468,1.5364463981549306,1.5356800030101163,1.534800611249935,1.5337895338055878,1.5326245059458126,1.53127889430577,1.5297207036661844,1.5279113263934232,1.5258039587731935,1.5233415826002716,1.5204543740650718,1.5170563502476262,1.5130409887005454,1.5082754454197005,1.5025928307035483,1.495781745916934,1.4875718731032586,1.4776137212118106,1.4654494209368516,1.4504692043626424,1.431843743001184,1.4084130537019561,1.3784908357871073,1.3394869246676153,1.2870839017751279,1.2130992007810597,1.098129489413753,0.8623919243059404,0.1345570344193919,0.00028403466046912987,0.0002585196419877921,0.0002585196419877928,0.00025851964198779205,0.0002585196419877919,0.0002585196419877928,0.00025851964198779205,0.00025851964198779205,0.0002585196419877928,0.0002585196419877928,0.00025851964198779156
