z_cm,r_cm,T_cell_HeV
0.001530612244897959,0.00040816326530612246,1834360.0750420878
0.001530612244897959,0.0016326530612244899,1834360.0750420878
0.001530612244897959,0.0032653061224489797,1834263.6415569005
0.001530612244897959,0.004897959183673469,1834089.7187022052
0.001530612244897959,0.006530612244897959,1833840.4758729641
0.001530612244897959,0.00816326530612245,1833515.996419593
0.001530612244897959,0.009795918367346938,1833115.6075424182
0.001530612244897959,0.011428571428571429,1832638.1798398674
0.001530612244897959,0.013061224489795919,1832082.218615149
0.001530612244897959,0.01469387755102041,1831445.8919149742
0.001530612244897959,0.0163265306122449,1830727.0332559664
0.001530612244897959,0.017959183673469388,1829923.1314453434
0.001530612244897959,0.019591836734693877,1829031.312062789
0.001530612244897959,0.02122448979591837,1828048.3122805525
0.001530612244897959,0.022857142857142857,1826970.4494461687
0.001530612244897959,0.02448979591836735,1825793.583204459
0.001530612244897959,0.026122448979591838,1824513.0705215777
0.001530612244897959,0.027755102040816326,1823123.7126418166
0.001530612244897959,0.02938775510204082,1821619.692685217
0.001530612244897959,0.031020408163265307,1819994.5022382522
0.001530612244897959,0.0326530612244898,1818240.8548681356
0.001530612244897959,0.03428571428571429,1816350.5839712375
0.001530612244897959,0.035918367346938776,1814314.5217095441
0.001530612244897959,0.037551020408163265,1812122.354947125
0.001530612244897959,0.03918367346938775,1809762.4530056643
0.001530612244897959,0.04081632653061225,1807221.660624156
0.001530612244897959,0.04244897959183674,1804485.047607288
0.001530612244897959,0.044081632653061226,1801535.6041021324
0.001530612244897959,0.045714285714285714,1798353.866999273
0.001530612244897959,0.0473469387755102,1794917.458243655
0.001530612244897959,0.0489795918367347,1791200.5093203722
0.001530612244897959,0.05061224489795919,1787172.9370434901
0.001530612244897959,0.052244897959183675,1782799.522798848
0.001530612244897959,0.053877551020408164,1778038.7286918294
0.001530612244897959,0.05551020408163265,1772841.156676733
0.001530612244897959,0.05714285714285715,1767147.515975311
0.001530612244897959,0.05877551020408164,1760885.9022116682
0.001530612244897959,0.060408163265306125,1753968.0957727402
0.001530612244897959,0.062040816326530614,1746284.4346945973
0.001530612244897959,0.0636734693877551,1737696.5693651251
0.001530612244897959,0.0653061224489796,1728026.9898764403
0.001530612244897959,0.06693877551020408,1717043.4929331443
0.001530612244897959,0.06857142857142857,1704435.4453195808
0.001530612244897959,0.07020408163265307,1689776.217131137
0.001530612244897959,0.07183673469387755,1672461.183746705
0.001530612244897959,0.07346938775510205,1651600.0920991783
0.001530612244897959,0.07510204081632653,1625818.5044256349
0.001530612244897959,0.07673469387755102,1592867.7992848174
0.001530612244897959,0.0783673469387755,1548923.8422111252
0.001530612244897959,0.07959204506802722,722421.1689539321
0.001530612244897959,0.08000088465770044,722419.1073209237
0.001530612244897959,0.0800019359326174,722416.5387609132
0.001530612244897959,0.08000324619642925,722413.3389259118
0.001530612244897959,0.08000487925285339,722409.3531309888
0.001530612244897959,0.08000691462409718,722404.3890448287
0.001530612244897959,0.08000945142321741,722398.2076703795
0.001530612244897959,0.08001261318046245,722390.5122445041
0.001530612244897959,0.08001655385861739,722380.9346218754
0.001530612244897959,0.08002146535027135,722369.0186441931
0.001530612244897959,0.08002758682208874,722354.1999396433
0.001530612244897959,0.08003521636110686,722335.7815642083
0.001530612244897959,0.08004472549017998,722312.9049120473
0.001530612244897959,0.08005657725940413,722284.5154301015
0.001530612244897959,0.08007134879449027,722249.3229438548
0.001530612244897959,0.08008975940008634,722205.7569531015
0.001530612244897959,0.08011270558654815,722151.9182750377
0.001530612244897959,0.08014130472579933,722085.5301950567
0.001530612244897959,0.08017694946211615,722003.8953056105
0.001530612244897959,0.08022137552738813,721903.8692170767
0.001530612244897959,0.08027674626314021,721781.8704872509
0.001530612244897959,0.08034575796514344,721633.9592830943
0.001530612244897959,0.08043177118040407,721456.0383481858
0.001530612244897959,0.08053897435007991,721244.2633090753
0.001530612244897959,0.08067258776696852,720995.8022261129
0.001530612244897959,0.08083911777934251,720710.1674691333
0.001530612244897959,0.08104667361966954,720391.4734469956
0.001530612244897959,0.08130536228629326,720052.1786095761
0.001530612244897959,0.08162778070696558,719719.1988584244
0.001530612244897959,0.08202962915029163,719443.8851566904
0.001530612244897959,0.08237629432068608,719320.9783249123
0.006122448979591836,0.00040816326530612246,1795826.337502345
0.006122448979591836,0.0016326530612244899,1795826.337502345
0.006122448979591836,0.0032653061224489797,1795705.7465614604
0.006122448979591836,0.004897959183673469,1795488.2208004696
0.006122448979591836,0.006530612244897959,1795176.4165454307
0.006122448979591836,0.00816326530612245,1794770.3571394084
0.006122448979591836,0.009795918367346938,1794269.0944143427
0.006122448979591836,0.011428571428571429,1793671.0812048074
0.006122448979591836,0.013061224489795919,1792974.2828681704
0.006122448979591836,0.01469387755102041,1792176.2090237848
0.006122448979591836,0.0163265306122449,1791273.9128773306
0.006122448979591836,0.017959183673469388,1790263.9735207423
0.006122448979591836,0.019591836734693877,1789142.4667620903
0.006122448979591836,0.02122448979591837,1787904.926385842
0.006122448979591836,0.022857142857142857,1786546.29612727
0.006122448979591836,0.02448979591836735,1785060.8717713638
0.006122448979591836,0.026122448979591838,1783442.2321881524
0.006122448979591836,0.027755102040816326,1781683.1575971844
0.006122448979591836,0.02938775510204082,1779775.532815796
0.006122448979591836,0.031020408163265307,1777710.2326250533
0.006122448979591836,0.0326530612244898,1775476.9856284652
0.006122448979591836,0.03428571428571429,1773064.2120208992
0.006122448979591836,0.035918367346938776,1770458.829452436
0.006122448979591836,0.037551020408163265,1767646.0195623108
0.006122448979591836,0.03918367346938775,1764608.94563088
0.006122448979591836,0.04081632653061225,1761328.4089543177
0.006122448979591836,0.04244897959183674,1757782.4277032607
0.006122448979591836,0.044081632653061226,1753945.7167699244
0.006122448979591836,0.045714285714285714,1749789.0398292793
0.006122448979591836,0.0473469387755102,1745278.3946266484
0.006122448979591836,0.0489795918367347,1740373.9779675964
0.006122448979591836,0.05061224489795919,1735028.8558721906
0.006122448979591836,0.052244897959183675,1729187.2334571937
0.006122448979591836,0.053877551020408164,1722782.1728165543
0.006122448979591836,0.05551020408163265,1715732.5363545273
0.006122448979591836,0.05714285714285715,1707938.8221485082
0.006122448979591836,0.05877551020408164,1699277.3797129276
0.006122448979591836,0.060408163265306125,1689592.1994704779
0.006122448979591836,0.062040816326530614,1678682.9637182418
0.006122448979591836,0.0636734693877551,1666287.1457966967
0.006122448979591836,0.0653061224489796,1652052.2614061343
0.006122448979591836,0.06693877551020408,1635491.0537190398
0.006122448979591836,0.06857142857142857,1615905.3759288255
0.006122448979591836,0.07020408163265307,1592248.410385051
0.006122448979591836,0.07183673469387755,1562853.607581044
0.006122448979591836,0.07346938775510205,1524836.8709564612
0.006122448979591836,0.07510204081632653,1472537.0062553247
0.006122448979591836,0.07673469387755102,1392144.6835170116
0.006122448979591836,0.0783673469387755,1227635.1372192644
0.006122448979591836,0.07959204506802722,693303.9715873626
0.006122448979591836,0.08000088465770044,693301.3638257944
0.006122448979591836,0.0800019359326174,693298.1148227602
0.006122448979591836,0.08000324619642925,693294.0672674085
0.006122448979591836,0.08000487925285339,693289.0254614638
0.006122448979591836,0.08000691462409718,693282.7460654769
0.006122448979591836,0.08000945142321741,693274.9266778601
0.006122448979591836,0.08001261318046245,693265.1917751257
0.006122448979591836,0.08001655385861739,693253.0754600341
0.006122448979591836,0.08002146535027135,693238.0003817277
0.006122448979591836,0.08002758682208874,693219.2521186143
0.006122448979591836,0.08003521636110686,693195.9482696227
0.006122448979591836,0.08004472549017998,693167.001515138
0.006122448979591836,0.08005657725940413,693131.0760401936
0.006122448979591836,0.08007134879449027,693086.5370501424
0.006122448979591836,0.08008975940008634,693031.3938003461
0.006122448979591836,0.08011270558654815,692963.2378442426
0.006122448979591836,0.08014130472579933,692879.1804582063
0.006122448979591836,0.08017694946211615,692775.7970309391
0.006122448979591836,0.08022137552738813,692649.0925650225
0.006122448979591836,0.08027674626314021,692494.512834689
0.006122448979591836,0.08034575796514344,692307.0425420181
0.006122448979591836,0.08043177118040407,692081.4587157369
0.006122448979591836,0.08053897435007991,691812.8503715071
0.006122448979591836,0.08067258776696852,691497.5830328343
0.006122448979591836,0.08083911777934251,691134.9927829175
0.006122448979591836,0.08104667361966954,690730.2596373273
0.006122448979591836,0.08130536228629326,690299.163827861
0.006122448979591836,0.08162778070696558,689875.8093002458
0.006122448979591836,0.08202962915029163,689524.9317335369
0.006122448979591836,0.08237629432068608,689360.7277788491
0.012244897959183673,0.00040816326530612246,1754948.6021805205
0.012244897959183673,0.0016326530612244899,1754948.6021805205
0.012244897959183673,0.0032653061224489797,1754803.6700481733
0.012244897959183673,0.004897959183673469,1754542.2175726034
0.012244897959183673,0.006530612244897959,1754167.405970193
0.012244897959183673,0.00816326530612245,1753679.219191565
0.012244897959183673,0.009795918367346938,1753076.4601629884
0.012244897959183673,0.011428571428571429,1752357.1978009623
0.012244897959183673,0.013061224489795919,1751518.9002047505
0.012244897959183673,0.01469387755102041,1750558.4717975806
0.012244897959183673,0.0163265306122449,1749472.2513277659
0.012244897959183673,0.017959183673469388,1748255.9892092969
0.012244897959183673,0.019591836734693877,1746904.810856525
0.012244897959183673,0.02122448979591837,1745413.1682720063
0.012244897959183673,0.022857142857142857,1743774.780199524
0.012244897959183673,0.02448979591836735,1741982.5601012316
0.012244897959183673,0.026122448979591838,1740028.530497036
0.012244897959183673,0.027755102040816326,1737903.7215821508
0.012244897959183673,0.02938775510204082,1735598.0513995737
0.012244897959183673,0.031020408163265307,1733100.1841151223
0.012244897959183673,0.0326530612244898,1730397.3620624342
0.012244897959183673,0.03428571428571429,1727475.2061290191
0.012244897959183673,0.035918367346938776,1724317.4776627726
0.012244897959183673,0.037551020408163265,1720905.7932875433
0.012244897959183673,0.03918367346938775,1717219.2816858762
0.012244897959183673,0.04081632653061225,1713234.168342579
0.012244897959183673,0.04244897959183674,1708923.270171687
0.012244897959183673,0.044081632653061226,1704255.3764840818
0.012244897959183673,0.045714285714285714,1699194.4853347563
0.012244897959183673,0.0473469387755102,1693698.8541007892
0.012244897959183673,0.0489795918367347,1687719.8089704944
0.012244897959183673,0.05061224489795919,1681200.238037854
0.012244897959183673,0.052244897959183675,1674072.6640697462
0.012244897959183673,0.053877551020408164,1666256.7512989934
0.012244897959183673,0.05551020408163265,1657656.0386181397
0.012244897959183673,0.05714285714285715,1648153.5974101115
0.012244897959183673,0.05877551020408164,1637606.1656146958
0.012244897959183673,0.060408163265306125,1625836.0745050125
0.012244897959183673,0.062040816326530614,1612619.8948057003
0.012244897959183673,0.0636734693877551,1597672.0567545446
0.012244897959183673,0.0653061224489796,1580620.4861134642
0.012244897959183673,0.06693877551020408,1560968.9885015895
0.012244897959183673,0.06857142857142857,1538036.4196358514
0.012244897959183673,0.07020408163265307,1510852.3446846672
0.012244897959183673,0.07183673469387755,1477963.746373377
0.012244897959183673,0.07346938775510205,1437037.6441365515
0.012244897959183673,0.07510204081632653,1383913.3201572436
0.012244897959183673,0.07673469387755102,1309753.485034687
0.012244897959183673,0.0783673469387755,1187823.388178367
0.012244897959183673,0.07959204506802722,635861.733601096
0.012244897959183673,0.08000088465770044,635860.4270157348
0.012244897959183673,0.0800019359326174,635858.7989486041
0.012244897959183673,0.08000324619642925,635856.7704247375
0.012244897959183673,0.08000487925285339,635854.2431376267
0.012244897959183673,0.08000691462409718,635851.0947559788
0.012244897959183673,0.08000945142321741,635847.1731128765
0.012244897959183673,0.08001261318046245,635842.2890236485
0.012244897959183673,0.08001655385861739,635836.2074284985
0.012244897959183673,0.08002146535027135,635828.6365002835
0.012244897959183673,0.08002758682208874,635819.214299506
0.012244897959183673,0.08003521636110686,635807.492503481
0.012244897959183673,0.08004472549017998,635792.9166958499
0.012244897959183673,0.08005657725940413,635774.8026965004
0.012244897959183673,0.08007134879449027,635752.308475945
0.012244897959183673,0.08008975940008634,635724.4013934103
0.012244897959183673,0.08011270558654815,635689.8209277687
0.012244897959183673,0.08014130472579933,635647.0379088073
0.012244897959183673,0.08017694946211615,635594.2127931349
0.012244897959183673,0.08022137552738813,635529.158245432
0.012244897959183673,0.08027674626314021,635449.3159750758
0.012244897959183673,0.08034575796514344,635351.765740519
0.012244897959183673,0.08043177118040407,635233.2977786644
0.012244897959183673,0.08053897435007991,635090.6020184468
0.012244897959183673,0.08067258776696852,634920.663566619
0.012244897959183673,0.08083911777934251,634721.5119907857
0.012244897959183673,0.08104667361966954,634493.562666616
0.012244897959183673,0.08130536228629326,634241.9236732159
0.012244897959183673,0.08162778070696558,633980.2236915876
0.012244897959183673,0.08202962915029163,633736.6926743552
0.012244897959183673,0.08237629432068608,633562.8796576151
0.01836734693877551,0.00040816326530612246,1711350.4675786507
0.01836734693877551,0.0016326530612244899,1711350.4675786507
0.01836734693877551,0.0032653061224489797,1711181.6894057335
0.01836734693877551,0.004897959183673469,1710877.215707315
0.01836734693877551,0.006530612244897959,1710440.7239585738
0.01836734693877551,0.00816326530612245,1709872.1913636383
0.01836734693877551,0.009795918367346938,1709170.2199555673
0.01836734693877551,0.011428571428571429,1708332.5579366407
0.01836734693877551,0.013061224489795919,1707356.2559083805
0.01836734693877551,0.01469387755102041,1706237.7116431673
0.01836734693877551,0.0163265306122449,1704972.6697540698
0.01836734693877551,0.017959183673469388,1703556.1978884102
0.01836734693877551,0.019591836734693877,1701982.6473245458
0.01836734693877551,0.02122448979591837,1700245.6007608417
0.01836734693877551,0.022857142857142857,1698337.8078531153
0.01836734693877551,0.02448979591836735,1696251.1078748351
0.01836734693877551,0.026122448979591838,1693976.3380932028
0.01836734693877551,0.027755102040816326,1691503.225807715
0.01836734693877551,0.02938775510204082,1688820.2613593102
0.01836734693877551,0.031020408163265307,1685914.5487138238
0.01836734693877551,0.0326530612244898,1682771.629397042
0.01836734693877551,0.03428571428571429,1679375.2745551995
0.01836734693877551,0.035918367346938776,1675707.2386703913
0.01836734693877551,0.037551020408163265,1671746.96689356
0.01836734693877551,0.03918367346938775,1667471.245959406
0.01836734693877551,0.04081632653061225,1662853.7860679612
0.01836734693877551,0.04244897959183674,1657864.717746963
0.01836734693877551,0.044081632653061226,1652469.9832494275
0.01836734693877551,0.045714285714285714,1646630.596061554
0.01836734693877551,0.0473469387755102,1640301.7339663974
0.01836734693877551,0.0489795918367347,1633431.6198884388
0.01836734693877551,0.05061224489795919,1625960.1290069579
0.01836734693877551,0.052244897959183675,1617817.0381645088
0.01836734693877551,0.053877551020408164,1608919.8009170326
0.01836734693877551,0.05551020408163265,1599170.6830021155
0.01836734693877551,0.05714285714285715,1588453.0190658406
0.01836734693877551,0.05877551020408164,1576626.2358388994
0.01836734693877551,0.060408163265306125,1563519.100355795
0.01836734693877551,0.062040816326530614,1548920.3398632656
0.01836734693877551,0.0636734693877551,1532565.2369165102
0.01836734693877551,0.0653061224489796,1514115.8123199032
0.01836734693877551,0.06693877551020408,1493130.3008315235
0.01836734693877551,0.06857142857142857,1469013.7104904745
0.01836734693877551,0.07020408163265307,1440932.585875332
0.01836734693877551,0.07183673469387755,1407655.963517249
0.01836734693877551,0.07346938775510205,1367226.2163836423
0.01836734693877551,0.07510204081632653,1316172.9531275728
0.01836734693877551,0.07673469387755102,1247180.4363362766
0.01836734693877551,0.0783673469387755,1138814.94543024
0.01836734693877551,0.07959204506802722,567687.811575465
0.01836734693877551,0.08000088465770044,567686.7887776406
0.01836734693877551,0.0800019359326174,567685.514301033
0.01836734693877551,0.08000324619642925,567683.9263060633
0.01836734693877551,0.08000487925285339,567681.9478090801
0.01836734693877551,0.08000691462409718,567679.4830018134
0.01836734693877551,0.08000945142321741,567676.4126921002
0.01836734693877551,0.08001261318046245,567672.5886650893
0.01836734693877551,0.08001655385861739,567667.82672345
0.01836734693877551,0.08002146535027135,567661.898119481
0.01836734693877551,0.08002758682208874,567654.5190430651
0.01836734693877551,0.08003521636110686,567645.3377808974
0.01836734693877551,0.08004472549017998,567633.9191219498
0.01836734693877551,0.08005657725940413,567619.725565343
0.01836734693877551,0.08007134879449027,567602.0949142295
0.01836734693877551,0.08008975940008634,567580.2139548598
0.01836734693877551,0.08011270558654815,567553.0881952383
0.01836734693877551,0.08014130472579933,567519.5081923566
0.01836734693877551,0.08017694946211615,567478.0140303442
0.01836734693877551,0.08022137552738813,567426.8613528155
0.01836734693877551,0.08027674626314021,567363.99554037
0.01836734693877551,0.08034575796514344,567287.0460343942
0.01836734693877551,0.08043177118040407,567193.3618497788
0.01836734693877551,0.08053897435007991,567080.1242245767
0.01836734693877551,0.08067258776696852,566944.5965857247
0.01836734693877551,0.08083911777934251,566784.6107271395
0.01836734693877551,0.08104667361966954,566599.4483981449
0.01836734693877551,0.08130536228629326,566391.3672262446
0.01836734693877551,0.08162778070696558,566168.1402356
0.01836734693877551,0.08202962915029163,565947.0846679169
0.01836734693877551,0.08237629432068608,565760.5737829858
0.024489795918367346,0.00040816326530612246,1664357.0220918148
0.024489795918367346,0.0016326530612244899,1664357.0220918148
0.024489795918367346,0.0032653061224489797,1664165.2127604552
0.024489795918367346,0.004897959183673469,1663819.1999907717
0.024489795918367346,0.006530612244897959,1663323.181522227
0.024489795918367346,0.00816326530612245,1662677.1595258988
0.024489795918367346,0.009795918367346938,1661879.5838161204
0.024489795918367346,0.011428571428571429,1660927.9458204298
0.024489795918367346,0.013061224489795919,1659818.9583001907
0.024489795918367346,0.01469387755102041,1658548.6092197224
0.024489795918367346,0.0163265306122449,1657112.1653643302
0.024489795918367346,0.017959183673469388,1655504.1505175007
0.024489795918367346,0.019591836734693877,1653718.3074288585
0.024489795918367346,0.02122448979591837,1651747.5470635178
0.024489795918367346,0.022857142857142857,1649583.8861332422
0.024489795918367346,0.02448979591836735,1647218.3726186177
0.024489795918367346,0.026122448979591838,1644640.9981639066
0.024489795918367346,0.027755102040816326,1641840.5955645116
0.024489795918367346,0.02938775510204082,1638804.7189340037
0.024489795918367346,0.031020408163265307,1635519.5034588522
0.024489795918367346,0.0326530612244898,1631969.5008731647
0.024489795918367346,0.03428571428571429,1628137.4858671299
0.024489795918367346,0.035918367346938776,1624004.2275310208
0.024489795918367346,0.037551020408163265,1619548.2185685555
0.024489795918367346,0.03918367346938775,1614745.353305343
0.024489795918367346,0.04081632653061225,1609568.543354302
0.024489795918367346,0.04244897959183674,1603987.2570155188
0.024489795918367346,0.044081632653061226,1597966.964841922
0.024489795918367346,0.045714285714285714,1591468.4689326936
0.024489795918367346,0.0473469387755102,1584447.0868690822
0.024489795918367346,0.0489795918367347,1576851.6519167973
0.024489795918367346,0.05061224489795919,1568623.27781525
0.024489795918367346,0.052244897959183675,1559693.8169597827
0.024489795918367346,0.053877551020408164,1549983.9114956541
0.024489795918367346,0.05551020408163265,1539400.4919264812
0.024489795918367346,0.05714285714285715,1527833.5075123515
0.024489795918367346,0.05877551020408164,1515151.5602774918
0.024489795918367346,0.060408163265306125,1501195.9303793157
0.024489795918367346,0.062040816326530614,1485772.1704976023
0.024489795918367346,0.0636734693877551,1468637.904029391
0.024489795918367346,0.0653061224489796,1449484.4657861872
0.024489795918367346,0.06693877551020408,1427908.0956358265
0.024489795918367346,0.06857142857142857,1403362.4211462599
0.024489795918367346,0.07020408163265307,1375075.1247820805
0.024489795918367346,0.07183673469387755,1341890.0472659643
0.024489795918367346,0.07346938775510205,1301935.9003388751
0.024489795918367346,0.07510204081632653,1251824.4101910905
0.024489795918367346,0.07673469387755102,1184230.0704414106
0.024489795918367346,0.0783673469387755,1076852.5200508027
0.024489795918367346,0.07959204506802722,489060.9886232973
0.024489795918367346,0.08000088465770044,489060.11490599246
0.024489795918367346,0.0800019359326174,489059.0261362507
0.024489795918367346,0.08000324619642925,489057.66944197373
0.024489795918367346,0.08000487925285339,489055.97898542276
0.024489795918367346,0.08000691462409718,489053.8728023444
0.024489795918367346,0.08000945142321741,489051.2488810368
0.024489795918367346,0.08001261318046245,489047.98030461854
0.024489795918367346,0.08001655385861739,489043.90924222
0.024489795918367346,0.08002146535027135,489038.8395315237
0.024489795918367346,0.08002758682208874,489032.52754664735
0.024489795918367346,0.08003521636110686,489024.67099394364
0.024489795918367346,0.08004472549017998,489014.8952285492
0.024489795918367346,0.08005657725940413,489002.73664573964
0.024489795918367346,0.08007134879449027,488987.62269066414
0.024489795918367346,0.08008975940008634,488968.8480786068
0.024489795918367346,0.08011270558654815,488945.5469796637
0.024489795918367346,0.08014130472579933,488916.6612891892
0.024489795918367346,0.08017694946211615,488880.9058357772
0.024489795918367346,0.08022137552738813,488836.73273495864
0.024489795918367346,0.08027674626314021,488782.299514319
0.024489795918367346,0.08034575796514344,488715.44982413796
0.024489795918367346,0.08043177118040407,488633.7226454234
0.024489795918367346,0.08053897435007991,488534.4177016721
0.024489795918367346,0.08067258776696852,488414.7639914272
0.024489795918367346,0.08083911777934251,488272.26891169924
0.024489795918367346,0.08104667361966954,488105.3724074392
0.024489795918367346,0.08130536228629326,487914.5985068204
0.024489795918367346,0.08162778070696558,487704.4809090365
0.024489795918367346,0.08202962915029163,487486.57843970583
0.024489795918367346,0.08237629432068608,487283.10196992016
0.030612244897959183,0.00040816326530612246,1612917.2315222386
0.030612244897959183,0.0016326530612244899,1612917.2315222386
0.030612244897959183,0.0032653061224489797,1612703.0913242786
0.030612244897959183,0.004897959183673469,1612316.8133955647
0.030612244897959183,0.006530612244897959,1611763.1189237905
0.030612244897959183,0.00816326530612245,1611042.060321502
0.030612244897959183,0.009795918367346938,1610151.9715575047
0.030612244897959183,0.011428571428571429,1609090.1310779294
0.030612244897959183,0.013061224489795919,1607852.9627554265
0.030612244897959183,0.01469387755102041,1606436.0970926604
0.030612244897959183,0.0163265306122449,1604834.3774342427
0.030612244897959183,0.017959183673469388,1603041.8393261908
0.030612244897959183,0.019591836734693877,1601051.673853496
0.030612244897959183,0.02122448979591837,1598856.1794550286
0.030612244897959183,0.022857142857142857,1596446.704002313
0.030612244897959183,0.02448979591836735,1593813.5775389508
0.030612244897959183,0.026122448979591838,1590946.035185525
0.030612244897959183,0.027755102040816326,1587832.1289864022
0.030612244897959183,0.02938775510204082,1584458.6267583591
0.030612244897959183,0.031020408163265307,1580810.8952173148
0.030612244897959183,0.0326530612244898,1576872.7637566465
0.030612244897959183,0.03428571428571429,1572626.3641811179
0.030612244897959183,0.035918367346938776,1568051.9404081246
0.030612244897959183,0.037551020408163265,1563127.620560886
0.030612244897959183,0.03918367346938775,1557829.1419062656
0.030612244897959183,0.04081632653061225,1552129.5166254495
0.030612244897959183,0.04244897959183674,1545998.6233237768
0.030612244897959183,0.044081632653061226,1539402.7053393708
0.030612244897959183,0.045714285714285714,1532303.7521101423
0.030612244897959183,0.0473469387755102,1524658.7338246305
0.030612244897959183,0.0489795918367347,1516418.65182614
0.030612244897959183,0.05061224489795919,1507527.3568215244
0.030612244897959183,0.052244897959183675,1497920.0719789201
0.030612244897959183,0.053877551020408164,1487521.5346943648
0.030612244897959183,0.05551020408163265,1476243.6317148982
0.030612244897959183,0.05714285714285715,1463982.3332729263
0.030612244897959183,0.05877551020408164,1450613.6075178315
0.030612244897959183,0.060408163265306125,1435987.7765898798
0.030612244897959183,0.062040816326530614,1419921.4124885118
0.030612244897959183,0.0636734693877551,1402185.264824384
0.030612244897959183,0.0653061224489796,1382485.6109057018
0.030612244897959183,0.06693877551020408,1360434.2820724116
0.030612244897959183,0.06857142857142857,1335498.199695796
0.030612244897959183,0.07020408163265307,1306909.3517471713
0.030612244897959183,0.07183673469387755,1273491.5448502842
0.030612244897959183,0.07346938775510205,1233289.952536869
0.030612244897959183,0.07510204081632653,1182643.2144786082
0.030612244897959183,0.07673469387755102,1113213.0709874558
0.030612244897959183,0.0783673469387755,996523.9671126523
0.030612244897959183,0.07959204506802722,398008.43877241947
0.030612244897959183,0.08000088465770044,398007.72331182484
0.030612244897959183,0.0800019359326174,398006.83164626313
0.030612244897959183,0.08000324619642925,398005.72039653035
0.030612244897959183,0.08000487925285339,398004.3355136745
0.030612244897959183,0.08000691462409718,398002.60966018535
0.030612244897959183,0.08000945142321741,398000.45895172755
0.030612244897959183,0.08001261318046245,397997.7789053353
0.030612244897959183,0.08001655385861739,397994.43940419884
0.030612244897959183,0.08002146535027135,397990.27844602097
0.030612244897959183,0.08002758682208874,397985.0943906003
0.030612244897959183,0.08003521636110686,397978.6363625878
0.030612244897959183,0.08004472549017998,397970.5923982667
0.030612244897959183,0.08005657725940413,397960.5748543852
0.030612244897959183,0.08007134879449027,397948.10253118345
0.030612244897959183,0.08008975940008634,397932.578918819
0.030612244897959183,0.08011270558654815,397913.26599147334
0.030612244897959183,0.08014130472579933,397889.2531117497
0.030612244897959183,0.08017694946211615,397859.4209871867
0.030612244897959183,0.08022137552738813,397822.4014474697
0.030612244897959183,0.08027674626314021,397776.53543901525
0.030612244897959183,0.08034575796514344,397719.83465295413
0.030612244897959183,0.08043177118040407,397649.9575673824
0.030612244897959183,0.08053897435007991,397564.2198805989
0.030612244897959183,0.08067258776696852,397459.6745280969
0.030612244897959183,0.08083911777934251,397333.32063677494
0.030612244897959183,0.08104667361966954,397182.5369111122
0.030612244897959183,0.08130536228629326,397005.8830716262
0.030612244897959183,0.08162778070696558,396804.45648902335
0.030612244897959183,0.08202962915029163,396583.92320343386
0.030612244897959183,0.08237629432068608,396355.91102043533
0.03673469387755102,0.00040816326530612246,1555290.413465183
0.03673469387755102,0.0016326530612244899,1555290.413465183
0.03673469387755102,0.0032653061224489797,1555053.7205156696
0.03673469387755102,0.004897959183673469,1554626.8036409328
0.03673469387755102,0.006530612244897959,1554014.9563752953
0.03673469387755102,0.00816326530612245,1553218.3385606452
0.03673469387755102,0.009795918367346938,1552235.2306872413
0.03673469387755102,0.011428571428571429,1551062.7585822921
0.03673469387755102,0.013061224489795919,1549697.1061851983
0.03673469387755102,0.01469387755102041,1548133.5728838055
0.03673469387755102,0.0163265306122449,1546366.56963645
0.03673469387755102,0.017959183673469388,1544389.5857844611
0.03673469387755102,0.019591836734693877,1542195.1396145225
0.03673469387755102,0.02122448979591837,1539774.719029447
0.03673469387755102,0.022857142857142857,1537118.7159646386
0.03673469387755102,0.02448979591836735,1534216.3568684992
0.03673469387755102,0.026122448979591838,1531055.6306966564
0.03673469387755102,0.027755102040816326,1527623.215056759
0.03673469387755102,0.02938775510204082,1523904.4002168505
0.03673469387755102,0.031020408163265307,1519883.0096030515
0.03673469387755102,0.0326530612244898,1515541.3141554124
0.03673469387755102,0.03428571428571429,1510859.9364576603
0.03673469387755102,0.035918367346938776,1505817.738790106
0.03673469387755102,0.037551020408163265,1500391.686917893
0.03673469387755102,0.03918367346938775,1494556.6781114424
0.03673469387755102,0.04081632653061225,1488285.3170709885
0.03673469387755102,0.04244897959183674,1481547.616494912
0.03673469387755102,0.044081632653061226,1474310.5894309373
0.03673469387755102,0.045714285714285714,1466537.6879516696
0.03673469387755102,0.0473469387755102,1458188.0273817156
0.03673469387755102,0.0489795918367347,1449215.3188324994
0.03673469387755102,0.05061224489795919,1439566.4190895963
0.03673469387755102,0.052244897959183675,1429179.4036712942
0.03673469387755102,0.053877551020408164,1417981.0888061847
0.03673469387755102,0.05551020408163265,1405883.9863944664
0.03673469387755102,0.05714285714285715,1392782.7716066102
0.03673469387755102,0.05877551020408164,1378550.3670262215
0.03673469387755102,0.060408163265306125,1363033.218868786
0.03673469387755102,0.062040816326530614,1346044.494607015
0.03673469387755102,0.0636734693877551,1327353.3329601914
0.03673469387755102,0.0653061224489796,1306666.9773007638
0.03673469387755102,0.06693877551020408,1283599.6781440326
0.03673469387755102,0.06857142857142857,1257615.6628136747
0.03673469387755102,0.07020408163265307,1227918.3456033869
0.03673469387755102,0.07183673469387755,1193225.2519441019
0.03673469387755102,0.07346938775510205,1151337.1129512617
0.03673469387755102,0.07510204081632653,1098010.59954321
0.03673469387755102,0.07673469387755102,1022976.6480076575
0.03673469387755102,0.0783673469387755,883110.2163752553
0.03673469387755102,0.07959204506802722,288965.89144107176
0.03673469387755102,0.08000088465770044,288965.5810276661
0.03673469387755102,0.0800019359326174,288965.1938423966
0.03673469387755102,0.08000324619642925,288964.7108070392
0.03673469387755102,0.08000487925285339,288964.1080527187
0.03673469387755102,0.08000691462409718,288963.3556901984
0.03673469387755102,0.08000945142321741,288962.41625042603
0.03673469387755102,0.08001261318046245,288961.2426998209
0.03673469387755102,0.08001655385861739,288959.7759038758
0.03673469387755102,0.08002146535027135,288957.9413704824
0.03673469387755102,0.08002758682208874,288955.6450466427
0.03673469387755102,0.08003521636110686,288952.76786294125
0.03673469387755102,0.08004472549017998,288949.1586114445
0.03673469387755102,0.08005657725940413,288944.624594508
0.03673469387755102,0.08007134879449027,288938.9192823438
0.03673469387755102,0.08008975940008634,288931.7259537837
0.03673469387755102,0.08011270558654815,288922.63595838414
0.03673469387755102,0.08014130472579933,288911.1198314959
0.03673469387755102,0.08017694946211615,288896.48904719553
0.03673469387755102,0.08022137552738813,288877.84579273185
0.03673469387755102,0.08027674626314021,288854.01797900384
0.03673469387755102,0.08034575796514344,288823.47711819934
0.03673469387755102,0.08043177118040407,288784.2383032663
0.03673469387755102,0.08053897435007991,288733.745222801
0.03673469387755102,0.08067258776696852,288668.7500764443
0.03673469387755102,0.08083911777934251,288585.2092161399
0.03673469387755102,0.08104667361966954,288478.2286339256
0.03673469387755102,0.08130536228629326,288342.09742600366
0.03673469387755102,0.08162778070696558,288170.39226115023
0.03673469387755102,0.08202962915029163,287955.78559731424
0.03673469387755102,0.08237629432068608,287686.0052153672
0.04285714285714286,0.00040816326530612246,1488292.175760312
0.04285714285714286,0.0016326530612244899,1488292.175760312
0.04285714285714286,0.0032653061224489797,1488029.2213935317
0.04285714285714286,0.004897959183673469,1487555.104740286
0.04285714285714286,0.006530612244897959,1486875.9916460677
0.04285714285714286,0.00816326530612245,1485992.4479296866
0.04285714285714286,0.009795918367346938,1484903.0338939575
0.04285714285714286,0.011428571428571429,1483605.081652228
0.04285714285714286,0.013061224489795919,1482094.8955371461
0.04285714285714286,0.01469387755102041,1480367.7706644179
0.04285714285714286,0.0163265306122449,1478417.933912963
0.04285714285714286,0.017959183673469388,1476238.4431751666
0.04285714285714286,0.019591836734693877,1473821.0609687024
0.04285714285714286,0.02122448979591837,1471156.1125468428
0.04285714285714286,0.022857142857142857,1468232.3372828958
0.04285714285714286,0.02448979591836735,1465036.7421937615
0.04285714285714286,0.026122448979591838,1461554.4665579929
0.04285714285714286,0.027755102040816326,1457768.66585031
0.04285714285714286,0.02938775510204082,1453660.4213365272
0.04285714285714286,0.031020408163265307,1449208.6789909278
0.04285714285714286,0.0326530612244898,1444390.2189318454
0.04285714285714286,0.03428571428571429,1439179.6555818995
0.04285714285714286,0.035918367346938776,1433549.4699461435
0.04285714285714286,0.037551020408163265,1427470.0782591929
0.04285714285714286,0.03918367346938775,1420909.9439294776
0.04285714285714286,0.04081632653061225,1413835.7390491036
0.04285714285714286,0.04244897959183674,1406212.5529352545
0.04285714285714286,0.044081632653061226,1398004.1207340972
0.04285714285714286,0.045714285714285714,1389172.9932067683
0.04285714285714286,0.0473469387755102,1379680.4713276576
0.04285714285714286,0.0489795918367347,1369485.961067035
0.04285714285714286,0.05061224489795919,1358545.136704064
0.04285714285714286,0.052244897959183675,1346805.9260774674
0.04285714285714286,0.053877551020408164,1334200.9360171224
0.04285714285714286,0.05551020408163265,1320634.9814532034
0.04285714285714286,0.05714285714285715,1305968.8033070252
0.04285714285714286,0.05877551020408164,1290010.0370131584
0.04285714285714286,0.060408163265306125,1272515.3621942915
0.04285714285714286,0.062040816326530614,1253190.511229599
0.04285714285714286,0.0636734693877551,1231688.1686090676
0.04285714285714286,0.0653061224489796,1207608.651101692
0.04285714285714286,0.06693877551020408,1180512.1686050615
0.04285714285714286,0.06857142857142857,1149949.6349569429
0.04285714285714286,0.07020408163265307,1115381.1695115557
0.04285714285714286,0.07183673469387755,1074265.383345929
0.04285714285714286,0.07346938775510205,1021073.5923119021
0.04285714285714286,0.07510204081632653,941676.2553146782
0.04285714285714286,0.07673469387755102,758259.9648243816
0.04285714285714286,0.0783673469387755,650099.1396063277
0.04285714285714286,0.07959204506802722,145127.87252274
0.04285714285714286,0.08000088465770044,145130.60939541622
0.04285714285714286,0.0800019359326174,145134.0174300279
0.04285714285714286,0.08000324619642925,145138.26026867548
0.04285714285714286,0.08000487925285339,145143.54092926034
0.04285714285714286,0.08000691462409718,145150.1109903669
0.04285714285714286,0.08000945142321741,145158.2817570901
0.04285714285714286,0.08001261318046245,145168.43774314979
0.04285714285714286,0.08001655385861739,145181.052805782
0.04285714285714286,0.08002146535027135,145196.70922899822
0.04285714285714286,0.08002758682208874,145216.11993656962
0.04285714285714286,0.08003521636110686,145240.1537800576
0.04285714285714286,0.08004472549017998,145269.86341618307
0.04285714285714286,0.08005657725940413,145306.5145538059
0.04285714285714286,0.08007134879449027,145351.6141588211
0.04285714285714286,0.08008975940008634,145406.93333998122
0.04285714285714286,0.08011270558654815,145474.51781226933
0.04285714285714286,0.08014130472579933,145556.67468152998
0.04285714285714286,0.08017694946211615,145655.91838085736
0.04285714285714286,0.08022137552738813,145774.85044658981
0.04285714285714286,0.08027674626314021,145915.93700337494
0.04285714285714286,0.08034575796514344,146081.13396488235
0.04285714285714286,0.08043177118040407,146271.29269353597
0.04285714285714286,0.08053897435007991,146485.25733814304
0.04285714285714286,0.08067258776696852,146718.5360773832
0.04285714285714286,0.08083911777934251,146961.38109797167
0.04285714285714286,0.08104667361966954,147196.01256800906
0.04285714285714286,0.08130536228629326,147392.46948640197
0.04285714285714286,0.08162778070696558,147501.8487053739
0.04285714285714286,0.08202962915029163,147443.2654441646
0.04285714285714286,0.08237629432068608,147065.43695349866
0.04897959183673469,0.00040816326530612246,1405306.007260685
0.04897959183673469,0.0016326530612244899,1405306.007260685
0.04897959183673469,0.0032653061224489797,1404998.0059961802
0.04897959183673469,0.004897959183673469,1404443.339608262
0.04897959183673469,0.006530612244897959,1403650.3919043667
0.04897959183673469,0.00816326530612245,1402621.4689226253
0.04897959183673469,0.009795918367346938,1401356.9894549225
0.04897959183673469,0.011428571428571429,1399856.359772784
0.04897959183673469,0.013061224489795919,1398118.1454572866
0.04897959183673469,0.01469387755102041,1396139.9907438203
0.04897959183673469,0.0163265306122449,1393918.3945498685
0.04897959183673469,0.017959183673469388,1391448.3732355062
0.04897959183673469,0.019591836734693877,1388723.0207478222
0.04897959183673469,0.02122448979591837,1385732.9773399862
0.04897959183673469,0.022857142857142857,1382465.82812636
0.04897959183673469,0.02448979591836735,1378905.467417522
0.04897959183673469,0.026122448979591838,1375031.4783354667
0.04897959183673469,0.027755102040816326,1370818.581503991
0.04897959183673469,0.02938775510204082,1366236.1934782944
0.04897959183673469,0.031020408163265307,1361248.103556586
0.04897959183673469,0.0326530612244898,1355812.2386508193
0.04897959183673469,0.03428571428571429,1349880.4624501504
0.04897959183673469,0.035918367346938776,1343398.3659431515
0.04897959183673469,0.037551020408163265,1336305.0561685166
0.04897959183673469,0.03918367346938775,1328533.035316835
0.04897959183673469,0.04081632653061225,1320008.3848006525
0.04897959183673469,0.04244897959183674,1310651.643525894
0.04897959183673469,0.044081632653061226,1300380.0229687837
0.04897959183673469,0.045714285714285714,1289111.9602217434
0.04897959183673469,0.0473469387755102,1276775.4610426233
0.04897959183673469,0.0489795918367347,1263322.0506187098
0.04897959183673469,0.05061224489795919,1248747.697440632
0.04897959183673469,0.052244897959183675,1233118.3020971746
0.04897959183673469,0.053877551020408164,1216581.9288084283
0.04897959183673469,0.05551020408163265,1199292.768947926
0.04897959183673469,0.05714285714285715,1181031.0468324928
0.04897959183673469,0.05877551020408164,1160985.4143657447
0.04897959183673469,0.060408163265306125,1138020.8076695981
0.04897959183673469,0.062040816326530614,1110504.8424129498
0.04897959183673469,0.0636734693877551,1075738.9177173472
0.04897959183673469,0.0653061224489796,1028433.7734664221
0.04897959183673469,0.06693877551020408,955212.9375387675
0.04897959183673469,0.06857142857142857,791110.5778536585
0.04897959183673469,0.07020408163265307,407652.9511996773
0.04897959183673469,0.07183673469387755,243444.26648810142
0.04897959183673469,0.07346938775510205,130953.84398226309
0.04897959183673469,0.07510204081632653,48381.43876210609
0.04897959183673469,0.07673469387755102,2680.7888023070095
0.04897959183673469,0.0783673469387755,3264.079572333115
0.04897959183673469,0.07959204506802722,21912.65711568552
0.04897959183673469,0.08000088465770044,21913.887362519097
0.04897959183673469,0.0800019359326174,21915.41946571351
0.04897959183673469,0.08000324619642925,21917.327107012323
0.04897959183673469,0.08000487925285339,21919.701738036896
0.04897959183673469,0.08000691462409718,21922.656743371153
0.04897959183673469,0.08000945142321741,21926.33250842192
0.04897959183673469,0.08001261318046245,21930.902547117115
0.04897959183673469,0.08001655385861739,21936.580845166274
0.04897959183673469,0.08002146535027135,21943.630555451018
0.04897959183673469,0.08002758682208874,21952.374128506064
0.04897959183673469,0.08003521636110686,21963.204850845515
0.04897959183673469,0.08004472549017998,21976.5995646541
0.04897959183673469,0.08005657725940413,21993.132008159115
0.04897959183673469,0.08007134879449027,22013.485683713752
0.04897959183673469,0.08008975940008634,22038.464345615546
0.04897959183673469,0.08011270558654815,22068.996989608353
0.04897959183673469,0.08014130472579933,22106.132470313914
0.04897959183673469,0.08017694946211615,22151.01636423891
0.04897959183673469,0.08022137552738813,22204.839142479563
0.04897959183673469,0.08027674626314021,22268.739712508515
0.04897959183673469,0.08034575796514344,22343.641405844668
0.04897959183673469,0.08043177118040407,22429.987917049173
0.04897959183673469,0.08053897435007991,22527.33379048406
0.04897959183673469,0.08067258776696852,22633.72599142038
0.04897959183673469,0.08083911777934251,22744.782016400244
0.04897959183673469,0.08104667361966954,22852.28807380834
0.04897959183673469,0.08130536228629326,22941.800147609265
0.04897959183673469,0.08162778070696558,22986.59633764481
0.04897959183673469,0.08202962915029163,22914.171720247865
0.04897959183673469,0.08237629432068608,22033.233905173125
0.055102040816326525,0.00040816326530612246,1289332.6767738215
0.055102040816326525,0.0016326530612244899,1289332.6767738215
0.055102040816326525,0.0032653061224489797,1288875.9392201058
0.055102040816326525,0.004897959183673469,1288055.2345141307
0.055102040816326525,0.006530612244897959,1286886.329470188
0.055102040816326525,0.00816326530612245,1285377.7541966687
0.055102040816326525,0.009795918367346938,1283537.3635015332
0.055102040816326525,0.011428571428571429,1281374.0493037568
0.055102040816326525,0.013061224489795919,1278898.4263220998
0.055102040816326525,0.01469387755102041,1276123.0785961223
0.055102040816326525,0.0163265306122449,1273062.409653724
0.055102040816326525,0.017959183673469388,1269731.9780998384
0.055102040816326525,0.019591836734693877,1266147.136340702
0.055102040816326525,0.02122448979591837,1262320.7899656715
0.055102040816326525,0.022857142857142857,1258260.1828397328
0.055102040816326525,0.02448979591836735,1253962.8210189326
0.055102040816326525,0.026122448979591838,1249411.9689236998
0.055102040816326525,0.027755102040816326,1244572.463523729
0.055102040816326525,0.02938775510204082,1239387.6357018899
0.055102040816326525,0.031020408163265307,1233777.6541671718
0.055102040816326525,0.0326530612244898,1227638.7060111382
0.055102040816326525,0.03428571428571429,1220841.5944930417
0.055102040816326525,0.035918367346938776,1213227.9701007893
0.055102040816326525,0.037551020408163265,1204602.3649627157
0.055102040816326525,0.03918367346938775,1194717.9556119372
0.055102040816326525,0.04081632653061225,1183253.0107123216
0.055102040816326525,0.04244897959183674,1169772.700312981
0.055102040816326525,0.044081632653061226,1153666.1683173426
0.055102040816326525,0.045714285714285714,1134038.5029263918
0.055102040816326525,0.0473469387755102,1109513.3064975273
0.055102040816326525,0.0489795918367347,1077839.2913685453
0.055102040816326525,0.05061224489795919,1035007.417458212
0.055102040816326525,0.052244897959183675,972907.0926684141
0.055102040816326525,0.053877551020408164,871462.8810137571
0.055102040816326525,0.05551020408163265,699149.020105203
0.055102040816326525,0.05714285714285715,544100.545962148
0.055102040816326525,0.05877551020408164,428354.29066774854
0.055102040816326525,0.060408163265306125,325670.2863059415
0.055102040816326525,0.062040816326530614,232355.5215557593
0.055102040816326525,0.0636734693877551,150034.7380718464
0.055102040816326525,0.0653061224489796,81505.8328238987
0.055102040816326525,0.06693877551020408,31048.989536995177
0.055102040816326525,0.06857142857142857,3413.3517628722902
0.055102040816326525,0.07020408163265307,335.4111537666561
0.055102040816326525,0.07183673469387755,300.8205298294446
0.055102040816326525,0.07346938775510205,300.00574347096983
0.055102040816326525,0.07510204081632653,300.0000019898575
0.055102040816326525,0.07673469387755102,299.9999999999977
0.055102040816326525,0.0783673469387755,300.0000010364308
0.055102040816326525,0.07959204506802722,328.6569286946025
0.055102040816326525,0.08000088465770044,328.6641191124768
0.055102040816326525,0.0800019359326174,328.6730763084074
0.055102040816326525,0.08000324619642925,328.6842320635004
0.055102040816326525,0.08000487925285339,328.6981233364491
0.055102040816326525,0.08000691462409718,328.7154168270579
0.055102040816326525,0.08000945142321741,328.7369393952935
0.055102040816326525,0.08001261318046245,328.76371517374736
0.055102040816326525,0.08001655385861739,328.79701048580216
0.055102040816326525,0.08002146535027135,328.8383877211577
0.055102040816326525,0.08002758682208874,328.8897691802079
0.055102040816326525,0.08003521636110686,328.95351149288877
0.055102040816326525,0.08004472549017998,329.03249037514223
0.055102040816326525,0.08005657725940413,329.1301939450123
0.055102040816326525,0.08007134879449027,329.25082019044095
0.055102040816326525,0.08008975940008634,329.39936988244443
0.055102040816326525,0.08011270558654815,329.5817193893553
0.055102040816326525,0.08014130472579933,329.80464713095427
0.055102040816326525,0.08017694946211615,330.07577071258135
0.055102040816326525,0.08022137552738813,330.40332578243346
0.055102040816326525,0.08027674626314021,330.7956772741218
0.055102040816326525,0.08034575796514344,331.2603916554954
0.055102040816326525,0.08043177118040407,331.80260584360235
0.055102040816326525,0.08053897435007991,332.4222943734262
0.055102040816326525,0.08067258776696852,333.1098493013735
0.055102040816326525,0.08083911777934251,333.83911393354026
0.055102040816326525,0.08104667361966954,334.556464902499
0.055102040816326525,0.08130536228629326,335.16247982111463
0.055102040816326525,0.08162778070696558,335.4691514205533
0.055102040816326525,0.08202962915029163,334.976756294125
0.055102040816326525,0.08237629432068608,300.89619660772615
0.061224489795918366,0.00040816326530612246,1064486.6225556885
0.061224489795918366,0.0016326530612244899,1064486.6225556885
0.061224489795918366,0.0032653061224489797,1062655.7560830885
0.061224489795918366,0.004897959183673469,1059319.634861452
0.061224489795918366,0.006530612244897959,1054462.9162271016
0.061224489795918366,0.00816326530612245,1048005.8353333626
0.061224489795918366,0.009795918367346938,1039827.0413806561
0.061224489795918366,0.011428571428571429,1029766.5301000298
0.061224489795918366,0.013061224489795919,1017624.6450523796
0.061224489795918366,0.01469387755102041,1003160.6854143024
0.061224489795918366,0.0163265306122449,986093.2781544734
0.061224489795918366,0.017959183673469388,966105.2037737052
0.061224489795918366,0.019591836734693877,942856.5919688441
0.061224489795918366,0.02122448979591837,916011.6403405885
0.061224489795918366,0.022857142857142857,885283.6483255832
0.061224489795918366,0.02448979591836735,850497.9080792696
0.061224489795918366,0.026122448979591838,811658.4498743027
0.061224489795918366,0.027755102040816326,768986.9339071095
0.061224489795918366,0.02938775510204082,722900.3626535153
0.061224489795918366,0.031020408163265307,673928.114329706
0.061224489795918366,0.0326530612244898,622614.3017041397
0.061224489795918366,0.03428571428571429,569457.0080997025
0.061224489795918366,0.035918367346938776,514899.99326029693
0.061224489795918366,0.037551020408163265,459360.719148966
0.061224489795918366,0.03918367346938775,403272.3180853597
0.061224489795918366,0.04081632653061225,347125.7089095131
0.061224489795918366,0.04244897959183674,291511.01956465194
0.061224489795918366,0.044081632653061226,237167.04662064242
0.061224489795918366,0.045714285714285714,185040.63951608894
0.061224489795918366,0.0473469387755102,136338.79035778125
0.061224489795918366,0.0489795918367347,92535.69846347896
0.061224489795918366,0.05061224489795919,55372.08241503987
0.061224489795918366,0.052244897959183675,26865.705463963393
0.061224489795918366,0.053877551020408164,9008.067900291577
0.061224489795918366,0.05551020408163265,2110.4980389320804
0.061224489795918366,0.05714285714285715,651.369297458262
0.061224489795918366,0.05877551020408164,357.8648723702647
0.061224489795918366,0.060408163265306125,306.544852982735
0.061224489795918366,0.062040816326530614,300.4323087446699
0.061224489795918366,0.0636734693877551,300.01271154788907
0.061224489795918366,0.0653061224489796,300.0000931357674
0.061224489795918366,0.06693877551020408,300.0000000401792
0.061224489795918366,0.06857142857142857,299.9999999999977
0.061224489795918366,0.07020408163265307,299.9999999999977
0.061224489795918366,0.07183673469387755,299.9999999999977
0.061224489795918366,0.07346938775510205,299.9999999999977
0.061224489795918366,0.07510204081632653,299.9999999999977
0.061224489795918366,0.07673469387755102,299.9999999999977
0.061224489795918366,0.0783673469387755,299.9999999999995
0.061224489795918366,0.07959204506802722,300.00000007973154
0.061224489795918366,0.08000088465770044,300.0000000797544
0.061224489795918366,0.0800019359326174,300.0000000797826
0.061224489795918366,0.08000324619642925,300.0000000798178
0.061224489795918366,0.08000487925285339,300.00000007986165
0.061224489795918366,0.08000691462409718,300.00000007991633
0.061224489795918366,0.08000945142321741,300.0000000799844
0.061224489795918366,0.08001261318046245,300.00000008006896
0.061224489795918366,0.08001655385861739,300.00000008017423
0.061224489795918366,0.08002146535027135,300.00000008030514
0.061224489795918366,0.08002758682208874,300.00000008046766
0.061224489795918366,0.08003521636110686,300.00000008066945
0.061224489795918366,0.08004472549017998,300.0000000809196
0.061224489795918366,0.08005657725940413,300.0000000812295
0.061224489795918366,0.08007134879449027,300.00000008161214
0.061224489795918366,0.08008975940008634,300.0000000820842
0.061224489795918366,0.08011270558654815,300.0000000826643
0.061224489795918366,0.08014130472579933,300.0000000833749
0.061224489795918366,0.08017694946211615,300.0000000842409
0.061224489795918366,0.08022137552738813,300.0000000852899
0.061224489795918366,0.08027674626314021,300.00000008655036
0.061224489795918366,0.08034575796514344,300.00000008804915
0.061224489795918366,0.08043177118040407,300.0000000898055
0.061224489795918366,0.08053897435007991,300.00000009182304
0.061224489795918366,0.08067258776696852,300.0000000940743
0.061224489795918366,0.08083911777934251,300.0000000964771
0.061224489795918366,0.08104667361966954,300.0000000988556
0.061224489795918366,0.08130536228629326,300.0000001008764
0.061224489795918366,0.08162778070696558,300.00000010190314
0.061224489795918366,0.08202962915029163,300.00000010025576
0.061224489795918366,0.08237629432068608,300.0000000021832
0.0673469387755102,0.00040816326530612246,63853.37006684773
0.0673469387755102,0.0016326530612244899,63853.37006684773
0.0673469387755102,0.0032653061224489797,62769.166167678944
0.0673469387755102,0.004897959183673469,60843.9102324664
0.0673469387755102,0.006530612244897959,58153.92541545583
0.0673469387755102,0.00816326530612245,54773.98020248556
0.0673469387755102,0.009795918367346938,50792.24408728641
0.0673469387755102,0.011428571428571429,46313.493422642336
0.0673469387755102,0.013061224489795919,41459.492510243406
0.0673469387755102,0.01469387755102041,36367.786550557656
0.0673469387755102,0.0163265306122449,31188.846703547275
0.0673469387755102,0.017959183673469388,26081.149405375356
0.0673469387755102,0.019591836734693877,21203.709364825594
0.0673469387755102,0.02122448979591837,16705.801742649543
0.0673469387755102,0.022857142857142857,12714.243277589701
0.0673469387755102,0.02448979591836735,9319.78163978221
0.0673469387755102,0.026122448979591838,6565.699601813992
0.0673469387755102,0.027755102040816326,4442.811743011828
0.0673469387755102,0.02938775510204082,2894.1126715107866
0.0673469387755102,0.031020408163265307,1828.7431271207388
0.0673469387755102,0.0326530612244898,1140.702213566165
0.0673469387755102,0.03428571428571429,726.2575340026136
0.0673469387755102,0.035918367346938776,495.94030220297304
0.0673469387755102,0.037551020408163265,379.9519173753951
0.0673469387755102,0.03918367346938775,328.29573560052995
0.0673469387755102,0.04081632653061225,308.46170503670106
0.0673469387755102,0.04244897959183674,302.06347908836767
0.0673469387755102,0.044081632653061226,300.38918492805726
0.0673469387755102,0.045714285714285714,300.0524457905069
0.0673469387755102,0.0473469387755102,300.0044753849111
0.0673469387755102,0.0489795918367347,300.00019895491107
0.0673469387755102,0.05061224489795919,300.0000032724013
0.0673469387755102,0.052244897959183675,300.0000000104596
0.0673469387755102,0.053877551020408164,299.9999999999998
0.0673469387755102,0.05551020408163265,299.9999999999977
0.0673469387755102,0.05714285714285715,299.9999999999977
0.0673469387755102,0.05877551020408164,299.9999999999977
0.0673469387755102,0.060408163265306125,299.9999999999977
0.0673469387755102,0.062040816326530614,299.9999999999977
0.0673469387755102,0.0636734693877551,299.9999999999977
0.0673469387755102,0.0653061224489796,299.9999999999977
0.0673469387755102,0.06693877551020408,299.9999999999977
0.0673469387755102,0.06857142857142857,299.9999999999977
0.0673469387755102,0.07020408163265307,299.9999999999977
0.0673469387755102,0.07183673469387755,299.9999999999977
0.0673469387755102,0.07346938775510205,299.9999999999977
0.0673469387755102,0.07510204081632653,299.9999999999977
0.0673469387755102,0.07673469387755102,299.9999999999977
0.0673469387755102,0.0783673469387755,299.9999999999995
0.0673469387755102,0.07959204506802722,299.99999999999926
0.0673469387755102,0.08000088465770044,299.99999999999926
0.0673469387755102,0.0800019359326174,299.99999999999926
0.0673469387755102,0.08000324619642925,299.99999999999926
0.0673469387755102,0.08000487925285339,299.99999999999926
0.0673469387755102,0.08000691462409718,299.99999999999926
0.0673469387755102,0.08000945142321741,299.99999999999926
0.0673469387755102,0.08001261318046245,299.99999999999926
0.0673469387755102,0.08001655385861739,299.99999999999926
0.0673469387755102,0.08002146535027135,299.99999999999926
0.0673469387755102,0.08002758682208874,299.99999999999926
0.0673469387755102,0.08003521636110686,299.99999999999926
0.0673469387755102,0.08004472549017998,299.99999999999926
0.0673469387755102,0.08005657725940413,299.99999999999926
0.0673469387755102,0.08007134879449027,299.99999999999926
0.0673469387755102,0.08008975940008634,299.99999999999926
0.0673469387755102,0.08011270558654815,299.99999999999926
0.0673469387755102,0.08014130472579933,299.99999999999926
0.0673469387755102,0.08017694946211615,299.99999999999926
0.0673469387755102,0.08022137552738813,299.99999999999926
0.0673469387755102,0.08027674626314021,299.99999999999926
0.0673469387755102,0.08034575796514344,299.99999999999926
0.0673469387755102,0.08043177118040407,299.99999999999926
0.0673469387755102,0.08053897435007991,299.99999999999926
0.0673469387755102,0.08067258776696852,299.99999999999926
0.0673469387755102,0.08083911777934251,299.99999999999926
0.0673469387755102,0.08104667361966954,299.99999999999926
0.0673469387755102,0.08130536228629326,299.99999999999926
0.0673469387755102,0.08162778070696558,299.99999999999926
0.0673469387755102,0.08202962915029163,299.99999999999926
0.0673469387755102,0.08237629432068608,299.99999999999926
0.07346938775510203,0.00040816326530612246,300.0000092622553
0.07346938775510203,0.0016326530612244899,300.0000092622553
0.07346938775510203,0.0032653061224489797,300.000008098977
0.07346938775510203,0.004897959183673469,300.00000634517096
0.07346938775510203,0.006530612244897959,300.00000445345586
0.07346938775510203,0.00816326530612245,300.00000278794386
0.07346938775510203,0.009795918367346938,300.0000015459104
0.07346938775510203,0.011428571428571429,300.00000075227155
0.07346938775510203,0.013061224489795919,300.0000003175454
0.07346938775510203,0.01469387755102041,300.00000011464334
0.07346938775510203,0.0163265306122449,300.0000000348135
0.07346938775510203,0.017959183673469388,300.0000000087219
0.07346938775510203,0.019591836734693877,300.0000000017633
0.07346938775510203,0.02122448979591837,300.00000000027984
0.07346938775510203,0.022857142857142857,300.00000000003246
0.07346938775510203,0.02448979591836735,300.0000000000009
0.07346938775510203,0.026122448979591838,299.99999999999795
0.07346938775510203,0.027755102040816326,299.9999999999977
0.07346938775510203,0.02938775510204082,299.9999999999977
0.07346938775510203,0.031020408163265307,299.9999999999977
0.07346938775510203,0.0326530612244898,299.9999999999977
0.07346938775510203,0.03428571428571429,299.9999999999977
0.07346938775510203,0.035918367346938776,299.9999999999977
0.07346938775510203,0.037551020408163265,299.9999999999977
0.07346938775510203,0.03918367346938775,299.9999999999977
0.07346938775510203,0.04081632653061225,299.9999999999977
0.07346938775510203,0.04244897959183674,299.9999999999977
0.07346938775510203,0.044081632653061226,299.9999999999977
0.07346938775510203,0.045714285714285714,299.9999999999977
0.07346938775510203,0.0473469387755102,299.9999999999977
0.07346938775510203,0.0489795918367347,299.9999999999977
0.07346938775510203,0.05061224489795919,299.9999999999977
0.07346938775510203,0.052244897959183675,299.9999999999977
0.07346938775510203,0.053877551020408164,299.9999999999977
0.07346938775510203,0.05551020408163265,299.9999999999977
0.07346938775510203,0.05714285714285715,299.9999999999977
0.07346938775510203,0.05877551020408164,299.9999999999977
0.07346938775510203,0.060408163265306125,299.9999999999977
0.07346938775510203,0.062040816326530614,299.9999999999977
0.07346938775510203,0.0636734693877551,299.9999999999977
0.07346938775510203,0.0653061224489796,299.9999999999977
0.07346938775510203,0.06693877551020408,299.9999999999977
0.07346938775510203,0.06857142857142857,299.9999999999977
0.07346938775510203,0.07020408163265307,299.9999999999977
0.07346938775510203,0.07183673469387755,299.9999999999977
0.07346938775510203,0.07346938775510205,299.9999999999977
0.07346938775510203,0.07510204081632653,299.9999999999977
0.07346938775510203,0.07673469387755102,299.9999999999977
0.07346938775510203,0.0783673469387755,299.9999999999995
0.07346938775510203,0.07959204506802722,299.99999999999926
0.07346938775510203,0.08000088465770044,299.99999999999926
0.07346938775510203,0.0800019359326174,299.99999999999926
0.07346938775510203,0.08000324619642925,299.99999999999926
0.07346938775510203,0.08000487925285339,299.99999999999926
0.07346938775510203,0.08000691462409718,299.99999999999926
0.07346938775510203,0.08000945142321741,299.99999999999926
0.07346938775510203,0.08001261318046245,299.99999999999926
0.07346938775510203,0.08001655385861739,299.99999999999926
0.07346938775510203,0.08002146535027135,299.99999999999926
0.07346938775510203,0.08002758682208874,299.99999999999926
0.07346938775510203,0.08003521636110686,299.99999999999926
0.07346938775510203,0.08004472549017998,299.99999999999926
0.07346938775510203,0.08005657725940413,299.99999999999926
0.07346938775510203,0.08007134879449027,299.99999999999926
0.07346938775510203,0.08008975940008634,299.99999999999926
0.07346938775510203,0.08011270558654815,299.99999999999926
0.07346938775510203,0.08014130472579933,299.99999999999926
0.07346938775510203,0.08017694946211615,299.99999999999926
0.07346938775510203,0.08022137552738813,299.99999999999926
0.07346938775510203,0.08027674626314021,299.99999999999926
0.07346938775510203,0.08034575796514344,299.99999999999926
0.07346938775510203,0.08043177118040407,299.99999999999926
0.07346938775510203,0.08053897435007991,299.99999999999926
0.07346938775510203,0.08067258776696852,299.99999999999926
0.07346938775510203,0.08083911777934251,299.99999999999926
0.07346938775510203,0.08104667361966954,299.99999999999926
0.07346938775510203,0.08130536228629326,299.99999999999926
0.07346938775510203,0.08162778070696558,299.99999999999926
0.07346938775510203,0.08202962915029163,299.99999999999926
0.07346938775510203,0.08237629432068608,299.99999999999926
0.07959183673469387,0.00040816326530612246,299.9999999999977
0.07959183673469387,0.0016326530612244899,299.9999999999977
0.07959183673469387,0.0032653061224489797,299.9999999999977
0.07959183673469387,0.004897959183673469,299.9999999999977
0.07959183673469387,0.006530612244897959,299.9999999999977
0.07959183673469387,0.00816326530612245,299.9999999999977
0.07959183673469387,0.009795918367346938,299.9999999999977
0.07959183673469387,0.011428571428571429,299.9999999999977
0.07959183673469387,0.013061224489795919,299.9999999999977
0.07959183673469387,0.01469387755102041,299.9999999999977
0.07959183673469387,0.0163265306122449,299.9999999999977
0.07959183673469387,0.017959183673469388,299.9999999999977
0.07959183673469387,0.019591836734693877,299.9999999999977
0.07959183673469387,0.02122448979591837,299.9999999999977
0.07959183673469387,0.022857142857142857,299.9999999999977
0.07959183673469387,0.02448979591836735,299.9999999999977
0.07959183673469387,0.026122448979591838,299.9999999999977
0.07959183673469387,0.027755102040816326,299.9999999999977
0.07959183673469387,0.02938775510204082,299.9999999999977
0.07959183673469387,0.031020408163265307,299.9999999999977
0.07959183673469387,0.0326530612244898,299.9999999999977
0.07959183673469387,0.03428571428571429,299.9999999999977
0.07959183673469387,0.035918367346938776,299.9999999999977
0.07959183673469387,0.037551020408163265,299.9999999999977
0.07959183673469387,0.03918367346938775,299.9999999999977
0.07959183673469387,0.04081632653061225,299.9999999999977
0.07959183673469387,0.04244897959183674,299.9999999999977
0.07959183673469387,0.044081632653061226,299.9999999999977
0.07959183673469387,0.045714285714285714,299.9999999999977
0.07959183673469387,0.0473469387755102,299.9999999999977
0.07959183673469387,0.0489795918367347,299.9999999999977
0.07959183673469387,0.05061224489795919,299.9999999999977
0.07959183673469387,0.052244897959183675,299.9999999999977
0.07959183673469387,0.053877551020408164,299.9999999999977
0.07959183673469387,0.05551020408163265,299.9999999999977
0.07959183673469387,0.05714285714285715,299.9999999999977
0.07959183673469387,0.05877551020408164,299.9999999999977
0.07959183673469387,0.060408163265306125,299.9999999999977
0.07959183673469387,0.062040816326530614,299.9999999999977
0.07959183673469387,0.0636734693877551,299.9999999999977
0.07959183673469387,0.0653061224489796,299.9999999999977
0.07959183673469387,0.06693877551020408,299.9999999999977
0.07959183673469387,0.06857142857142857,299.9999999999977
0.07959183673469387,0.07020408163265307,299.9999999999977
0.07959183673469387,0.07183673469387755,299.9999999999977
0.07959183673469387,0.07346938775510205,299.9999999999977
0.07959183673469387,0.07510204081632653,299.9999999999977
0.07959183673469387,0.07673469387755102,299.9999999999977
0.07959183673469387,0.0783673469387755,299.9999999999968
0.07959183673469387,0.07959204506802722,299.99999999999926
0.07959183673469387,0.08000088465770044,299.99999999999926
0.07959183673469387,0.0800019359326174,299.99999999999926
0.07959183673469387,0.08000324619642925,299.99999999999926
0.07959183673469387,0.08000487925285339,299.99999999999926
0.07959183673469387,0.08000691462409718,299.99999999999926
0.07959183673469387,0.08000945142321741,299.99999999999926
0.07959183673469387,0.08001261318046245,299.99999999999926
0.07959183673469387,0.08001655385861739,299.99999999999926
0.07959183673469387,0.08002146535027135,299.99999999999926
0.07959183673469387,0.08002758682208874,299.99999999999926
0.07959183673469387,0.08003521636110686,299.99999999999926
0.07959183673469387,0.08004472549017998,299.99999999999926
0.07959183673469387,0.08005657725940413,299.99999999999926
0.07959183673469387,0.08007134879449027,299.99999999999926
0.07959183673469387,0.08008975940008634,299.99999999999926
0.07959183673469387,0.08011270558654815,299.99999999999926
0.07959183673469387,0.08014130472579933,299.99999999999926
0.07959183673469387,0.08017694946211615,299.99999999999926
0.07959183673469387,0.08022137552738813,299.99999999999926
0.07959183673469387,0.08027674626314021,299.99999999999926
0.07959183673469387,0.08034575796514344,299.99999999999926
0.07959183673469387,0.08043177118040407,299.99999999999926
0.07959183673469387,0.08053897435007991,299.99999999999926
0.07959183673469387,0.08067258776696852,299.99999999999926
0.07959183673469387,0.08083911777934251,299.99999999999926
0.07959183673469387,0.08104667361966954,299.99999999999926
0.07959183673469387,0.08130536228629326,299.99999999999926
0.07959183673469387,0.08162778070696558,299.99999999999926
0.07959183673469387,0.08202962915029163,299.99999999999926
0.07959183673469387,0.08237629432068608,299.99999999999926
0.08571428571428572,0.00040816326530612246,299.9999999999977
0.08571428571428572,0.0016326530612244899,299.9999999999977
0.08571428571428572,0.0032653061224489797,299.9999999999977
0.08571428571428572,0.004897959183673469,299.9999999999977
0.08571428571428572,0.006530612244897959,299.9999999999977
0.08571428571428572,0.00816326530612245,299.9999999999977
0.08571428571428572,0.009795918367346938,299.9999999999977
0.08571428571428572,0.011428571428571429,299.9999999999977
0.08571428571428572,0.013061224489795919,299.9999999999977
0.08571428571428572,0.01469387755102041,299.9999999999977
0.08571428571428572,0.0163265306122449,299.9999999999977
0.08571428571428572,0.017959183673469388,299.9999999999977
0.08571428571428572,0.019591836734693877,299.9999999999977
0.08571428571428572,0.02122448979591837,299.9999999999977
0.08571428571428572,0.022857142857142857,299.9999999999977
0.08571428571428572,0.02448979591836735,299.9999999999977
0.08571428571428572,0.026122448979591838,299.9999999999977
0.08571428571428572,0.027755102040816326,299.9999999999977
0.08571428571428572,0.02938775510204082,299.9999999999977
0.08571428571428572,0.031020408163265307,299.9999999999977
0.08571428571428572,0.0326530612244898,299.9999999999977
0.08571428571428572,0.03428571428571429,299.9999999999977
0.08571428571428572,0.035918367346938776,299.9999999999977
0.08571428571428572,0.037551020408163265,299.9999999999977
0.08571428571428572,0.03918367346938775,299.9999999999977
0.08571428571428572,0.04081632653061225,299.9999999999977
0.08571428571428572,0.04244897959183674,299.9999999999977
0.08571428571428572,0.044081632653061226,299.9999999999977
0.08571428571428572,0.045714285714285714,299.9999999999977
0.08571428571428572,0.0473469387755102,299.9999999999977
0.08571428571428572,0.0489795918367347,299.9999999999977
0.08571428571428572,0.05061224489795919,299.9999999999977
0.08571428571428572,0.052244897959183675,299.9999999999977
0.08571428571428572,0.053877551020408164,299.9999999999977
0.08571428571428572,0.05551020408163265,299.9999999999977
0.08571428571428572,0.05714285714285715,299.9999999999977
0.08571428571428572,0.05877551020408164,299.9999999999977
0.08571428571428572,0.060408163265306125,299.9999999999977
0.08571428571428572,0.062040816326530614,299.9999999999977
0.08571428571428572,0.0636734693877551,299.9999999999977
0.08571428571428572,0.0653061224489796,299.9999999999977
0.08571428571428572,0.06693877551020408,299.9999999999977
0.08571428571428572,0.06857142857142857,299.9999999999977
0.08571428571428572,0.07020408163265307,299.9999999999977
0.08571428571428572,0.07183673469387755,299.9999999999977
0.08571428571428572,0.07346938775510205,299.9999999999977
0.08571428571428572,0.07510204081632653,299.9999999999977
0.08571428571428572,0.07673469387755102,299.9999999999977
0.08571428571428572,0.0783673469387755,299.9999999999968
0.08571428571428572,0.07959204506802722,299.99999999999926
0.08571428571428572,0.08000088465770044,299.99999999999926
0.08571428571428572,0.0800019359326174,299.99999999999926
0.08571428571428572,0.08000324619642925,299.99999999999926
0.08571428571428572,0.08000487925285339,299.99999999999926
0.08571428571428572,0.08000691462409718,299.99999999999926
0.08571428571428572,0.08000945142321741,299.99999999999926
0.08571428571428572,0.08001261318046245,299.99999999999926
0.08571428571428572,0.08001655385861739,299.99999999999926
0.08571428571428572,0.08002146535027135,299.99999999999926
0.08571428571428572,0.08002758682208874,299.99999999999926
0.08571428571428572,0.08003521636110686,299.99999999999926
0.08571428571428572,0.08004472549017998,299.99999999999926
0.08571428571428572,0.08005657725940413,299.99999999999926
0.08571428571428572,0.08007134879449027,299.99999999999926
0.08571428571428572,0.08008975940008634,299.99999999999926
0.08571428571428572,0.08011270558654815,299.99999999999926
0.08571428571428572,0.08014130472579933,299.99999999999926
0.08571428571428572,0.08017694946211615,299.99999999999926
0.08571428571428572,0.08022137552738813,299.99999999999926
0.08571428571428572,0.08027674626314021,299.99999999999926
0.08571428571428572,0.08034575796514344,299.99999999999926
0.08571428571428572,0.08043177118040407,299.99999999999926
0.08571428571428572,0.08053897435007991,299.99999999999926
0.08571428571428572,0.08067258776696852,299.99999999999926
0.08571428571428572,0.08083911777934251,299.99999999999926
0.08571428571428572,0.08104667361966954,299.99999999999926
0.08571428571428572,0.08130536228629326,299.99999999999926
0.08571428571428572,0.08162778070696558,299.99999999999926
0.08571428571428572,0.08202962915029163,299.99999999999926
0.08571428571428572,0.08237629432068608,299.99999999999926
0.09183673469387754,0.00040816326530612246,299.9999999999977
0.09183673469387754,0.0016326530612244899,299.9999999999977
0.09183673469387754,0.0032653061224489797,299.9999999999977
0.09183673469387754,0.004897959183673469,299.9999999999977
0.09183673469387754,0.006530612244897959,299.9999999999977
0.09183673469387754,0.00816326530612245,299.9999999999977
0.09183673469387754,0.009795918367346938,299.9999999999977
0.09183673469387754,0.011428571428571429,299.9999999999977
0.09183673469387754,0.013061224489795919,299.9999999999977
0.09183673469387754,0.01469387755102041,299.9999999999977
0.09183673469387754,0.0163265306122449,299.9999999999977
0.09183673469387754,0.017959183673469388,299.9999999999977
0.09183673469387754,0.019591836734693877,299.9999999999977
0.09183673469387754,0.02122448979591837,299.9999999999977
0.09183673469387754,0.022857142857142857,299.9999999999977
0.09183673469387754,0.02448979591836735,299.9999999999977
0.09183673469387754,0.026122448979591838,299.9999999999977
0.09183673469387754,0.027755102040816326,299.9999999999977
0.09183673469387754,0.02938775510204082,299.9999999999977
0.09183673469387754,0.031020408163265307,299.9999999999977
0.09183673469387754,0.0326530612244898,299.9999999999977
0.09183673469387754,0.03428571428571429,299.9999999999977
0.09183673469387754,0.035918367346938776,299.9999999999977
0.09183673469387754,0.037551020408163265,299.9999999999977
0.09183673469387754,0.03918367346938775,299.9999999999977
0.09183673469387754,0.04081632653061225,299.9999999999977
0.09183673469387754,0.04244897959183674,299.9999999999977
0.09183673469387754,0.044081632653061226,299.9999999999977
0.09183673469387754,0.045714285714285714,299.9999999999977
0.09183673469387754,0.0473469387755102,299.9999999999977
0.09183673469387754,0.0489795918367347,299.9999999999977
0.09183673469387754,0.05061224489795919,299.9999999999977
0.09183673469387754,0.052244897959183675,299.9999999999977
0.09183673469387754,0.053877551020408164,299.9999999999977
0.09183673469387754,0.05551020408163265,299.9999999999977
0.09183673469387754,0.05714285714285715,299.9999999999977
0.09183673469387754,0.05877551020408164,299.9999999999977
0.09183673469387754,0.060408163265306125,299.9999999999977
0.09183673469387754,0.062040816326530614,299.9999999999977
0.09183673469387754,0.0636734693877551,299.9999999999977
0.09183673469387754,0.0653061224489796,299.9999999999977
0.09183673469387754,0.06693877551020408,299.9999999999977
0.09183673469387754,0.06857142857142857,299.9999999999977
0.09183673469387754,0.07020408163265307,299.9999999999977
0.09183673469387754,0.07183673469387755,299.9999999999977
0.09183673469387754,0.07346938775510205,299.9999999999977
0.09183673469387754,0.07510204081632653,299.9999999999977
0.09183673469387754,0.07673469387755102,299.9999999999977
0.09183673469387754,0.0783673469387755,299.9999999999968
0.09183673469387754,0.07959204506802722,299.99999999999926
0.09183673469387754,0.08000088465770044,299.99999999999926
0.09183673469387754,0.0800019359326174,299.99999999999926
0.09183673469387754,0.08000324619642925,299.99999999999926
0.09183673469387754,0.08000487925285339,299.99999999999926
0.09183673469387754,0.08000691462409718,299.99999999999926
0.09183673469387754,0.08000945142321741,299.99999999999926
0.09183673469387754,0.08001261318046245,299.99999999999926
0.09183673469387754,0.08001655385861739,299.99999999999926
0.09183673469387754,0.08002146535027135,299.99999999999926
0.09183673469387754,0.08002758682208874,299.99999999999926
0.09183673469387754,0.08003521636110686,299.99999999999926
0.09183673469387754,0.08004472549017998,299.99999999999926
0.09183673469387754,0.08005657725940413,299.99999999999926
0.09183673469387754,0.08007134879449027,299.99999999999926
0.09183673469387754,0.08008975940008634,299.99999999999926
0.09183673469387754,0.08011270558654815,299.99999999999926
0.09183673469387754,0.08014130472579933,299.99999999999926
0.09183673469387754,0.08017694946211615,299.99999999999926
0.09183673469387754,0.08022137552738813,299.99999999999926
0.09183673469387754,0.08027674626314021,299.99999999999926
0.09183673469387754,0.08034575796514344,299.99999999999926
0.09183673469387754,0.08043177118040407,299.99999999999926
0.09183673469387754,0.08053897435007991,299.99999999999926
0.09183673469387754,0.08067258776696852,299.99999999999926
0.09183673469387754,0.08083911777934251,299.99999999999926
0.09183673469387754,0.08104667361966954,299.99999999999926
0.09183673469387754,0.08130536228629326,299.99999999999926
0.09183673469387754,0.08162778070696558,299.99999999999926
0.09183673469387754,0.08202962915029163,299.99999999999926
0.09183673469387754,0.08237629432068608,299.99999999999926
0.09795918367346938,0.00040816326530612246,299.9999999999977
0.09795918367346938,0.0016326530612244899,299.9999999999977
0.09795918367346938,0.0032653061224489797,299.9999999999977
0.09795918367346938,0.004897959183673469,299.9999999999977
0.09795918367346938,0.006530612244897959,299.9999999999977
0.09795918367346938,0.00816326530612245,299.9999999999977
0.09795918367346938,0.009795918367346938,299.9999999999977
0.09795918367346938,0.011428571428571429,299.9999999999977
0.09795918367346938,0.013061224489795919,299.9999999999977
0.09795918367346938,0.01469387755102041,299.9999999999977
0.09795918367346938,0.0163265306122449,299.9999999999977
0.09795918367346938,0.017959183673469388,299.9999999999977
0.09795918367346938,0.019591836734693877,299.9999999999977
0.09795918367346938,0.02122448979591837,299.9999999999977
0.09795918367346938,0.022857142857142857,299.9999999999977
0.09795918367346938,0.02448979591836735,299.9999999999977
0.09795918367346938,0.026122448979591838,299.9999999999977
0.09795918367346938,0.027755102040816326,299.9999999999977
0.09795918367346938,0.02938775510204082,299.9999999999977
0.09795918367346938,0.031020408163265307,299.9999999999977
0.09795918367346938,0.0326530612244898,299.9999999999977
0.09795918367346938,0.03428571428571429,299.9999999999977
0.09795918367346938,0.035918367346938776,299.9999999999977
0.09795918367346938,0.037551020408163265,299.9999999999977
0.09795918367346938,0.03918367346938775,299.9999999999977
0.09795918367346938,0.04081632653061225,299.9999999999977
0.09795918367346938,0.04244897959183674,299.9999999999977
0.09795918367346938,0.044081632653061226,299.9999999999977
0.09795918367346938,0.045714285714285714,299.9999999999977
0.09795918367346938,0.0473469387755102,299.9999999999977
0.09795918367346938,0.0489795918367347,299.9999999999977
0.09795918367346938,0.05061224489795919,299.9999999999977
0.09795918367346938,0.052244897959183675,299.9999999999977
0.09795918367346938,0.053877551020408164,299.9999999999977
0.09795918367346938,0.05551020408163265,299.9999999999977
0.09795918367346938,0.05714285714285715,299.9999999999977
0.09795918367346938,0.05877551020408164,299.9999999999977
0.09795918367346938,0.060408163265306125,299.9999999999977
0.09795918367346938,0.062040816326530614,299.9999999999977
0.09795918367346938,0.0636734693877551,299.9999999999977
0.09795918367346938,0.0653061224489796,299.9999999999977
0.09795918367346938,0.06693877551020408,299.9999999999977
0.09795918367346938,0.06857142857142857,299.9999999999977
0.09795918367346938,0.07020408163265307,299.9999999999977
0.09795918367346938,0.07183673469387755,299.9999999999977
0.09795918367346938,0.07346938775510205,299.9999999999977
0.09795918367346938,0.07510204081632653,299.9999999999977
0.09795918367346938,0.07673469387755102,299.9999999999977
0.09795918367346938,0.0783673469387755,299.9999999999995
0.09795918367346938,0.07959204506802722,299.99999999999926
0.09795918367346938,0.08000088465770044,299.99999999999926
0.09795918367346938,0.0800019359326174,299.99999999999926
0.09795918367346938,0.08000324619642925,299.99999999999926
0.09795918367346938,0.08000487925285339,299.99999999999926
0.09795918367346938,0.08000691462409718,299.99999999999926
0.09795918367346938,0.08000945142321741,299.99999999999926
0.09795918367346938,0.08001261318046245,299.99999999999926
0.09795918367346938,0.08001655385861739,299.99999999999926
0.09795918367346938,0.08002146535027135,299.99999999999926
0.09795918367346938,0.08002758682208874,299.99999999999926
0.09795918367346938,0.08003521636110686,299.99999999999926
0.09795918367346938,0.08004472549017998,299.99999999999926
0.09795918367346938,0.08005657725940413,299.99999999999926
0.09795918367346938,0.08007134879449027,299.99999999999926
0.09795918367346938,0.08008975940008634,299.99999999999926
0.09795918367346938,0.08011270558654815,299.99999999999926
0.09795918367346938,0.08014130472579933,299.99999999999926
0.09795918367346938,0.08017694946211615,299.99999999999926
0.09795918367346938,0.08022137552738813,299.99999999999926
0.09795918367346938,0.08027674626314021,299.99999999999926
0.09795918367346938,0.08034575796514344,299.99999999999926
0.09795918367346938,0.08043177118040407,299.99999999999926
0.09795918367346938,0.08053897435007991,299.99999999999926
0.09795918367346938,0.08067258776696852,299.99999999999926
0.09795918367346938,0.08083911777934251,299.99999999999926
0.09795918367346938,0.08104667361966954,299.99999999999926
0.09795918367346938,0.08130536228629326,299.99999999999926
0.09795918367346938,0.08162778070696558,299.99999999999926
0.09795918367346938,0.08202962915029163,299.99999999999926
0.09795918367346938,0.08237629432068608,299.99999999999926
0.10408163265306122,0.00040816326530612246,299.9999999999977
0.10408163265306122,0.0016326530612244899,299.9999999999977
0.10408163265306122,0.0032653061224489797,299.9999999999977
0.10408163265306122,0.004897959183673469,299.9999999999977
0.10408163265306122,0.006530612244897959,299.9999999999977
0.10408163265306122,0.00816326530612245,299.9999999999977
0.10408163265306122,0.009795918367346938,299.9999999999977
0.10408163265306122,0.011428571428571429,299.9999999999977
0.10408163265306122,0.013061224489795919,299.9999999999977
0.10408163265306122,0.01469387755102041,299.9999999999977
0.10408163265306122,0.0163265306122449,299.9999999999977
0.10408163265306122,0.017959183673469388,299.9999999999977
0.10408163265306122,0.019591836734693877,299.9999999999977
0.10408163265306122,0.02122448979591837,299.9999999999977
0.10408163265306122,0.022857142857142857,299.9999999999977
0.10408163265306122,0.02448979591836735,299.9999999999977
0.10408163265306122,0.026122448979591838,299.9999999999977
0.10408163265306122,0.027755102040816326,299.9999999999977
0.10408163265306122,0.02938775510204082,299.9999999999977
0.10408163265306122,0.031020408163265307,299.9999999999977
0.10408163265306122,0.0326530612244898,299.9999999999977
0.10408163265306122,0.03428571428571429,299.9999999999977
0.10408163265306122,0.035918367346938776,299.9999999999977
0.10408163265306122,0.037551020408163265,299.9999999999977
0.10408163265306122,0.03918367346938775,299.9999999999977
0.10408163265306122,0.04081632653061225,299.9999999999977
0.10408163265306122,0.04244897959183674,299.9999999999977
0.10408163265306122,0.044081632653061226,299.9999999999977
0.10408163265306122,0.045714285714285714,299.9999999999977
0.10408163265306122,0.0473469387755102,299.9999999999977
0.10408163265306122,0.0489795918367347,299.9999999999977
0.10408163265306122,0.05061224489795919,299.9999999999977
0.10408163265306122,0.052244897959183675,299.9999999999977
0.10408163265306122,0.053877551020408164,299.9999999999977
0.10408163265306122,0.05551020408163265,299.9999999999977
0.10408163265306122,0.05714285714285715,299.9999999999977
0.10408163265306122,0.05877551020408164,299.9999999999977
0.10408163265306122,0.060408163265306125,299.9999999999977
0.10408163265306122,0.062040816326530614,299.9999999999977
0.10408163265306122,0.0636734693877551,299.9999999999977
0.10408163265306122,0.0653061224489796,299.9999999999977
0.10408163265306122,0.06693877551020408,299.9999999999977
0.10408163265306122,0.06857142857142857,299.9999999999977
0.10408163265306122,0.07020408163265307,299.9999999999977
0.10408163265306122,0.07183673469387755,299.9999999999977
0.10408163265306122,0.07346938775510205,299.9999999999977
0.10408163265306122,0.07510204081632653,299.9999999999977
0.10408163265306122,0.07673469387755102,299.9999999999977
0.10408163265306122,0.0783673469387755,299.9999999999995
0.10408163265306122,0.07959204506802722,299.99999999999926
0.10408163265306122,0.08000088465770044,299.99999999999926
0.10408163265306122,0.0800019359326174,299.99999999999926
0.10408163265306122,0.08000324619642925,299.99999999999926
0.10408163265306122,0.08000487925285339,299.99999999999926
0.10408163265306122,0.08000691462409718,299.99999999999926
0.10408163265306122,0.08000945142321741,299.99999999999926
0.10408163265306122,0.08001261318046245,299.99999999999926
0.10408163265306122,0.08001655385861739,299.99999999999926
0.10408163265306122,0.08002146535027135,299.99999999999926
0.10408163265306122,0.08002758682208874,299.99999999999926
0.10408163265306122,0.08003521636110686,299.99999999999926
0.10408163265306122,0.08004472549017998,299.99999999999926
0.10408163265306122,0.08005657725940413,299.99999999999926
0.10408163265306122,0.08007134879449027,299.99999999999926
0.10408163265306122,0.08008975940008634,299.99999999999926
0.10408163265306122,0.08011270558654815,299.99999999999926
0.10408163265306122,0.08014130472579933,299.99999999999926
0.10408163265306122,0.08017694946211615,299.99999999999926
0.10408163265306122,0.08022137552738813,299.99999999999926
0.10408163265306122,0.08027674626314021,299.99999999999926
0.10408163265306122,0.08034575796514344,299.99999999999926
0.10408163265306122,0.08043177118040407,299.99999999999926
0.10408163265306122,0.08053897435007991,299.99999999999926
0.10408163265306122,0.08067258776696852,299.99999999999926
0.10408163265306122,0.08083911777934251,299.99999999999926
0.10408163265306122,0.08104667361966954,299.99999999999926
0.10408163265306122,0.08130536228629326,299.99999999999926
0.10408163265306122,0.08162778070696558,299.99999999999926
0.10408163265306122,0.08202962915029163,299.99999999999926
0.10408163265306122,0.08237629432068608,299.99999999999926
0.11020408163265305,0.00040816326530612246,299.9999999999977
0.11020408163265305,0.0016326530612244899,299.9999999999977
0.11020408163265305,0.0032653061224489797,299.9999999999977
0.11020408163265305,0.004897959183673469,299.9999999999977
0.11020408163265305,0.006530612244897959,299.9999999999977
0.11020408163265305,0.00816326530612245,299.9999999999977
0.11020408163265305,0.009795918367346938,299.9999999999977
0.11020408163265305,0.011428571428571429,299.9999999999977
0.11020408163265305,0.013061224489795919,299.9999999999977
0.11020408163265305,0.01469387755102041,299.9999999999977
0.11020408163265305,0.0163265306122449,299.9999999999977
0.11020408163265305,0.017959183673469388,299.9999999999977
0.11020408163265305,0.019591836734693877,299.9999999999977
0.11020408163265305,0.02122448979591837,299.9999999999977
0.11020408163265305,0.022857142857142857,299.9999999999977
0.11020408163265305,0.02448979591836735,299.9999999999977
0.11020408163265305,0.026122448979591838,299.9999999999977
0.11020408163265305,0.027755102040816326,299.9999999999977
0.11020408163265305,0.02938775510204082,299.9999999999977
0.11020408163265305,0.031020408163265307,299.9999999999977
0.11020408163265305,0.0326530612244898,299.9999999999977
0.11020408163265305,0.03428571428571429,299.9999999999977
0.11020408163265305,0.035918367346938776,299.9999999999977
0.11020408163265305,0.037551020408163265,299.9999999999977
0.11020408163265305,0.03918367346938775,299.9999999999977
0.11020408163265305,0.04081632653061225,299.9999999999977
0.11020408163265305,0.04244897959183674,299.9999999999977
0.11020408163265305,0.044081632653061226,299.9999999999977
0.11020408163265305,0.045714285714285714,299.9999999999977
0.11020408163265305,0.0473469387755102,299.9999999999977
0.11020408163265305,0.0489795918367347,299.9999999999977
0.11020408163265305,0.05061224489795919,299.9999999999977
0.11020408163265305,0.052244897959183675,299.9999999999977
0.11020408163265305,0.053877551020408164,299.9999999999977
0.11020408163265305,0.05551020408163265,299.9999999999977
0.11020408163265305,0.05714285714285715,299.9999999999977
0.11020408163265305,0.05877551020408164,299.9999999999977
0.11020408163265305,0.060408163265306125,299.9999999999977
0.11020408163265305,0.062040816326530614,299.9999999999977
0.11020408163265305,0.0636734693877551,299.9999999999977
0.11020408163265305,0.0653061224489796,299.9999999999977
0.11020408163265305,0.06693877551020408,299.9999999999977
0.11020408163265305,0.06857142857142857,299.9999999999977
0.11020408163265305,0.07020408163265307,299.9999999999977
0.11020408163265305,0.07183673469387755,299.9999999999977
0.11020408163265305,0.07346938775510205,299.9999999999977
0.11020408163265305,0.07510204081632653,299.9999999999977
0.11020408163265305,0.07673469387755102,299.9999999999977
0.11020408163265305,0.0783673469387755,299.9999999999995
0.11020408163265305,0.07959204506802722,299.99999999999926
0.11020408163265305,0.08000088465770044,299.99999999999926
0.11020408163265305,0.0800019359326174,299.99999999999926
0.11020408163265305,0.08000324619642925,299.99999999999926
0.11020408163265305,0.08000487925285339,299.99999999999926
0.11020408163265305,0.08000691462409718,299.99999999999926
0.11020408163265305,0.08000945142321741,299.99999999999926
0.11020408163265305,0.08001261318046245,299.99999999999926
0.11020408163265305,0.08001655385861739,299.99999999999926
0.11020408163265305,0.08002146535027135,299.99999999999926
0.11020408163265305,0.08002758682208874,299.99999999999926
0.11020408163265305,0.08003521636110686,299.99999999999926
0.11020408163265305,0.08004472549017998,299.99999999999926
0.11020408163265305,0.08005657725940413,299.99999999999926
0.11020408163265305,0.08007134879449027,299.99999999999926
0.11020408163265305,0.08008975940008634,299.99999999999926
0.11020408163265305,0.08011270558654815,299.99999999999926
0.11020408163265305,0.08014130472579933,299.99999999999926
0.11020408163265305,0.08017694946211615,299.99999999999926
0.11020408163265305,0.08022137552738813,299.99999999999926
0.11020408163265305,0.08027674626314021,299.99999999999926
0.11020408163265305,0.08034575796514344,299.99999999999926
0.11020408163265305,0.08043177118040407,299.99999999999926
0.11020408163265305,0.08053897435007991,299.99999999999926
0.11020408163265305,0.08067258776696852,299.99999999999926
0.11020408163265305,0.08083911777934251,299.99999999999926
0.11020408163265305,0.08104667361966954,299.99999999999926
0.11020408163265305,0.08130536228629326,299.99999999999926
0.11020408163265305,0.08162778070696558,299.99999999999926
0.11020408163265305,0.08202962915029163,299.99999999999926
0.11020408163265305,0.08237629432068608,299.99999999999926
0.11632653061224489,0.00040816326530612246,299.9999999999977
0.11632653061224489,0.0016326530612244899,299.9999999999977
0.11632653061224489,0.0032653061224489797,299.9999999999977
0.11632653061224489,0.004897959183673469,299.9999999999977
0.11632653061224489,0.006530612244897959,299.9999999999977
0.11632653061224489,0.00816326530612245,299.9999999999977
0.11632653061224489,0.009795918367346938,299.9999999999977
0.11632653061224489,0.011428571428571429,299.9999999999977
0.11632653061224489,0.013061224489795919,299.9999999999977
0.11632653061224489,0.01469387755102041,299.9999999999977
0.11632653061224489,0.0163265306122449,299.9999999999977
0.11632653061224489,0.017959183673469388,299.9999999999977
0.11632653061224489,0.019591836734693877,299.9999999999977
0.11632653061224489,0.02122448979591837,299.9999999999977
0.11632653061224489,0.022857142857142857,299.9999999999977
0.11632653061224489,0.02448979591836735,299.9999999999977
0.11632653061224489,0.026122448979591838,299.9999999999977
0.11632653061224489,0.027755102040816326,299.9999999999977
0.11632653061224489,0.02938775510204082,299.9999999999977
0.11632653061224489,0.031020408163265307,299.9999999999977
0.11632653061224489,0.0326530612244898,299.9999999999977
0.11632653061224489,0.03428571428571429,299.9999999999977
0.11632653061224489,0.035918367346938776,299.9999999999977
0.11632653061224489,0.037551020408163265,299.9999999999977
0.11632653061224489,0.03918367346938775,299.9999999999977
0.11632653061224489,0.04081632653061225,299.9999999999977
0.11632653061224489,0.04244897959183674,299.9999999999977
0.11632653061224489,0.044081632653061226,299.9999999999977
0.11632653061224489,0.045714285714285714,299.9999999999977
0.11632653061224489,0.0473469387755102,299.9999999999977
0.11632653061224489,0.0489795918367347,299.9999999999977
0.11632653061224489,0.05061224489795919,299.9999999999977
0.11632653061224489,0.052244897959183675,299.9999999999977
0.11632653061224489,0.053877551020408164,299.9999999999977
0.11632653061224489,0.05551020408163265,299.9999999999977
0.11632653061224489,0.05714285714285715,299.9999999999977
0.11632653061224489,0.05877551020408164,299.9999999999977
0.11632653061224489,0.060408163265306125,299.9999999999977
0.11632653061224489,0.062040816326530614,299.9999999999977
0.11632653061224489,0.0636734693877551,299.9999999999977
0.11632653061224489,0.0653061224489796,299.9999999999977
0.11632653061224489,0.06693877551020408,299.9999999999977
0.11632653061224489,0.06857142857142857,299.9999999999977
0.11632653061224489,0.07020408163265307,299.9999999999977
0.11632653061224489,0.07183673469387755,299.9999999999977
0.11632653061224489,0.07346938775510205,299.9999999999977
0.11632653061224489,0.07510204081632653,299.9999999999977
0.11632653061224489,0.07673469387755102,299.9999999999977
0.11632653061224489,0.0783673469387755,299.9999999999995
0.11632653061224489,0.07959204506802722,299.99999999999926
0.11632653061224489,0.08000088465770044,299.99999999999926
0.11632653061224489,0.0800019359326174,299.99999999999926
0.11632653061224489,0.08000324619642925,299.99999999999926
0.11632653061224489,0.08000487925285339,299.99999999999926
0.11632653061224489,0.08000691462409718,299.99999999999926
0.11632653061224489,0.08000945142321741,299.99999999999926
0.11632653061224489,0.08001261318046245,299.99999999999926
0.11632653061224489,0.08001655385861739,299.99999999999926
0.11632653061224489,0.08002146535027135,299.99999999999926
0.11632653061224489,0.08002758682208874,299.99999999999926
0.11632653061224489,0.08003521636110686,299.99999999999926
0.11632653061224489,0.08004472549017998,299.99999999999926
0.11632653061224489,0.08005657725940413,299.99999999999926
0.11632653061224489,0.08007134879449027,299.99999999999926
0.11632653061224489,0.08008975940008634,299.99999999999926
0.11632653061224489,0.08011270558654815,299.99999999999926
0.11632653061224489,0.08014130472579933,299.99999999999926
0.11632653061224489,0.08017694946211615,299.99999999999926
0.11632653061224489,0.08022137552738813,299.99999999999926
0.11632653061224489,0.08027674626314021,299.99999999999926
0.11632653061224489,0.08034575796514344,299.99999999999926
0.11632653061224489,0.08043177118040407,299.99999999999926
0.11632653061224489,0.08053897435007991,299.99999999999926
0.11632653061224489,0.08067258776696852,299.99999999999926
0.11632653061224489,0.08083911777934251,299.99999999999926
0.11632653061224489,0.08104667361966954,299.99999999999926
0.11632653061224489,0.08130536228629326,299.99999999999926
0.11632653061224489,0.08162778070696558,299.99999999999926
0.11632653061224489,0.08202962915029163,299.99999999999926
0.11632653061224489,0.08237629432068608,299.99999999999926
0.12244897959183673,0.00040816326530612246,299.9999999999977
0.12244897959183673,0.0016326530612244899,299.9999999999977
0.12244897959183673,0.0032653061224489797,299.9999999999977
0.12244897959183673,0.004897959183673469,299.9999999999977
0.12244897959183673,0.006530612244897959,299.9999999999977
0.12244897959183673,0.00816326530612245,299.9999999999977
0.12244897959183673,0.009795918367346938,299.9999999999977
0.12244897959183673,0.011428571428571429,299.9999999999977
0.12244897959183673,0.013061224489795919,299.9999999999977
0.12244897959183673,0.01469387755102041,299.9999999999977
0.12244897959183673,0.0163265306122449,299.9999999999977
0.12244897959183673,0.017959183673469388,299.9999999999977
0.12244897959183673,0.019591836734693877,299.9999999999977
0.12244897959183673,0.02122448979591837,299.9999999999977
0.12244897959183673,0.022857142857142857,299.9999999999977
0.12244897959183673,0.02448979591836735,299.9999999999977
0.12244897959183673,0.026122448979591838,299.9999999999977
0.12244897959183673,0.027755102040816326,299.9999999999977
0.12244897959183673,0.02938775510204082,299.9999999999977
0.12244897959183673,0.031020408163265307,299.9999999999977
0.12244897959183673,0.0326530612244898,299.9999999999977
0.12244897959183673,0.03428571428571429,299.9999999999977
0.12244897959183673,0.035918367346938776,299.9999999999977
0.12244897959183673,0.037551020408163265,299.9999999999977
0.12244897959183673,0.03918367346938775,299.9999999999977
0.12244897959183673,0.04081632653061225,299.9999999999977
0.12244897959183673,0.04244897959183674,299.9999999999977
0.12244897959183673,0.044081632653061226,299.9999999999977
0.12244897959183673,0.045714285714285714,299.9999999999977
0.12244897959183673,0.0473469387755102,299.9999999999977
0.12244897959183673,0.0489795918367347,299.9999999999977
0.12244897959183673,0.05061224489795919,299.9999999999977
0.12244897959183673,0.052244897959183675,299.9999999999977
0.12244897959183673,0.053877551020408164,299.9999999999977
0.12244897959183673,0.05551020408163265,299.9999999999977
0.12244897959183673,0.05714285714285715,299.9999999999977
0.12244897959183673,0.05877551020408164,299.9999999999977
0.12244897959183673,0.060408163265306125,299.9999999999977
0.12244897959183673,0.062040816326530614,299.9999999999977
0.12244897959183673,0.0636734693877551,299.9999999999977
0.12244897959183673,0.0653061224489796,299.9999999999977
0.12244897959183673,0.06693877551020408,299.9999999999977
0.12244897959183673,0.06857142857142857,299.9999999999977
0.12244897959183673,0.07020408163265307,299.9999999999977
0.12244897959183673,0.07183673469387755,299.9999999999977
0.12244897959183673,0.07346938775510205,299.9999999999977
0.12244897959183673,0.07510204081632653,299.9999999999977
0.12244897959183673,0.07673469387755102,299.9999999999977
0.12244897959183673,0.0783673469387755,299.9999999999968
0.12244897959183673,0.07959204506802722,299.99999999999926
0.12244897959183673,0.08000088465770044,299.99999999999926
0.12244897959183673,0.0800019359326174,299.99999999999926
0.12244897959183673,0.08000324619642925,299.99999999999926
0.12244897959183673,0.08000487925285339,299.99999999999926
0.12244897959183673,0.08000691462409718,299.99999999999926
0.12244897959183673,0.08000945142321741,299.99999999999926
0.12244897959183673,0.08001261318046245,299.99999999999926
0.12244897959183673,0.08001655385861739,299.99999999999926
0.12244897959183673,0.08002146535027135,299.99999999999926
0.12244897959183673,0.08002758682208874,299.99999999999926
0.12244897959183673,0.08003521636110686,299.99999999999926
0.12244897959183673,0.08004472549017998,299.99999999999926
0.12244897959183673,0.08005657725940413,299.99999999999926
0.12244897959183673,0.08007134879449027,299.99999999999926
0.12244897959183673,0.08008975940008634,299.99999999999926
0.12244897959183673,0.08011270558654815,299.99999999999926
0.12244897959183673,0.08014130472579933,299.99999999999926
0.12244897959183673,0.08017694946211615,299.99999999999926
0.12244897959183673,0.08022137552738813,299.99999999999926
0.12244897959183673,0.08027674626314021,299.99999999999926
0.12244897959183673,0.08034575796514344,299.99999999999926
0.12244897959183673,0.08043177118040407,299.99999999999926
0.12244897959183673,0.08053897435007991,299.99999999999926
0.12244897959183673,0.08067258776696852,299.99999999999926
0.12244897959183673,0.08083911777934251,299.99999999999926
0.12244897959183673,0.08104667361966954,299.99999999999926
0.12244897959183673,0.08130536228629326,299.99999999999926
0.12244897959183673,0.08162778070696558,299.99999999999926
0.12244897959183673,0.08202962915029163,299.99999999999926
0.12244897959183673,0.08237629432068608,299.99999999999926
0.12857142857142856,0.00040816326530612246,299.9999999999977
0.12857142857142856,0.0016326530612244899,299.9999999999977
0.12857142857142856,0.0032653061224489797,299.9999999999977
0.12857142857142856,0.004897959183673469,299.9999999999977
0.12857142857142856,0.006530612244897959,299.9999999999977
0.12857142857142856,0.00816326530612245,299.9999999999977
0.12857142857142856,0.009795918367346938,299.9999999999977
0.12857142857142856,0.011428571428571429,299.9999999999977
0.12857142857142856,0.013061224489795919,299.9999999999977
0.12857142857142856,0.01469387755102041,299.9999999999977
0.12857142857142856,0.0163265306122449,299.9999999999977
0.12857142857142856,0.017959183673469388,299.9999999999977
0.12857142857142856,0.019591836734693877,299.9999999999977
0.12857142857142856,0.02122448979591837,299.9999999999977
0.12857142857142856,0.022857142857142857,299.9999999999977
0.12857142857142856,0.02448979591836735,299.9999999999977
0.12857142857142856,0.026122448979591838,299.9999999999977
0.12857142857142856,0.027755102040816326,299.9999999999977
0.12857142857142856,0.02938775510204082,299.9999999999977
0.12857142857142856,0.031020408163265307,299.9999999999977
0.12857142857142856,0.0326530612244898,299.9999999999977
0.12857142857142856,0.03428571428571429,299.9999999999977
0.12857142857142856,0.035918367346938776,299.9999999999977
0.12857142857142856,0.037551020408163265,299.9999999999977
0.12857142857142856,0.03918367346938775,299.9999999999977
0.12857142857142856,0.04081632653061225,299.9999999999977
0.12857142857142856,0.04244897959183674,299.9999999999977
0.12857142857142856,0.044081632653061226,299.9999999999977
0.12857142857142856,0.045714285714285714,299.9999999999977
0.12857142857142856,0.0473469387755102,299.9999999999977
0.12857142857142856,0.0489795918367347,299.9999999999977
0.12857142857142856,0.05061224489795919,299.9999999999977
0.12857142857142856,0.052244897959183675,299.9999999999977
0.12857142857142856,0.053877551020408164,299.9999999999977
0.12857142857142856,0.05551020408163265,299.9999999999977
0.12857142857142856,0.05714285714285715,299.9999999999977
0.12857142857142856,0.05877551020408164,299.9999999999977
0.12857142857142856,0.060408163265306125,299.9999999999977
0.12857142857142856,0.062040816326530614,299.9999999999977
0.12857142857142856,0.0636734693877551,299.9999999999977
0.12857142857142856,0.0653061224489796,299.9999999999977
0.12857142857142856,0.06693877551020408,299.9999999999977
0.12857142857142856,0.06857142857142857,299.9999999999977
0.12857142857142856,0.07020408163265307,299.9999999999977
0.12857142857142856,0.07183673469387755,299.9999999999977
0.12857142857142856,0.07346938775510205,299.9999999999977
0.12857142857142856,0.07510204081632653,299.9999999999977
0.12857142857142856,0.07673469387755102,299.9999999999977
0.12857142857142856,0.0783673469387755,299.9999999999968
0.12857142857142856,0.07959204506802722,299.99999999999926
0.12857142857142856,0.08000088465770044,299.99999999999926
0.12857142857142856,0.0800019359326174,299.99999999999926
0.12857142857142856,0.08000324619642925,299.99999999999926
0.12857142857142856,0.08000487925285339,299.99999999999926
0.12857142857142856,0.08000691462409718,299.99999999999926
0.12857142857142856,0.08000945142321741,299.99999999999926
0.12857142857142856,0.08001261318046245,299.99999999999926
0.12857142857142856,0.08001655385861739,299.99999999999926
0.12857142857142856,0.08002146535027135,299.99999999999926
0.12857142857142856,0.08002758682208874,299.99999999999926
0.12857142857142856,0.08003521636110686,299.99999999999926
0.12857142857142856,0.08004472549017998,299.99999999999926
0.12857142857142856,0.08005657725940413,299.99999999999926
0.12857142857142856,0.08007134879449027,299.99999999999926
0.12857142857142856,0.08008975940008634,299.99999999999926
0.12857142857142856,0.08011270558654815,299.99999999999926
0.12857142857142856,0.08014130472579933,299.99999999999926
0.12857142857142856,0.08017694946211615,299.99999999999926
0.12857142857142856,0.08022137552738813,299.99999999999926
0.12857142857142856,0.08027674626314021,299.99999999999926
0.12857142857142856,0.08034575796514344,299.99999999999926
0.12857142857142856,0.08043177118040407,299.99999999999926
0.12857142857142856,0.08053897435007991,299.99999999999926
0.12857142857142856,0.08067258776696852,299.99999999999926
0.12857142857142856,0.08083911777934251,299.99999999999926
0.12857142857142856,0.08104667361966954,299.99999999999926
0.12857142857142856,0.08130536228629326,299.99999999999926
0.12857142857142856,0.08162778070696558,299.99999999999926
0.12857142857142856,0.08202962915029163,299.99999999999926
0.12857142857142856,0.08237629432068608,299.99999999999926
0.1346938775510204,0.00040816326530612246,299.9999999999977
0.1346938775510204,0.0016326530612244899,299.9999999999977
0.1346938775510204,0.0032653061224489797,299.9999999999977
0.1346938775510204,0.004897959183673469,299.9999999999977
0.1346938775510204,0.006530612244897959,299.9999999999977
0.1346938775510204,0.00816326530612245,299.9999999999977
0.1346938775510204,0.009795918367346938,299.9999999999977
0.1346938775510204,0.011428571428571429,299.9999999999977
0.1346938775510204,0.013061224489795919,299.9999999999977
0.1346938775510204,0.01469387755102041,299.9999999999977
0.1346938775510204,0.0163265306122449,299.9999999999977
0.1346938775510204,0.017959183673469388,299.9999999999977
0.1346938775510204,0.019591836734693877,299.9999999999977
0.1346938775510204,0.02122448979591837,299.9999999999977
0.1346938775510204,0.022857142857142857,299.9999999999977
0.1346938775510204,0.02448979591836735,299.9999999999977
0.1346938775510204,0.026122448979591838,299.9999999999977
0.1346938775510204,0.027755102040816326,299.9999999999977
0.1346938775510204,0.02938775510204082,299.9999999999977
0.1346938775510204,0.031020408163265307,299.9999999999977
0.1346938775510204,0.0326530612244898,299.9999999999977
0.1346938775510204,0.03428571428571429,299.9999999999977
0.1346938775510204,0.035918367346938776,299.9999999999977
0.1346938775510204,0.037551020408163265,299.9999999999977
0.1346938775510204,0.03918367346938775,299.9999999999977
0.1346938775510204,0.04081632653061225,299.9999999999977
0.1346938775510204,0.04244897959183674,299.9999999999977
0.1346938775510204,0.044081632653061226,299.9999999999977
0.1346938775510204,0.045714285714285714,299.9999999999977
0.1346938775510204,0.0473469387755102,299.9999999999977
0.1346938775510204,0.0489795918367347,299.9999999999977
0.1346938775510204,0.05061224489795919,299.9999999999977
0.1346938775510204,0.052244897959183675,299.9999999999977
0.1346938775510204,0.053877551020408164,299.9999999999977
0.1346938775510204,0.05551020408163265,299.9999999999977
0.1346938775510204,0.05714285714285715,299.9999999999977
0.1346938775510204,0.05877551020408164,299.9999999999977
0.1346938775510204,0.060408163265306125,299.9999999999977
0.1346938775510204,0.062040816326530614,299.9999999999977
0.1346938775510204,0.0636734693877551,299.9999999999977
0.1346938775510204,0.0653061224489796,299.9999999999977
0.1346938775510204,0.06693877551020408,299.9999999999977
0.1346938775510204,0.06857142857142857,299.9999999999977
0.1346938775510204,0.07020408163265307,299.9999999999977
0.1346938775510204,0.07183673469387755,299.9999999999977
0.1346938775510204,0.07346938775510205,299.9999999999977
0.1346938775510204,0.07510204081632653,299.9999999999977
0.1346938775510204,0.07673469387755102,299.9999999999977
0.1346938775510204,0.0783673469387755,299.9999999999995
0.1346938775510204,0.07959204506802722,299.99999999999926
0.1346938775510204,0.08000088465770044,299.99999999999926
0.1346938775510204,0.0800019359326174,299.99999999999926
0.1346938775510204,0.08000324619642925,299.99999999999926
0.1346938775510204,0.08000487925285339,299.99999999999926
0.1346938775510204,0.08000691462409718,299.99999999999926
0.1346938775510204,0.08000945142321741,299.99999999999926
0.1346938775510204,0.08001261318046245,299.99999999999926
0.1346938775510204,0.08001655385861739,299.99999999999926
0.1346938775510204,0.08002146535027135,299.99999999999926
0.1346938775510204,0.08002758682208874,299.99999999999926
0.1346938775510204,0.08003521636110686,299.99999999999926
0.1346938775510204,0.08004472549017998,299.99999999999926
0.1346938775510204,0.08005657725940413,299.99999999999926
0.1346938775510204,0.08007134879449027,299.99999999999926
0.1346938775510204,0.08008975940008634,299.99999999999926
0.1346938775510204,0.08011270558654815,299.99999999999926
0.1346938775510204,0.08014130472579933,299.99999999999926
0.1346938775510204,0.08017694946211615,299.99999999999926
0.1346938775510204,0.08022137552738813,299.99999999999926
0.1346938775510204,0.08027674626314021,299.99999999999926
0.1346938775510204,0.08034575796514344,299.99999999999926
0.1346938775510204,0.08043177118040407,299.99999999999926
0.1346938775510204,0.08053897435007991,299.99999999999926
0.1346938775510204,0.08067258776696852,299.99999999999926
0.1346938775510204,0.08083911777934251,299.99999999999926
0.1346938775510204,0.08104667361966954,299.99999999999926
0.1346938775510204,0.08130536228629326,299.99999999999926
0.1346938775510204,0.08162778070696558,299.99999999999926
0.1346938775510204,0.08202962915029163,299.99999999999926
0.1346938775510204,0.08237629432068608,299.99999999999926
0.14081632653061224,0.00040816326530612246,299.9999999999977
0.14081632653061224,0.0016326530612244899,299.9999999999977
0.14081632653061224,0.0032653061224489797,299.9999999999977
0.14081632653061224,0.004897959183673469,299.9999999999977
0.14081632653061224,0.006530612244897959,299.9999999999977
0.14081632653061224,0.00816326530612245,299.9999999999977
0.14081632653061224,0.009795918367346938,299.9999999999977
0.14081632653061224,0.011428571428571429,299.9999999999977
0.14081632653061224,0.013061224489795919,299.9999999999977
0.14081632653061224,0.01469387755102041,299.9999999999977
0.14081632653061224,0.0163265306122449,299.9999999999977
0.14081632653061224,0.017959183673469388,299.9999999999977
0.14081632653061224,0.019591836734693877,299.9999999999977
0.14081632653061224,0.02122448979591837,299.9999999999977
0.14081632653061224,0.022857142857142857,299.9999999999977
0.14081632653061224,0.02448979591836735,299.9999999999977
0.14081632653061224,0.026122448979591838,299.9999999999977
0.14081632653061224,0.027755102040816326,299.9999999999977
0.14081632653061224,0.02938775510204082,299.9999999999977
0.14081632653061224,0.031020408163265307,299.9999999999977
0.14081632653061224,0.0326530612244898,299.9999999999977
0.14081632653061224,0.03428571428571429,299.9999999999977
0.14081632653061224,0.035918367346938776,299.9999999999977
0.14081632653061224,0.037551020408163265,299.9999999999977
0.14081632653061224,0.03918367346938775,299.9999999999977
0.14081632653061224,0.04081632653061225,299.9999999999977
0.14081632653061224,0.04244897959183674,299.9999999999977
0.14081632653061224,0.044081632653061226,299.9999999999977
0.14081632653061224,0.045714285714285714,299.9999999999977
0.14081632653061224,0.0473469387755102,299.9999999999977
0.14081632653061224,0.0489795918367347,299.9999999999977
0.14081632653061224,0.05061224489795919,299.9999999999977
0.14081632653061224,0.052244897959183675,299.9999999999977
0.14081632653061224,0.053877551020408164,299.9999999999977
0.14081632653061224,0.05551020408163265,299.9999999999977
0.14081632653061224,0.05714285714285715,299.9999999999977
0.14081632653061224,0.05877551020408164,299.9999999999977
0.14081632653061224,0.060408163265306125,299.9999999999977
0.14081632653061224,0.062040816326530614,299.9999999999977
0.14081632653061224,0.0636734693877551,299.9999999999977
0.14081632653061224,0.0653061224489796,299.9999999999977
0.14081632653061224,0.06693877551020408,299.9999999999977
0.14081632653061224,0.06857142857142857,299.9999999999977
0.14081632653061224,0.07020408163265307,299.9999999999977
0.14081632653061224,0.07183673469387755,299.9999999999977
0.14081632653061224,0.07346938775510205,299.9999999999977
0.14081632653061224,0.07510204081632653,299.9999999999977
0.14081632653061224,0.07673469387755102,299.9999999999977
0.14081632653061224,0.0783673469387755,299.9999999999995
0.14081632653061224,0.07959204506802722,299.99999999999926
0.14081632653061224,0.08000088465770044,299.99999999999926
0.14081632653061224,0.0800019359326174,299.99999999999926
0.14081632653061224,0.08000324619642925,299.99999999999926
0.14081632653061224,0.08000487925285339,299.99999999999926
0.14081632653061224,0.08000691462409718,299.99999999999926
0.14081632653061224,0.08000945142321741,299.99999999999926
0.14081632653061224,0.08001261318046245,299.99999999999926
0.14081632653061224,0.08001655385861739,299.99999999999926
0.14081632653061224,0.08002146535027135,299.99999999999926
0.14081632653061224,0.08002758682208874,299.99999999999926
0.14081632653061224,0.08003521636110686,299.99999999999926
0.14081632653061224,0.08004472549017998,299.99999999999926
0.14081632653061224,0.08005657725940413,299.99999999999926
0.14081632653061224,0.08007134879449027,299.99999999999926
0.14081632653061224,0.08008975940008634,299.99999999999926
0.14081632653061224,0.08011270558654815,299.99999999999926
0.14081632653061224,0.08014130472579933,299.99999999999926
0.14081632653061224,0.08017694946211615,299.99999999999926
0.14081632653061224,0.08022137552738813,299.99999999999926
0.14081632653061224,0.08027674626314021,299.99999999999926
0.14081632653061224,0.08034575796514344,299.99999999999926
0.14081632653061224,0.08043177118040407,299.99999999999926
0.14081632653061224,0.08053897435007991,299.99999999999926
0.14081632653061224,0.08067258776696852,299.99999999999926
0.14081632653061224,0.08083911777934251,299.99999999999926
0.14081632653061224,0.08104667361966954,299.99999999999926
0.14081632653061224,0.08130536228629326,299.99999999999926
0.14081632653061224,0.08162778070696558,299.99999999999926
0.14081632653061224,0.08202962915029163,299.99999999999926
0.14081632653061224,0.08237629432068608,299.99999999999926
0.14693877551020407,0.00040816326530612246,299.9999999999977
0.14693877551020407,0.0016326530612244899,299.9999999999977
0.14693877551020407,0.0032653061224489797,299.9999999999977
0.14693877551020407,0.004897959183673469,299.9999999999977
0.14693877551020407,0.006530612244897959,299.9999999999977
0.14693877551020407,0.00816326530612245,299.9999999999977
0.14693877551020407,0.009795918367346938,299.9999999999977
0.14693877551020407,0.011428571428571429,299.9999999999977
0.14693877551020407,0.013061224489795919,299.9999999999977
0.14693877551020407,0.01469387755102041,299.9999999999977
0.14693877551020407,0.0163265306122449,299.9999999999977
0.14693877551020407,0.017959183673469388,299.9999999999977
0.14693877551020407,0.019591836734693877,299.9999999999977
0.14693877551020407,0.02122448979591837,299.9999999999977
0.14693877551020407,0.022857142857142857,299.9999999999977
0.14693877551020407,0.02448979591836735,299.9999999999977
0.14693877551020407,0.026122448979591838,299.9999999999977
0.14693877551020407,0.027755102040816326,299.9999999999977
0.14693877551020407,0.02938775510204082,299.9999999999977
0.14693877551020407,0.031020408163265307,299.9999999999977
0.14693877551020407,0.0326530612244898,299.9999999999977
0.14693877551020407,0.03428571428571429,299.9999999999977
0.14693877551020407,0.035918367346938776,299.9999999999977
0.14693877551020407,0.037551020408163265,299.9999999999977
0.14693877551020407,0.03918367346938775,299.9999999999977
0.14693877551020407,0.04081632653061225,299.9999999999977
0.14693877551020407,0.04244897959183674,299.9999999999977
0.14693877551020407,0.044081632653061226,299.9999999999977
0.14693877551020407,0.045714285714285714,299.9999999999977
0.14693877551020407,0.0473469387755102,299.9999999999977
0.14693877551020407,0.0489795918367347,299.9999999999977
0.14693877551020407,0.05061224489795919,299.9999999999977
0.14693877551020407,0.052244897959183675,299.9999999999977
0.14693877551020407,0.053877551020408164,299.9999999999977
0.14693877551020407,0.05551020408163265,299.9999999999977
0.14693877551020407,0.05714285714285715,299.9999999999977
0.14693877551020407,0.05877551020408164,299.9999999999977
0.14693877551020407,0.060408163265306125,299.9999999999977
0.14693877551020407,0.062040816326530614,299.9999999999977
0.14693877551020407,0.0636734693877551,299.9999999999977
0.14693877551020407,0.0653061224489796,299.9999999999977
0.14693877551020407,0.06693877551020408,299.9999999999977
0.14693877551020407,0.06857142857142857,299.9999999999977
0.14693877551020407,0.07020408163265307,299.9999999999977
0.14693877551020407,0.07183673469387755,299.9999999999977
0.14693877551020407,0.07346938775510205,299.9999999999977
0.14693877551020407,0.07510204081632653,299.9999999999977
0.14693877551020407,0.07673469387755102,299.9999999999977
0.14693877551020407,0.0783673469387755,299.9999999999995
0.14693877551020407,0.07959204506802722,299.99999999999926
0.14693877551020407,0.08000088465770044,299.99999999999926
0.14693877551020407,0.0800019359326174,299.99999999999926
0.14693877551020407,0.08000324619642925,299.99999999999926
0.14693877551020407,0.08000487925285339,299.99999999999926
0.14693877551020407,0.08000691462409718,299.99999999999926
0.14693877551020407,0.08000945142321741,299.99999999999926
0.14693877551020407,0.08001261318046245,299.99999999999926
0.14693877551020407,0.08001655385861739,299.99999999999926
0.14693877551020407,0.08002146535027135,299.99999999999926
0.14693877551020407,0.08002758682208874,299.99999999999926
0.14693877551020407,0.08003521636110686,299.99999999999926
0.14693877551020407,0.08004472549017998,299.99999999999926
0.14693877551020407,0.08005657725940413,299.99999999999926
0.14693877551020407,0.08007134879449027,299.99999999999926
0.14693877551020407,0.08008975940008634,299.99999999999926
0.14693877551020407,0.08011270558654815,299.99999999999926
0.14693877551020407,0.08014130472579933,299.99999999999926
0.14693877551020407,0.08017694946211615,299.99999999999926
0.14693877551020407,0.08022137552738813,299.99999999999926
0.14693877551020407,0.08027674626314021,299.99999999999926
0.14693877551020407,0.08034575796514344,299.99999999999926
0.14693877551020407,0.08043177118040407,299.99999999999926
0.14693877551020407,0.08053897435007991,299.99999999999926
0.14693877551020407,0.08067258776696852,299.99999999999926
0.14693877551020407,0.08083911777934251,299.99999999999926
0.14693877551020407,0.08104667361966954,299.99999999999926
0.14693877551020407,0.08130536228629326,299.99999999999926
0.14693877551020407,0.08162778070696558,299.99999999999926
0.14693877551020407,0.08202962915029163,299.99999999999926
0.14693877551020407,0.08237629432068608,299.99999999999926
0.15306122448979592,0.00040816326530612246,299.9999999999977
0.15306122448979592,0.0016326530612244899,299.9999999999977
0.15306122448979592,0.0032653061224489797,299.9999999999977
0.15306122448979592,0.004897959183673469,299.9999999999977
0.15306122448979592,0.006530612244897959,299.9999999999977
0.15306122448979592,0.00816326530612245,299.9999999999977
0.15306122448979592,0.009795918367346938,299.9999999999977
0.15306122448979592,0.011428571428571429,299.9999999999977
0.15306122448979592,0.013061224489795919,299.9999999999977
0.15306122448979592,0.01469387755102041,299.9999999999977
0.15306122448979592,0.0163265306122449,299.9999999999977
0.15306122448979592,0.017959183673469388,299.9999999999977
0.15306122448979592,0.019591836734693877,299.9999999999977
0.15306122448979592,0.02122448979591837,299.9999999999977
0.15306122448979592,0.022857142857142857,299.9999999999977
0.15306122448979592,0.02448979591836735,299.9999999999977
0.15306122448979592,0.026122448979591838,299.9999999999977
0.15306122448979592,0.027755102040816326,299.9999999999977
0.15306122448979592,0.02938775510204082,299.9999999999977
0.15306122448979592,0.031020408163265307,299.9999999999977
0.15306122448979592,0.0326530612244898,299.9999999999977
0.15306122448979592,0.03428571428571429,299.9999999999977
0.15306122448979592,0.035918367346938776,299.9999999999977
0.15306122448979592,0.037551020408163265,299.9999999999977
0.15306122448979592,0.03918367346938775,299.9999999999977
0.15306122448979592,0.04081632653061225,299.9999999999977
0.15306122448979592,0.04244897959183674,299.9999999999977
0.15306122448979592,0.044081632653061226,299.9999999999977
0.15306122448979592,0.045714285714285714,299.9999999999977
0.15306122448979592,0.0473469387755102,299.9999999999977
0.15306122448979592,0.0489795918367347,299.9999999999977
0.15306122448979592,0.05061224489795919,299.9999999999977
0.15306122448979592,0.052244897959183675,299.9999999999977
0.15306122448979592,0.053877551020408164,299.9999999999977
0.15306122448979592,0.05551020408163265,299.9999999999977
0.15306122448979592,0.05714285714285715,299.9999999999977
0.15306122448979592,0.05877551020408164,299.9999999999977
0.15306122448979592,0.060408163265306125,299.9999999999977
0.15306122448979592,0.062040816326530614,299.9999999999977
0.15306122448979592,0.0636734693877551,299.9999999999977
0.15306122448979592,0.0653061224489796,299.9999999999977
0.15306122448979592,0.06693877551020408,299.9999999999977
0.15306122448979592,0.06857142857142857,299.9999999999977
0.15306122448979592,0.07020408163265307,299.9999999999977
0.15306122448979592,0.07183673469387755,299.9999999999977
0.15306122448979592,0.07346938775510205,299.9999999999977
0.15306122448979592,0.07510204081632653,299.9999999999977
0.15306122448979592,0.07673469387755102,299.9999999999977
0.15306122448979592,0.0783673469387755,299.9999999999968
0.15306122448979592,0.07959204506802722,299.99999999999926
0.15306122448979592,0.08000088465770044,299.99999999999926
0.15306122448979592,0.0800019359326174,299.99999999999926
0.15306122448979592,0.08000324619642925,299.99999999999926
0.15306122448979592,0.08000487925285339,299.99999999999926
0.15306122448979592,0.08000691462409718,299.99999999999926
0.15306122448979592,0.08000945142321741,299.99999999999926
0.15306122448979592,0.08001261318046245,299.99999999999926
0.15306122448979592,0.08001655385861739,299.99999999999926
0.15306122448979592,0.08002146535027135,299.99999999999926
0.15306122448979592,0.08002758682208874,299.99999999999926
0.15306122448979592,0.08003521636110686,299.99999999999926
0.15306122448979592,0.08004472549017998,299.99999999999926
0.15306122448979592,0.08005657725940413,299.99999999999926
0.15306122448979592,0.08007134879449027,299.99999999999926
0.15306122448979592,0.08008975940008634,299.99999999999926
0.15306122448979592,0.08011270558654815,299.99999999999926
0.15306122448979592,0.08014130472579933,299.99999999999926
0.15306122448979592,0.08017694946211615,299.99999999999926
0.15306122448979592,0.08022137552738813,299.99999999999926
0.15306122448979592,0.08027674626314021,299.99999999999926
0.15306122448979592,0.08034575796514344,299.99999999999926
0.15306122448979592,0.08043177118040407,299.99999999999926
0.15306122448979592,0.08053897435007991,299.99999999999926
0.15306122448979592,0.08067258776696852,299.99999999999926
0.15306122448979592,0.08083911777934251,299.99999999999926
0.15306122448979592,0.08104667361966954,299.99999999999926
0.15306122448979592,0.08130536228629326,299.99999999999926
0.15306122448979592,0.08162778070696558,299.99999999999926
0.15306122448979592,0.08202962915029163,299.99999999999926
0.15306122448979592,0.08237629432068608,299.99999999999926
0.15918367346938775,0.00040816326530612246,299.9999999999977
0.15918367346938775,0.0016326530612244899,299.9999999999977
0.15918367346938775,0.0032653061224489797,299.9999999999977
0.15918367346938775,0.004897959183673469,299.9999999999977
0.15918367346938775,0.006530612244897959,299.9999999999977
0.15918367346938775,0.00816326530612245,299.9999999999977
0.15918367346938775,0.009795918367346938,299.9999999999977
0.15918367346938775,0.011428571428571429,299.9999999999977
0.15918367346938775,0.013061224489795919,299.9999999999977
0.15918367346938775,0.01469387755102041,299.9999999999977
0.15918367346938775,0.0163265306122449,299.9999999999977
0.15918367346938775,0.017959183673469388,299.9999999999977
0.15918367346938775,0.019591836734693877,299.9999999999977
0.15918367346938775,0.02122448979591837,299.9999999999977
0.15918367346938775,0.022857142857142857,299.9999999999977
0.15918367346938775,0.02448979591836735,299.9999999999977
0.15918367346938775,0.026122448979591838,299.9999999999977
0.15918367346938775,0.027755102040816326,299.9999999999977
0.15918367346938775,0.02938775510204082,299.9999999999977
0.15918367346938775,0.031020408163265307,299.9999999999977
0.15918367346938775,0.0326530612244898,299.9999999999977
0.15918367346938775,0.03428571428571429,299.9999999999977
0.15918367346938775,0.035918367346938776,299.9999999999977
0.15918367346938775,0.037551020408163265,299.9999999999977
0.15918367346938775,0.03918367346938775,299.9999999999977
0.15918367346938775,0.04081632653061225,299.9999999999977
0.15918367346938775,0.04244897959183674,299.9999999999977
0.15918367346938775,0.044081632653061226,299.9999999999977
0.15918367346938775,0.045714285714285714,299.9999999999977
0.15918367346938775,0.0473469387755102,299.9999999999977
0.15918367346938775,0.0489795918367347,299.9999999999977
0.15918367346938775,0.05061224489795919,299.9999999999977
0.15918367346938775,0.052244897959183675,299.9999999999977
0.15918367346938775,0.053877551020408164,299.9999999999977
0.15918367346938775,0.05551020408163265,299.9999999999977
0.15918367346938775,0.05714285714285715,299.9999999999977
0.15918367346938775,0.05877551020408164,299.9999999999977
0.15918367346938775,0.060408163265306125,299.9999999999977
0.15918367346938775,0.062040816326530614,299.9999999999977
0.15918367346938775,0.0636734693877551,299.9999999999977
0.15918367346938775,0.0653061224489796,299.9999999999977
0.15918367346938775,0.06693877551020408,299.9999999999977
0.15918367346938775,0.06857142857142857,299.9999999999977
0.15918367346938775,0.07020408163265307,299.9999999999977
0.15918367346938775,0.07183673469387755,299.9999999999977
0.15918367346938775,0.07346938775510205,299.9999999999977
0.15918367346938775,0.07510204081632653,299.9999999999977
0.15918367346938775,0.07673469387755102,299.9999999999977
0.15918367346938775,0.0783673469387755,299.9999999999968
0.15918367346938775,0.07959204506802722,299.99999999999926
0.15918367346938775,0.08000088465770044,299.99999999999926
0.15918367346938775,0.0800019359326174,299.99999999999926
0.15918367346938775,0.08000324619642925,299.99999999999926
0.15918367346938775,0.08000487925285339,299.99999999999926
0.15918367346938775,0.08000691462409718,299.99999999999926
0.15918367346938775,0.08000945142321741,299.99999999999926
0.15918367346938775,0.08001261318046245,299.99999999999926
0.15918367346938775,0.08001655385861739,299.99999999999926
0.15918367346938775,0.08002146535027135,299.99999999999926
0.15918367346938775,0.08002758682208874,299.99999999999926
0.15918367346938775,0.08003521636110686,299.99999999999926
0.15918367346938775,0.08004472549017998,299.99999999999926
0.15918367346938775,0.08005657725940413,299.99999999999926
0.15918367346938775,0.08007134879449027,299.99999999999926
0.15918367346938775,0.08008975940008634,299.99999999999926
0.15918367346938775,0.08011270558654815,299.99999999999926
0.15918367346938775,0.08014130472579933,299.99999999999926
0.15918367346938775,0.08017694946211615,299.99999999999926
0.15918367346938775,0.08022137552738813,299.99999999999926
0.15918367346938775,0.08027674626314021,299.99999999999926
0.15918367346938775,0.08034575796514344,299.99999999999926
0.15918367346938775,0.08043177118040407,299.99999999999926
0.15918367346938775,0.08053897435007991,299.99999999999926
0.15918367346938775,0.08067258776696852,299.99999999999926
0.15918367346938775,0.08083911777934251,299.99999999999926
0.15918367346938775,0.08104667361966954,299.99999999999926
0.15918367346938775,0.08130536228629326,299.99999999999926
0.15918367346938775,0.08162778070696558,299.99999999999926
0.15918367346938775,0.08202962915029163,299.99999999999926
0.15918367346938775,0.08237629432068608,299.99999999999926
0.16530612244897958,0.00040816326530612246,299.9999999999977
0.16530612244897958,0.0016326530612244899,299.9999999999977
0.16530612244897958,0.0032653061224489797,299.9999999999977
0.16530612244897958,0.004897959183673469,299.9999999999977
0.16530612244897958,0.006530612244897959,299.9999999999977
0.16530612244897958,0.00816326530612245,299.9999999999977
0.16530612244897958,0.009795918367346938,299.9999999999977
0.16530612244897958,0.011428571428571429,299.9999999999977
0.16530612244897958,0.013061224489795919,299.9999999999977
0.16530612244897958,0.01469387755102041,299.9999999999977
0.16530612244897958,0.0163265306122449,299.9999999999977
0.16530612244897958,0.017959183673469388,299.9999999999977
0.16530612244897958,0.019591836734693877,299.9999999999977
0.16530612244897958,0.02122448979591837,299.9999999999977
0.16530612244897958,0.022857142857142857,299.9999999999977
0.16530612244897958,0.02448979591836735,299.9999999999977
0.16530612244897958,0.026122448979591838,299.9999999999977
0.16530612244897958,0.027755102040816326,299.9999999999977
0.16530612244897958,0.02938775510204082,299.9999999999977
0.16530612244897958,0.031020408163265307,299.9999999999977
0.16530612244897958,0.0326530612244898,299.9999999999977
0.16530612244897958,0.03428571428571429,299.9999999999977
0.16530612244897958,0.035918367346938776,299.9999999999977
0.16530612244897958,0.037551020408163265,299.9999999999977
0.16530612244897958,0.03918367346938775,299.9999999999977
0.16530612244897958,0.04081632653061225,299.9999999999977
0.16530612244897958,0.04244897959183674,299.9999999999977
0.16530612244897958,0.044081632653061226,299.9999999999977
0.16530612244897958,0.045714285714285714,299.9999999999977
0.16530612244897958,0.0473469387755102,299.9999999999977
0.16530612244897958,0.0489795918367347,299.9999999999977
0.16530612244897958,0.05061224489795919,299.9999999999977
0.16530612244897958,0.052244897959183675,299.9999999999977
0.16530612244897958,0.053877551020408164,299.9999999999977
0.16530612244897958,0.05551020408163265,299.9999999999977
0.16530612244897958,0.05714285714285715,299.9999999999977
0.16530612244897958,0.05877551020408164,299.9999999999977
0.16530612244897958,0.060408163265306125,299.9999999999977
0.16530612244897958,0.062040816326530614,299.9999999999977
0.16530612244897958,0.0636734693877551,299.9999999999977
0.16530612244897958,0.0653061224489796,299.9999999999977
0.16530612244897958,0.06693877551020408,299.9999999999977
0.16530612244897958,0.06857142857142857,299.9999999999977
0.16530612244897958,0.07020408163265307,299.9999999999977
0.16530612244897958,0.07183673469387755,299.9999999999977
0.16530612244897958,0.07346938775510205,299.9999999999977
0.16530612244897958,0.07510204081632653,299.9999999999977
0.16530612244897958,0.07673469387755102,299.9999999999977
0.16530612244897958,0.0783673469387755,299.9999999999968
0.16530612244897958,0.07959204506802722,299.99999999999926
0.16530612244897958,0.08000088465770044,299.99999999999926
0.16530612244897958,0.0800019359326174,299.99999999999926
0.16530612244897958,0.08000324619642925,299.99999999999926
0.16530612244897958,0.08000487925285339,299.99999999999926
0.16530612244897958,0.08000691462409718,299.99999999999926
0.16530612244897958,0.08000945142321741,299.99999999999926
0.16530612244897958,0.08001261318046245,299.99999999999926
0.16530612244897958,0.08001655385861739,299.99999999999926
0.16530612244897958,0.08002146535027135,299.99999999999926
0.16530612244897958,0.08002758682208874,299.99999999999926
0.16530612244897958,0.08003521636110686,299.99999999999926
0.16530612244897958,0.08004472549017998,299.99999999999926
0.16530612244897958,0.08005657725940413,299.99999999999926
0.16530612244897958,0.08007134879449027,299.99999999999926
0.16530612244897958,0.08008975940008634,299.99999999999926
0.16530612244897958,0.08011270558654815,299.99999999999926
0.16530612244897958,0.08014130472579933,299.99999999999926
0.16530612244897958,0.08017694946211615,299.99999999999926
0.16530612244897958,0.08022137552738813,299.99999999999926
0.16530612244897958,0.08027674626314021,299.99999999999926
0.16530612244897958,0.08034575796514344,299.99999999999926
0.16530612244897958,0.08043177118040407,299.99999999999926
0.16530612244897958,0.08053897435007991,299.99999999999926
0.16530612244897958,0.08067258776696852,299.99999999999926
0.16530612244897958,0.08083911777934251,299.99999999999926
0.16530612244897958,0.08104667361966954,299.99999999999926
0.16530612244897958,0.08130536228629326,299.99999999999926
0.16530612244897958,0.08162778070696558,299.99999999999926
0.16530612244897958,0.08202962915029163,299.99999999999926
0.16530612244897958,0.08237629432068608,299.99999999999926
0.17142857142857143,0.00040816326530612246,299.9999999999977
0.17142857142857143,0.0016326530612244899,299.9999999999977
0.17142857142857143,0.0032653061224489797,299.9999999999977
0.17142857142857143,0.004897959183673469,299.9999999999977
0.17142857142857143,0.006530612244897959,299.9999999999977
0.17142857142857143,0.00816326530612245,299.9999999999977
0.17142857142857143,0.009795918367346938,299.9999999999977
0.17142857142857143,0.011428571428571429,299.9999999999977
0.17142857142857143,0.013061224489795919,299.9999999999977
0.17142857142857143,0.01469387755102041,299.9999999999977
0.17142857142857143,0.0163265306122449,299.9999999999977
0.17142857142857143,0.017959183673469388,299.9999999999977
0.17142857142857143,0.019591836734693877,299.9999999999977
0.17142857142857143,0.02122448979591837,299.9999999999977
0.17142857142857143,0.022857142857142857,299.9999999999977
0.17142857142857143,0.02448979591836735,299.9999999999977
0.17142857142857143,0.026122448979591838,299.9999999999977
0.17142857142857143,0.027755102040816326,299.9999999999977
0.17142857142857143,0.02938775510204082,299.9999999999977
0.17142857142857143,0.031020408163265307,299.9999999999977
0.17142857142857143,0.0326530612244898,299.9999999999977
0.17142857142857143,0.03428571428571429,299.9999999999977
0.17142857142857143,0.035918367346938776,299.9999999999977
0.17142857142857143,0.037551020408163265,299.9999999999977
0.17142857142857143,0.03918367346938775,299.9999999999977
0.17142857142857143,0.04081632653061225,299.9999999999977
0.17142857142857143,0.04244897959183674,299.9999999999977
0.17142857142857143,0.044081632653061226,299.9999999999977
0.17142857142857143,0.045714285714285714,299.9999999999977
0.17142857142857143,0.0473469387755102,299.9999999999977
0.17142857142857143,0.0489795918367347,299.9999999999977
0.17142857142857143,0.05061224489795919,299.9999999999977
0.17142857142857143,0.052244897959183675,299.9999999999977
0.17142857142857143,0.053877551020408164,299.9999999999977
0.17142857142857143,0.05551020408163265,299.9999999999977
0.17142857142857143,0.05714285714285715,299.9999999999977
0.17142857142857143,0.05877551020408164,299.9999999999977
0.17142857142857143,0.060408163265306125,299.9999999999977
0.17142857142857143,0.062040816326530614,299.9999999999977
0.17142857142857143,0.0636734693877551,299.9999999999977
0.17142857142857143,0.0653061224489796,299.9999999999977
0.17142857142857143,0.06693877551020408,299.9999999999977
0.17142857142857143,0.06857142857142857,299.9999999999977
0.17142857142857143,0.07020408163265307,299.9999999999977
0.17142857142857143,0.07183673469387755,299.9999999999977
0.17142857142857143,0.07346938775510205,299.9999999999977
0.17142857142857143,0.07510204081632653,299.9999999999977
0.17142857142857143,0.07673469387755102,299.9999999999977
0.17142857142857143,0.0783673469387755,299.9999999999995
0.17142857142857143,0.07959204506802722,299.99999999999926
0.17142857142857143,0.08000088465770044,299.99999999999926
0.17142857142857143,0.0800019359326174,299.99999999999926
0.17142857142857143,0.08000324619642925,299.99999999999926
0.17142857142857143,0.08000487925285339,299.99999999999926
0.17142857142857143,0.08000691462409718,299.99999999999926
0.17142857142857143,0.08000945142321741,299.99999999999926
0.17142857142857143,0.08001261318046245,299.99999999999926
0.17142857142857143,0.08001655385861739,299.99999999999926
0.17142857142857143,0.08002146535027135,299.99999999999926
0.17142857142857143,0.08002758682208874,299.99999999999926
0.17142857142857143,0.08003521636110686,299.99999999999926
0.17142857142857143,0.08004472549017998,299.99999999999926
0.17142857142857143,0.08005657725940413,299.99999999999926
0.17142857142857143,0.08007134879449027,299.99999999999926
0.17142857142857143,0.08008975940008634,299.99999999999926
0.17142857142857143,0.08011270558654815,299.99999999999926
0.17142857142857143,0.08014130472579933,299.99999999999926
0.17142857142857143,0.08017694946211615,299.99999999999926
0.17142857142857143,0.08022137552738813,299.99999999999926
0.17142857142857143,0.08027674626314021,299.99999999999926
0.17142857142857143,0.08034575796514344,299.99999999999926
0.17142857142857143,0.08043177118040407,299.99999999999926
0.17142857142857143,0.08053897435007991,299.99999999999926
0.17142857142857143,0.08067258776696852,299.99999999999926
0.17142857142857143,0.08083911777934251,299.99999999999926
0.17142857142857143,0.08104667361966954,299.99999999999926
0.17142857142857143,0.08130536228629326,299.99999999999926
0.17142857142857143,0.08162778070696558,299.99999999999926
0.17142857142857143,0.08202962915029163,299.99999999999926
0.17142857142857143,0.08237629432068608,299.99999999999926
0.17755102040816326,0.00040816326530612246,299.9999999999977
0.17755102040816326,0.0016326530612244899,299.9999999999977
0.17755102040816326,0.0032653061224489797,299.9999999999977
0.17755102040816326,0.004897959183673469,299.9999999999977
0.17755102040816326,0.006530612244897959,299.9999999999977
0.17755102040816326,0.00816326530612245,299.9999999999977
0.17755102040816326,0.009795918367346938,299.9999999999977
0.17755102040816326,0.011428571428571429,299.9999999999977
0.17755102040816326,0.013061224489795919,299.9999999999977
0.17755102040816326,0.01469387755102041,299.9999999999977
0.17755102040816326,0.0163265306122449,299.9999999999977
0.17755102040816326,0.017959183673469388,299.9999999999977
0.17755102040816326,0.019591836734693877,299.9999999999977
0.17755102040816326,0.02122448979591837,299.9999999999977
0.17755102040816326,0.022857142857142857,299.9999999999977
0.17755102040816326,0.02448979591836735,299.9999999999977
0.17755102040816326,0.026122448979591838,299.9999999999977
0.17755102040816326,0.027755102040816326,299.9999999999977
0.17755102040816326,0.02938775510204082,299.9999999999977
0.17755102040816326,0.031020408163265307,299.9999999999977
0.17755102040816326,0.0326530612244898,299.9999999999977
0.17755102040816326,0.03428571428571429,299.9999999999977
0.17755102040816326,0.035918367346938776,299.9999999999977
0.17755102040816326,0.037551020408163265,299.9999999999977
0.17755102040816326,0.03918367346938775,299.9999999999977
0.17755102040816326,0.04081632653061225,299.9999999999977
0.17755102040816326,0.04244897959183674,299.9999999999977
0.17755102040816326,0.044081632653061226,299.9999999999977
0.17755102040816326,0.045714285714285714,299.9999999999977
0.17755102040816326,0.0473469387755102,299.9999999999977
0.17755102040816326,0.0489795918367347,299.9999999999977
0.17755102040816326,0.05061224489795919,299.9999999999977
0.17755102040816326,0.052244897959183675,299.9999999999977
0.17755102040816326,0.053877551020408164,299.9999999999977
0.17755102040816326,0.05551020408163265,299.9999999999977
0.17755102040816326,0.05714285714285715,299.9999999999977
0.17755102040816326,0.05877551020408164,299.9999999999977
0.17755102040816326,0.060408163265306125,299.9999999999977
0.17755102040816326,0.062040816326530614,299.9999999999977
0.17755102040816326,0.0636734693877551,299.9999999999977
0.17755102040816326,0.0653061224489796,299.9999999999977
0.17755102040816326,0.06693877551020408,299.9999999999977
0.17755102040816326,0.06857142857142857,299.9999999999977
0.17755102040816326,0.07020408163265307,299.9999999999977
0.17755102040816326,0.07183673469387755,299.9999999999977
0.17755102040816326,0.07346938775510205,299.9999999999977
0.17755102040816326,0.07510204081632653,299.9999999999977
0.17755102040816326,0.07673469387755102,299.9999999999977
0.17755102040816326,0.0783673469387755,299.9999999999995
0.17755102040816326,0.07959204506802722,299.99999999999926
0.17755102040816326,0.08000088465770044,299.99999999999926
0.17755102040816326,0.0800019359326174,299.99999999999926
0.17755102040816326,0.08000324619642925,299.99999999999926
0.17755102040816326,0.08000487925285339,299.99999999999926
0.17755102040816326,0.08000691462409718,299.99999999999926
0.17755102040816326,0.08000945142321741,299.99999999999926
0.17755102040816326,0.08001261318046245,299.99999999999926
0.17755102040816326,0.08001655385861739,299.99999999999926
0.17755102040816326,0.08002146535027135,299.99999999999926
0.17755102040816326,0.08002758682208874,299.99999999999926
0.17755102040816326,0.08003521636110686,299.99999999999926
0.17755102040816326,0.08004472549017998,299.99999999999926
0.17755102040816326,0.08005657725940413,299.99999999999926
0.17755102040816326,0.08007134879449027,299.99999999999926
0.17755102040816326,0.08008975940008634,299.99999999999926
0.17755102040816326,0.08011270558654815,299.99999999999926
0.17755102040816326,0.08014130472579933,299.99999999999926
0.17755102040816326,0.08017694946211615,299.99999999999926
0.17755102040816326,0.08022137552738813,299.99999999999926
0.17755102040816326,0.08027674626314021,299.99999999999926
0.17755102040816326,0.08034575796514344,299.99999999999926
0.17755102040816326,0.08043177118040407,299.99999999999926
0.17755102040816326,0.08053897435007991,299.99999999999926
0.17755102040816326,0.08067258776696852,299.99999999999926
0.17755102040816326,0.08083911777934251,299.99999999999926
0.17755102040816326,0.08104667361966954,299.99999999999926
0.17755102040816326,0.08130536228629326,299.99999999999926
0.17755102040816326,0.08162778070696558,299.99999999999926
0.17755102040816326,0.08202962915029163,299.99999999999926
0.17755102040816326,0.08237629432068608,299.99999999999926
0.18367346938775508,0.00040816326530612246,299.9999999999977
0.18367346938775508,0.0016326530612244899,299.9999999999977
0.18367346938775508,0.0032653061224489797,299.9999999999977
0.18367346938775508,0.004897959183673469,299.9999999999977
0.18367346938775508,0.006530612244897959,299.9999999999977
0.18367346938775508,0.00816326530612245,299.9999999999977
0.18367346938775508,0.009795918367346938,299.9999999999977
0.18367346938775508,0.011428571428571429,299.9999999999977
0.18367346938775508,0.013061224489795919,299.9999999999977
0.18367346938775508,0.01469387755102041,299.9999999999977
0.18367346938775508,0.0163265306122449,299.9999999999977
0.18367346938775508,0.017959183673469388,299.9999999999977
0.18367346938775508,0.019591836734693877,299.9999999999977
0.18367346938775508,0.02122448979591837,299.9999999999977
0.18367346938775508,0.022857142857142857,299.9999999999977
0.18367346938775508,0.02448979591836735,299.9999999999977
0.18367346938775508,0.026122448979591838,299.9999999999977
0.18367346938775508,0.027755102040816326,299.9999999999977
0.18367346938775508,0.02938775510204082,299.9999999999977
0.18367346938775508,0.031020408163265307,299.9999999999977
0.18367346938775508,0.0326530612244898,299.9999999999977
0.18367346938775508,0.03428571428571429,299.9999999999977
0.18367346938775508,0.035918367346938776,299.9999999999977
0.18367346938775508,0.037551020408163265,299.9999999999977
0.18367346938775508,0.03918367346938775,299.9999999999977
0.18367346938775508,0.04081632653061225,299.9999999999977
0.18367346938775508,0.04244897959183674,299.9999999999977
0.18367346938775508,0.044081632653061226,299.9999999999977
0.18367346938775508,0.045714285714285714,299.9999999999977
0.18367346938775508,0.0473469387755102,299.9999999999977
0.18367346938775508,0.0489795918367347,299.9999999999977
0.18367346938775508,0.05061224489795919,299.9999999999977
0.18367346938775508,0.052244897959183675,299.9999999999977
0.18367346938775508,0.053877551020408164,299.9999999999977
0.18367346938775508,0.05551020408163265,299.9999999999977
0.18367346938775508,0.05714285714285715,299.9999999999977
0.18367346938775508,0.05877551020408164,299.9999999999977
0.18367346938775508,0.060408163265306125,299.9999999999977
0.18367346938775508,0.062040816326530614,299.9999999999977
0.18367346938775508,0.0636734693877551,299.9999999999977
0.18367346938775508,0.0653061224489796,299.9999999999977
0.18367346938775508,0.06693877551020408,299.9999999999977
0.18367346938775508,0.06857142857142857,299.9999999999977
0.18367346938775508,0.07020408163265307,299.9999999999977
0.18367346938775508,0.07183673469387755,299.9999999999977
0.18367346938775508,0.07346938775510205,299.9999999999977
0.18367346938775508,0.07510204081632653,299.9999999999977
0.18367346938775508,0.07673469387755102,299.9999999999977
0.18367346938775508,0.0783673469387755,299.9999999999995
0.18367346938775508,0.07959204506802722,299.99999999999926
0.18367346938775508,0.08000088465770044,299.99999999999926
0.18367346938775508,0.0800019359326174,299.99999999999926
0.18367346938775508,0.08000324619642925,299.99999999999926
0.18367346938775508,0.08000487925285339,299.99999999999926
0.18367346938775508,0.08000691462409718,299.99999999999926
0.18367346938775508,0.08000945142321741,299.99999999999926
0.18367346938775508,0.08001261318046245,299.99999999999926
0.18367346938775508,0.08001655385861739,299.99999999999926
0.18367346938775508,0.08002146535027135,299.99999999999926
0.18367346938775508,0.08002758682208874,299.99999999999926
0.18367346938775508,0.08003521636110686,299.99999999999926
0.18367346938775508,0.08004472549017998,299.99999999999926
0.18367346938775508,0.08005657725940413,299.99999999999926
0.18367346938775508,0.08007134879449027,299.99999999999926
0.18367346938775508,0.08008975940008634,299.99999999999926
0.18367346938775508,0.08011270558654815,299.99999999999926
0.18367346938775508,0.08014130472579933,299.99999999999926
0.18367346938775508,0.08017694946211615,299.99999999999926
0.18367346938775508,0.08022137552738813,299.99999999999926
0.18367346938775508,0.08027674626314021,299.99999999999926
0.18367346938775508,0.08034575796514344,299.99999999999926
0.18367346938775508,0.08043177118040407,299.99999999999926
0.18367346938775508,0.08053897435007991,299.99999999999926
0.18367346938775508,0.08067258776696852,299.99999999999926
0.18367346938775508,0.08083911777934251,299.99999999999926
0.18367346938775508,0.08104667361966954,299.99999999999926
0.18367346938775508,0.08130536228629326,299.99999999999926
0.18367346938775508,0.08162778070696558,299.99999999999926
0.18367346938775508,0.08202962915029163,299.99999999999926
0.18367346938775508,0.08237629432068608,299.99999999999926
0.18979591836734694,0.00040816326530612246,299.9999999999977
0.18979591836734694,0.0016326530612244899,299.9999999999977
0.18979591836734694,0.0032653061224489797,299.9999999999977
0.18979591836734694,0.004897959183673469,299.9999999999977
0.18979591836734694,0.006530612244897959,299.9999999999977
0.18979591836734694,0.00816326530612245,299.9999999999977
0.18979591836734694,0.009795918367346938,299.9999999999977
0.18979591836734694,0.011428571428571429,299.9999999999977
0.18979591836734694,0.013061224489795919,299.9999999999977
0.18979591836734694,0.01469387755102041,299.9999999999977
0.18979591836734694,0.0163265306122449,299.9999999999977
0.18979591836734694,0.017959183673469388,299.9999999999977
0.18979591836734694,0.019591836734693877,299.9999999999977
0.18979591836734694,0.02122448979591837,299.9999999999977
0.18979591836734694,0.022857142857142857,299.9999999999977
0.18979591836734694,0.02448979591836735,299.9999999999977
0.18979591836734694,0.026122448979591838,299.9999999999977
0.18979591836734694,0.027755102040816326,299.9999999999977
0.18979591836734694,0.02938775510204082,299.9999999999977
0.18979591836734694,0.031020408163265307,299.9999999999977
0.18979591836734694,0.0326530612244898,299.9999999999977
0.18979591836734694,0.03428571428571429,299.9999999999977
0.18979591836734694,0.035918367346938776,299.9999999999977
0.18979591836734694,0.037551020408163265,299.9999999999977
0.18979591836734694,0.03918367346938775,299.9999999999977
0.18979591836734694,0.04081632653061225,299.9999999999977
0.18979591836734694,0.04244897959183674,299.9999999999977
0.18979591836734694,0.044081632653061226,299.9999999999977
0.18979591836734694,0.045714285714285714,299.9999999999977
0.18979591836734694,0.0473469387755102,299.9999999999977
0.18979591836734694,0.0489795918367347,299.9999999999977
0.18979591836734694,0.05061224489795919,299.9999999999977
0.18979591836734694,0.052244897959183675,299.9999999999977
0.18979591836734694,0.053877551020408164,299.9999999999977
0.18979591836734694,0.05551020408163265,299.9999999999977
0.18979591836734694,0.05714285714285715,299.9999999999977
0.18979591836734694,0.05877551020408164,299.9999999999977
0.18979591836734694,0.060408163265306125,299.9999999999977
0.18979591836734694,0.062040816326530614,299.9999999999977
0.18979591836734694,0.0636734693877551,299.9999999999977
0.18979591836734694,0.0653061224489796,299.9999999999977
0.18979591836734694,0.06693877551020408,299.9999999999977
0.18979591836734694,0.06857142857142857,299.9999999999977
0.18979591836734694,0.07020408163265307,299.9999999999977
0.18979591836734694,0.07183673469387755,299.9999999999977
0.18979591836734694,0.07346938775510205,299.9999999999977
0.18979591836734694,0.07510204081632653,299.9999999999977
0.18979591836734694,0.07673469387755102,299.9999999999977
0.18979591836734694,0.0783673469387755,299.9999999999995
0.18979591836734694,0.07959204506802722,299.99999999999926
0.18979591836734694,0.08000088465770044,299.99999999999926
0.18979591836734694,0.0800019359326174,299.99999999999926
0.18979591836734694,0.08000324619642925,299.99999999999926
0.18979591836734694,0.08000487925285339,299.99999999999926
0.18979591836734694,0.08000691462409718,299.99999999999926
0.18979591836734694,0.08000945142321741,299.99999999999926
0.18979591836734694,0.08001261318046245,299.99999999999926
0.18979591836734694,0.08001655385861739,299.99999999999926
0.18979591836734694,0.08002146535027135,299.99999999999926
0.18979591836734694,0.08002758682208874,299.99999999999926
0.18979591836734694,0.08003521636110686,299.99999999999926
0.18979591836734694,0.08004472549017998,299.99999999999926
0.18979591836734694,0.08005657725940413,299.99999999999926
0.18979591836734694,0.08007134879449027,299.99999999999926
0.18979591836734694,0.08008975940008634,299.99999999999926
0.18979591836734694,0.08011270558654815,299.99999999999926
0.18979591836734694,0.08014130472579933,299.99999999999926
0.18979591836734694,0.08017694946211615,299.99999999999926
0.18979591836734694,0.08022137552738813,299.99999999999926
0.18979591836734694,0.08027674626314021,299.99999999999926
0.18979591836734694,0.08034575796514344,299.99999999999926
0.18979591836734694,0.08043177118040407,299.99999999999926
0.18979591836734694,0.08053897435007991,299.99999999999926
0.18979591836734694,0.08067258776696852,299.99999999999926
0.18979591836734694,0.08083911777934251,299.99999999999926
0.18979591836734694,0.08104667361966954,299.99999999999926
0.18979591836734694,0.08130536228629326,299.99999999999926
0.18979591836734694,0.08162778070696558,299.99999999999926
0.18979591836734694,0.08202962915029163,299.99999999999926
0.18979591836734694,0.08237629432068608,299.99999999999926
0.19591836734693877,0.00040816326530612246,299.9999999999977
0.19591836734693877,0.0016326530612244899,299.9999999999977
0.19591836734693877,0.0032653061224489797,299.9999999999977
0.19591836734693877,0.004897959183673469,299.9999999999977
0.19591836734693877,0.006530612244897959,299.9999999999977
0.19591836734693877,0.00816326530612245,299.9999999999977
0.19591836734693877,0.009795918367346938,299.9999999999977
0.19591836734693877,0.011428571428571429,299.9999999999977
0.19591836734693877,0.013061224489795919,299.9999999999977
0.19591836734693877,0.01469387755102041,299.9999999999977
0.19591836734693877,0.0163265306122449,299.9999999999977
0.19591836734693877,0.017959183673469388,299.9999999999977
0.19591836734693877,0.019591836734693877,299.9999999999977
0.19591836734693877,0.02122448979591837,299.9999999999977
0.19591836734693877,0.022857142857142857,299.9999999999977
0.19591836734693877,0.02448979591836735,299.9999999999977
0.19591836734693877,0.026122448979591838,299.9999999999977
0.19591836734693877,0.027755102040816326,299.9999999999977
0.19591836734693877,0.02938775510204082,299.9999999999977
0.19591836734693877,0.031020408163265307,299.9999999999977
0.19591836734693877,0.0326530612244898,299.9999999999977
0.19591836734693877,0.03428571428571429,299.9999999999977
0.19591836734693877,0.035918367346938776,299.9999999999977
0.19591836734693877,0.037551020408163265,299.9999999999977
0.19591836734693877,0.03918367346938775,299.9999999999977
0.19591836734693877,0.04081632653061225,299.9999999999977
0.19591836734693877,0.04244897959183674,299.9999999999977
0.19591836734693877,0.044081632653061226,299.9999999999977
0.19591836734693877,0.045714285714285714,299.9999999999977
0.19591836734693877,0.0473469387755102,299.9999999999977
0.19591836734693877,0.0489795918367347,299.9999999999977
0.19591836734693877,0.05061224489795919,299.9999999999977
0.19591836734693877,0.052244897959183675,299.9999999999977
0.19591836734693877,0.053877551020408164,299.9999999999977
0.19591836734693877,0.05551020408163265,299.9999999999977
0.19591836734693877,0.05714285714285715,299.9999999999977
0.19591836734693877,0.05877551020408164,299.9999999999977
0.19591836734693877,0.060408163265306125,299.9999999999977
0.19591836734693877,0.062040816326530614,299.9999999999977
0.19591836734693877,0.0636734693877551,299.9999999999977
0.19591836734693877,0.0653061224489796,299.9999999999977
0.19591836734693877,0.06693877551020408,299.9999999999977
0.19591836734693877,0.06857142857142857,299.9999999999977
0.19591836734693877,0.07020408163265307,299.9999999999977
0.19591836734693877,0.07183673469387755,299.9999999999977
0.19591836734693877,0.07346938775510205,299.9999999999977
0.19591836734693877,0.07510204081632653,299.9999999999977
0.19591836734693877,0.07673469387755102,299.9999999999977
0.19591836734693877,0.0783673469387755,299.9999999999968
0.19591836734693877,0.07959204506802722,299.99999999999926
0.19591836734693877,0.08000088465770044,299.99999999999926
0.19591836734693877,0.0800019359326174,299.99999999999926
0.19591836734693877,0.08000324619642925,299.99999999999926
0.19591836734693877,0.08000487925285339,299.99999999999926
0.19591836734693877,0.08000691462409718,299.99999999999926
0.19591836734693877,0.08000945142321741,299.99999999999926
0.19591836734693877,0.08001261318046245,299.99999999999926
0.19591836734693877,0.08001655385861739,299.99999999999926
0.19591836734693877,0.08002146535027135,299.99999999999926
0.19591836734693877,0.08002758682208874,299.99999999999926
0.19591836734693877,0.08003521636110686,299.99999999999926
0.19591836734693877,0.08004472549017998,299.99999999999926
0.19591836734693877,0.08005657725940413,299.99999999999926
0.19591836734693877,0.08007134879449027,299.99999999999926
0.19591836734693877,0.08008975940008634,299.99999999999926
0.19591836734693877,0.08011270558654815,299.99999999999926
0.19591836734693877,0.08014130472579933,299.99999999999926
0.19591836734693877,0.08017694946211615,299.99999999999926
0.19591836734693877,0.08022137552738813,299.99999999999926
0.19591836734693877,0.08027674626314021,299.99999999999926
0.19591836734693877,0.08034575796514344,299.99999999999926
0.19591836734693877,0.08043177118040407,299.99999999999926
0.19591836734693877,0.08053897435007991,299.99999999999926
0.19591836734693877,0.08067258776696852,299.99999999999926
0.19591836734693877,0.08083911777934251,299.99999999999926
0.19591836734693877,0.08104667361966954,299.99999999999926
0.19591836734693877,0.08130536228629326,299.99999999999926
0.19591836734693877,0.08162778070696558,299.99999999999926
0.19591836734693877,0.08202962915029163,299.99999999999926
0.19591836734693877,0.08237629432068608,299.99999999999926
0.2020408163265306,0.00040816326530612246,299.9999999999977
0.2020408163265306,0.0016326530612244899,299.9999999999977
0.2020408163265306,0.0032653061224489797,299.9999999999977
0.2020408163265306,0.004897959183673469,299.9999999999977
0.2020408163265306,0.006530612244897959,299.9999999999977
0.2020408163265306,0.00816326530612245,299.9999999999977
0.2020408163265306,0.009795918367346938,299.9999999999977
0.2020408163265306,0.011428571428571429,299.9999999999977
0.2020408163265306,0.013061224489795919,299.9999999999977
0.2020408163265306,0.01469387755102041,299.9999999999977
0.2020408163265306,0.0163265306122449,299.9999999999977
0.2020408163265306,0.017959183673469388,299.9999999999977
0.2020408163265306,0.019591836734693877,299.9999999999977
0.2020408163265306,0.02122448979591837,299.9999999999977
0.2020408163265306,0.022857142857142857,299.9999999999977
0.2020408163265306,0.02448979591836735,299.9999999999977
0.2020408163265306,0.026122448979591838,299.9999999999977
0.2020408163265306,0.027755102040816326,299.9999999999977
0.2020408163265306,0.02938775510204082,299.9999999999977
0.2020408163265306,0.031020408163265307,299.9999999999977
0.2020408163265306,0.0326530612244898,299.9999999999977
0.2020408163265306,0.03428571428571429,299.9999999999977
0.2020408163265306,0.035918367346938776,299.9999999999977
0.2020408163265306,0.037551020408163265,299.9999999999977
0.2020408163265306,0.03918367346938775,299.9999999999977
0.2020408163265306,0.04081632653061225,299.9999999999977
0.2020408163265306,0.04244897959183674,299.9999999999977
0.2020408163265306,0.044081632653061226,299.9999999999977
0.2020408163265306,0.045714285714285714,299.9999999999977
0.2020408163265306,0.0473469387755102,299.9999999999977
0.2020408163265306,0.0489795918367347,299.9999999999977
0.2020408163265306,0.05061224489795919,299.9999999999977
0.2020408163265306,0.052244897959183675,299.9999999999977
0.2020408163265306,0.053877551020408164,299.9999999999977
0.2020408163265306,0.05551020408163265,299.9999999999977
0.2020408163265306,0.05714285714285715,299.9999999999977
0.2020408163265306,0.05877551020408164,299.9999999999977
0.2020408163265306,0.060408163265306125,299.9999999999977
0.2020408163265306,0.062040816326530614,299.9999999999977
0.2020408163265306,0.0636734693877551,299.9999999999977
0.2020408163265306,0.0653061224489796,299.9999999999977
0.2020408163265306,0.06693877551020408,299.9999999999977
0.2020408163265306,0.06857142857142857,299.9999999999977
0.2020408163265306,0.07020408163265307,299.9999999999977
0.2020408163265306,0.07183673469387755,299.9999999999977
0.2020408163265306,0.07346938775510205,299.9999999999977
0.2020408163265306,0.07510204081632653,299.9999999999977
0.2020408163265306,0.07673469387755102,299.9999999999977
0.2020408163265306,0.0783673469387755,299.9999999999968
0.2020408163265306,0.07959204506802722,299.99999999999926
0.2020408163265306,0.08000088465770044,299.99999999999926
0.2020408163265306,0.0800019359326174,299.99999999999926
0.2020408163265306,0.08000324619642925,299.99999999999926
0.2020408163265306,0.08000487925285339,299.99999999999926
0.2020408163265306,0.08000691462409718,299.99999999999926
0.2020408163265306,0.08000945142321741,299.99999999999926
0.2020408163265306,0.08001261318046245,299.99999999999926
0.2020408163265306,0.08001655385861739,299.99999999999926
0.2020408163265306,0.08002146535027135,299.99999999999926
0.2020408163265306,0.08002758682208874,299.99999999999926
0.2020408163265306,0.08003521636110686,299.99999999999926
0.2020408163265306,0.08004472549017998,299.99999999999926
0.2020408163265306,0.08005657725940413,299.99999999999926
0.2020408163265306,0.08007134879449027,299.99999999999926
0.2020408163265306,0.08008975940008634,299.99999999999926
0.2020408163265306,0.08011270558654815,299.99999999999926
0.2020408163265306,0.08014130472579933,299.99999999999926
0.2020408163265306,0.08017694946211615,299.99999999999926
0.2020408163265306,0.08022137552738813,299.99999999999926
0.2020408163265306,0.08027674626314021,299.99999999999926
0.2020408163265306,0.08034575796514344,299.99999999999926
0.2020408163265306,0.08043177118040407,299.99999999999926
0.2020408163265306,0.08053897435007991,299.99999999999926
0.2020408163265306,0.08067258776696852,299.99999999999926
0.2020408163265306,0.08083911777934251,299.99999999999926
0.2020408163265306,0.08104667361966954,299.99999999999926
0.2020408163265306,0.08130536228629326,299.99999999999926
0.2020408163265306,0.08162778070696558,299.99999999999926
0.2020408163265306,0.08202962915029163,299.99999999999926
0.2020408163265306,0.08237629432068608,299.99999999999926
0.20816326530612245,0.00040816326530612246,299.9999999999977
0.20816326530612245,0.0016326530612244899,299.9999999999977
0.20816326530612245,0.0032653061224489797,299.9999999999977
0.20816326530612245,0.004897959183673469,299.9999999999977
0.20816326530612245,0.006530612244897959,299.9999999999977
0.20816326530612245,0.00816326530612245,299.9999999999977
0.20816326530612245,0.009795918367346938,299.9999999999977
0.20816326530612245,0.011428571428571429,299.9999999999977
0.20816326530612245,0.013061224489795919,299.9999999999977
0.20816326530612245,0.01469387755102041,299.9999999999977
0.20816326530612245,0.0163265306122449,299.9999999999977
0.20816326530612245,0.017959183673469388,299.9999999999977
0.20816326530612245,0.019591836734693877,299.9999999999977
0.20816326530612245,0.02122448979591837,299.9999999999977
0.20816326530612245,0.022857142857142857,299.9999999999977
0.20816326530612245,0.02448979591836735,299.9999999999977
0.20816326530612245,0.026122448979591838,299.9999999999977
0.20816326530612245,0.027755102040816326,299.9999999999977
0.20816326530612245,0.02938775510204082,299.9999999999977
0.20816326530612245,0.031020408163265307,299.9999999999977
0.20816326530612245,0.0326530612244898,299.9999999999977
0.20816326530612245,0.03428571428571429,299.9999999999977
0.20816326530612245,0.035918367346938776,299.9999999999977
0.20816326530612245,0.037551020408163265,299.9999999999977
0.20816326530612245,0.03918367346938775,299.9999999999977
0.20816326530612245,0.04081632653061225,299.9999999999977
0.20816326530612245,0.04244897959183674,299.9999999999977
0.20816326530612245,0.044081632653061226,299.9999999999977
0.20816326530612245,0.045714285714285714,299.9999999999977
0.20816326530612245,0.0473469387755102,299.9999999999977
0.20816326530612245,0.0489795918367347,299.9999999999977
0.20816326530612245,0.05061224489795919,299.9999999999977
0.20816326530612245,0.052244897959183675,299.9999999999977
0.20816326530612245,0.053877551020408164,299.9999999999977
0.20816326530612245,0.05551020408163265,299.9999999999977
0.20816326530612245,0.05714285714285715,299.9999999999977
0.20816326530612245,0.05877551020408164,299.9999999999977
0.20816326530612245,0.060408163265306125,299.9999999999977
0.20816326530612245,0.062040816326530614,299.9999999999977
0.20816326530612245,0.0636734693877551,299.9999999999977
0.20816326530612245,0.0653061224489796,299.9999999999977
0.20816326530612245,0.06693877551020408,299.9999999999977
0.20816326530612245,0.06857142857142857,299.9999999999977
0.20816326530612245,0.07020408163265307,299.9999999999977
0.20816326530612245,0.07183673469387755,299.9999999999977
0.20816326530612245,0.07346938775510205,299.9999999999977
0.20816326530612245,0.07510204081632653,299.9999999999977
0.20816326530612245,0.07673469387755102,299.9999999999977
0.20816326530612245,0.0783673469387755,299.9999999999995
0.20816326530612245,0.07959204506802722,299.99999999999926
0.20816326530612245,0.08000088465770044,299.99999999999926
0.20816326530612245,0.0800019359326174,299.99999999999926
0.20816326530612245,0.08000324619642925,299.99999999999926
0.20816326530612245,0.08000487925285339,299.99999999999926
0.20816326530612245,0.08000691462409718,299.99999999999926
0.20816326530612245,0.08000945142321741,299.99999999999926
0.20816326530612245,0.08001261318046245,299.99999999999926
0.20816326530612245,0.08001655385861739,299.99999999999926
0.20816326530612245,0.08002146535027135,299.99999999999926
0.20816326530612245,0.08002758682208874,299.99999999999926
0.20816326530612245,0.08003521636110686,299.99999999999926
0.20816326530612245,0.08004472549017998,299.99999999999926
0.20816326530612245,0.08005657725940413,299.99999999999926
0.20816326530612245,0.08007134879449027,299.99999999999926
0.20816326530612245,0.08008975940008634,299.99999999999926
0.20816326530612245,0.08011270558654815,299.99999999999926
0.20816326530612245,0.08014130472579933,299.99999999999926
0.20816326530612245,0.08017694946211615,299.99999999999926
0.20816326530612245,0.08022137552738813,299.99999999999926
0.20816326530612245,0.08027674626314021,299.99999999999926
0.20816326530612245,0.08034575796514344,299.99999999999926
0.20816326530612245,0.08043177118040407,299.99999999999926
0.20816326530612245,0.08053897435007991,299.99999999999926
0.20816326530612245,0.08067258776696852,299.99999999999926
0.20816326530612245,0.08083911777934251,299.99999999999926
0.20816326530612245,0.08104667361966954,299.99999999999926
0.20816326530612245,0.08130536228629326,299.99999999999926
0.20816326530612245,0.08162778070696558,299.99999999999926
0.20816326530612245,0.08202962915029163,299.99999999999926
0.20816326530612245,0.08237629432068608,299.99999999999926
0.21428571428571427,0.00040816326530612246,299.9999999999977
0.21428571428571427,0.0016326530612244899,299.9999999999977
0.21428571428571427,0.0032653061224489797,299.9999999999977
0.21428571428571427,0.004897959183673469,299.9999999999977
0.21428571428571427,0.006530612244897959,299.9999999999977
0.21428571428571427,0.00816326530612245,299.9999999999977
0.21428571428571427,0.009795918367346938,299.9999999999977
0.21428571428571427,0.011428571428571429,299.9999999999977
0.21428571428571427,0.013061224489795919,299.9999999999977
0.21428571428571427,0.01469387755102041,299.9999999999977
0.21428571428571427,0.0163265306122449,299.9999999999977
0.21428571428571427,0.017959183673469388,299.9999999999977
0.21428571428571427,0.019591836734693877,299.9999999999977
0.21428571428571427,0.02122448979591837,299.9999999999977
0.21428571428571427,0.022857142857142857,299.9999999999977
0.21428571428571427,0.02448979591836735,299.9999999999977
0.21428571428571427,0.026122448979591838,299.9999999999977
0.21428571428571427,0.027755102040816326,299.9999999999977
0.21428571428571427,0.02938775510204082,299.9999999999977
0.21428571428571427,0.031020408163265307,299.9999999999977
0.21428571428571427,0.0326530612244898,299.9999999999977
0.21428571428571427,0.03428571428571429,299.9999999999977
0.21428571428571427,0.035918367346938776,299.9999999999977
0.21428571428571427,0.037551020408163265,299.9999999999977
0.21428571428571427,0.03918367346938775,299.9999999999977
0.21428571428571427,0.04081632653061225,299.9999999999977
0.21428571428571427,0.04244897959183674,299.9999999999977
0.21428571428571427,0.044081632653061226,299.9999999999977
0.21428571428571427,0.045714285714285714,299.9999999999977
0.21428571428571427,0.0473469387755102,299.9999999999977
0.21428571428571427,0.0489795918367347,299.9999999999977
0.21428571428571427,0.05061224489795919,299.9999999999977
0.21428571428571427,0.052244897959183675,299.9999999999977
0.21428571428571427,0.053877551020408164,299.9999999999977
0.21428571428571427,0.05551020408163265,299.9999999999977
0.21428571428571427,0.05714285714285715,299.9999999999977
0.21428571428571427,0.05877551020408164,299.9999999999977
0.21428571428571427,0.060408163265306125,299.9999999999977
0.21428571428571427,0.062040816326530614,299.9999999999977
0.21428571428571427,0.0636734693877551,299.9999999999977
0.21428571428571427,0.0653061224489796,299.9999999999977
0.21428571428571427,0.06693877551020408,299.9999999999977
0.21428571428571427,0.06857142857142857,299.9999999999977
0.21428571428571427,0.07020408163265307,299.9999999999977
0.21428571428571427,0.07183673469387755,299.9999999999977
0.21428571428571427,0.07346938775510205,299.9999999999977
0.21428571428571427,0.07510204081632653,299.9999999999977
0.21428571428571427,0.07673469387755102,299.9999999999977
0.21428571428571427,0.0783673469387755,299.9999999999995
0.21428571428571427,0.07959204506802722,299.99999999999926
0.21428571428571427,0.08000088465770044,299.99999999999926
0.21428571428571427,0.0800019359326174,299.99999999999926
0.21428571428571427,0.08000324619642925,299.99999999999926
0.21428571428571427,0.08000487925285339,299.99999999999926
0.21428571428571427,0.08000691462409718,299.99999999999926
0.21428571428571427,0.08000945142321741,299.99999999999926
0.21428571428571427,0.08001261318046245,299.99999999999926
0.21428571428571427,0.08001655385861739,299.99999999999926
0.21428571428571427,0.08002146535027135,299.99999999999926
0.21428571428571427,0.08002758682208874,299.99999999999926
0.21428571428571427,0.08003521636110686,299.99999999999926
0.21428571428571427,0.08004472549017998,299.99999999999926
0.21428571428571427,0.08005657725940413,299.99999999999926
0.21428571428571427,0.08007134879449027,299.99999999999926
0.21428571428571427,0.08008975940008634,299.99999999999926
0.21428571428571427,0.08011270558654815,299.99999999999926
0.21428571428571427,0.08014130472579933,299.99999999999926
0.21428571428571427,0.08017694946211615,299.99999999999926
0.21428571428571427,0.08022137552738813,299.99999999999926
0.21428571428571427,0.08027674626314021,299.99999999999926
0.21428571428571427,0.08034575796514344,299.99999999999926
0.21428571428571427,0.08043177118040407,299.99999999999926
0.21428571428571427,0.08053897435007991,299.99999999999926
0.21428571428571427,0.08067258776696852,299.99999999999926
0.21428571428571427,0.08083911777934251,299.99999999999926
0.21428571428571427,0.08104667361966954,299.99999999999926
0.21428571428571427,0.08130536228629326,299.99999999999926
0.21428571428571427,0.08162778070696558,299.99999999999926
0.21428571428571427,0.08202962915029163,299.99999999999926
0.21428571428571427,0.08237629432068608,299.99999999999926
0.2204081632653061,0.00040816326530612246,299.9999999999977
0.2204081632653061,0.0016326530612244899,299.9999999999977
0.2204081632653061,0.0032653061224489797,299.9999999999977
0.2204081632653061,0.004897959183673469,299.9999999999977
0.2204081632653061,0.006530612244897959,299.9999999999977
0.2204081632653061,0.00816326530612245,299.9999999999977
0.2204081632653061,0.009795918367346938,299.9999999999977
0.2204081632653061,0.011428571428571429,299.9999999999977
0.2204081632653061,0.013061224489795919,299.9999999999977
0.2204081632653061,0.01469387755102041,299.9999999999977
0.2204081632653061,0.0163265306122449,299.9999999999977
0.2204081632653061,0.017959183673469388,299.9999999999977
0.2204081632653061,0.019591836734693877,299.9999999999977
0.2204081632653061,0.02122448979591837,299.9999999999977
0.2204081632653061,0.022857142857142857,299.9999999999977
0.2204081632653061,0.02448979591836735,299.9999999999977
0.2204081632653061,0.026122448979591838,299.9999999999977
0.2204081632653061,0.027755102040816326,299.9999999999977
0.2204081632653061,0.02938775510204082,299.9999999999977
0.2204081632653061,0.031020408163265307,299.9999999999977
0.2204081632653061,0.0326530612244898,299.9999999999977
0.2204081632653061,0.03428571428571429,299.9999999999977
0.2204081632653061,0.035918367346938776,299.9999999999977
0.2204081632653061,0.037551020408163265,299.9999999999977
0.2204081632653061,0.03918367346938775,299.9999999999977
0.2204081632653061,0.04081632653061225,299.9999999999977
0.2204081632653061,0.04244897959183674,299.9999999999977
0.2204081632653061,0.044081632653061226,299.9999999999977
0.2204081632653061,0.045714285714285714,299.9999999999977
0.2204081632653061,0.0473469387755102,299.9999999999977
0.2204081632653061,0.0489795918367347,299.9999999999977
0.2204081632653061,0.05061224489795919,299.9999999999977
0.2204081632653061,0.052244897959183675,299.9999999999977
0.2204081632653061,0.053877551020408164,299.9999999999977
0.2204081632653061,0.05551020408163265,299.9999999999977
0.2204081632653061,0.05714285714285715,299.9999999999977
0.2204081632653061,0.05877551020408164,299.9999999999977
0.2204081632653061,0.060408163265306125,299.9999999999977
0.2204081632653061,0.062040816326530614,299.9999999999977
0.2204081632653061,0.0636734693877551,299.9999999999977
0.2204081632653061,0.0653061224489796,299.9999999999977
0.2204081632653061,0.06693877551020408,299.9999999999977
0.2204081632653061,0.06857142857142857,299.9999999999977
0.2204081632653061,0.07020408163265307,299.9999999999977
0.2204081632653061,0.07183673469387755,299.9999999999977
0.2204081632653061,0.07346938775510205,299.9999999999977
0.2204081632653061,0.07510204081632653,299.9999999999977
0.2204081632653061,0.07673469387755102,299.9999999999977
0.2204081632653061,0.0783673469387755,299.9999999999995
0.2204081632653061,0.07959204506802722,299.99999999999926
0.2204081632653061,0.08000088465770044,299.99999999999926
0.2204081632653061,0.0800019359326174,299.99999999999926
0.2204081632653061,0.08000324619642925,299.99999999999926
0.2204081632653061,0.08000487925285339,299.99999999999926
0.2204081632653061,0.08000691462409718,299.99999999999926
0.2204081632653061,0.08000945142321741,299.99999999999926
0.2204081632653061,0.08001261318046245,299.99999999999926
0.2204081632653061,0.08001655385861739,299.99999999999926
0.2204081632653061,0.08002146535027135,299.99999999999926
0.2204081632653061,0.08002758682208874,299.99999999999926
0.2204081632653061,0.08003521636110686,299.99999999999926
0.2204081632653061,0.08004472549017998,299.99999999999926
0.2204081632653061,0.08005657725940413,299.99999999999926
0.2204081632653061,0.08007134879449027,299.99999999999926
0.2204081632653061,0.08008975940008634,299.99999999999926
0.2204081632653061,0.08011270558654815,299.99999999999926
0.2204081632653061,0.08014130472579933,299.99999999999926
0.2204081632653061,0.08017694946211615,299.99999999999926
0.2204081632653061,0.08022137552738813,299.99999999999926
0.2204081632653061,0.08027674626314021,299.99999999999926
0.2204081632653061,0.08034575796514344,299.99999999999926
0.2204081632653061,0.08043177118040407,299.99999999999926
0.2204081632653061,0.08053897435007991,299.99999999999926
0.2204081632653061,0.08067258776696852,299.99999999999926
0.2204081632653061,0.08083911777934251,299.99999999999926
0.2204081632653061,0.08104667361966954,299.99999999999926
0.2204081632653061,0.08130536228629326,299.99999999999926
0.2204081632653061,0.08162778070696558,299.99999999999926
0.2204081632653061,0.08202962915029163,299.99999999999926
0.2204081632653061,0.08237629432068608,299.99999999999926
0.22653061224489796,0.00040816326530612246,299.9999999999977
0.22653061224489796,0.0016326530612244899,299.9999999999977
0.22653061224489796,0.0032653061224489797,299.9999999999977
0.22653061224489796,0.004897959183673469,299.9999999999977
0.22653061224489796,0.006530612244897959,299.9999999999977
0.22653061224489796,0.00816326530612245,299.9999999999977
0.22653061224489796,0.009795918367346938,299.9999999999977
0.22653061224489796,0.011428571428571429,299.9999999999977
0.22653061224489796,0.013061224489795919,299.9999999999977
0.22653061224489796,0.01469387755102041,299.9999999999977
0.22653061224489796,0.0163265306122449,299.9999999999977
0.22653061224489796,0.017959183673469388,299.9999999999977
0.22653061224489796,0.019591836734693877,299.9999999999977
0.22653061224489796,0.02122448979591837,299.9999999999977
0.22653061224489796,0.022857142857142857,299.9999999999977
0.22653061224489796,0.02448979591836735,299.9999999999977
0.22653061224489796,0.026122448979591838,299.9999999999977
0.22653061224489796,0.027755102040816326,299.9999999999977
0.22653061224489796,0.02938775510204082,299.9999999999977
0.22653061224489796,0.031020408163265307,299.9999999999977
0.22653061224489796,0.0326530612244898,299.9999999999977
0.22653061224489796,0.03428571428571429,299.9999999999977
0.22653061224489796,0.035918367346938776,299.9999999999977
0.22653061224489796,0.037551020408163265,299.9999999999977
0.22653061224489796,0.03918367346938775,299.9999999999977
0.22653061224489796,0.04081632653061225,299.9999999999977
0.22653061224489796,0.04244897959183674,299.9999999999977
0.22653061224489796,0.044081632653061226,299.9999999999977
0.22653061224489796,0.045714285714285714,299.9999999999977
0.22653061224489796,0.0473469387755102,299.9999999999977
0.22653061224489796,0.0489795918367347,299.9999999999977
0.22653061224489796,0.05061224489795919,299.9999999999977
0.22653061224489796,0.052244897959183675,299.9999999999977
0.22653061224489796,0.053877551020408164,299.9999999999977
0.22653061224489796,0.05551020408163265,299.9999999999977
0.22653061224489796,0.05714285714285715,299.9999999999977
0.22653061224489796,0.05877551020408164,299.9999999999977
0.22653061224489796,0.060408163265306125,299.9999999999977
0.22653061224489796,0.062040816326530614,299.9999999999977
0.22653061224489796,0.0636734693877551,299.9999999999977
0.22653061224489796,0.0653061224489796,299.9999999999977
0.22653061224489796,0.06693877551020408,299.9999999999977
0.22653061224489796,0.06857142857142857,299.9999999999977
0.22653061224489796,0.07020408163265307,299.9999999999977
0.22653061224489796,0.07183673469387755,299.9999999999977
0.22653061224489796,0.07346938775510205,299.9999999999977
0.22653061224489796,0.07510204081632653,299.9999999999977
0.22653061224489796,0.07673469387755102,299.9999999999977
0.22653061224489796,0.0783673469387755,299.9999999999968
0.22653061224489796,0.07959204506802722,299.99999999999926
0.22653061224489796,0.08000088465770044,299.99999999999926
0.22653061224489796,0.0800019359326174,299.99999999999926
0.22653061224489796,0.08000324619642925,299.99999999999926
0.22653061224489796,0.08000487925285339,299.99999999999926
0.22653061224489796,0.08000691462409718,299.99999999999926
0.22653061224489796,0.08000945142321741,299.99999999999926
0.22653061224489796,0.08001261318046245,299.99999999999926
0.22653061224489796,0.08001655385861739,299.99999999999926
0.22653061224489796,0.08002146535027135,299.99999999999926
0.22653061224489796,0.08002758682208874,299.99999999999926
0.22653061224489796,0.08003521636110686,299.99999999999926
0.22653061224489796,0.08004472549017998,299.99999999999926
0.22653061224489796,0.08005657725940413,299.99999999999926
0.22653061224489796,0.08007134879449027,299.99999999999926
0.22653061224489796,0.08008975940008634,299.99999999999926
0.22653061224489796,0.08011270558654815,299.99999999999926
0.22653061224489796,0.08014130472579933,299.99999999999926
0.22653061224489796,0.08017694946211615,299.99999999999926
0.22653061224489796,0.08022137552738813,299.99999999999926
0.22653061224489796,0.08027674626314021,299.99999999999926
0.22653061224489796,0.08034575796514344,299.99999999999926
0.22653061224489796,0.08043177118040407,299.99999999999926
0.22653061224489796,0.08053897435007991,299.99999999999926
0.22653061224489796,0.08067258776696852,299.99999999999926
0.22653061224489796,0.08083911777934251,299.99999999999926
0.22653061224489796,0.08104667361966954,299.99999999999926
0.22653061224489796,0.08130536228629326,299.99999999999926
0.22653061224489796,0.08162778070696558,299.99999999999926
0.22653061224489796,0.08202962915029163,299.99999999999926
0.22653061224489796,0.08237629432068608,299.99999999999926
0.23265306122448978,0.00040816326530612246,299.9999999999977
0.23265306122448978,0.0016326530612244899,299.9999999999977
0.23265306122448978,0.0032653061224489797,299.9999999999977
0.23265306122448978,0.004897959183673469,299.9999999999977
0.23265306122448978,0.006530612244897959,299.9999999999977
0.23265306122448978,0.00816326530612245,299.9999999999977
0.23265306122448978,0.009795918367346938,299.9999999999977
0.23265306122448978,0.011428571428571429,299.9999999999977
0.23265306122448978,0.013061224489795919,299.9999999999977
0.23265306122448978,0.01469387755102041,299.9999999999977
0.23265306122448978,0.0163265306122449,299.9999999999977
0.23265306122448978,0.017959183673469388,299.9999999999977
0.23265306122448978,0.019591836734693877,299.9999999999977
0.23265306122448978,0.02122448979591837,299.9999999999977
0.23265306122448978,0.022857142857142857,299.9999999999977
0.23265306122448978,0.02448979591836735,299.9999999999977
0.23265306122448978,0.026122448979591838,299.9999999999977
0.23265306122448978,0.027755102040816326,299.9999999999977
0.23265306122448978,0.02938775510204082,299.9999999999977
0.23265306122448978,0.031020408163265307,299.9999999999977
0.23265306122448978,0.0326530612244898,299.9999999999977
0.23265306122448978,0.03428571428571429,299.9999999999977
0.23265306122448978,0.035918367346938776,299.9999999999977
0.23265306122448978,0.037551020408163265,299.9999999999977
0.23265306122448978,0.03918367346938775,299.9999999999977
0.23265306122448978,0.04081632653061225,299.9999999999977
0.23265306122448978,0.04244897959183674,299.9999999999977
0.23265306122448978,0.044081632653061226,299.9999999999977
0.23265306122448978,0.045714285714285714,299.9999999999977
0.23265306122448978,0.0473469387755102,299.9999999999977
0.23265306122448978,0.0489795918367347,299.9999999999977
0.23265306122448978,0.05061224489795919,299.9999999999977
0.23265306122448978,0.052244897959183675,299.9999999999977
0.23265306122448978,0.053877551020408164,299.9999999999977
0.23265306122448978,0.05551020408163265,299.9999999999977
0.23265306122448978,0.05714285714285715,299.9999999999977
0.23265306122448978,0.05877551020408164,299.9999999999977
0.23265306122448978,0.060408163265306125,299.9999999999977
0.23265306122448978,0.062040816326530614,299.9999999999977
0.23265306122448978,0.0636734693877551,299.9999999999977
0.23265306122448978,0.0653061224489796,299.9999999999977
0.23265306122448978,0.06693877551020408,299.9999999999977
0.23265306122448978,0.06857142857142857,299.9999999999977
0.23265306122448978,0.07020408163265307,299.9999999999977
0.23265306122448978,0.07183673469387755,299.9999999999977
0.23265306122448978,0.07346938775510205,299.9999999999977
0.23265306122448978,0.07510204081632653,299.9999999999977
0.23265306122448978,0.07673469387755102,299.9999999999977
0.23265306122448978,0.0783673469387755,299.9999999999968
0.23265306122448978,0.07959204506802722,299.99999999999926
0.23265306122448978,0.08000088465770044,299.99999999999926
0.23265306122448978,0.0800019359326174,299.99999999999926
0.23265306122448978,0.08000324619642925,299.99999999999926
0.23265306122448978,0.08000487925285339,299.99999999999926
0.23265306122448978,0.08000691462409718,299.99999999999926
0.23265306122448978,0.08000945142321741,299.99999999999926
0.23265306122448978,0.08001261318046245,299.99999999999926
0.23265306122448978,0.08001655385861739,299.99999999999926
0.23265306122448978,0.08002146535027135,299.99999999999926
0.23265306122448978,0.08002758682208874,299.99999999999926
0.23265306122448978,0.08003521636110686,299.99999999999926
0.23265306122448978,0.08004472549017998,299.99999999999926
0.23265306122448978,0.08005657725940413,299.99999999999926
0.23265306122448978,0.08007134879449027,299.99999999999926
0.23265306122448978,0.08008975940008634,299.99999999999926
0.23265306122448978,0.08011270558654815,299.99999999999926
0.23265306122448978,0.08014130472579933,299.99999999999926
0.23265306122448978,0.08017694946211615,299.99999999999926
0.23265306122448978,0.08022137552738813,299.99999999999926
0.23265306122448978,0.08027674626314021,299.99999999999926
0.23265306122448978,0.08034575796514344,299.99999999999926
0.23265306122448978,0.08043177118040407,299.99999999999926
0.23265306122448978,0.08053897435007991,299.99999999999926
0.23265306122448978,0.08067258776696852,299.99999999999926
0.23265306122448978,0.08083911777934251,299.99999999999926
0.23265306122448978,0.08104667361966954,299.99999999999926
0.23265306122448978,0.08130536228629326,299.99999999999926
0.23265306122448978,0.08162778070696558,299.99999999999926
0.23265306122448978,0.08202962915029163,299.99999999999926
0.23265306122448978,0.08237629432068608,299.99999999999926
0.2387755102040816,0.00040816326530612246,299.9999999999977
0.2387755102040816,0.0016326530612244899,299.9999999999977
0.2387755102040816,0.0032653061224489797,299.9999999999977
0.2387755102040816,0.004897959183673469,299.9999999999977
0.2387755102040816,0.006530612244897959,299.9999999999977
0.2387755102040816,0.00816326530612245,299.9999999999977
0.2387755102040816,0.009795918367346938,299.9999999999977
0.2387755102040816,0.011428571428571429,299.9999999999977
0.2387755102040816,0.013061224489795919,299.9999999999977
0.2387755102040816,0.01469387755102041,299.9999999999977
0.2387755102040816,0.0163265306122449,299.9999999999977
0.2387755102040816,0.017959183673469388,299.9999999999977
0.2387755102040816,0.019591836734693877,299.9999999999977
0.2387755102040816,0.02122448979591837,299.9999999999977
0.2387755102040816,0.022857142857142857,299.9999999999977
0.2387755102040816,0.02448979591836735,299.9999999999977
0.2387755102040816,0.026122448979591838,299.9999999999977
0.2387755102040816,0.027755102040816326,299.9999999999977
0.2387755102040816,0.02938775510204082,299.9999999999977
0.2387755102040816,0.031020408163265307,299.9999999999977
0.2387755102040816,0.0326530612244898,299.9999999999977
0.2387755102040816,0.03428571428571429,299.9999999999977
0.2387755102040816,0.035918367346938776,299.9999999999977
0.2387755102040816,0.037551020408163265,299.9999999999977
0.2387755102040816,0.03918367346938775,299.9999999999977
0.2387755102040816,0.04081632653061225,299.9999999999977
0.2387755102040816,0.04244897959183674,299.9999999999977
0.2387755102040816,0.044081632653061226,299.9999999999977
0.2387755102040816,0.045714285714285714,299.9999999999977
0.2387755102040816,0.0473469387755102,299.9999999999977
0.2387755102040816,0.0489795918367347,299.9999999999977
0.2387755102040816,0.05061224489795919,299.9999999999977
0.2387755102040816,0.052244897959183675,299.9999999999977
0.2387755102040816,0.053877551020408164,299.9999999999977
0.2387755102040816,0.05551020408163265,299.9999999999977
0.2387755102040816,0.05714285714285715,299.9999999999977
0.2387755102040816,0.05877551020408164,299.9999999999977
0.2387755102040816,0.060408163265306125,299.9999999999977
0.2387755102040816,0.062040816326530614,299.9999999999977
0.2387755102040816,0.0636734693877551,299.9999999999977
0.2387755102040816,0.0653061224489796,299.9999999999977
0.2387755102040816,0.06693877551020408,299.9999999999977
0.2387755102040816,0.06857142857142857,299.9999999999977
0.2387755102040816,0.07020408163265307,299.9999999999977
0.2387755102040816,0.07183673469387755,299.9999999999977
0.2387755102040816,0.07346938775510205,299.9999999999977
0.2387755102040816,0.07510204081632653,299.9999999999977
0.2387755102040816,0.07673469387755102,299.9999999999977
0.2387755102040816,0.0783673469387755,299.9999999999968
0.2387755102040816,0.07959204506802722,299.99999999999926
0.2387755102040816,0.08000088465770044,299.99999999999926
0.2387755102040816,0.0800019359326174,299.99999999999926
0.2387755102040816,0.08000324619642925,299.99999999999926
0.2387755102040816,0.08000487925285339,299.99999999999926
0.2387755102040816,0.08000691462409718,299.99999999999926
0.2387755102040816,0.08000945142321741,299.99999999999926
0.2387755102040816,0.08001261318046245,299.99999999999926
0.2387755102040816,0.08001655385861739,299.99999999999926
0.2387755102040816,0.08002146535027135,299.99999999999926
0.2387755102040816,0.08002758682208874,299.99999999999926
0.2387755102040816,0.08003521636110686,299.99999999999926
0.2387755102040816,0.08004472549017998,299.99999999999926
0.2387755102040816,0.08005657725940413,299.99999999999926
0.2387755102040816,0.08007134879449027,299.99999999999926
0.2387755102040816,0.08008975940008634,299.99999999999926
0.2387755102040816,0.08011270558654815,299.99999999999926
0.2387755102040816,0.08014130472579933,299.99999999999926
0.2387755102040816,0.08017694946211615,299.99999999999926
0.2387755102040816,0.08022137552738813,299.99999999999926
0.2387755102040816,0.08027674626314021,299.99999999999926
0.2387755102040816,0.08034575796514344,299.99999999999926
0.2387755102040816,0.08043177118040407,299.99999999999926
0.2387755102040816,0.08053897435007991,299.99999999999926
0.2387755102040816,0.08067258776696852,299.99999999999926
0.2387755102040816,0.08083911777934251,299.99999999999926
0.2387755102040816,0.08104667361966954,299.99999999999926
0.2387755102040816,0.08130536228629326,299.99999999999926
0.2387755102040816,0.08162778070696558,299.99999999999926
0.2387755102040816,0.08202962915029163,299.99999999999926
0.2387755102040816,0.08237629432068608,299.99999999999926
0.24489795918367346,0.00040816326530612246,299.9999999999977
0.24489795918367346,0.0016326530612244899,299.9999999999977
0.24489795918367346,0.0032653061224489797,299.9999999999977
0.24489795918367346,0.004897959183673469,299.9999999999977
0.24489795918367346,0.006530612244897959,299.9999999999977
0.24489795918367346,0.00816326530612245,299.9999999999977
0.24489795918367346,0.009795918367346938,299.9999999999977
0.24489795918367346,0.011428571428571429,299.9999999999977
0.24489795918367346,0.013061224489795919,299.9999999999977
0.24489795918367346,0.01469387755102041,299.9999999999977
0.24489795918367346,0.0163265306122449,299.9999999999977
0.24489795918367346,0.017959183673469388,299.9999999999977
0.24489795918367346,0.019591836734693877,299.9999999999977
0.24489795918367346,0.02122448979591837,299.9999999999977
0.24489795918367346,0.022857142857142857,299.9999999999977
0.24489795918367346,0.02448979591836735,299.9999999999977
0.24489795918367346,0.026122448979591838,299.9999999999977
0.24489795918367346,0.027755102040816326,299.9999999999977
0.24489795918367346,0.02938775510204082,299.9999999999977
0.24489795918367346,0.031020408163265307,299.9999999999977
0.24489795918367346,0.0326530612244898,299.9999999999977
0.24489795918367346,0.03428571428571429,299.9999999999977
0.24489795918367346,0.035918367346938776,299.9999999999977
0.24489795918367346,0.037551020408163265,299.9999999999977
0.24489795918367346,0.03918367346938775,299.9999999999977
0.24489795918367346,0.04081632653061225,299.9999999999977
0.24489795918367346,0.04244897959183674,299.9999999999977
0.24489795918367346,0.044081632653061226,299.9999999999977
0.24489795918367346,0.045714285714285714,299.9999999999977
0.24489795918367346,0.0473469387755102,299.9999999999977
0.24489795918367346,0.0489795918367347,299.9999999999977
0.24489795918367346,0.05061224489795919,299.9999999999977
0.24489795918367346,0.052244897959183675,299.9999999999977
0.24489795918367346,0.053877551020408164,299.9999999999977
0.24489795918367346,0.05551020408163265,299.9999999999977
0.24489795918367346,0.05714285714285715,299.9999999999977
0.24489795918367346,0.05877551020408164,299.9999999999977
0.24489795918367346,0.060408163265306125,299.9999999999977
0.24489795918367346,0.062040816326530614,299.9999999999977
0.24489795918367346,0.0636734693877551,299.9999999999977
0.24489795918367346,0.0653061224489796,299.9999999999977
0.24489795918367346,0.06693877551020408,299.9999999999977
0.24489795918367346,0.06857142857142857,299.9999999999977
0.24489795918367346,0.07020408163265307,299.9999999999977
0.24489795918367346,0.07183673469387755,299.9999999999977
0.24489795918367346,0.07346938775510205,299.9999999999977
0.24489795918367346,0.07510204081632653,299.9999999999977
0.24489795918367346,0.07673469387755102,299.9999999999977
0.24489795918367346,0.0783673469387755,299.9999999999995
0.24489795918367346,0.07959204506802722,299.99999999999926
0.24489795918367346,0.08000088465770044,299.99999999999926
0.24489795918367346,0.0800019359326174,299.99999999999926
0.24489795918367346,0.08000324619642925,299.99999999999926
0.24489795918367346,0.08000487925285339,299.99999999999926
0.24489795918367346,0.08000691462409718,299.99999999999926
0.24489795918367346,0.08000945142321741,299.99999999999926
0.24489795918367346,0.08001261318046245,299.99999999999926
0.24489795918367346,0.08001655385861739,299.99999999999926
0.24489795918367346,0.08002146535027135,299.99999999999926
0.24489795918367346,0.08002758682208874,299.99999999999926
0.24489795918367346,0.08003521636110686,299.99999999999926
0.24489795918367346,0.08004472549017998,299.99999999999926
0.24489795918367346,0.08005657725940413,299.99999999999926
0.24489795918367346,0.08007134879449027,299.99999999999926
0.24489795918367346,0.08008975940008634,299.99999999999926
0.24489795918367346,0.08011270558654815,299.99999999999926
0.24489795918367346,0.08014130472579933,299.99999999999926
0.24489795918367346,0.08017694946211615,299.99999999999926
0.24489795918367346,0.08022137552738813,299.99999999999926
0.24489795918367346,0.08027674626314021,299.99999999999926
0.24489795918367346,0.08034575796514344,299.99999999999926
0.24489795918367346,0.08043177118040407,299.99999999999926
0.24489795918367346,0.08053897435007991,299.99999999999926
0.24489795918367346,0.08067258776696852,299.99999999999926
0.24489795918367346,0.08083911777934251,299.99999999999926
0.24489795918367346,0.08104667361966954,299.99999999999926
0.24489795918367346,0.08130536228629326,299.99999999999926
0.24489795918367346,0.08162778070696558,299.99999999999926
0.24489795918367346,0.08202962915029163,299.99999999999926
0.24489795918367346,0.08237629432068608,299.99999999999926
0.2510204081632653,0.00040816326530612246,299.9999999999977
0.2510204081632653,0.0016326530612244899,299.9999999999977
0.2510204081632653,0.0032653061224489797,299.9999999999977
0.2510204081632653,0.004897959183673469,299.9999999999977
0.2510204081632653,0.006530612244897959,299.9999999999977
0.2510204081632653,0.00816326530612245,299.9999999999977
0.2510204081632653,0.009795918367346938,299.9999999999977
0.2510204081632653,0.011428571428571429,299.9999999999977
0.2510204081632653,0.013061224489795919,299.9999999999977
0.2510204081632653,0.01469387755102041,299.9999999999977
0.2510204081632653,0.0163265306122449,299.9999999999977
0.2510204081632653,0.017959183673469388,299.9999999999977
0.2510204081632653,0.019591836734693877,299.9999999999977
0.2510204081632653,0.02122448979591837,299.9999999999977
0.2510204081632653,0.022857142857142857,299.9999999999977
0.2510204081632653,0.02448979591836735,299.9999999999977
0.2510204081632653,0.026122448979591838,299.9999999999977
0.2510204081632653,0.027755102040816326,299.9999999999977
0.2510204081632653,0.02938775510204082,299.9999999999977
0.2510204081632653,0.031020408163265307,299.9999999999977
0.2510204081632653,0.0326530612244898,299.9999999999977
0.2510204081632653,0.03428571428571429,299.9999999999977
0.2510204081632653,0.035918367346938776,299.9999999999977
0.2510204081632653,0.037551020408163265,299.9999999999977
0.2510204081632653,0.03918367346938775,299.9999999999977
0.2510204081632653,0.04081632653061225,299.9999999999977
0.2510204081632653,0.04244897959183674,299.9999999999977
0.2510204081632653,0.044081632653061226,299.9999999999977
0.2510204081632653,0.045714285714285714,299.9999999999977
0.2510204081632653,0.0473469387755102,299.9999999999977
0.2510204081632653,0.0489795918367347,299.9999999999977
0.2510204081632653,0.05061224489795919,299.9999999999977
0.2510204081632653,0.052244897959183675,299.9999999999977
0.2510204081632653,0.053877551020408164,299.9999999999977
0.2510204081632653,0.05551020408163265,299.9999999999977
0.2510204081632653,0.05714285714285715,299.9999999999977
0.2510204081632653,0.05877551020408164,299.9999999999977
0.2510204081632653,0.060408163265306125,299.9999999999977
0.2510204081632653,0.062040816326530614,299.9999999999977
0.2510204081632653,0.0636734693877551,299.9999999999977
0.2510204081632653,0.0653061224489796,299.9999999999977
0.2510204081632653,0.06693877551020408,299.9999999999977
0.2510204081632653,0.06857142857142857,299.9999999999977
0.2510204081632653,0.07020408163265307,299.9999999999977
0.2510204081632653,0.07183673469387755,299.9999999999977
0.2510204081632653,0.07346938775510205,299.9999999999977
0.2510204081632653,0.07510204081632653,299.9999999999977
0.2510204081632653,0.07673469387755102,299.9999999999977
0.2510204081632653,0.0783673469387755,299.9999999999995
0.2510204081632653,0.07959204506802722,299.99999999999926
0.2510204081632653,0.08000088465770044,299.99999999999926
0.2510204081632653,0.0800019359326174,299.99999999999926
0.2510204081632653,0.08000324619642925,299.99999999999926
0.2510204081632653,0.08000487925285339,299.99999999999926
0.2510204081632653,0.08000691462409718,299.99999999999926
0.2510204081632653,0.08000945142321741,299.99999999999926
0.2510204081632653,0.08001261318046245,299.99999999999926
0.2510204081632653,0.08001655385861739,299.99999999999926
0.2510204081632653,0.08002146535027135,299.99999999999926
0.2510204081632653,0.08002758682208874,299.99999999999926
0.2510204081632653,0.08003521636110686,299.99999999999926
0.2510204081632653,0.08004472549017998,299.99999999999926
0.2510204081632653,0.08005657725940413,299.99999999999926
0.2510204081632653,0.08007134879449027,299.99999999999926
0.2510204081632653,0.08008975940008634,299.99999999999926
0.2510204081632653,0.08011270558654815,299.99999999999926
0.2510204081632653,0.08014130472579933,299.99999999999926
0.2510204081632653,0.08017694946211615,299.99999999999926
0.2510204081632653,0.08022137552738813,299.99999999999926
0.2510204081632653,0.08027674626314021,299.99999999999926
0.2510204081632653,0.08034575796514344,299.99999999999926
0.2510204081632653,0.08043177118040407,299.99999999999926
0.2510204081632653,0.08053897435007991,299.99999999999926
0.2510204081632653,0.08067258776696852,299.99999999999926
0.2510204081632653,0.08083911777934251,299.99999999999926
0.2510204081632653,0.08104667361966954,299.99999999999926
0.2510204081632653,0.08130536228629326,299.99999999999926
0.2510204081632653,0.08162778070696558,299.99999999999926
0.2510204081632653,0.08202962915029163,299.99999999999926
0.2510204081632653,0.08237629432068608,299.99999999999926
0.2571428571428571,0.00040816326530612246,299.9999999999977
0.2571428571428571,0.0016326530612244899,299.9999999999977
0.2571428571428571,0.0032653061224489797,299.9999999999977
0.2571428571428571,0.004897959183673469,299.9999999999977
0.2571428571428571,0.006530612244897959,299.9999999999977
0.2571428571428571,0.00816326530612245,299.9999999999977
0.2571428571428571,0.009795918367346938,299.9999999999977
0.2571428571428571,0.011428571428571429,299.9999999999977
0.2571428571428571,0.013061224489795919,299.9999999999977
0.2571428571428571,0.01469387755102041,299.9999999999977
0.2571428571428571,0.0163265306122449,299.9999999999977
0.2571428571428571,0.017959183673469388,299.9999999999977
0.2571428571428571,0.019591836734693877,299.9999999999977
0.2571428571428571,0.02122448979591837,299.9999999999977
0.2571428571428571,0.022857142857142857,299.9999999999977
0.2571428571428571,0.02448979591836735,299.9999999999977
0.2571428571428571,0.026122448979591838,299.9999999999977
0.2571428571428571,0.027755102040816326,299.9999999999977
0.2571428571428571,0.02938775510204082,299.9999999999977
0.2571428571428571,0.031020408163265307,299.9999999999977
0.2571428571428571,0.0326530612244898,299.9999999999977
0.2571428571428571,0.03428571428571429,299.9999999999977
0.2571428571428571,0.035918367346938776,299.9999999999977
0.2571428571428571,0.037551020408163265,299.9999999999977
0.2571428571428571,0.03918367346938775,299.9999999999977
0.2571428571428571,0.04081632653061225,299.9999999999977
0.2571428571428571,0.04244897959183674,299.9999999999977
0.2571428571428571,0.044081632653061226,299.9999999999977
0.2571428571428571,0.045714285714285714,299.9999999999977
0.2571428571428571,0.0473469387755102,299.9999999999977
0.2571428571428571,0.0489795918367347,299.9999999999977
0.2571428571428571,0.05061224489795919,299.9999999999977
0.2571428571428571,0.052244897959183675,299.9999999999977
0.2571428571428571,0.053877551020408164,299.9999999999977
0.2571428571428571,0.05551020408163265,299.9999999999977
0.2571428571428571,0.05714285714285715,299.9999999999977
0.2571428571428571,0.05877551020408164,299.9999999999977
0.2571428571428571,0.060408163265306125,299.9999999999977
0.2571428571428571,0.062040816326530614,299.9999999999977
0.2571428571428571,0.0636734693877551,299.9999999999977
0.2571428571428571,0.0653061224489796,299.9999999999977
0.2571428571428571,0.06693877551020408,299.9999999999977
0.2571428571428571,0.06857142857142857,299.9999999999977
0.2571428571428571,0.07020408163265307,299.9999999999977
0.2571428571428571,0.07183673469387755,299.9999999999977
0.2571428571428571,0.07346938775510205,299.9999999999977
0.2571428571428571,0.07510204081632653,299.9999999999977
0.2571428571428571,0.07673469387755102,299.9999999999977
0.2571428571428571,0.0783673469387755,299.9999999999995
0.2571428571428571,0.07959204506802722,299.99999999999926
0.2571428571428571,0.08000088465770044,299.99999999999926
0.2571428571428571,0.0800019359326174,299.99999999999926
0.2571428571428571,0.08000324619642925,299.99999999999926
0.2571428571428571,0.08000487925285339,299.99999999999926
0.2571428571428571,0.08000691462409718,299.99999999999926
0.2571428571428571,0.08000945142321741,299.99999999999926
0.2571428571428571,0.08001261318046245,299.99999999999926
0.2571428571428571,0.08001655385861739,299.99999999999926
0.2571428571428571,0.08002146535027135,299.99999999999926
0.2571428571428571,0.08002758682208874,299.99999999999926
0.2571428571428571,0.08003521636110686,299.99999999999926
0.2571428571428571,0.08004472549017998,299.99999999999926
0.2571428571428571,0.08005657725940413,299.99999999999926
0.2571428571428571,0.08007134879449027,299.99999999999926
0.2571428571428571,0.08008975940008634,299.99999999999926
0.2571428571428571,0.08011270558654815,299.99999999999926
0.2571428571428571,0.08014130472579933,299.99999999999926
0.2571428571428571,0.08017694946211615,299.99999999999926
0.2571428571428571,0.08022137552738813,299.99999999999926
0.2571428571428571,0.08027674626314021,299.99999999999926
0.2571428571428571,0.08034575796514344,299.99999999999926
0.2571428571428571,0.08043177118040407,299.99999999999926
0.2571428571428571,0.08053897435007991,299.99999999999926
0.2571428571428571,0.08067258776696852,299.99999999999926
0.2571428571428571,0.08083911777934251,299.99999999999926
0.2571428571428571,0.08104667361966954,299.99999999999926
0.2571428571428571,0.08130536228629326,299.99999999999926
0.2571428571428571,0.08162778070696558,299.99999999999926
0.2571428571428571,0.08202962915029163,299.99999999999926
0.2571428571428571,0.08237629432068608,299.99999999999926
0.26326530612244897,0.00040816326530612246,299.9999999999977
0.26326530612244897,0.0016326530612244899,299.9999999999977
0.26326530612244897,0.0032653061224489797,299.9999999999977
0.26326530612244897,0.004897959183673469,299.9999999999977
0.26326530612244897,0.006530612244897959,299.9999999999977
0.26326530612244897,0.00816326530612245,299.9999999999977
0.26326530612244897,0.009795918367346938,299.9999999999977
0.26326530612244897,0.011428571428571429,299.9999999999977
0.26326530612244897,0.013061224489795919,299.9999999999977
0.26326530612244897,0.01469387755102041,299.9999999999977
0.26326530612244897,0.0163265306122449,299.9999999999977
0.26326530612244897,0.017959183673469388,299.9999999999977
0.26326530612244897,0.019591836734693877,299.9999999999977
0.26326530612244897,0.02122448979591837,299.9999999999977
0.26326530612244897,0.022857142857142857,299.9999999999977
0.26326530612244897,0.02448979591836735,299.9999999999977
0.26326530612244897,0.026122448979591838,299.9999999999977
0.26326530612244897,0.027755102040816326,299.9999999999977
0.26326530612244897,0.02938775510204082,299.9999999999977
0.26326530612244897,0.031020408163265307,299.9999999999977
0.26326530612244897,0.0326530612244898,299.9999999999977
0.26326530612244897,0.03428571428571429,299.9999999999977
0.26326530612244897,0.035918367346938776,299.9999999999977
0.26326530612244897,0.037551020408163265,299.9999999999977
0.26326530612244897,0.03918367346938775,299.9999999999977
0.26326530612244897,0.04081632653061225,299.9999999999977
0.26326530612244897,0.04244897959183674,299.9999999999977
0.26326530612244897,0.044081632653061226,299.9999999999977
0.26326530612244897,0.045714285714285714,299.9999999999977
0.26326530612244897,0.0473469387755102,299.9999999999977
0.26326530612244897,0.0489795918367347,299.9999999999977
0.26326530612244897,0.05061224489795919,299.9999999999977
0.26326530612244897,0.052244897959183675,299.9999999999977
0.26326530612244897,0.053877551020408164,299.9999999999977
0.26326530612244897,0.05551020408163265,299.9999999999977
0.26326530612244897,0.05714285714285715,299.9999999999977
0.26326530612244897,0.05877551020408164,299.9999999999977
0.26326530612244897,0.060408163265306125,299.9999999999977
0.26326530612244897,0.062040816326530614,299.9999999999977
0.26326530612244897,0.0636734693877551,299.9999999999977
0.26326530612244897,0.0653061224489796,299.9999999999977
0.26326530612244897,0.06693877551020408,299.9999999999977
0.26326530612244897,0.06857142857142857,299.9999999999977
0.26326530612244897,0.07020408163265307,299.9999999999977
0.26326530612244897,0.07183673469387755,299.9999999999977
0.26326530612244897,0.07346938775510205,299.9999999999977
0.26326530612244897,0.07510204081632653,299.9999999999977
0.26326530612244897,0.07673469387755102,299.9999999999977
0.26326530612244897,0.0783673469387755,299.9999999999995
0.26326530612244897,0.07959204506802722,299.99999999999926
0.26326530612244897,0.08000088465770044,299.99999999999926
0.26326530612244897,0.0800019359326174,299.99999999999926
0.26326530612244897,0.08000324619642925,299.99999999999926
0.26326530612244897,0.08000487925285339,299.99999999999926
0.26326530612244897,0.08000691462409718,299.99999999999926
0.26326530612244897,0.08000945142321741,299.99999999999926
0.26326530612244897,0.08001261318046245,299.99999999999926
0.26326530612244897,0.08001655385861739,299.99999999999926
0.26326530612244897,0.08002146535027135,299.99999999999926
0.26326530612244897,0.08002758682208874,299.99999999999926
0.26326530612244897,0.08003521636110686,299.99999999999926
0.26326530612244897,0.08004472549017998,299.99999999999926
0.26326530612244897,0.08005657725940413,299.99999999999926
0.26326530612244897,0.08007134879449027,299.99999999999926
0.26326530612244897,0.08008975940008634,299.99999999999926
0.26326530612244897,0.08011270558654815,299.99999999999926
0.26326530612244897,0.08014130472579933,299.99999999999926
0.26326530612244897,0.08017694946211615,299.99999999999926
0.26326530612244897,0.08022137552738813,299.99999999999926
0.26326530612244897,0.08027674626314021,299.99999999999926
0.26326530612244897,0.08034575796514344,299.99999999999926
0.26326530612244897,0.08043177118040407,299.99999999999926
0.26326530612244897,0.08053897435007991,299.99999999999926
0.26326530612244897,0.08067258776696852,299.99999999999926
0.26326530612244897,0.08083911777934251,299.99999999999926
0.26326530612244897,0.08104667361966954,299.99999999999926
0.26326530612244897,0.08130536228629326,299.99999999999926
0.26326530612244897,0.08162778070696558,299.99999999999926
0.26326530612244897,0.08202962915029163,299.99999999999926
0.26326530612244897,0.08237629432068608,299.99999999999926
0.2693877551020408,0.00040816326530612246,299.9999999999977
0.2693877551020408,0.0016326530612244899,299.9999999999977
0.2693877551020408,0.0032653061224489797,299.9999999999977
0.2693877551020408,0.004897959183673469,299.9999999999977
0.2693877551020408,0.006530612244897959,299.9999999999977
0.2693877551020408,0.00816326530612245,299.9999999999977
0.2693877551020408,0.009795918367346938,299.9999999999977
0.2693877551020408,0.011428571428571429,299.9999999999977
0.2693877551020408,0.013061224489795919,299.9999999999977
0.2693877551020408,0.01469387755102041,299.9999999999977
0.2693877551020408,0.0163265306122449,299.9999999999977
0.2693877551020408,0.017959183673469388,299.9999999999977
0.2693877551020408,0.019591836734693877,299.9999999999977
0.2693877551020408,0.02122448979591837,299.9999999999977
0.2693877551020408,0.022857142857142857,299.9999999999977
0.2693877551020408,0.02448979591836735,299.9999999999977
0.2693877551020408,0.026122448979591838,299.9999999999977
0.2693877551020408,0.027755102040816326,299.9999999999977
0.2693877551020408,0.02938775510204082,299.9999999999977
0.2693877551020408,0.031020408163265307,299.9999999999977
0.2693877551020408,0.0326530612244898,299.9999999999977
0.2693877551020408,0.03428571428571429,299.9999999999977
0.2693877551020408,0.035918367346938776,299.9999999999977
0.2693877551020408,0.037551020408163265,299.9999999999977
0.2693877551020408,0.03918367346938775,299.9999999999977
0.2693877551020408,0.04081632653061225,299.9999999999977
0.2693877551020408,0.04244897959183674,299.9999999999977
0.2693877551020408,0.044081632653061226,299.9999999999977
0.2693877551020408,0.045714285714285714,299.9999999999977
0.2693877551020408,0.0473469387755102,299.9999999999977
0.2693877551020408,0.0489795918367347,299.9999999999977
0.2693877551020408,0.05061224489795919,299.9999999999977
0.2693877551020408,0.052244897959183675,299.9999999999977
0.2693877551020408,0.053877551020408164,299.9999999999977
0.2693877551020408,0.05551020408163265,299.9999999999977
0.2693877551020408,0.05714285714285715,299.9999999999977
0.2693877551020408,0.05877551020408164,299.9999999999977
0.2693877551020408,0.060408163265306125,299.9999999999977
0.2693877551020408,0.062040816326530614,299.9999999999977
0.2693877551020408,0.0636734693877551,299.9999999999977
0.2693877551020408,0.0653061224489796,299.9999999999977
0.2693877551020408,0.06693877551020408,299.9999999999977
0.2693877551020408,0.06857142857142857,299.9999999999977
0.2693877551020408,0.07020408163265307,299.9999999999977
0.2693877551020408,0.07183673469387755,299.9999999999977
0.2693877551020408,0.07346938775510205,299.9999999999977
0.2693877551020408,0.07510204081632653,299.9999999999977
0.2693877551020408,0.07673469387755102,299.9999999999977
0.2693877551020408,0.0783673469387755,299.9999999999968
0.2693877551020408,0.07959204506802722,299.99999999999926
0.2693877551020408,0.08000088465770044,299.99999999999926
0.2693877551020408,0.0800019359326174,299.99999999999926
0.2693877551020408,0.08000324619642925,299.99999999999926
0.2693877551020408,0.08000487925285339,299.99999999999926
0.2693877551020408,0.08000691462409718,299.99999999999926
0.2693877551020408,0.08000945142321741,299.99999999999926
0.2693877551020408,0.08001261318046245,299.99999999999926
0.2693877551020408,0.08001655385861739,299.99999999999926
0.2693877551020408,0.08002146535027135,299.99999999999926
0.2693877551020408,0.08002758682208874,299.99999999999926
0.2693877551020408,0.08003521636110686,299.99999999999926
0.2693877551020408,0.08004472549017998,299.99999999999926
0.2693877551020408,0.08005657725940413,299.99999999999926
0.2693877551020408,0.08007134879449027,299.99999999999926
0.2693877551020408,0.08008975940008634,299.99999999999926
0.2693877551020408,0.08011270558654815,299.99999999999926
0.2693877551020408,0.08014130472579933,299.99999999999926
0.2693877551020408,0.08017694946211615,299.99999999999926
0.2693877551020408,0.08022137552738813,299.99999999999926
0.2693877551020408,0.08027674626314021,299.99999999999926
0.2693877551020408,0.08034575796514344,299.99999999999926
0.2693877551020408,0.08043177118040407,299.99999999999926
0.2693877551020408,0.08053897435007991,299.99999999999926
0.2693877551020408,0.08067258776696852,299.99999999999926
0.2693877551020408,0.08083911777934251,299.99999999999926
0.2693877551020408,0.08104667361966954,299.99999999999926
0.2693877551020408,0.08130536228629326,299.99999999999926
0.2693877551020408,0.08162778070696558,299.99999999999926
0.2693877551020408,0.08202962915029163,299.99999999999926
0.2693877551020408,0.08237629432068608,299.99999999999926
0.2755102040816326,0.00040816326530612246,299.9999999999977
0.2755102040816326,0.0016326530612244899,299.9999999999977
0.2755102040816326,0.0032653061224489797,299.9999999999977
0.2755102040816326,0.004897959183673469,299.9999999999977
0.2755102040816326,0.006530612244897959,299.9999999999977
0.2755102040816326,0.00816326530612245,299.9999999999977
0.2755102040816326,0.009795918367346938,299.9999999999977
0.2755102040816326,0.011428571428571429,299.9999999999977
0.2755102040816326,0.013061224489795919,299.9999999999977
0.2755102040816326,0.01469387755102041,299.9999999999977
0.2755102040816326,0.0163265306122449,299.9999999999977
0.2755102040816326,0.017959183673469388,299.9999999999977
0.2755102040816326,0.019591836734693877,299.9999999999977
0.2755102040816326,0.02122448979591837,299.9999999999977
0.2755102040816326,0.022857142857142857,299.9999999999977
0.2755102040816326,0.02448979591836735,299.9999999999977
0.2755102040816326,0.026122448979591838,299.9999999999977
0.2755102040816326,0.027755102040816326,299.9999999999977
0.2755102040816326,0.02938775510204082,299.9999999999977
0.2755102040816326,0.031020408163265307,299.9999999999977
0.2755102040816326,0.0326530612244898,299.9999999999977
0.2755102040816326,0.03428571428571429,299.9999999999977
0.2755102040816326,0.035918367346938776,299.9999999999977
0.2755102040816326,0.037551020408163265,299.9999999999977
0.2755102040816326,0.03918367346938775,299.9999999999977
0.2755102040816326,0.04081632653061225,299.9999999999977
0.2755102040816326,0.04244897959183674,299.9999999999977
0.2755102040816326,0.044081632653061226,299.9999999999977
0.2755102040816326,0.045714285714285714,299.9999999999977
0.2755102040816326,0.0473469387755102,299.9999999999977
0.2755102040816326,0.0489795918367347,299.9999999999977
0.2755102040816326,0.05061224489795919,299.9999999999977
0.2755102040816326,0.052244897959183675,299.9999999999977
0.2755102040816326,0.053877551020408164,299.9999999999977
0.2755102040816326,0.05551020408163265,299.9999999999977
0.2755102040816326,0.05714285714285715,299.9999999999977
0.2755102040816326,0.05877551020408164,299.9999999999977
0.2755102040816326,0.060408163265306125,299.9999999999977
0.2755102040816326,0.062040816326530614,299.9999999999977
0.2755102040816326,0.0636734693877551,299.9999999999977
0.2755102040816326,0.0653061224489796,299.9999999999977
0.2755102040816326,0.06693877551020408,299.9999999999977
0.2755102040816326,0.06857142857142857,299.9999999999977
0.2755102040816326,0.07020408163265307,299.9999999999977
0.2755102040816326,0.07183673469387755,299.9999999999977
0.2755102040816326,0.07346938775510205,299.9999999999977
0.2755102040816326,0.07510204081632653,299.9999999999977
0.2755102040816326,0.07673469387755102,299.9999999999977
0.2755102040816326,0.0783673469387755,299.9999999999995
0.2755102040816326,0.07959204506802722,299.99999999999926
0.2755102040816326,0.08000088465770044,299.99999999999926
0.2755102040816326,0.0800019359326174,299.99999999999926
0.2755102040816326,0.08000324619642925,299.99999999999926
0.2755102040816326,0.08000487925285339,299.99999999999926
0.2755102040816326,0.08000691462409718,299.99999999999926
0.2755102040816326,0.08000945142321741,299.99999999999926
0.2755102040816326,0.08001261318046245,299.99999999999926
0.2755102040816326,0.08001655385861739,299.99999999999926
0.2755102040816326,0.08002146535027135,299.99999999999926
0.2755102040816326,0.08002758682208874,299.99999999999926
0.2755102040816326,0.08003521636110686,299.99999999999926
0.2755102040816326,0.08004472549017998,299.99999999999926
0.2755102040816326,0.08005657725940413,299.99999999999926
0.2755102040816326,0.08007134879449027,299.99999999999926
0.2755102040816326,0.08008975940008634,299.99999999999926
0.2755102040816326,0.08011270558654815,299.99999999999926
0.2755102040816326,0.08014130472579933,299.99999999999926
0.2755102040816326,0.08017694946211615,299.99999999999926
0.2755102040816326,0.08022137552738813,299.99999999999926
0.2755102040816326,0.08027674626314021,299.99999999999926
0.2755102040816326,0.08034575796514344,299.99999999999926
0.2755102040816326,0.08043177118040407,299.99999999999926
0.2755102040816326,0.08053897435007991,299.99999999999926
0.2755102040816326,0.08067258776696852,299.99999999999926
0.2755102040816326,0.08083911777934251,299.99999999999926
0.2755102040816326,0.08104667361966954,299.99999999999926
0.2755102040816326,0.08130536228629326,299.99999999999926
0.2755102040816326,0.08162778070696558,299.99999999999926
0.2755102040816326,0.08202962915029163,299.99999999999926
0.2755102040816326,0.08237629432068608,299.99999999999926
0.2816326530612245,0.00040816326530612246,299.9999999999977
0.2816326530612245,0.0016326530612244899,299.9999999999977
0.2816326530612245,0.0032653061224489797,299.9999999999977
0.2816326530612245,0.004897959183673469,299.9999999999977
0.2816326530612245,0.006530612244897959,299.9999999999977
0.2816326530612245,0.00816326530612245,299.9999999999977
0.2816326530612245,0.009795918367346938,299.9999999999977
0.2816326530612245,0.011428571428571429,299.9999999999977
0.2816326530612245,0.013061224489795919,299.9999999999977
0.2816326530612245,0.01469387755102041,299.9999999999977
0.2816326530612245,0.0163265306122449,299.9999999999977
0.2816326530612245,0.017959183673469388,299.9999999999977
0.2816326530612245,0.019591836734693877,299.9999999999977
0.2816326530612245,0.02122448979591837,299.9999999999977
0.2816326530612245,0.022857142857142857,299.9999999999977
0.2816326530612245,0.02448979591836735,299.9999999999977
0.2816326530612245,0.026122448979591838,299.9999999999977
0.2816326530612245,0.027755102040816326,299.9999999999977
0.2816326530612245,0.02938775510204082,299.9999999999977
0.2816326530612245,0.031020408163265307,299.9999999999977
0.2816326530612245,0.0326530612244898,299.9999999999977
0.2816326530612245,0.03428571428571429,299.9999999999977
0.2816326530612245,0.035918367346938776,299.9999999999977
0.2816326530612245,0.037551020408163265,299.9999999999977
0.2816326530612245,0.03918367346938775,299.9999999999977
0.2816326530612245,0.04081632653061225,299.9999999999977
0.2816326530612245,0.04244897959183674,299.9999999999977
0.2816326530612245,0.044081632653061226,299.9999999999977
0.2816326530612245,0.045714285714285714,299.9999999999977
0.2816326530612245,0.0473469387755102,299.9999999999977
0.2816326530612245,0.0489795918367347,299.9999999999977
0.2816326530612245,0.05061224489795919,299.9999999999977
0.2816326530612245,0.052244897959183675,299.9999999999977
0.2816326530612245,0.053877551020408164,299.9999999999977
0.2816326530612245,0.05551020408163265,299.9999999999977
0.2816326530612245,0.05714285714285715,299.9999999999977
0.2816326530612245,0.05877551020408164,299.9999999999977
0.2816326530612245,0.060408163265306125,299.9999999999977
0.2816326530612245,0.062040816326530614,299.9999999999977
0.2816326530612245,0.0636734693877551,299.9999999999977
0.2816326530612245,0.0653061224489796,299.9999999999977
0.2816326530612245,0.06693877551020408,299.9999999999977
0.2816326530612245,0.06857142857142857,299.9999999999977
0.2816326530612245,0.07020408163265307,299.9999999999977
0.2816326530612245,0.07183673469387755,299.9999999999977
0.2816326530612245,0.07346938775510205,299.9999999999977
0.2816326530612245,0.07510204081632653,299.9999999999977
0.2816326530612245,0.07673469387755102,299.9999999999977
0.2816326530612245,0.0783673469387755,299.9999999999995
0.2816326530612245,0.07959204506802722,299.99999999999926
0.2816326530612245,0.08000088465770044,299.99999999999926
0.2816326530612245,0.0800019359326174,299.99999999999926
0.2816326530612245,0.08000324619642925,299.99999999999926
0.2816326530612245,0.08000487925285339,299.99999999999926
0.2816326530612245,0.08000691462409718,299.99999999999926
0.2816326530612245,0.08000945142321741,299.99999999999926
0.2816326530612245,0.08001261318046245,299.99999999999926
0.2816326530612245,0.08001655385861739,299.99999999999926
0.2816326530612245,0.08002146535027135,299.99999999999926
0.2816326530612245,0.08002758682208874,299.99999999999926
0.2816326530612245,0.08003521636110686,299.99999999999926
0.2816326530612245,0.08004472549017998,299.99999999999926
0.2816326530612245,0.08005657725940413,299.99999999999926
0.2816326530612245,0.08007134879449027,299.99999999999926
0.2816326530612245,0.08008975940008634,299.99999999999926
0.2816326530612245,0.08011270558654815,299.99999999999926
0.2816326530612245,0.08014130472579933,299.99999999999926
0.2816326530612245,0.08017694946211615,299.99999999999926
0.2816326530612245,0.08022137552738813,299.99999999999926
0.2816326530612245,0.08027674626314021,299.99999999999926
0.2816326530612245,0.08034575796514344,299.99999999999926
0.2816326530612245,0.08043177118040407,299.99999999999926
0.2816326530612245,0.08053897435007991,299.99999999999926
0.2816326530612245,0.08067258776696852,299.99999999999926
0.2816326530612245,0.08083911777934251,299.99999999999926
0.2816326530612245,0.08104667361966954,299.99999999999926
0.2816326530612245,0.08130536228629326,299.99999999999926
0.2816326530612245,0.08162778070696558,299.99999999999926
0.2816326530612245,0.08202962915029163,299.99999999999926
0.2816326530612245,0.08237629432068608,299.99999999999926
0.28775510204081634,0.00040816326530612246,299.9999999999977
0.28775510204081634,0.0016326530612244899,299.9999999999977
0.28775510204081634,0.0032653061224489797,299.9999999999977
0.28775510204081634,0.004897959183673469,299.9999999999977
0.28775510204081634,0.006530612244897959,299.9999999999977
0.28775510204081634,0.00816326530612245,299.9999999999977
0.28775510204081634,0.009795918367346938,299.9999999999977
0.28775510204081634,0.011428571428571429,299.9999999999977
0.28775510204081634,0.013061224489795919,299.9999999999977
0.28775510204081634,0.01469387755102041,299.9999999999977
0.28775510204081634,0.0163265306122449,299.9999999999977
0.28775510204081634,0.017959183673469388,299.9999999999977
0.28775510204081634,0.019591836734693877,299.9999999999977
0.28775510204081634,0.02122448979591837,299.9999999999977
0.28775510204081634,0.022857142857142857,299.9999999999977
0.28775510204081634,0.02448979591836735,299.9999999999977
0.28775510204081634,0.026122448979591838,299.9999999999977
0.28775510204081634,0.027755102040816326,299.9999999999977
0.28775510204081634,0.02938775510204082,299.9999999999977
0.28775510204081634,0.031020408163265307,299.9999999999977
0.28775510204081634,0.0326530612244898,299.9999999999977
0.28775510204081634,0.03428571428571429,299.9999999999977
0.28775510204081634,0.035918367346938776,299.9999999999977
0.28775510204081634,0.037551020408163265,299.9999999999977
0.28775510204081634,0.03918367346938775,299.9999999999977
0.28775510204081634,0.04081632653061225,299.9999999999977
0.28775510204081634,0.04244897959183674,299.9999999999977
0.28775510204081634,0.044081632653061226,299.9999999999977
0.28775510204081634,0.045714285714285714,299.9999999999977
0.28775510204081634,0.0473469387755102,299.9999999999977
0.28775510204081634,0.0489795918367347,299.9999999999977
0.28775510204081634,0.05061224489795919,299.9999999999977
0.28775510204081634,0.052244897959183675,299.9999999999977
0.28775510204081634,0.053877551020408164,299.9999999999977
0.28775510204081634,0.05551020408163265,299.9999999999977
0.28775510204081634,0.05714285714285715,299.9999999999977
0.28775510204081634,0.05877551020408164,299.9999999999977
0.28775510204081634,0.060408163265306125,299.9999999999977
0.28775510204081634,0.062040816326530614,299.9999999999977
0.28775510204081634,0.0636734693877551,299.9999999999977
0.28775510204081634,0.0653061224489796,299.9999999999977
0.28775510204081634,0.06693877551020408,299.9999999999977
0.28775510204081634,0.06857142857142857,299.9999999999977
0.28775510204081634,0.07020408163265307,299.9999999999977
0.28775510204081634,0.07183673469387755,299.9999999999977
0.28775510204081634,0.07346938775510205,299.9999999999977
0.28775510204081634,0.07510204081632653,299.9999999999977
0.28775510204081634,0.07673469387755102,299.9999999999977
0.28775510204081634,0.0783673469387755,299.9999999999995
0.28775510204081634,0.07959204506802722,299.99999999999926
0.28775510204081634,0.08000088465770044,299.99999999999926
0.28775510204081634,0.0800019359326174,299.99999999999926
0.28775510204081634,0.08000324619642925,299.99999999999926
0.28775510204081634,0.08000487925285339,299.99999999999926
0.28775510204081634,0.08000691462409718,299.99999999999926
0.28775510204081634,0.08000945142321741,299.99999999999926
0.28775510204081634,0.08001261318046245,299.99999999999926
0.28775510204081634,0.08001655385861739,299.99999999999926
0.28775510204081634,0.08002146535027135,299.99999999999926
0.28775510204081634,0.08002758682208874,299.99999999999926
0.28775510204081634,0.08003521636110686,299.99999999999926
0.28775510204081634,0.08004472549017998,299.99999999999926
0.28775510204081634,0.08005657725940413,299.99999999999926
0.28775510204081634,0.08007134879449027,299.99999999999926
0.28775510204081634,0.08008975940008634,299.99999999999926
0.28775510204081634,0.08011270558654815,299.99999999999926
0.28775510204081634,0.08014130472579933,299.99999999999926
0.28775510204081634,0.08017694946211615,299.99999999999926
0.28775510204081634,0.08022137552738813,299.99999999999926
0.28775510204081634,0.08027674626314021,299.99999999999926
0.28775510204081634,0.08034575796514344,299.99999999999926
0.28775510204081634,0.08043177118040407,299.99999999999926
0.28775510204081634,0.08053897435007991,299.99999999999926
0.28775510204081634,0.08067258776696852,299.99999999999926
0.28775510204081634,0.08083911777934251,299.99999999999926
0.28775510204081634,0.08104667361966954,299.99999999999926
0.28775510204081634,0.08130536228629326,299.99999999999926
0.28775510204081634,0.08162778070696558,299.99999999999926
0.28775510204081634,0.08202962915029163,299.99999999999926
0.28775510204081634,0.08237629432068608,299.99999999999926
0.29387755102040813,0.00040816326530612246,299.9999999999977
0.29387755102040813,0.0016326530612244899,299.9999999999977
0.29387755102040813,0.0032653061224489797,299.9999999999977
0.29387755102040813,0.004897959183673469,299.9999999999977
0.29387755102040813,0.006530612244897959,299.9999999999977
0.29387755102040813,0.00816326530612245,299.9999999999977
0.29387755102040813,0.009795918367346938,299.9999999999977
0.29387755102040813,0.011428571428571429,299.9999999999977
0.29387755102040813,0.013061224489795919,299.9999999999977
0.29387755102040813,0.01469387755102041,299.9999999999977
0.29387755102040813,0.0163265306122449,299.9999999999977
0.29387755102040813,0.017959183673469388,299.9999999999977
0.29387755102040813,0.019591836734693877,299.9999999999977
0.29387755102040813,0.02122448979591837,299.9999999999977
0.29387755102040813,0.022857142857142857,299.9999999999977
0.29387755102040813,0.02448979591836735,299.9999999999977
0.29387755102040813,0.026122448979591838,299.9999999999977
0.29387755102040813,0.027755102040816326,299.9999999999977
0.29387755102040813,0.02938775510204082,299.9999999999977
0.29387755102040813,0.031020408163265307,299.9999999999977
0.29387755102040813,0.0326530612244898,299.9999999999977
0.29387755102040813,0.03428571428571429,299.9999999999977
0.29387755102040813,0.035918367346938776,299.9999999999977
0.29387755102040813,0.037551020408163265,299.9999999999977
0.29387755102040813,0.03918367346938775,299.9999999999977
0.29387755102040813,0.04081632653061225,299.9999999999977
0.29387755102040813,0.04244897959183674,299.9999999999977
0.29387755102040813,0.044081632653061226,299.9999999999977
0.29387755102040813,0.045714285714285714,299.9999999999977
0.29387755102040813,0.0473469387755102,299.9999999999977
0.29387755102040813,0.0489795918367347,299.9999999999977
0.29387755102040813,0.05061224489795919,299.9999999999977
0.29387755102040813,0.052244897959183675,299.9999999999977
0.29387755102040813,0.053877551020408164,299.9999999999977
0.29387755102040813,0.05551020408163265,299.9999999999977
0.29387755102040813,0.05714285714285715,299.9999999999977
0.29387755102040813,0.05877551020408164,299.9999999999977
0.29387755102040813,0.060408163265306125,299.9999999999977
0.29387755102040813,0.062040816326530614,299.9999999999977
0.29387755102040813,0.0636734693877551,299.9999999999977
0.29387755102040813,0.0653061224489796,299.9999999999977
0.29387755102040813,0.06693877551020408,299.9999999999977
0.29387755102040813,0.06857142857142857,299.9999999999977
0.29387755102040813,0.07020408163265307,299.9999999999977
0.29387755102040813,0.07183673469387755,299.9999999999977
0.29387755102040813,0.07346938775510205,299.9999999999977
0.29387755102040813,0.07510204081632653,299.9999999999977
0.29387755102040813,0.07673469387755102,299.9999999999977
0.29387755102040813,0.0783673469387755,299.9999999999995
0.29387755102040813,0.07959204506802722,299.99999999999926
0.29387755102040813,0.08000088465770044,299.99999999999926
0.29387755102040813,0.0800019359326174,299.99999999999926
0.29387755102040813,0.08000324619642925,299.99999999999926
0.29387755102040813,0.08000487925285339,299.99999999999926
0.29387755102040813,0.08000691462409718,299.99999999999926
0.29387755102040813,0.08000945142321741,299.99999999999926
0.29387755102040813,0.08001261318046245,299.99999999999926
0.29387755102040813,0.08001655385861739,299.99999999999926
0.29387755102040813,0.08002146535027135,299.99999999999926
0.29387755102040813,0.08002758682208874,299.99999999999926
0.29387755102040813,0.08003521636110686,299.99999999999926
0.29387755102040813,0.08004472549017998,299.99999999999926
0.29387755102040813,0.08005657725940413,299.99999999999926
0.29387755102040813,0.08007134879449027,299.99999999999926
0.29387755102040813,0.08008975940008634,299.99999999999926
0.29387755102040813,0.08011270558654815,299.99999999999926
0.29387755102040813,0.08014130472579933,299.99999999999926
0.29387755102040813,0.08017694946211615,299.99999999999926
0.29387755102040813,0.08022137552738813,299.99999999999926
0.29387755102040813,0.08027674626314021,299.99999999999926
0.29387755102040813,0.08034575796514344,299.99999999999926
0.29387755102040813,0.08043177118040407,299.99999999999926
0.29387755102040813,0.08053897435007991,299.99999999999926
0.29387755102040813,0.08067258776696852,299.99999999999926
0.29387755102040813,0.08083911777934251,299.99999999999926
0.29387755102040813,0.08104667361966954,299.99999999999926
0.29387755102040813,0.08130536228629326,299.99999999999926
0.29387755102040813,0.08162778070696558,299.99999999999926
0.29387755102040813,0.08202962915029163,299.99999999999926
0.29387755102040813,0.08237629432068608,299.99999999999926
0.298469387755102,0.00040816326530612246,300.0
0.298469387755102,0.0016326530612244899,300.0
0.298469387755102,0.0032653061224489797,300.0
0.298469387755102,0.004897959183673469,300.0
0.298469387755102,0.006530612244897959,300.0
0.298469387755102,0.00816326530612245,300.0
0.298469387755102,0.009795918367346938,300.0
0.298469387755102,0.011428571428571429,300.0
0.298469387755102,0.013061224489795919,300.0
0.298469387755102,0.01469387755102041,300.0
0.298469387755102,0.0163265306122449,300.0
0.298469387755102,0.017959183673469388,300.0
0.298469387755102,0.019591836734693877,300.0
0.298469387755102,0.02122448979591837,300.0
0.298469387755102,0.022857142857142857,300.0
0.298469387755102,0.02448979591836735,300.0
0.298469387755102,0.026122448979591838,300.0
0.298469387755102,0.027755102040816326,300.0
0.298469387755102,0.02938775510204082,300.0
0.298469387755102,0.031020408163265307,300.0
0.298469387755102,0.0326530612244898,300.0
0.298469387755102,0.03428571428571429,300.0
0.298469387755102,0.035918367346938776,300.0
0.298469387755102,0.037551020408163265,300.0
0.298469387755102,0.03918367346938775,300.0
0.298469387755102,0.04081632653061225,300.0
0.298469387755102,0.04244897959183674,300.0
0.298469387755102,0.044081632653061226,300.0
0.298469387755102,0.045714285714285714,300.0
0.298469387755102,0.0473469387755102,300.0
0.298469387755102,0.0489795918367347,300.0
0.298469387755102,0.05061224489795919,300.0
0.298469387755102,0.052244897959183675,300.0
0.298469387755102,0.053877551020408164,300.0
0.298469387755102,0.05551020408163265,300.0
0.298469387755102,0.05714285714285715,300.0
0.298469387755102,0.05877551020408164,300.0
0.298469387755102,0.060408163265306125,300.0
0.298469387755102,0.062040816326530614,300.0
0.298469387755102,0.0636734693877551,300.0
0.298469387755102,0.0653061224489796,300.0
0.298469387755102,0.06693877551020408,300.0
0.298469387755102,0.06857142857142857,300.0
0.298469387755102,0.07020408163265307,300.0
0.298469387755102,0.07183673469387755,300.0
0.298469387755102,0.07346938775510205,300.0
0.298469387755102,0.07510204081632653,300.0
0.298469387755102,0.07673469387755102,300.0
0.298469387755102,0.0783673469387755,300.0
0.298469387755102,0.07959204506802722,299.99999999999926
0.298469387755102,0.08000088465770044,299.99999999999926
0.298469387755102,0.0800019359326174,299.99999999999926
0.298469387755102,0.08000324619642925,299.99999999999926
0.298469387755102,0.08000487925285339,299.99999999999926
0.298469387755102,0.08000691462409718,299.99999999999926
0.298469387755102,0.08000945142321741,299.99999999999926
0.298469387755102,0.08001261318046245,299.99999999999926
0.298469387755102,0.08001655385861739,299.99999999999926
0.298469387755102,0.08002146535027135,299.99999999999926
0.298469387755102,0.08002758682208874,299.99999999999926
0.298469387755102,0.08003521636110686,299.99999999999926
0.298469387755102,0.08004472549017998,299.99999999999926
0.298469387755102,0.08005657725940413,299.99999999999926
0.298469387755102,0.08007134879449027,299.99999999999926
0.298469387755102,0.08008975940008634,299.99999999999926
0.298469387755102,0.08011270558654815,299.99999999999926
0.298469387755102,0.08014130472579933,299.99999999999926
0.298469387755102,0.08017694946211615,299.99999999999926
0.298469387755102,0.08022137552738813,299.99999999999926
0.298469387755102,0.08027674626314021,299.99999999999926
0.298469387755102,0.08034575796514344,299.99999999999926
0.298469387755102,0.08043177118040407,299.99999999999926
0.298469387755102,0.08053897435007991,299.99999999999926
0.298469387755102,0.08067258776696852,299.99999999999926
0.298469387755102,0.08083911777934251,299.99999999999926
0.298469387755102,0.08104667361966954,299.99999999999926
0.298469387755102,0.08130536228629326,299.99999999999926
0.298469387755102,0.08162778070696558,299.99999999999926
0.298469387755102,0.08202962915029163,299.99999999999926
0.298469387755102,0.08237629432068608,299.99999999999926
