z_cm,r_cm,T_cell_HeV
0.0007575757575757576,0.00020202020202020202,1786448.7990439036
0.0007575757575757576,0.0008080808080808081,1786448.7990439036
0.0007575757575757576,0.0016161616161616162,1786427.187978884
0.0007575757575757576,0.0024242424242424242,1786388.2751587613
0.0007575757575757576,0.0032323232323232323,1786332.6561363596
0.0007575757575757576,0.00404040404040404,1786260.5057380954
0.0007575757575757576,0.0048484848484848485,1786171.87743147
0.0007575757575757576,0.0056565656565656566,1786066.7723776742
0.0007575757575757576,0.006464646464646465,1785945.1624047772
0.0007575757575757576,0.007272727272727273,1785806.9994166794
0.0007575757575757576,0.00808080808080808,1785652.2197953302
0.0007575757575757576,0.008888888888888889,1785480.7466489559
0.0007575757575757576,0.009696969696969697,1785292.4910225933
0.0007575757575757576,0.010505050505050505,1785087.352562013
0.0007575757575757576,0.011313131313131313,1784865.2198673345
0.0007575757575757576,0.012121212121212121,1784625.970658392
0.0007575757575757576,0.01292929292929293,1784369.471818601
0.0007575757575757576,0.013737373737373737,1784095.5793555458
0.0007575757575757576,0.014545454545454545,1783804.1383010251
0.0007575757575757576,0.015353535353535354,1783494.9825644512
0.0007575757575757576,0.01616161616161616,1783167.9347482938
0.0007575757575757576,0.016969696969696968,1782822.8059310433
0.0007575757575757576,0.017777777777777778,1782459.3954211455
0.0007575757575757576,0.018585858585858588,1782077.4904840293
0.0007575757575757576,0.019393939393939394,1781676.8660434533
0.0007575757575757576,0.0202020202020202,1781257.284357771
0.0007575757575757576,0.02101010101010101,1780818.494671276
0.0007575757575757576,0.02181818181818182,1780360.2328404475
0.0007575757575757576,0.022626262626262626,1779882.2209346665
0.0007575757575757576,0.023434343434343433,1779384.166810766
0.0007575757575757576,0.024242424242424242,1778865.7636606074
0.0007575757575757576,0.025050505050505052,1778326.6895307277
0.0007575757575757576,0.02585858585858586,1777766.606812975
0.0007575757575757576,0.026666666666666665,1777185.1617049212
0.0007575757575757576,0.027474747474747475,1776581.9836387255
0.0007575757575757576,0.028282828282828285,1775956.6846770141
0.0007575757575757576,0.02909090909090909,1775308.8588742213
0.0007575757575757576,0.029898989898989897,1774638.0816017322
0.0007575757575757576,0.030707070707070707,1773943.908835045
0.0007575757575757576,0.03151515151515151,1773225.8764010598
0.0007575757575757576,0.03232323232323232,1772483.4991834715
0.0007575757575757576,0.03313131313131313,1771716.2702841263
0.0007575757575757576,0.033939393939393936,1770923.6601380615
0.0007575757575757576,0.03474747474747475,1770105.1155798167
0.0007575757575757576,0.035555555555555556,1769260.0588584573
0.0007575757575757576,0.03636363636363636,1768387.886598596
0.0007575757575757576,0.037171717171717175,1767487.9687045433
0.0007575757575757576,0.03797979797979798,1766559.6472045428
0.0007575757575757576,0.03878787878787879,1765602.235031864
0.0007575757575757576,0.039595959595959594,1764615.0147393364
0.0007575757575757576,0.0404040404040404,1763597.2371436956
0.0007575757575757576,0.041212121212121214,1762548.119895882
0.0007575757575757576,0.04202020202020202,1761466.845973192
0.0007575757575757576,0.042828282828282827,1760352.5620889028
0.0007575757575757576,0.04363636363636364,1759204.377014689
0.0007575757575757576,0.044444444444444446,1758021.3598108056
0.0007575757575757576,0.04525252525252525,1756802.537958627
0.0007575757575757576,0.04606060606060606,1755546.8953896735
0.0007575757575757576,0.046868686868686865,1754253.3704047387
0.0007575757575757576,0.04767676767676768,1752920.853476112
0.0007575757575757576,0.048484848484848485,1751548.1849251473
0.0007575757575757576,0.04929292929292929,1750134.1524665402
0.0007575757575757576,0.050101010101010104,1748677.4886095899
0.0007575757575757576,0.05090909090909091,1747176.8679053872
0.0007575757575757576,0.05171717171717172,1745630.9040272145
0.0007575757575757576,0.052525252525252523,1744038.1466694013
0.0007575757575757576,0.05333333333333333,1742397.0782472866
0.0007575757575757576,0.05414141414141414,1740706.110377728
0.0007575757575757576,0.05494949494949495,1738963.5801155062
0.0007575757575757576,0.055757575757575756,1737167.7459158287
0.0007575757575757576,0.05656565656565657,1735316.7832866027
0.0007575757575757576,0.057373737373737375,1733408.7800858612
0.0007575757575757576,0.05818181818181818,1731441.7314091877
0.0007575757575757576,0.05898989898989899,1729413.5339985862
0.0007575757575757576,0.059797979797979794,1727321.98008717
0.0007575757575757576,0.06060606060606061,1725164.7505722833
0.0007575757575757576,0.061414141414141414,1722939.4073819332
0.0007575757575757576,0.06222222222222222,1720643.384863977
0.0007575757575757576,0.06303030303030302,1718273.9799822974
0.0007575757575757576,0.06383838383838383,1715828.341046345
0.0007575757575757576,0.06464646464646465,1713303.4546264552
0.0007575757575757576,0.06545454545454546,1710696.1302125147
0.0007575757575757576,0.06626262626262627,1708002.98205192
0.0007575757575757576,0.06707070707070706,1705220.4074464038
0.0007575757575757576,0.06787878787878787,1702344.5605859156
0.0007575757575757576,0.06868686868686869,1699371.3207376548
0.0007575757575757576,0.0694949494949495,1696296.2532714892
0.0007575757575757576,0.07030303030303031,1693114.5615650697
0.0007575757575757576,0.07111111111111111,1689821.027260274
0.0007575757575757576,0.07191919191919191,1686409.9355926272
0.0007575757575757576,0.07272727272727272,1682874.9815258698
0.0007575757575757576,0.07353535353535354,1679209.1511098428
0.0007575757575757576,0.07434343434343435,1675404.5707220968
0.0007575757575757576,0.07515151515151516,1671452.314482723
0.0007575757575757576,0.07595959595959595,1667342.1569046187
0.0007575757575757576,0.07676767676767676,1663062.253404027
0.0007575757575757576,0.07757575757575758,1658598.7251277189
0.0007575757575757576,0.07838383838383839,1653935.1158760483
0.0007575757575757576,0.0791919191919192,1649051.676538072
0.0007575757575757576,0.07979818813131313,1644813.1566198291
0.0007575757575757576,0.08000088465770044,1644807.5386296923
0.0007575757575757576,0.0800019359326174,1644800.5362979395
0.0007575757575757576,0.08000324619642925,1644791.8084103242
0.0007575757575757576,0.08000487925285339,1644780.9295967445
0.0007575757575757576,0.08000691462409718,1644767.3695459664
0.0007575757575757576,0.08000945142321741,1644750.4670703602
0.0007575757575757576,0.08001261318046245,1644729.3977355284
0.0007575757575757576,0.08001655385861739,1644703.1334439577
0.0007575757575757576,0.08002146535027135,1644670.3919506096
0.0007575757575757576,0.08002758682208874,1644629.5737677608
0.0007575757575757576,0.08003521636110686,1644578.6832547006
0.0007575757575757576,0.08004472549017998,1644515.229842932
0.0007575757575757576,0.08005657725940413,1644436.104262254
0.0007575757575757576,0.08007134879449027,1644337.423229151
0.0007575757575757576,0.08008975940008634,1644214.3342267685
0.0007575757575757576,0.08011270558654815,1644060.7695891182
0.0007575757575757576,0.08014130472579933,1643869.135873107
0.0007575757575757576,0.08017694946211615,1643629.9201198795
0.0007575757575757576,0.08022137552738813,1643331.1885492648
0.0007575757575757576,0.08027674626314021,1642957.944673656
0.0007575757575757576,0.08034575796514344,1642491.3014220756
0.0007575757575757576,0.08043177118040407,1641907.403390846
0.0007575757575757576,0.08053897435007991,1641176.0069121036
0.0007575757575757576,0.08067258776696852,1640258.5803388234
0.0007575757575757576,0.08083911777934251,1639105.7119909225
0.0007575757575757576,0.08104667361966954,1637653.4840209517
0.0007575757575757576,0.08130536228629326,1635818.2378681917
0.0007575757575757576,0.08162778070696558,1633488.717898939
0.0007575757575757576,0.08202962915029163,1630513.706370535
0.0007575757575757576,0.08237629432068608,1626681.4188473108
0.0030303030303030303,0.00020202020202020202,1771824.2738108297
0.0030303030303030303,0.0008080808080808081,1771824.2738108297
0.0030303030303030303,0.0016161616161616162,1771800.3743636813
0.0030303030303030303,0.0024242424242424242,1771757.340423681
0.0030303030303030303,0.0032323232323232323,1771695.8294997027
0.0030303030303030303,0.00404040404040404,1771616.0333707954
0.0030303030303030303,0.0048484848484848485,1771518.0091482974
0.0030303030303030303,0.0056565656565656566,1771401.7556341258
0.0030303030303030303,0.006464646464646465,1771267.2387187495
0.0030303030303030303,0.007272727272727273,1771114.4017769715
0.0030303030303030303,0.00808080808080808,1770943.170525152
0.0030303030303030303,0.008888888888888889,1770753.4554946516
0.0030303030303030303,0.009696969696969697,1770545.1533559551
0.0030303030303030303,0.010505050505050505,1770318.147636491
0.0030303030303030303,0.011313131313131313,1770072.309093403
0.0030303030303030303,0.012121212121212121,1769807.4958761705
0.0030303030303030303,0.01292929292929293,1769523.553552802
0.0030303030303030303,0.013737373737373737,1769220.3150417656
0.0030303030303030303,0.014545454545454545,1768897.6004746768
0.0030303030303030303,0.015353535353535354,1768555.2170049849
0.0030303030303030303,0.01616161616161616,1768192.9585721227
0.0030303030303030303,0.016969696969696968,1767810.6056270148
0.0030303030303030303,0.017777777777777778,1767407.924822592
0.0030303030303030303,0.018585858585858588,1766984.6686714606
0.0030303030303030303,0.019393939393939394,1766540.5751718795
0.0030303030303030303,0.0202020202020202,1766075.3674024763
0.0030303030303030303,0.02101010101010101,1765588.7530856335
0.0030303030303030303,0.02181818181818182,1765080.4241190737
0.0030303030303030303,0.022626262626262626,1764550.0560748656
0.0030303030303030303,0.023434343434343433,1763997.3076648302
0.0030303030303030303,0.024242424242424242,1763421.820171089
0.0030303030303030303,0.025050505050505052,1762823.2168403182
0.0030303030303030303,0.02585858585858586,1762201.1022400807
0.0030303030303030303,0.026666666666666665,1761555.061575435
0.0030303030303030303,0.027474747474747475,1760884.659963851
0.0030303030303030303,0.028282828282828285,1760189.4416662857
0.0030303030303030303,0.02909090909090909,1759468.9292720966
0.0030303030303030303,0.029898989898989897,1758722.622835295
0.0030303030303030303,0.030707070707070707,1757949.9989594372
0.0030303030303030303,0.03151515151515151,1757150.5098282672
0.0030303030303030303,0.03232323232323232,1756323.582178998
0.0030303030303030303,0.03313131313131313,1755468.6162149098
0.0030303030303030303,0.033939393939393936,1754584.9844536893
0.0030303030303030303,0.03474747474747475,1753672.0305076886
0.0030303030303030303,0.035555555555555556,1752729.0677920042
0.0030303030303030303,0.03636363636363636,1751755.3781559768
0.0030303030303030303,0.037171717171717175,1750750.2104334051
0.0030303030303030303,0.03797979797979798,1749712.7789064096
0.0030303030303030303,0.03878787878787879,1748642.261677515
0.0030303030303030303,0.039595959595959594,1747537.7989441117
0.0030303030303030303,0.0404040404040404,1746398.4911690056
0.0030303030303030303,0.041212121212121214,1745223.3971402824
0.0030303030303030303,0.04202020202020202,1744011.5319131613
0.0030303030303030303,0.042828282828282827,1742761.8646259212
0.0030303030303030303,0.04363636363636364,1741473.316181307
0.0030303030303030303,0.044444444444444446,1740144.7567840687
0.0030303030303030303,0.04525252525252525,1738775.0033244344
0.0030303030303030303,0.04606060606060606,1737362.816596351
0.0030303030303030303,0.046868686868686865,1735906.898338204
0.0030303030303030303,0.04767676767676768,1734405.8880824463
0.0030303030303030303,0.048484848484848485,1732858.3597990638
0.0030303030303030303,0.04929292929292929,1731262.818316037
0.0030303030303030303,0.050101010101010104,1729617.6954978795
0.0030303030303030303,0.05090909090909091,1727921.3461608405
0.0030303030303030303,0.05171717171717172,1726172.043700378
0.0030303030303030303,0.052525252525252523,1724367.9754028989
0.0030303030303030303,0.05333333333333333,1722507.2374093744
0.0030303030303030303,0.05414141414141414,1720587.8292930715
0.0030303030303030303,0.05494949494949495,1718607.6482070407
0.0030303030303030303,0.055757575757575756,1716564.4825488464
0.0030303030303030303,0.05656565656565657,1714456.0050799004
0.0030303030303030303,0.057373737373737375,1712279.7654241538
0.0030303030303030303,0.05818181818181818,1710033.1818551242
0.0030303030303030303,0.05898989898989899,1707713.5322604617
0.0030303030303030303,0.059797979797979794,1705317.9441483615
0.0030303030303030303,0.06060606060606061,1702843.3835287204
0.0030303030303030303,0.061414141414141414,1700286.642462229
0.0030303030303030303,0.06222222222222222,1697644.3250201882
0.0030303030303030303,0.06303030303030302,1694912.831333838
0.0030303030303030303,0.06383838383838383,1692088.3393303743
0.0030303030303030303,0.06464646464646465,1689166.7836486297
0.0030303030303030303,0.06545454545454546,1686143.8310939267
0.0030303030303030303,0.06626262626262627,1683014.85182022
0.0030303030303030303,0.06707070707070706,1679774.885206906
0.0030303030303030303,0.06787878787878787,1676418.5991123964
0.0030303030303030303,0.06868686868686869,1672940.240816574
0.0030303030303030303,0.0694949494949495,1669333.5774823674
0.0030303030303030303,0.07030303030303031,1665591.823336234
0.0030303030303030303,0.07111111111111111,1661707.5499381379
0.0030303030303030303,0.07191919191919191,1657672.5748145857
0.0030303030303030303,0.07272727272727272,1653477.8222673368
0.0030303030303030303,0.07353535353535354,1649113.1482102294
0.0030303030303030303,0.07434343434343435,1644567.118234758
0.0030303030303030303,0.07515151515151516,1639826.7244842618
0.0030303030303030303,0.07595959595959595,1634877.0219221376
0.0030303030303030303,0.07676767676767676,1629700.6576125068
0.0030303030303030303,0.07757575757575758,1624277.2567929002
0.0030303030303030303,0.07838383838383839,1618582.6154360003
0.0030303030303030303,0.0791919191919192,1612587.6285429308
0.0030303030303030303,0.07979818813131313,1606217.5355210246
0.0030303030303030303,0.08000088465770044,1606210.8625109766
0.0030303030303030303,0.0800019359326174,1606202.5451541853
0.0030303030303030303,0.08000324619642925,1606192.17813048
0.0030303030303030303,0.08000487925285339,1606179.256142162
0.0030303030303030303,0.08000691462409718,1606163.1492150186
0.0030303030303030303,0.08000945142321741,1606143.0718763268
0.0030303030303030303,0.08001261318046245,1606118.0446800997
0.0030303030303030303,0.08001655385861739,1606086.8461610381
0.0030303030303030303,0.08002146535027135,1606047.9528073594
0.0030303030303030303,0.08002758682208874,1605999.4640197952
0.0030303030303030303,0.08003521636110686,1605939.008231069
0.0030303030303030303,0.08004472549017998,1605863.625345555
0.0030303030303030303,0.08005657725940413,1605769.6193525416
0.0030303030303030303,0.08007134879449027,1605652.3732719265
0.0030303030303030303,0.08008975940008634,1605506.116372459
0.0030303030303030303,0.08011270558654815,1605323.6306651128
0.0030303030303030303,0.08014130472579933,1605095.8797323727
0.0030303030303030303,0.08017694946211615,1604811.537579801
0.0030303030303030303,0.08022137552738813,1604456.3877292993
0.0030303030303030303,0.08027674626314021,1604012.5521700652
0.0030303030303030303,0.08034575796514344,1603457.4943432529
0.0030303030303030303,0.08043177118040407,1602762.7172078956
0.0030303030303030303,0.08053897435007991,1601892.0416818839
0.0030303030303030303,0.08067258776696852,1600799.293540669
0.0030303030303030303,0.08083911777934251,1599425.1318230683
0.0030303030303030303,0.08104667361966954,1597692.5874423669
0.0030303030303030303,0.08130536228629326,1595500.5838149504
0.0030303030303030303,0.08162778070696558,1592714.1488408037
0.0030303030303030303,0.08202962915029163,1589148.9037087604
0.0030303030303030303,0.08237629432068608,1584545.0279357038
0.006060606060606061,0.00020202020202020202,1756899.7292368407
0.006060606060606061,0.0008080808080808081,1756899.7292368407
0.006060606060606061,0.0016161616161616162,1756873.4935776105
0.006060606060606061,0.0024242424242424242,1756826.2523370537
0.006060606060606061,0.0032323232323232323,1756758.7261995685
0.006060606060606061,0.00404040404040404,1756671.1241438638
0.006060606060606061,0.0048484848484848485,1756563.5068614795
0.006060606060606061,0.0056565656565656566,1756435.8705724394
0.006060606060606061,0.006464646464646465,1756288.1748973518
0.006060606060606061,0.007272727272727273,1756120.354259
0.006060606060606061,0.00808080808080808,1755932.3232021215
0.006060606060606061,0.008888888888888889,1755723.9790944986
0.006060606060606061,0.009696969696969697,1755495.203564417
0.006060606060606061,0.010505050505050505,1755245.8632705277
0.006060606060606061,0.011313131313131313,1754975.8102907976
0.006060606060606061,0.012121212121212121,1754684.8822785374
0.006060606060606061,0.01292929292929293,1754372.902466305
0.006060606060606061,0.013737373737373737,1754039.6795638404
0.006060606060606061,0.014545454545454545,1753685.0075773383
0.006060606060606061,0.015353535353535354,1753308.6655666276
0.006060606060606061,0.01616161616161616,1752910.4173504491
0.006060606060606061,0.016969696969696968,1752490.0111661043
0.006060606060606061,0.017777777777777778,1752047.1792872401
0.006060606060606061,0.018585858585858588,1751581.6376018827
0.006060606060606061,0.019393939393939394,1751093.085151701
0.006060606060606061,0.0202020202020202,1750581.2036326693
0.006060606060606061,0.02101010101010101,1750045.6568567134
0.006060606060606061,0.02181818181818182,1749486.0901734508
0.006060606060606061,0.022626262626262626,1748902.1298507652
0.006060606060606061,0.023434343434343433,1748293.3824126371
0.006060606060606061,0.024242424242424242,1747659.4339323638
0.006060606060606061,0.025050505050505052,1746999.8492790398
0.006060606060606061,0.02585858585858586,1746314.1713149145
0.006060606060606061,0.026666666666666665,1745601.9200409888
0.006060606060606061,0.027474747474747475,1744862.5916879599
0.006060606060606061,0.028282828282828285,1744095.6577493565
0.006060606060606061,0.02909090909090909,1743300.5639534357
0.006060606060606061,0.029898989898989897,1742476.7291701173
0.006060606060606061,0.030707070707070707,1741623.5442489237
0.006060606060606061,0.03151515151515151,1740740.3707835618
0.006060606060606061,0.03232323232323232,1739826.5397984337
0.006060606060606061,0.03313131313131313,1738881.3503519665
0.006060606060606061,0.033939393939393936,1737904.0680512548
0.006060606060606061,0.03474747474747475,1736893.9234720436
0.006060606060606061,0.035555555555555556,1735850.110477603
0.006060606060606061,0.03636363636363636,1734771.7844295152
0.006060606060606061,0.037171717171717175,1733658.0602828031
0.006060606060606061,0.03797979797979798,1732508.0105572196
0.006060606060606061,0.03878787878787879,1731320.6631758043
0.006060606060606061,0.039595959595959594,1730094.9991610732
0.006060606060606061,0.0404040404040404,1728829.9501783664
0.006060606060606061,0.041212121212121214,1727524.3959149674
0.006060606060606061,0.04202020202020202,1726177.1612825992
0.006060606060606061,0.042828282828282827,1724787.0134297896
0.006060606060606061,0.04363636363636364,1723352.6585493595
0.006060606060606061,0.044444444444444446,1721872.7384649261
0.006060606060606061,0.04525252525252525,1720345.8269787778
0.006060606060606061,0.04606060606060606,1718770.425961784
0.006060606060606061,0.046868686868686865,1717144.9611640861
0.006060606060606061,0.04767676767676768,1715467.7777231752
0.006060606060606061,0.048484848484848485,1713737.1353435423
0.006060606060606061,0.04929292929292929,1711951.203119339
0.006060606060606061,0.050101010101010104,1710108.0539683683
0.006060606060606061,0.05090909090909091,1708205.6586421677
0.006060606060606061,0.05171717171717172,1706241.8792728381
0.006060606060606061,0.052525252525252523,1704214.4624125655
0.006060606060606061,0.05333333333333333,1702121.0315162968
0.006060606060606061,0.05414141414141414,1699959.0788116443
0.006060606060606061,0.05494949494949495,1697725.9564926205
0.006060606060606061,0.055757575757575756,1695418.8671649718
0.006060606060606061,0.05656565656565657,1693034.8534604362
0.006060606060606061,0.057373737373737375,1690570.7867247837
0.006060606060606061,0.05818181818181818,1688023.3546695767
0.006060606060606061,0.05898989898989899,1685389.047859595
0.006060606060606061,0.059797979797979794,1682664.144886095
0.006060606060606061,0.06060606060606061,1679844.6960495603
0.006060606060606061,0.061414141414141414,1676926.5053431855
0.006060606060606061,0.06222222222222222,1673905.110488519
0.006060606060606061,0.06303030303030302,1670775.7607255937
0.006060606060606061,0.06383838383838383,1667533.3919990968
0.006060606060606061,0.06464646464646465,1664172.5991066766
0.006060606060606061,0.06545454545454546,1660687.6042815235
0.006060606060606061,0.06626262626262627,1657072.2215641292
0.006060606060606061,0.06707070707070706,1653319.816171616
0.006060606060606061,0.06787878787878787,1649423.2578897434
0.006060606060606061,0.06868686868686869,1645374.867283402
0.006060606060606061,0.0694949494949495,1641166.3532347516
0.006060606060606061,0.07030303030303031,1636788.7399604304
0.006060606060606061,0.07111111111111111,1632232.2812142605
0.006060606060606061,0.07191919191919191,1627486.3588309013
0.006060606060606061,0.07272727272727272,1622539.3620884926
0.006060606060606061,0.07353535353535354,1617378.5435436633
0.006060606060606061,0.07434343434343435,1611989.8460026078
0.006060606060606061,0.07515151515151516,1606357.6941286444
0.006060606060606061,0.07595959595959595,1600464.7428619934
0.006060606060606061,0.07676767676767676,1594291.5733946827
0.006060606060606061,0.07757575757575758,1587816.3260327107
0.006060606060606061,0.07838383838383839,1581014.2581582738
0.006060606060606061,0.0791919191919192,1573857.215193947
0.006060606060606061,0.07979818813131313,1566335.5030680734
0.006060606060606061,0.08000088465770044,1566328.0290385606
0.006060606060606061,0.0800019359326174,1566318.7135780887
0.006060606060606061,0.08000324619642925,1566307.102953262
0.006060606060606061,0.08000487925285339,1566292.6316037118
0.006060606060606061,0.08000691462409718,1566274.5945668926
0.006060606060606061,0.08000945142321741,1566252.1130951617
0.006060606060606061,0.08001261318046245,1566224.091780008
0.006060606060606061,0.08001655385861739,1566189.1650786493
0.006060606060606061,0.08002146535027135,1566145.6306126746
0.006060606060606061,0.08002758682208874,1566091.3659493923
0.006060606060606061,0.08003521636110686,1566023.7247488857
0.006060606060606061,0.08004472549017998,1565939.4071182776
0.006060606060606061,0.08005657725940413,1565834.2977008272
0.006060606060606061,0.08007134879449027,1565703.2633646862
0.006060606060606061,0.08008975940008634,1565539.9002432846
0.006060606060606061,0.08011270558654815,1565336.2171806293
0.006060606060606061,0.08014130472579933,1565082.2391651794
0.006060606060606061,0.08017694946211615,1564765.5098377767
0.006060606060606061,0.08022137552738813,1564370.466265867
0.006060606060606061,0.08027674626314021,1563877.6513535392
0.006060606060606061,0.08034575796514344,1563262.718705505
0.006060606060606061,0.08043177118040407,1562495.1702576291
0.006060606060606061,0.08053897435007991,1561536.7466057725
0.006060606060606061,0.08067258776696852,1560339.360645078
0.006060606060606061,0.08083911777934251,1558842.4219520923
0.006060606060606061,0.08104667361966954,1556969.334477645
0.006060606060606061,0.08130536228629326,1554622.851723993
0.006060606060606061,0.08162778070696558,1551678.8264406882
0.006060606060606061,0.08202962915029163,1547977.68853404
0.006060606060606061,0.08237629432068608,1543312.7852763669
0.00909090909090909,0.00020202020202020202,1741684.8783539177
0.00909090909090909,0.0008080808080808081,1741684.8783539177
0.00909090909090909,0.0016161616161616162,1741656.2719577153
0.00909090909090909,0.0024242424242424242,1741604.761201929
0.00909090909090909,0.0032323232323232323,1741531.1308203556
0.00909090909090909,0.00404040404040404,1741435.6071623818
0.00909090909090909,0.0048484848484848485,1741318.2544448436
0.00909090909090909,0.0056565656565656566,1741179.0661340593
0.00909090909090909,0.006464646464646465,1741017.9953272422
0.00909090909090909,0.007272727272727273,1740834.9671731663
0.00909090909090909,0.00808080808080808,1740629.884659463
0.00909090909090909,0.008888888888888889,1740402.6315425523
0.00909090909090909,0.009696969696969697,1740153.0738976311
0.00909090909090909,0.010505050505050505,1739881.0609385108
0.00909090909090909,0.011313131313131313,1739586.4254197855
0.00909090909090909,0.012121212121212121,1739268.9837825564
0.00909090909090909,0.01292929292929293,1738928.5361316614
0.00909090909090909,0.013737373737373737,1738564.8660945757
0.00909090909090909,0.014545454545454545,1738177.740591562
0.00909090909090909,0.015353535353535354,1737766.909534927
0.00909090909090909,0.01616161616161616,1737332.1054682701
0.00909090909090909,0.016969696969696968,1736873.0431522992
0.00909090909090909,0.017777777777777778,1736389.4191010345
0.00909090909090909,0.018585858585858588,1735880.9110703883
0.00909090909090909,0.019393939393939394,1735347.1774998344
0.00909090909090909,0.0202020202020202,1734787.8569069726
0.00909090909090909,0.02101010101010101,1734202.5672340957
0.00909090909090909,0.02181818181818182,1733590.9051453185
0.00909090909090909,0.022626262626262626,1732952.445272374
0.00909090909090909,0.023434343434343433,1732286.7394067685
0.00909090909090909,0.024242424242424242,1731593.3156356204
0.00909090909090909,0.025050505050505052,1730871.6774181514
0.00909090909090909,0.02585858585858586,1730121.3025994387
0.00909090909090909,0.026666666666666665,1729341.642357684
0.00909090909090909,0.027474747474747475,1728532.120080875
0.00909090909090909,0.028282828282828285,1727692.130168327
0.00909090909090909,0.02909090909090909,1726821.0367521679
0.00909090909090909,0.029898989898989897,1725918.172333394
0.00909090909090909,0.030707070707070707,1724982.8363266215
0.00909090909090909,0.03151515151515151,1724014.2935071497
0.00909090909090909,0.03232323232323232,1723011.7723533753
0.00909090909090909,0.03313131313131313,1721974.4632769737
0.00909090909090909,0.033939393939393936,1720901.5167325842
0.00909090909090909,0.03474747474747475,1719792.0411979908
0.00909090909090909,0.035555555555555556,1718645.1010149736
0.00909090909090909,0.03636363636363636,1717459.7140800986
0.00909090909090909,0.037171717171717175,1716234.849373742
0.00909090909090909,0.03797979797979798,1714969.4243145322
0.00909090909090909,0.03878787878787879,1713662.3019252126
0.00909090909090909,0.039595959595959594,1712312.2877945853
0.00909090909090909,0.0404040404040404,1710918.1268187398
0.00909090909090909,0.041212121212121214,1709478.49970314
0.00909090909090909,0.04202020202020202,1707992.0192053507
0.00909090909090909,0.042828282828282827,1706457.2260961926
0.00909090909090909,0.04363636363636364,1704872.584814899
0.00909090909090909,0.044444444444444446,1703236.4787914054
0.00909090909090909,0.04525252525252525,1701547.2054061668
0.00909090909090909,0.04606060606060606,1699802.9705548717
0.00909090909090909,0.046868686868686865,1698001.8827820509
0.00909090909090909,0.04767676767676768,1696141.946943825
0.00909090909090909,0.048484848484848485,1694221.0573558537
0.00909090909090909,0.04929292929292929,1692236.9903778937
0.00909090909090909,0.050101010101010104,1690187.3963811835
0.00909090909090909,0.05090909090909091,1688069.7910390864
0.00909090909090909,0.05171717171717172,1685881.5458749712
0.00909090909090909,0.052525252525252523,1683619.8779941306
0.00909090909090909,0.05333333333333333,1681281.8389185169
0.00909090909090909,0.05414141414141414,1678864.3024341639
0.00909090909090909,0.05494949494949495,1676363.9513512293
0.00909090909090909,0.055757575757575756,1673777.2630655614
0.00909090909090909,0.05656565656565657,1671100.4937984329
0.00909090909090909,0.057373737373737375,1668329.6613775128
0.00909090909090909,0.05818181818181818,1665460.5264071242
0.00909090909090909,0.05898989898989899,1662488.571659285
0.00909090909090909,0.059797979797979794,1659408.9794988483
0.00909090909090909,0.06060606060606061,1656216.607136184
0.00909090909090909,0.061414141414141414,1652905.959479267
0.00909090909090909,0.06222222222222222,1649471.1593337983
0.00909090909090909,0.06303030303030302,1645905.9146752446
0.00909090909090909,0.06383838383838383,1642203.4826907665
0.00909090909090909,0.06464646464646465,1638356.6302624869
0.00909090909090909,0.06545454545454546,1634357.590537358
0.00909090909090909,0.06626262626262627,1630198.0152045605
0.00909090909090909,0.06707070707070706,1625868.9220812418
0.00909090909090909,0.06787878787878787,1621360.6375951977
0.00909090909090909,0.06868686868686869,1616662.7337543953
0.00909090909090909,0.0694949494949495,1611763.9592168485
0.00909090909090909,0.07030303030303031,1606652.1641336037
0.00909090909090909,0.07111111111111111,1601314.218553321
0.00909090909090909,0.07191919191919191,1595735.924381288
0.00909090909090909,0.07272727272727272,1589901.9212288884
0.00909090909090909,0.07353535353535354,1583795.5870501834
0.00909090909090909,0.07434343434343435,1577398.9353640056
0.00909090909090909,0.07515151515151516,1570692.5122985141
0.00909090909090909,0.07595959595959595,1563655.2989814638
0.00909090909090909,0.07676767676767676,1556264.6284302794
0.00909090909090909,0.07757575757575758,1548496.1318685417
0.00909090909090909,0.07838383838383839,1540323.738594868
0.00909090909090909,0.0791919191919192,1531719.768236819
0.00909090909090909,0.07979818813131313,1522661.5835311983
0.00909090909090909,0.08000088465770044,1522653.177099906
0.00909090909090909,0.0800019359326174,1522642.6998734188
0.00909090909090909,0.08000324619642925,1522629.6418008455
0.00909090909090909,0.08000487925285339,1522613.3672342733
0.00909090909090909,0.08000691462409718,1522593.0840189771
0.00909090909090909,0.08000945142321741,1522567.8049864902
0.00909090909090909,0.08001261318046245,1522536.299988782
0.00909090909090909,0.08001655385861739,1522497.0361586018
0.00909090909090909,0.08002146535027135,1522448.1035193333
0.00909090909090909,0.08002758682208874,1522387.1223723944
0.00909090909090909,0.08003521636110686,1522311.1280311823
0.00909090909090909,0.08004472549017998,1522216.427411769
0.00909090909090909,0.08005657725940413,1522098.4206896343
0.00909090909090909,0.08007134879449027,1521951.379639872
0.00909090909090909,0.08008975940008634,1521768.1723412238
0.00909090909090909,0.08011270558654815,1521539.9215848097
0.00909090909090909,0.08014130472579933,1521255.5815323072
0.00909090909090909,0.08017694946211615,1520901.4138764576
0.00909090909090909,0.08022137552738813,1520460.3409667455
0.00909090909090909,0.08027674626314021,1519911.149150228
0.00909090909090909,0.08034575796514344,1519227.511166143
0.00909090909090909,0.08043177118040407,1518376.7923227192
0.00909090909090909,0.08053897435007991,1517318.6023659874
0.00909090909090909,0.08067258776696852,1516003.0552638297
0.00909090909090909,0.08083911777934251,1514368.7058288879
0.00909090909090909,0.08104667361966954,1512340.150644731
0.00909090909090909,0.08130536228629326,1509825.3195444155
0.00909090909090909,0.08162778070696558,1506712.5537754616
0.00909090909090909,0.08202962915029163,1502867.675398781
0.00909090909090909,0.08237629432068608,1498131.3804417206
0.012121212121212121,0.00020202020202020202,1726189.7985945982
0.012121212121212121,0.0008080808080808081,1726189.7985945982
0.012121212121212121,0.0016161616161616162,1726158.801342933
0.012121212121212121,0.0024242424242424242,1726102.9848145253
0.012121212121212121,0.0032323232323232323,1726023.198299328
0.012121212121212121,0.00404040404040404,1725919.6856146227
0.012121212121212121,0.0048484848484848485,1725792.514467665
0.012121212121212121,0.0056565656565656566,1725641.6754672206
0.012121212121212121,0.006464646464646465,1725467.115034397
0.012121212121212121,0.007272727272727273,1725268.7488496415
0.012121212121212121,0.00808080808080808,1725046.4681099209
0.012121212121212121,0.008888888888888889,1724800.142687579
0.012121212121212121,0.009696969696969697,1724529.6227916875
0.012121212121212121,0.010505050505050505,1724234.7398358562
0.012121212121212121,0.011313131313131313,1723915.3068509854
0.012121212121212121,0.012121212121212121,1723571.1186174904
0.012121212121212121,0.01292929292929293,1723201.9516121408
0.012121212121212121,0.013737373737373737,1722807.5638236627
0.012121212121212121,0.014545454545454545,1722387.6944689492
0.012121212121212121,0.015353535353535354,1721942.063628979
0.012121212121212121,0.01616161616161616,1721470.3718159664
0.012121212121212121,0.016969696969696968,1720972.2994785672
0.012121212121212121,0.017777777777777778,1720447.5064489439
0.012121212121212121,0.018585858585858588,1719895.6313334685
0.012121212121212121,0.019393939393939394,1719316.290847426
0.012121212121212121,0.0202020202020202,1718709.0790930386
0.012121212121212121,0.02101010101010101,1718073.5667793392
0.012121212121212121,0.02181818181818182,1717409.300381762
0.012121212121212121,0.022626262626262626,1716715.80123876
0.012121212121212121,0.023434343434343433,1715992.5645822505
0.012121212121212121,0.024242424242424242,1715239.0584982117
0.012121212121212121,0.025050505050505052,1714454.722813262
0.012121212121212121,0.02585858585858586,1713638.9679025945
0.012121212121212121,0.026666666666666665,1712791.1734141218
0.012121212121212121,0.027474747474747475,1711910.6869031591
0.012121212121212121,0.028282828282828285,1710996.8223714144
0.012121212121212121,0.02909090909090909,1710048.8587034428
0.012121212121212121,0.029898989898989897,1709066.0379930537
0.012121212121212121,0.030707070707070707,1708047.5637514456
0.012121212121212121,0.03151515151515151,1706992.5989880434
0.012121212121212121,0.03232323232323232,1705900.2641541467
0.012121212121212121,0.03313131313131313,1704769.6349385332
0.012121212121212121,0.033939393939393936,1703599.7399031068
0.012121212121212121,0.03474747474747475,1702389.5579454987
0.012121212121212121,0.035555555555555556,1701138.0155742364
0.012121212121212121,0.03636363636363636,1699843.9839806452
0.012121212121212121,0.037171717171717175,1698506.2758900477
0.012121212121212121,0.03797979797979798,1697123.642173034
0.012121212121212121,0.03878787878787879,1695694.7681955893
0.012121212121212121,0.039595959595959594,1694218.2698846406
0.012121212121212121,0.0404040404040404,1692692.6894830998
0.012121212121212121,0.041212121212121214,1691116.4909657082
0.012121212121212121,0.04202020202020202,1689488.0550838779
0.012121212121212121,0.042828282828282827,1687805.6740042344
0.012121212121212121,0.04363636363636364,1686067.5455016664
0.012121212121212121,0.044444444444444446,1684271.7666632864
0.012121212121212121,0.04525252525252525,1682416.3270547758
0.012121212121212121,0.04606060606060606,1680499.101295037
0.012121212121212121,0.046868686868686865,1678517.8409788115
0.012121212121212121,0.04767676767676768,1676470.1658798915
0.012121212121212121,0.048484848484848485,1674353.5543595909
0.012121212121212121,0.04929292929292929,1672165.332896191
0.012121212121212121,0.050101010101010104,1669902.664640949
0.012121212121212121,0.05090909090909091,1667562.5368948374
0.012121212121212121,0.05171717171717172,1665141.7473872798
0.012121212121212121,0.052525252525252523,1662636.8892235735
0.012121212121212121,0.05333333333333333,1660044.3343512467
0.012121212121212121,0.05414141414141414,1657360.2153770071
0.012121212121212121,0.05494949494949495,1654580.4055450156
0.012121212121212121,0.055757575757575756,1651700.49666358
0.012121212121212121,0.05656565656565657,1648715.7747408205
0.012121212121212121,0.057373737373737375,1645621.1930599795
0.012121212121212121,0.05818181818181818,1642411.3423916006
0.012121212121212121,0.05898989898989899,1639080.4180023868
0.012121212121212121,0.059797979797979794,1635622.1830788897
0.012121212121212121,0.06060606060606061,1632029.9281380125
0.012121212121212121,0.061414141414141414,1628296.4259454259
0.012121212121212121,0.06222222222222222,1624413.8814073394
0.012121212121212121,0.06303030303030302,1620373.8758408017
0.012121212121212121,0.06383838383838383,1616167.3049632097
0.012121212121212121,0.06464646464646465,1611784.3098738694
0.012121212121212121,0.06545454545454546,1607214.2002306916
0.012121212121212121,0.06626262626262627,1602445.3687556582
0.012121212121212121,0.06707070707070706,1597465.1961369098
0.012121212121212121,0.06787878787878787,1592259.945337961
0.012121212121212121,0.06868686868686869,1586814.644282298
0.012121212121212121,0.0694949494949495,1581112.9558635475
0.012121212121212121,0.07030303030303031,1575137.0342494864
0.012121212121212121,0.07111111111111111,1568867.366517811
0.012121212121212121,0.07191919191919191,1562282.5988018813
0.012121212121212121,0.07272727272727272,1555359.3463578965
0.012121212121212121,0.07353535353535354,1548071.9873149348
0.012121212121212121,0.07434343434343435,1540392.4403565973
0.012121212121212121,0.07515151515151516,1532289.9272148537
0.012121212121212121,0.07595959595959595,1523730.7216065691
0.012121212121212121,0.07676767676767676,1514677.8870104814
0.012121212121212121,0.07757575757575758,1505091.0062163887
0.012121212121212121,0.07838383838383839,1494925.9053346668
0.012121212121212121,0.0791919191919192,1484134.372827314
0.012121212121212121,0.07979818813131313,1472623.8840737797
0.012121212121212121,0.08000088465770044,1472614.0267875968
0.012121212121212121,0.0800019359326174,1472601.7418174034
0.012121212121212121,0.08000324619642925,1472586.4314889887
0.012121212121212121,0.08000487925285339,1472567.351110029
0.012121212121212121,0.08000691462409718,1472543.5728748608
0.012121212121212121,0.08000945142321741,1472513.940945633
0.012121212121212121,0.08001261318046245,1472477.0155743102
0.012121212121212121,0.08001655385861739,1472431.003625259
0.012121212121212121,0.08002146535027135,1472373.6722410554
0.012121212121212121,0.08002758682208874,1472302.2416439014
0.012121212121212121,0.08003521636110686,1472213.2521595135
0.012121212121212121,0.08004472549017998,1472102.3994683954
0.012121212121212121,0.08005657725940413,1471964.3308146177
0.012121212121212121,0.08007134879449027,1471792.393430336
0.012121212121212121,0.08008975940008634,1471578.3247861448
0.012121212121212121,0.08011270558654815,1471311.8725218526
0.012121212121212121,0.08014130472579933,1470980.3302054445
0.012121212121212121,0.08017694946211615,1470567.9737214579
0.012121212121212121,0.08022137552738813,1470055.3826875612
0.012121212121212121,0.08027674626314021,1469418.6328974932
0.012121212121212121,0.08034575796514344,1468628.3512673888
0.012121212121212121,0.08043177118040407,1467648.6374125595
0.012121212121212121,0.08053897435007991,1466435.8815161053
0.012121212121212121,0.08067258776696852,1464937.556377308
0.012121212121212121,0.08083911777934251,1463091.148998367
0.012121212121212121,0.08104667361966954,1460823.5508435688
0.012121212121212121,0.08130536228629326,1458051.487474355
0.012121212121212121,0.08162778070696558,1454683.992429061
0.012121212121212121,0.08202962915029163,1450628.5603022452
0.012121212121212121,0.08237629432068608,1445803.377277191
0.015151515151515152,0.00020202020202020202,1710424.6890377414
0.015151515151515152,0.0008080808080808081,1710424.6890377414
0.015151515151515152,0.0016161616161616162,1710391.2961088398
0.015151515151515152,0.0024242424242424242,1710331.1651153415
0.015151515151515152,0.0032323232323232323,1710245.2100259124
0.015151515151515152,0.00404040404040404,1710133.6921523614
0.015151515151515152,0.0048484848484848485,1709996.6826887818
0.015151515151515152,0.0056565656565656566,1709834.1693671122
0.015151515151515152,0.006464646464646465,1709646.0919015943
0.015151515151515152,0.007272727272727273,1709432.3564631653
0.015151515151515152,0.00808080808080808,1709192.842406308
0.015151515151515152,0.008888888888888889,1708927.4056559703
0.015151515151515152,0.009696969696969697,1708635.8804789684
0.015151515151515152,0.010505050505050505,1708318.0803981281
0.015151515151515152,0.011313131313131313,1707973.7986136517
0.015151515151515152,0.012121212121212121,1707602.8081195657
0.015151515151515152,0.01292929292929293,1707204.8616175572
0.015151515151515152,0.013737373737373737,1706779.6912863152
0.015151515151515152,0.014545454545454545,1706327.0084404494
0.015151515151515152,0.015353535353535354,1705846.5030992934
0.015151515151515152,0.01616161616161616,1705337.8434777083
0.015151515151515152,0.016969696969696968,1704800.6754059049
0.015151515151515152,0.017777777777777778,1704234.6216820118
0.015151515151515152,0.018585858585858588,1703639.2813588916
0.015151515151515152,0.019393939393939394,1703014.2289651313
0.015151515151515152,0.0202020202020202,1702359.013658966
0.015151515151515152,0.02101010101010101,1701673.1583129733
0.015151515151515152,0.02181818181818182,1700956.1585266031
0.015151515151515152,0.022626262626262626,1700207.481562935
0.015151515151515152,0.023434343434343433,1699426.5652054155
0.015151515151515152,0.024242424242424242,1698612.8165297278
0.015151515151515152,0.025050505050505052,1697765.6105853152
0.015151515151515152,0.02585858585858586,1696884.2889804502
0.015151515151515152,0.026666666666666665,1695968.1583640708
0.015151515151515152,0.027474747474747475,1695016.4887968737
0.015151515151515152,0.028282828282828285,1694028.5120033904
0.015151515151515152,0.02909090909090909,1693003.41949591
0.015151515151515152,0.029898989898989897,1691940.3605601843
0.015151515151515152,0.030707070707070707,1690838.4400918295
0.015151515151515152,0.03151515151515151,1689696.7162711883
0.015151515151515152,0.03232323232323232,1688514.1980631726
0.015151515151515152,0.03313131313131313,1687289.8425271907
0.015151515151515152,0.033939393939393936,1686022.55192071
0.015151515151515152,0.03474747474747475,1684711.1705782565
0.015151515151515152,0.035555555555555556,1683354.481545701
0.015151515151515152,0.03636363636363636,1681951.202947492
0.015151515151515152,0.037171717171717175,1680499.984062047
0.015151515151515152,0.03797979797979798,1678999.4010777331
0.015151515151515152,0.03878787878787879,1677447.952498773
0.015151515151515152,0.039595959595959594,1675844.0541668888
0.015151515151515152,0.0404040404040404,1674186.033860523
0.015151515151515152,0.041212121212121214,1672472.125428989
0.015151515151515152,0.04202020202020202,1670700.4624137962
0.015151515151515152,0.042828282828282827,1668869.0711035966
0.015151515151515152,0.04363636363636364,1666975.8629626192
0.015151515151515152,0.044444444444444446,1665018.62636492
0.015151515151515152,0.04525252525252525,1662995.0175582026
0.015151515151515152,0.04606060606060606,1660902.5507711226
0.015151515151515152,0.046868686868686865,1658738.5873667249
0.015151515151515152,0.04767676767676768,1656500.3239317178
0.015151515151515152,0.048484848484848485,1654184.7791763803
0.015151515151515152,0.04929292929292929,1651788.7795027166
0.015151515151515152,0.050101010101010104,1649308.9430786113
0.015151515151515152,0.05090909090909091,1646741.6622327273
0.015151515151515152,0.05171717171717172,1644083.0839581958
0.015151515151515152,0.052525252525252523,1641329.0882820839
0.015151515151515152,0.05333333333333333,1638475.2642214103
0.015151515151515152,0.05414141414141414,1635516.8830041576
0.015151515151515152,0.05494949494949495,1632448.8681841413
0.015151515151515152,0.055757575757575756,1629265.7622203548
0.015151515151515152,0.05656565656565657,1625961.6890228142
0.015151515151515152,0.057373737373737375,1622530.3118859373
0.015151515151515152,0.05818181818181818,1618964.786134561
0.015151515151515152,0.05898989898989899,1615257.705693762
0.015151515151515152,0.059797979797979794,1611401.0426578796
0.015151515151515152,0.06060606060606061,1607386.0787718152
0.015151515151515152,0.061414141414141414,1603203.3275429409
0.015151515151515152,0.06222222222222222,1598842.4454674078
0.015151515151515152,0.06303030303030302,1594292.1305710482
0.015151515151515152,0.06383838383838383,1589540.0061206303
0.015151515151515152,0.06464646464646465,1584572.4869409222
0.015151515151515152,0.06545454545454546,1579374.6252574523
0.015151515151515152,0.06626262626262627,1573929.9323487938
0.015151515151515152,0.06707070707070706,1568220.1715024514
0.015151515151515152,0.06787878787878787,1562225.116780885
0.015151515151515152,0.06868686868686869,1555922.270859381
0.015151515151515152,0.0694949494949495,1549286.53361416
0.015151515151515152,0.07030303030303031,1542289.8111046075
0.015151515151515152,0.07111111111111111,1534900.5519488994
0.015151515151515152,0.07191919191919191,1527083.194609414
0.015151515151515152,0.07272727272727272,1518797.5044492877
0.015151515151515152,0.07353535353535354,1509997.7730958052
0.015151515151515152,0.07434343434343435,1500631.8438897075
0.015151515151515152,0.07515151515151516,1490639.914825927
0.015151515151515152,0.07595959595959595,1479953.0525066096
0.015151515151515152,0.07676767676767676,1468491.3241298944
0.015151515151515152,0.07757575757575758,1456161.4142125277
0.015151515151515152,0.07838383838383839,1442853.5295693686
0.015151515151515152,0.0791919191919192,1428437.293955445
0.015151515151515152,0.07979818813131313,1412802.1097217326
0.015151515151515152,0.08000088465770044,1412789.794207373
0.015151515151515152,0.0800019359326174,1412774.4462765541
0.015151515151515152,0.08000324619642925,1412755.3197565086
0.015151515151515152,0.08000487925285339,1412731.4851396205
0.015151515151515152,0.08000691462409718,1412701.7846894553
0.015151515151515152,0.08000945142321741,1412664.7766379188
0.015151515151515152,0.08001261318046245,1412618.6658702625
0.015151515151515152,0.08001655385861739,1412561.217900463
0.015151515151515152,0.08002146535027135,1412489.6522255242
0.015151515151515152,0.08002758682208874,1412400.5102992207
0.015151515151515152,0.08003521636110686,1412289.492374693
0.015151515151515152,0.08004472549017998,1412151.2563342203
0.015151515151515152,0.08005657725940413,1411979.170379999
0.015151515151515152,0.08007134879449027,1411765.0101721326
0.015151515151515152,0.08008975940008634,1411498.589817411
0.015151515151515152,0.08011270558654815,1411167.3153193612
0.015151515151515152,0.08014130472579933,1410755.6492172983
0.015151515151515152,0.08017694946211615,1410244.477098001
0.015151515151515152,0.08022137552738813,1409610.372088599
0.015151515151515152,0.08027674626314021,1408824.7651746385
0.015151515151515152,0.08034575796514344,1407853.052166654
0.015151515151515152,0.08043177118040407,1406653.710911175
0.015151515151515152,0.08053897435007991,1405177.5796828582
0.015151515151515152,0.08067258776696852,1403367.584969201
0.015151515151515152,0.08083911777934251,1401159.4469429797
0.015151515151515152,0.08104667361966954,1398484.3038347692
0.015151515151515152,0.08130536228629326,1395274.8881700514
0.015151515151515152,0.08162778070696558,1391477.9907873755
0.015151515151515152,0.08202962915029163,1387077.5307353272
0.015151515151515152,0.08237629432068608,1382134.2557195069
0.01818181818181818,0.00020202020202020202,1694399.5779034693
0.01818181818181818,0.0008080808080808081,1694399.5779034693
0.01818181818181818,0.0016161616161616162,1694363.8003679826
0.01818181818181818,0.0024242424242424242,1694299.3748581847
0.01818181818181818,0.0032323232323232323,1694207.2797495974
0.01818181818181818,0.00404040404040404,1694087.793808575
0.01818181818181818,0.0048484848484848485,1693940.9917537235
0.01818181818181818,0.0056565656565656566,1693766.8585196114
0.01818181818181818,0.006464646464646465,1693565.3272226532
0.01818181818181818,0.007272727272727273,1693336.2946576558
0.01818181818181818,0.00808080808080808,1693079.6284916198
0.01818181818181818,0.008888888888888889,1692795.170877049
0.01818181818181818,0.009696969696969697,1692482.7403321879
0.01818181818181818,0.010505050505050505,1692142.132700466
0.01818181818181818,0.011313131313131313,1691773.1215795036
0.01818181818181818,0.012121212121212121,1691375.4584207837
0.01818181818181818,0.01292929292929293,1690948.8724094008
0.01818181818181818,0.013737373737373737,1690493.0701859505
0.01818181818181818,0.014545454545454545,1690007.7354468047
0.01818181818181818,0.015353535353535354,1689492.528444264
0.01818181818181818,0.01616161616161616,1688947.0853992626
0.01818181818181818,0.016969696969696968,1688371.0178337963
0.01818181818181818,0.017777777777777778,1687763.9118266916
0.01818181818181818,0.018585858585858588,1687125.3271938863
0.01818181818181818,0.019393939393939394,1686454.7965926751
0.01818181818181818,0.0202020202020202,1685751.8245480503
0.01818181818181818,0.02101010101010101,1685015.8863982186
0.01818181818181818,0.02181818181818182,1684246.4271554905
0.01818181818181818,0.022626262626262626,1683442.860277917
0.01818181818181818,0.023434343434343433,1682604.5663462956
0.01818181818181818,0.024242424242424242,1681730.891640403
0.01818181818181818,0.025050505050505052,1680821.1466075354
0.01818181818181818,0.02585858585858586,1679874.6042156299
0.01818181818181818,0.026666666666666665,1678890.4981823675
0.01818181818181818,0.027474747474747475,1677868.0210707237
0.01818181818181818,0.028282828282828285,1676806.3222403985
0.01818181818181818,0.02909090909090909,1675704.505643449
0.01818181818181818,0.029898989898989897,1674561.6274511795
0.01818181818181818,0.030707070707070707,1673376.6934979756
0.01818181818181818,0.03151515151515151,1672148.6565262221
0.01818181818181818,0.03232323232323232,1670876.4132147192
0.01818181818181818,0.03313131313131313,1669558.8009710882
0.01818181818181818,0.033939393939393936,1668194.594466481
0.01818181818181818,0.03474747474747475,1666782.5018884782
0.01818181818181818,0.035555555555555556,1665321.1608853051
0.01818181818181818,0.03636363636363636,1663809.1341713856
0.01818181818181818,0.037171717171717175,1662244.904760735
0.01818181818181818,0.03797979797979798,1660626.870790703
0.01818181818181818,0.03878787878787879,1658953.3398940226
0.01818181818181818,0.039595959595959594,1657222.523071964
0.01818181818181818,0.0404040404040404,1655432.5280154643
0.01818181818181818,0.041212121212121214,1653581.3518143478
0.01818181818181818,0.04202020202020202,1651666.8729869921
0.01818181818181818,0.042828282828282827,1649686.8427538702
0.01818181818181818,0.04363636363636364,1647638.8754681146
0.01818181818181818,0.044444444444444446,1645520.4381043734
0.01818181818181818,0.04525252525252525,1643328.8386934584
0.01818181818181818,0.04606060606060606,1641061.2135743005
0.01818181818181818,0.046868686868686865,1638714.51331611
0.01818181818181818,0.04767676767676768,1636285.4871418872
0.01818181818181818,0.048484848484848485,1633770.6656589482
0.01818181818181818,0.04929292929292929,1631166.3416721867
0.01818181818181818,0.050101010101010104,1628468.5488204886
0.01818181818181818,0.05090909090909091,1625673.0377349504
0.01818181818181818,0.05171717171717172,1622775.2493679752
0.01818181818181818,0.052525252525252523,1619770.2850832453
0.01818181818181818,0.05333333333333333,1616652.8730259286
0.01818181818181818,0.05414141414141414,1613417.3302076305
0.01818181818181818,0.05494949494949495,1610057.5196383032
0.01818181818181818,0.055757575757575756,1606566.8017134378
0.01818181818181818,0.05656565656565657,1602937.9789141119
0.01818181818181818,0.057373737373737375,1599163.2326931767
0.01818181818181818,0.05818181818181818,1595234.0511944208
0.01818181818181818,0.05898989898989899,1591141.146171804
0.01818181818181818,0.059797979797979794,1586874.3571283473
0.01818181818181818,0.06060606060606061,1582422.5402599892
0.01818181818181818,0.061414141414141414,1577773.4392436102
0.01818181818181818,0.06222222222222222,1572913.5342170934
0.01818181818181818,0.06303030303030302,1567827.8644179075
0.01818181818181818,0.06383838383838383,1562499.8188145168
0.01818181818181818,0.06464646464646465,1556910.8875987898
0.01818181818181818,0.06545454545454546,1551040.3654925374
0.01818181818181818,0.06626262626262627,1544864.9952964487
0.01818181818181818,0.06707070707070706,1538358.5367472114
0.01818181818181818,0.06787878787878787,1531491.2412213993
0.01818181818181818,0.06868686868686869,1524229.206656376
0.01818181818181818,0.0694949494949495,1516533.5785439413
0.01818181818181818,0.07030303030303031,1508359.5509298777
0.01818181818181818,0.07111111111111111,1499655.104392046
0.01818181818181818,0.07191919191919191,1490359.393416245
0.01818181818181818,0.07272727272727272,1480400.6593437735
0.01818181818181818,0.07353535353535354,1469693.490381177
0.01818181818181818,0.07434343434343435,1458135.1656163975
0.01818181818181818,0.07515151515151516,1445600.6856038107
0.01818181818181818,0.07595959595959595,1431935.8716733877
0.01818181818181818,0.07676767676767676,1416947.5413897918
0.01818181818181818,0.07757575757575758,1400389.1034959257
0.01818181818181818,0.07838383838383839,1381938.6803496429
0.01818181818181818,0.0791919191919192,1361164.4320736323
0.01818181818181818,0.07979818813131313,1338300.6909855977
0.01818181818181818,0.08000088465770044,1338283.9777819286
0.01818181818181818,0.0800019359326174,1338263.1500986787
0.01818181818181818,0.08000324619642925,1338237.1959310933
0.01818181818181818,0.08000487925285339,1338204.8548616397
0.01818181818181818,0.08000691462409718,1338164.557362489
0.01818181818181818,0.08000945142321741,1338114.349423433
0.01818181818181818,0.08001261318046245,1338051.799045816
0.01818181818181818,0.08001655385861739,1337973.8803783848
0.01818181818181818,0.08002146535027135,1337876.8303677493
0.01818181818181818,0.08002758682208874,1337755.9717490245
0.01818181818181818,0.08003521636110686,1337605.4950216503
0.01818181818181818,0.08004472549017998,1337418.1907820832
0.01818181818181818,0.08005657725940413,1337185.1225148623
0.01818181818181818,0.08007134879449027,1336895.2288700705
0.01818181818181818,0.08008975940008634,1336534.8439429733
0.01818181818181818,0.08011270558654815,1336087.1247817618
0.01818181818181818,0.08014130472579933,1335531.3784570287
0.01818181818181818,0.08017694946211615,1334842.2885995326
0.01818181818181818,0.08022137552738813,1333989.0569754196
0.01818181818181818,0.08027674626314021,1332934.5057739583
0.01818181818181818,0.08034575796514344,1331634.2419952385
0.01818181818181818,0.08043177118040407,1330036.0863036595
0.01818181818181818,0.08053897435007991,1328080.1495843753
0.01818181818181818,0.08067258776696852,1325700.2618395446
0.01818181818181818,0.08083911777934251,1322828.024242416
0.01818181818181818,0.08104667361966954,1319401.7375584703
0.01818181818181818,0.08130536228629326,1315384.1118705422
0.01818181818181818,0.08162778070696558,1310795.2539932563
0.01818181818181818,0.08202962915029163,1305770.858514252
0.01818181818181818,0.08237629432068608,1300657.9016199834
0.021212121212121213,0.00020202020202020202,1678123.9757495543
0.021212121212121213,0.0008080808080808081,1678123.9757495543
0.021212121212121213,0.0016161616161616162,1678085.8407916892
0.021212121212121213,0.0024242424242424242,1678017.1697564581
0.021212121212121213,0.0032323232323232323,1677919.0047582532
0.021212121212121213,0.00404040404040404,1677791.641915786
0.021212121212121213,0.0048484848484848485,1677635.1595586457
0.021212121212121213,0.0056565656565656566,1677449.540012238
0.021212121212121213,0.006464646464646465,1677234.7100563673
0.021212121212121213,0.007272727272727273,1676990.5574324059
0.021212121212121213,0.00808080808080808,1676716.9384989205
0.021212121212121213,0.008888888888888889,1676413.682069031
0.021212121212121213,0.009696969696969697,1676080.591398534
0.021212121212121213,0.010505050505050505,1675717.4451904506
0.021212121212121213,0.011313131313131313,1675323.998031933
0.021212121212121213,0.012121212121212121,1674899.9804777165
0.021212121212121213,0.01292929292929293,1674445.0988965614
0.021212121212121213,0.013737373737373737,1673959.0351466162
0.021212121212121213,0.014545454545454545,1673441.4461181152
0.021212121212121213,0.015353535353535354,1672891.9631660557
0.021212121212121213,0.01616161616161616,1672310.191446063
0.021212121212121213,0.016969696969696968,1671695.7091607735
0.021212121212121213,0.017777777777777778,1671048.0667202116
0.021212121212121213,0.018585858585858588,1670366.785817012
0.021212121212121213,0.019393939393939394,1669651.3584154355
0.021212121212121213,0.0202020202020202,1668901.2456516738
0.021212121212121213,0.02101010101010101,1668115.8766417648
0.021212121212121213,0.02181818181818182,1667294.6471924074
0.021212121212121213,0.022626262626262626,1666436.918409033
0.021212121212121213,0.023434343434343433,1665542.015194585
0.021212121212121213,0.024242424242424242,1664609.2246315493
0.021212121212121213,0.025050505050505052,1663637.794238835
0.021212121212121213,0.02585858585858586,1662626.930094117
0.021212121212121213,0.026666666666666665,1661575.7948111692
0.021212121212121213,0.027474747474747475,1660483.5053605635
0.021212121212121213,0.028282828282828285,1659349.130720807
0.021212121212121213,0.02909090909090909,1658171.689345587
0.021212121212121213,0.029898989898989897,1656950.1464312046
0.021212121212121213,0.030707070707070707,1655683.4109665148
0.021212121212121213,0.03151515151515151,1654370.3325457168
0.021212121212121213,0.03232323232323232,1653009.6979221194
0.021212121212121213,0.03313131313131313,1651600.2272785034
0.021212121212121213,0.033939393939393936,1650140.5701868823
0.021212121212121213,0.03474747474747475,1648629.3012272627
0.021212121212121213,0.035555555555555556,1647064.915231388
0.021212121212121213,0.03636363636363636,1645445.8221133137
0.021212121212121213,0.037171717171717175,1643770.3412439786
0.021212121212121213,0.03797979797979798,1642036.695321557
0.021212121212121213,0.03878787878787879,1640243.0036832374
0.021212121212121213,0.039595959595959594,1638387.2749970155
0.021212121212121213,0.0404040404040404,1636467.3992639785
0.021212121212121213,0.041212121212121214,1634481.1390521799
0.021212121212121213,0.04202020202020202,1632426.1198723891
0.021212121212121213,0.042828282828282827,1630299.8195934214
0.021212121212121213,0.04363636363636364,1628099.55678015
0.021212121212121213,0.044444444444444446,1625822.4778202462
0.021212121212121213,0.04525252525252525,1623465.5426857495
0.021212121212121213,0.04606060606060606,1621025.5091521433
0.021212121212121213,0.046868686868686865,1618498.9152700305
0.021212121212121213,0.04767676767676768,1615882.059851901
0.021212121212121213,0.048484848484848485,1613170.9806978102
0.021212121212121213,0.04929292929292929,1610361.4302377522
0.021212121212121213,0.050101010101010104,1607448.84821347
0.021212121212121213,0.05090909090909091,1604428.330956413
0.021212121212121213,0.05171717171717172,1601294.596738934
0.021212121212121213,0.052525252525252523,1598041.946579451
0.021212121212121213,0.05333333333333333,1594664.2197650603
0.021212121212121213,0.05414141414141414,1591154.74321179
0.021212121212121213,0.05494949494949495,1587506.2736066082
0.021212121212121213,0.055757575757575756,1583710.931057783
0.021212121212121213,0.05656565656565657,1579760.1227099507
0.021212121212121213,0.057373737373737375,1575644.4544424515
0.021212121212121213,0.05818181818181818,1571353.6283446103
0.021212121212121213,0.05898989898989899,1566876.3231235915
0.021212121212121213,0.059797979797979794,1562200.053914269
0.021212121212121213,0.06060606060606061,1557311.0070788267
0.021212121212121213,0.061414141414141414,1552193.8444417
0.021212121212121213,0.06222222222222222,1546831.4699134482
0.021212121212121213,0.06303030303030302,1541204.7494900944
0.021212121212121213,0.06383838383838383,1535292.1729957364
0.021212121212121213,0.06464646464646465,1529069.4424129862
0.021212121212121213,0.06545454545454546,1522508.9668516156
0.021212121212121213,0.06626262626262627,1515579.2376014793
0.021212121212121213,0.06707070707070706,1508244.047495568
0.021212121212121213,0.06787878787878787,1500461.5057474682
0.021212121212121213,0.06868686868686869,1492182.7806254686
0.021212121212121213,0.0694949494949495,1483350.474777909
0.021212121212121213,0.07030303030303031,1473896.4968650131
0.021212121212121213,0.07111111111111111,1463739.230297998
0.021212121212121213,0.07191919191919191,1452779.7015199019
0.021212121212121213,0.07272727272727272,1440896.2919977412
0.021212121212121213,0.07353535353535354,1427937.2752984243
0.021212121212121213,0.07434343434343435,1413710.008143263
0.021212121212121213,0.07515151515151516,1397964.7917915317
0.021212121212121213,0.07595959595959595,1380369.8869911132
0.021212121212121213,0.07676767676767676,1360471.097251399
0.021212121212121213,0.07757575757575758,1337622.7370244102
0.021212121212121213,0.07838383838383839,1310861.2872170415
0.021212121212121213,0.0791919191919192,1278652.1149284649
0.021212121212121213,0.07979818813131313,1242836.3877837548
0.021212121212121213,0.08000088465770044,1242811.4405514894
0.021212121212121213,0.0800019359326174,1242780.3518852347
0.021212121212121213,0.08000324619642925,1242741.6112900493
0.021212121212121213,0.08000487925285339,1242693.3375328318
0.021212121212121213,0.08000691462409718,1242633.1880781036
0.021212121212121213,0.08000945142321741,1242558.246642806
0.021212121212121213,0.08001261318046245,1242464.8837215614
0.021212121212121213,0.08001655385861739,1242348.5838030558
0.021212121212121213,0.08002146535027135,1242203.731668471
0.021212121212121213,0.08002758682208874,1242023.348632542
0.021212121212121213,0.08003521636110686,1241798.7678840975
0.021212121212121213,0.08004472549017998,1241519.2362882677
0.021212121212121213,0.08005657725940413,1241171.4283108877
0.021212121212121213,0.08007134879449027,1240738.8564836993
0.021212121212121213,0.08008975940008634,1240201.1627400387
0.021212121212121213,0.08011270558654815,1239533.277290379
0.021212121212121213,0.08014130472579933,1238704.4387927856
0.021212121212121213,0.08017694946211615,1237677.0855998006
0.021212121212121213,0.08022137552738813,1236405.6604378333
0.021212121212121213,0.08027674626314021,1234835.433870831
0.021212121212121213,0.08034575796514344,1232901.5707999466
0.021212121212121213,0.08043177118040407,1230528.886191136
0.021212121212121213,0.08053897435007991,1227633.148731221
0.021212121212121213,0.08067258776696852,1224125.556123901
0.021212121212121213,0.08083911777934251,1219923.41689731
0.021212121212121213,0.08104667361966954,1214972.6340741524
0.021212121212121213,0.08130536228629326,1209292.0339106284
0.021212121212121213,0.08162778070696558,1203056.4920713052
0.021212121212121213,0.08202962915029163,1196743.3761831927
0.021212121212121213,0.08237629432068608,1191362.9775716804
0.024242424242424242,0.00020202020202020202,1661606.4699895256
0.024242424242424242,0.0008080808080808081,1661606.4699895256
0.024242424242424242,0.0016161616161616162,1661566.0206798841
0.024242424242424242,0.0024242424242424242,1661493.181744357
0.024242424242424242,0.0032323232323232323,1661389.0579802976
0.024242424242424242,0.00404040404040404,1661253.9626989323
0.024242424242424242,0.0048484848484848485,1661087.9779801914
0.024242424242424242,0.0056565656565656566,1660891.0838416817
0.024242424242424242,0.006464646464646465,1660663.2011449984
0.024242424242424242,0.007272727272727273,1660404.2090958585
0.024242424242424242,0.00808080808080808,1660113.953354135
0.024242424242424242,0.008888888888888889,1659792.2500923732
0.024242424242424242,0.009696969696969697,1659438.8880912235
0.024242424242424242,0.010505050505050505,1659053.6297898456
0.024242424242424242,0.011313131313131313,1658636.2117323426
0.024242424242424242,0.012121212121212121,1658186.344637269
0.024242424242424242,0.01292929292929293,1657703.713213545
0.024242424242424242,0.013737373737373737,1657187.9757925568
0.024242424242424242,0.014545454545454545,1656638.7638169618
0.024242424242424242,0.015353535353535354,1656055.6812100054
0.024242424242424242,0.01616161616161616,1655438.3036391027
0.024242424242424242,0.016969696969696968,1654786.1776811755
0.024242424242424242,0.017777777777777778,1654098.8198931175
0.024242424242424242,0.018585858585858588,1653375.7157879327
0.024242424242424242,0.019393939393939394,1652616.3187150343
0.024242424242424242,0.0202020202020202,1651820.0486416041
0.024242424242424242,0.02101010101010101,1650986.2908306092
0.024242424242424242,0.02181818181818182,1650114.394409918
0.024242424242424242,0.022626262626262626,1649203.670825907
0.024242424242424242,0.023434343434343433,1648253.392173901
0.024242424242424242,0.024242424242424242,1647262.7893967421
0.024242424242424242,0.025050505050505052,1646231.0503416918
0.024242424242424242,0.02585858585858586,1645157.3176646864
0.024242424242424242,0.026666666666666665,1644040.6865697159
0.024242424242424242,0.027474747474747475,1642880.2023696986
0.024242424242424242,0.028282828282828285,1641674.8578536927
0.024242424242424242,0.02909090909090909,1640423.590443595
0.024242424242424242,0.029898989898989897,1639125.2791215628
0.024242424242424242,0.030707070707070707,1637778.7411072825
0.024242424242424242,0.03151515151515151,1636382.7282618086
0.024242424242424242,0.03232323232323232,1634935.9231920007
0.024242424242424242,0.03313131313131313,1633436.93502654
0.024242424242424242,0.033939393939393936,1631884.294831049
0.024242424242424242,0.03474747474747475,1630276.4506259144
0.024242424242424242,0.035555555555555556,1628611.761965939
0.024242424242424242,0.03636363636363636,1626888.4940358505
0.024242424242424242,0.037171717171717175,1625104.8112098419
0.024242424242424242,0.03797979797979798,1623258.7700166334
0.024242424242424242,0.03878787878787879,1621348.3114438232
0.024242424242424242,0.039595959595959594,1619371.2525064135
0.024242424242424242,0.0404040404040404,1617325.276994127
0.024242424242424242,0.041212121212121214,1615207.9253002026
0.024242424242424242,0.04202020202020202,1613016.5832205208
0.024242424242424242,0.042828282828282827,1610748.4695957454
0.024242424242424242,0.04363636363636364,1608400.6226502748
0.024242424242424242,0.044444444444444446,1605969.88485962
0.024242424242424242,0.04525252525252525,1603452.886151723
0.024242424242424242,0.04606060606060606,1600846.0252168789
0.024242424242424242,0.046868686868686865,1598145.4486643448
0.024242424242424242,0.04767676767676768,1595347.027720208
0.024242424242424242,0.048484848484848485,1592446.3321090532
0.024242424242424242,0.04929292929292929,1589438.6006995882
0.024242424242424242,0.050101010101010104,1586318.7084191947
0.024242424242424242,0.05090909090909091,1583081.1288513916
0.024242424242424242,0.05171717171717172,1579719.8918195583
0.024242424242424242,0.052525252525252523,1576228.5351250668
0.024242424242424242,0.05333333333333333,1572600.0494419348
0.024242424242424242,0.05414141414141414,1568826.815165031
0.024242424242424242,0.05494949494949495,1564900.5297541725
0.024242424242424242,0.055757575757575756,1560812.1237981864
0.024242424242424242,0.05656565656565657,1556551.6636227798
0.024242424242424242,0.057373737373737375,1552108.2377593496
0.024242424242424242,0.05818181818181818,1547469.8239457314
0.024242424242424242,0.05898989898989899,1542623.1324996953
0.024242424242424242,0.059797979797979794,1537553.4208306733
0.024242424242424242,0.06060606060606061,1532244.2724502538
0.024242424242424242,0.061414141414141414,1526677.3319894152
0.024242424242424242,0.06222222222222222,1520831.9852633546
0.024242424242424242,0.06303030303030302,1514684.970104125
0.024242424242424242,0.06383838383838383,1508209.8991603
0.024242424242424242,0.06464646464646465,1501376.669630737
0.024242424242424242,0.06545454545454546,1494150.7261920797
0.024242424242424242,0.06626262626262627,1486492.1310337598
0.024242424242424242,0.06707070707070706,1478354.3771260239
0.024242424242424242,0.06787878787878787,1469682.8547597532
0.024242424242424242,0.06868686868686869,1460412.8423856853
0.024242424242424242,0.0694949494949495,1450466.8331615506
0.024242424242424242,0.07030303030303031,1439750.9152631094
0.024242424242424242,0.07111111111111111,1428149.7737892373
0.024242424242424242,0.07191919191919191,1415519.6327164455
0.024242424242424242,0.07272727272727272,1401678.0263920294
0.024242424242424242,0.07353535353535354,1386388.5210813838
0.024242424242424242,0.07434343434343435,1369337.0602151572
0.024242424242424242,0.07515151515151516,1350093.722877419
0.024242424242424242,0.07595959595959595,1328047.5186498153
0.024242424242424242,0.07676767676767676,1302287.456337601
0.024242424242424242,0.07757575757575758,1271365.5866647838
0.024242424242424242,0.07838383838383839,1232763.8640076772
0.024242424242424242,0.0791919191919192,1181457.7805990947
0.024242424242424242,0.07979818813131313,1124412.0056302093
0.024242424242424242,0.08000088465770044,1124372.0878166573
0.024242424242424242,0.0800019359326174,1124322.3393090598
0.024242424242424242,0.08000324619642925,1124260.3401053715
0.024242424242424242,0.08000487925285339,1124183.0750577054
0.024242424242424242,0.08000691462409718,1124086.787838447
0.024242424242424242,0.08000945142321741,1123966.7992624834
0.024242424242424242,0.08001261318046245,1123817.2813771062
0.024242424242424242,0.08001655385861739,1123630.9767301178
0.024242424242424242,0.08002146535027135,1123398.849804003
0.024242424242424242,0.08002758682208874,1123109.6547027356
0.024242424242424242,0.08003521636110686,1122749.3997601948
0.024242424242424242,0.08004472549017998,1122300.68581698
0.024242424242424242,0.08005657725940413,1121741.8906062194
0.024242424242424242,0.08007134879449027,1121046.167342603
0.024242424242424242,0.08008975940008634,1120180.2220120612
0.024242424242424242,0.08011270558654815,1119102.8326819676
0.024242424242424242,0.08014130472579933,1117763.0788003793
0.024242424242424242,0.08017694946211615,1116098.2657891929
0.024242424242424242,0.08022137552738813,1114031.5740720953
0.024242424242424242,0.08027674626314021,1111469.5600195643
0.024242424242424242,0.08034575796514344,1108299.8466148004
0.024242424242424242,0.08043177118040407,1104389.783618069
0.024242424242424242,0.08053897435007991,1099587.7833728418
0.024242424242424242,0.08067258776696852,1093730.988156088
0.024242424242424242,0.08083911777934251,1086667.0442584932
0.024242424242424242,0.08104667361966954,1078306.4001463656
0.024242424242424242,0.08130536228629326,1068738.9695585512
0.024242424242424242,0.08162778070696558,1058479.6208992396
0.024242424242424242,0.08202962915029163,1048936.587465608
0.024242424242424242,0.08237629432068608,1043105.3163137203
0.02727272727272727,0.00020202020202020202,1644854.2562982582
0.02727272727272727,0.0008080808080808081,1644854.2562982582
0.02727272727272727,0.0016161616161616162,1644811.5508562122
0.02727272727272727,0.0024242424242424242,1644734.648951168
0.02727272727272727,0.0032323232323232323,1644624.7166389707
0.02727272727272727,0.00404040404040404,1644482.0842104228
0.02727272727272727,0.0048484848484848485,1644306.837688002
0.02727272727272727,0.0056565656565656566,1644098.9551937697
0.02727272727272727,0.006464646464646465,1643858.3522429669
0.02727272727272727,0.007272727272727273,1643584.9002136572
0.02727272727272727,0.00808080808080808,1643278.4349015818
0.02727272727272727,0.008888888888888889,1642938.7607964643
0.02727272727272727,0.009696969696969697,1642565.6532845635
0.02727272727272727,0.010505050505050505,1642158.859746652
0.02727272727272727,0.011313131313131313,1641718.1000169637
0.02727272727272727,0.012121212121212121,1641243.0664427108
0.02727272727272727,0.01292929292929293,1640733.4236742654
0.02727272727272727,0.013737373737373737,1640188.808259526
0.02727272727272727,0.014545454545454545,1639608.8280851138
0.02727272727272727,0.015353535353535354,1638993.0616893435
0.02727272727272727,0.01616161616161616,1638341.0574613153
0.02727272727272727,0.016969696969696968,1637652.3327338123
0.02727272727272727,0.017777777777777778,1636926.3727733295
0.02727272727272727,0.018585858585858588,1636162.6296675447
0.02727272727272727,0.019393939393939394,1635360.5211083319
0.02727272727272727,0.0202020202020202,1634519.4290667148
0.02727272727272727,0.02101010101010101,1633638.6983547346
0.02727272727272727,0.02181818181818182,1632717.635067945
0.02727272727272727,0.022626262626262626,1631755.5049010902
0.02727272727272727,0.023434343434343433,1630751.5313283466
0.02727272727272727,0.024242424242424242,1629704.893638357
0.02727272727272727,0.025050505050505052,1628614.724813033
0.02727272727272727,0.02585858585858586,1627480.109237796
0.02727272727272727,0.026666666666666665,1626300.0802294908
0.02727272727272727,0.027474747474747475,1625073.6173666262
0.02727272727272727,0.028282828282828285,1623799.6436048648
0.02727272727272727,0.02909090909090909,1622477.022158737
0.02727272727272727,0.029898989898989897,1621104.5531283931
0.02727272727272727,0.030707070707070707,1619680.9698477658
0.02727272727272727,0.03151515151515151,1618204.93492778
0.02727272727272727,0.03232323232323232,1616675.0359651418
0.02727272727272727,0.03313131313131313,1615089.7808837385
0.02727272727272727,0.033939393939393936,1613447.5928716857
0.02727272727272727,0.03474747474747475,1611746.804872536
0.02727272727272727,0.035555555555555556,1609985.6535839788
0.02727272727272727,0.03636363636363636,1608162.2729114403
0.02727272727272727,0.037171717171717175,1606274.6868172144
0.02727272727272727,0.03797979797979798,1604320.8014979374
0.02727272727272727,0.03878787878787879,1602298.396814234
0.02727272727272727,0.039595959595959594,1600205.116885964
0.02727272727272727,0.0404040404040404,1598038.459754449
0.02727272727272727,0.041212121212121214,1595795.7659990676
0.02727272727272727,0.04202020202020202,1593474.2061792775
0.02727272727272727,0.042828282828282827,1591070.7669540646
0.02727272727272727,0.04363636363636364,1588582.2357084346
0.02727272727272727,0.044444444444444446,1586005.1834902524
0.02727272727272727,0.04525252525252525,1583335.9460296577
0.02727272727272727,0.04606060606060606,1580570.6025764719
0.02727272727272727,0.046868686868686865,1577704.95224723
0.02727272727272727,0.04767676767676768,1574734.487521221
0.02727272727272727,0.048484848484848485,1571654.3644622723
0.02727272727272727,0.04929292929292929,1568459.3691676345
0.02727272727272727,0.050101010101010104,1565143.8798541806
0.02727272727272727,0.05090909090909091,1561701.823881451
0.02727272727272727,0.05171717171717172,1558126.628875988
0.02727272727272727,0.052525252525252523,1554411.1669557216
0.02727272727272727,0.05333333333333333,1550547.690848833
0.02727272727272727,0.05414141414141414,1546527.76044812
0.02727272727272727,0.05494949494949495,1542342.1580257555
0.02727272727272727,0.055757575757575756,1537980.7899364391
0.02727272727272727,0.05656565656565657,1533432.5721353327
0.02727272727272727,0.057373737373737375,1528685.2961987336
0.02727272727272727,0.05818181818181818,1523725.4717166738
0.02727272727272727,0.05898989898989899,1518538.1398682278
0.02727272727272727,0.059797979797979794,1513106.651610287
0.02727272727272727,0.06060606060606061,1507412.4020947006
0.02727272727272727,0.061414141414141414,1501434.510515694
0.02727272727272727,0.06222222222222222,1495149.4313488982
0.02727272727272727,0.06303030303030302,1488530.4785413402
0.02727272727272727,0.06383838383838383,1481547.2381576546
0.02727272727272727,0.06464646464646465,1474164.8365488863
0.02727272727272727,0.06545454545454546,1466343.0191734326
0.02727272727272727,0.06626262626262627,1458034.9780417278
0.02727272727272727,0.06707070707070706,1449185.840654045
0.02727272727272727,0.06787878787878787,1439730.6958518946
0.02727272727272727,0.06868686868686869,1429591.974909268
0.02727272727272727,0.0694949494949495,1418675.9170058246
0.02727272727272727,0.07030303030303031,1406867.705052804
0.02727272727272727,0.07111111111111111,1394024.620759292
0.02727272727272727,0.07191919191919191,1379966.161026141
0.02727272727272727,0.07272727272727272,1364459.330427752
0.02727272727272727,0.07353535353535354,1347195.9598918492
0.02727272727272727,0.07434343434343435,1327756.1900374426
0.02727272727272727,0.07515151515151516,1305546.4812234398
0.02727272727272727,0.07595959595959595,1279687.0974142822
0.02727272727272727,0.07676767676767676,1248789.2114005066
0.02727272727272727,0.07757575757575758,1210457.0873645572
0.02727272727272727,0.07838383838383839,1159961.319480779
0.02727272727272727,0.0791919191919192,1085485.8495987845
0.02727272727272727,0.07979818813131313,1004910.231629115
0.02727272727272727,0.08000088465770044,1004850.188172293
0.02727272727272727,0.0800019359326174,1004775.3441721104
0.02727272727272727,0.08000324619642925,1004682.0487570821
0.02727272727272727,0.08000487925285339,1004565.7490669151
0.02727272727272727,0.08000691462409718,1004420.7666228146
0.02727272727272727,0.08000945142321741,1004240.0178243014
0.02727272727272727,0.08001261318046245,1004014.664379759
0.02727272727272727,0.08001655385861739,1003733.6757486057
0.02727272727272727,0.08002146535027135,1003383.2809000907
0.02727272727272727,0.08002758682208874,1002946.2805552692
0.02727272727272727,0.08003521636110686,1002401.1831417673
0.02727272727272727,0.08004472549017998,1001721.1173721077
0.02727272727272727,0.08005657725940413,1000872.4608709349
0.02727272727272727,0.08007134879449027,999813.1065814308
0.02727272727272727,0.08008975940008634,998490.2654305409
0.02727272727272727,0.08011270558654815,996837.6733052575
0.02727272727272727,0.08014130472579933,994772.0311605773
0.02727272727272727,0.08017694946211615,992188.4583731655
0.02727272727272727,0.08022137552738813,988954.6844310461
0.02727272727272727,0.08027674626314021,984903.6577555503
0.02727272727272727,0.08034575796514344,979824.2621438863
0.02727272727272727,0.08043177118040407,973450.0469494764
0.02727272727272727,0.08053897435007991,965446.7189547163
0.02727272727272727,0.08067258776696852,955401.8466206595
0.02727272727272727,0.08083911777934251,942828.5097353219
0.02727272727272727,0.08104667361966954,927220.126946286
0.02727272727272727,0.08130536228629326,908273.9241619294
0.02727272727272727,0.08162778070696558,886652.554336376
0.02727272727272727,0.08202962915029163,866325.5367986939
0.02727272727272727,0.08237629432068608,859730.2888411068
0.0303030303030303,0.00020202020202020202,1627872.6020006833
0.0303030303030303,0.0008080808080808081,1627872.6020006833
0.0303030303030303,0.0016161616161616162,1627827.7124999908
0.0303030303030303,0.0024242424242424242,1627746.8775289
0.0303030303030303,0.0032323232323232323,1627631.3226403424
0.0303030303030303,0.00404040404040404,1627481.394843306
0.0303030303030303,0.0048484848484848485,1627297.18434346
0.0303030303030303,0.0056565656565656566,1627078.6678810704
0.0303030303030303,0.006464646464646465,1626825.7563372934
0.0303030303030303,0.007272727272727273,1626538.3141445266
0.0303030303030303,0.00808080808080808,1626216.1682745235
0.0303030303030303,0.008888888888888889,1625859.1127286325
0.0303030303030303,0.009696969696969697,1625466.910847632
0.0303030303030303,0.010505050505050505,1625039.2964598278
0.0303030303030303,0.011313131313131313,1624575.9743567058
0.0303030303030303,0.012121212121212121,1624076.6203479148
0.0303030303030303,0.01292929292929293,1623540.8810322615
0.0303030303030303,0.013737373737373737,1622968.3733619116
0.0303030303030303,0.014545454545454545,1622358.6840445334
0.0303030303030303,0.015353535353535354,1621711.3688095077
0.0303030303030303,0.01616161616161616,1621025.9515531699
0.0303030303030303,0.016969696969696968,1620301.923371043
0.0303030303030303,0.017777777777777778,1619538.7414804162
0.0303030303030303,0.018585858585858588,1618735.8280334452
0.0303030303030303,0.019393939393939394,1617892.5688186083
0.0303030303030303,0.0202020202020202,1617008.3118465394
0.0303030303030303,0.02101010101010101,1616082.365814742
0.0303030303030303,0.02181818181818182,1615113.9984443467
0.0303030303030303,0.022626262626262626,1614102.4346808111
0.0303030303030303,0.023434343434343433,1613046.8547492204
0.0303030303030303,0.024242424242424242,1611946.3920535722
0.0303030303030303,0.025050505050505052,1610800.1309081013
0.0303030303030303,0.02585858585858586,1609607.1040872617
0.0303030303030303,0.026666666666666665,1608366.2901794298
0.0303030303030303,0.027474747474747475,1607076.610727683
0.0303030303030303,0.028282828282828285,1605736.9271391057
0.0303030303030303,0.02909090909090909,1604346.0373419728
0.0303030303030303,0.029898989898989897,1602902.6721677869
0.0303030303030303,0.030707070707070707,1601405.4914324994
0.0303030303030303,0.03151515151515151,1599853.0796882478
0.0303030303030303,0.03232323232323232,1598243.941613564
0.0303030303030303,0.03313131313131313,1596576.4970061746
0.0303030303030303,0.033939393939393936,1594849.07533816
0.0303030303030303,0.03474747474747475,1593059.9098282887
0.0303030303030303,0.035555555555555556,1591207.1309806767
0.0303030303030303,0.03636363636363636,1589288.759532454
0.0303030303030303,0.037171717171717175,1587302.6987456828
0.0303030303030303,0.03797979797979798,1585246.7259702482
0.0303030303030303,0.03878787878787879,1583118.483394565
0.0303030303030303,0.039595959595959594,1580915.467889589
0.0303030303030303,0.0404040404040404,1578635.0198383962
0.0303030303030303,0.041212121212121214,1576274.310828268
0.0303030303030303,0.04202020202020202,1573830.3300643247
0.0303030303030303,0.042828282828282827,1571299.8693428305
0.0303030303030303,0.04363636363636364,1568679.5063977637
0.0303030303030303,0.044444444444444446,1565965.586405357
0.0303030303030303,0.04525252525252525,1563154.2013972215
0.0303030303030303,0.04606060606060606,1560241.1672922468
0.0303030303030303,0.046868686868686865,1557221.9982094162
0.0303030303030303,0.04767676767676768,1554091.8776662664
0.0303030303030303,0.048484848484848485,1550845.626198939
0.0303030303030303,0.04929292929292929,1547477.6648569326
0.0303030303030303,0.050101010101010104,1543981.9739255193
0.0303030303030303,0.05090909090909091,1540352.0461071278
0.0303030303030303,0.05171717171717172,1536580.833244499
0.0303030303030303,0.052525252525252523,1532660.6854862021
0.0303030303030303,0.05333333333333333,1528583.2815703598
0.0303030303030303,0.05414141414141414,1524339.548623594
0.0303030303030303,0.05494949494949495,1519919.5695242262
0.0303030303030303,0.055757575757575756,1515312.475441697
0.0303030303030303,0.05656565656565657,1510506.32061148
0.0303030303030303,0.057373737373737375,1505487.9357008655
0.0303030303030303,0.05818181818181818,1500242.7552175762
0.0303030303030303,0.05898989898989899,1494754.6132442304
0.0303030303030303,0.059797979797979794,1489005.5002558348
0.0303030303030303,0.06060606060606061,1482975.2717670111
0.0303030303030303,0.061414141414141414,1476641.2968797353
0.0303030303030303,0.06222222222222222,1469978.0312016732
0.0303030303030303,0.06303030303030302,1462956.4937026654
0.0303030303030303,0.06383838383838383,1455543.62031576
0.0303030303030303,0.06464646464646465,1447701.457633772
0.0303030303030303,0.06545454545454546,1439386.1466255197
0.0303030303030303,0.06626262626262627,1430546.6269073142
0.0303030303030303,0.06707070707070706,1421122.9635852359
0.0303030303030303,0.06787878787878787,1411044.15586274
0.0303030303030303,0.06868686868686869,1400225.2208293614
0.0303030303030303,0.0694949494949495,1388563.2421790478
0.0303030303030303,0.07030303030303031,1375931.9054311465
0.0303030303030303,0.07111111111111111,1362173.7592669437
0.0303030303030303,0.07191919191919191,1347088.951631671
0.0303030303030303,0.07272727272727272,1330418.2959340867
0.0303030303030303,0.07353535353535354,1311816.8108984712
0.0303030303030303,0.07434343434343435,1290810.3878558455
0.0303030303030303,0.07515151515151516,1266720.565390221
0.0303030303030303,0.07595959595959595,1238523.8362505625
0.0303030303030303,0.07676767676767676,1204561.1524407368
0.0303030303030303,0.07757575757575758,1161848.8671483984
0.0303030303030303,0.07838383838383839,1104057.3260203486
0.0303030303030303,0.0791919191919192,1012784.6604663467
0.0303030303030303,0.07979818813131313,918358.1617943463
0.0303030303030303,0.08000088465770044,918283.6022225923
0.0303030303030303,0.0800019359326174,918190.648735512
0.0303030303030303,0.08000324619642925,918074.7556447395
0.0303030303030303,0.08000487925285339,917930.2495057943
0.0303030303030303,0.08000691462409718,917750.046895268
0.0303030303030303,0.08000945142321741,917525.3002075654
0.0303030303030303,0.08001261318046245,917244.9523599596
0.0303030303030303,0.08001655385861739,916895.1758039197
0.0303030303030303,0.08002146535027135,916458.663945209
0.0303030303030303,0.08002758682208874,915913.7332623492
0.0303030303030303,0.08003521636110686,915233.1810281967
0.0303030303030303,0.08004472549017998,914382.8249929947
0.0303030303030303,0.08005657725940413,913319.625235299
0.0303030303030303,0.08007134879449027,911989.2507927645
0.0303030303030303,0.08008975940008634,910322.8984904377
0.0303030303030303,0.08011270558654815,908233.0884714138
0.0303030303030303,0.08014130472579933,905608.0332421203
0.0303030303030303,0.08017694946211615,902303.9749811912
0.0303030303030303,0.08022137552738813,898134.5564764142
0.0303030303030303,0.08027674626314021,892855.7362485093
0.0303030303030303,0.08034575796514344,886143.7892750032
0.0303030303030303,0.08043177118040407,877562.1714657487
0.0303030303030303,0.08053897435007991,866509.6686035587
0.0303030303030303,0.08067258776696852,852135.5293145683
0.0303030303030303,0.08083911777934251,833193.1112685594
0.0303030303030303,0.08104667361966954,807772.4347037311
0.0303030303030303,0.08130536228629326,772785.3444788905
0.0303030303030303,0.08162778070696558,722994.6571399416
0.0303030303030303,0.08202962915029163,649259.0394781834
0.0303030303030303,0.08237629432068608,640896.8691043529
0.03333333333333333,0.00020202020202020202,1610664.2354120945
0.03333333333333333,0.0008080808080808081,1610664.2354120945
0.03333333333333333,0.0016161616161616162,1610617.2459015737
0.03333333333333333,0.0024242424242424242,1610532.629352637
0.03333333333333333,0.0032323232323232323,1610411.668761694
0.03333333333333333,0.00404040404040404,1610254.7275511874
0.03333333333333333,0.0048484848484848485,1610061.9003905228
0.03333333333333333,0.0056565656565656566,1609833.1632371605
0.03333333333333333,0.006464646464646465,1609568.4231687356
0.03333333333333333,0.007272727272727273,1609267.5387006642
0.03333333333333333,0.00808080808080808,1608930.32919417
0.03333333333333333,0.008888888888888889,1608556.5795561192
0.03333333333333333,0.009696969696969697,1608146.0426564934
0.03333333333333333,0.010505050505050505,1607698.440529777
0.03333333333333333,0.011313131313131313,1607213.464872414
0.03333333333333333,0.012121212121212121,1606690.7770998671
0.03333333333333333,0.01292929292929293,1606130.0081063304
0.03333333333333333,0.013737373737373737,1605530.757807885
0.03333333333333333,0.014545454545454545,1604892.5945159069
0.03333333333333333,0.015353535353535354,1604215.054168052
0.03333333333333333,0.01616161616161616,1603497.639432465
0.03333333333333333,0.016969696969696968,1602739.8186935158
0.03333333333333333,0.017777777777777778,1601941.0249225616
0.03333333333333333,0.018585858585858588,1601100.6544338795
0.03333333333333333,0.019393939393939394,1600218.0655234868
0.03333333333333333,0.0202020202020202,1599292.576986648
0.03333333333333333,0.02101010101010101,1598323.4665082842
0.03333333333333333,0.02181818181818182,1597309.9689190967
0.03333333333333333,0.022626262626262626,1596251.274308883
0.03333333333333333,0.023434343434343433,1595146.525987232
0.03333333333333333,0.024242424242424242,1593994.8182804454
0.03333333333333333,0.025050505050505052,1592795.194152134
0.03333333333333333,0.02585858585858586,1591546.642633439
0.03333333333333333,0.026666666666666665,1590248.096047198
0.03333333333333333,0.027474747474747475,1588898.4270085762
0.03333333333333333,0.028282828282828285,1587496.4451827116
0.03333333333333333,0.02909090909090909,1586040.8937776934
0.03333333333333333,0.029898989898989897,1584530.4457487422
0.03333333333333333,0.030707070707070707,1582963.6996866656
0.03333333333333333,0.03151515151515151,1581339.1753605485
0.03333333333333333,0.03232323232323232,1579655.3088810975
0.03333333333333333,0.03313131313131313,1577910.4474470622
0.03333333333333333,0.033939393939393936,1576102.8436326154
0.03333333333333333,0.03474747474747475,1574230.6491684038
0.03333333333333333,0.035555555555555556,1572291.9081630816
0.03333333333333333,0.03636363636363636,1570284.5497054055
0.03333333333333333,0.037171717171717175,1568206.3797792308
0.03333333333333333,0.03797979797979798,1566055.0724148722
0.03333333333333333,0.03878787878787879,1563828.159990057
0.03333333333333333,0.039595959595959594,1561523.0225818825
0.03333333333333333,0.0404040404040404,1559136.8762574922
0.03333333333333333,0.041212121212121214,1556666.7601752933
0.03333333333333333,0.04202020202020202,1554109.5223500116
0.03333333333333333,0.042828282828282827,1551461.8039132531
0.03333333333333333,0.04363636363636364,1548720.021675867
0.03333333333333333,0.044444444444444446,1545880.3487686212
0.03333333333333333,0.04525252525252525,1542938.6931025109
0.03333333333333333,0.04606060606060606,1539890.6733484075
0.03333333333333333,0.046868686868686865,1536731.5920862854
0.03333333333333333,0.04767676767676768,1533456.4057152767
0.03333333333333333,0.048484848484848485,1530059.6906451609
0.03333333333333333,0.04929292929292929,1526535.605204945
0.03333333333333333,0.050101010101010104,1522877.8466015894
0.03333333333333333,0.05090909090909091,1519079.602137427
0.03333333333333333,0.05171717171717172,1515133.4937430008
0.03333333333333333,0.052525252525252523,1511031.5146959717
0.03333333333333333,0.05333333333333333,1506764.9571674233
0.03333333333333333,0.05414141414141414,1502324.3289526717
0.03333333333333333,0.05494949494949495,1497699.2573892463
0.03333333333333333,0.055757575757575756,1492878.378019863
0.03333333333333333,0.05656565656565657,1487849.2049960247
0.03333333333333333,0.057373737373737375,1482597.9795021964
0.03333333333333333,0.05818181818181818,1477109.4915622536
0.03333333333333333,0.05898989898989899,1471366.869401854
0.03333333333333333,0.059797979797979794,1465351.328989424
0.03333333333333333,0.06060606060606061,1459041.8743341016
0.03333333333333333,0.061414141414141414,1452414.936396161
0.03333333333333333,0.06222222222222222,1445443.9347980774
0.03333333333333333,0.06303030303030302,1438098.7415244333
0.03333333333333333,0.06383838383838383,1430345.0188915743
0.03333333333333333,0.06464646464646465,1422143.3943874307
0.03333333333333333,0.06545454545454546,1413448.4211998864
0.03333333333333333,0.06626262626262627,1404207.2532890288
0.03333333333333333,0.06707070707070706,1394357.9343870438
0.03333333333333333,0.06787878787878787,1383827.1558737066
0.03333333333333333,0.06868686868686869,1372527.269885987
0.03333333333333333,0.0694949494949495,1360352.2353261437
0.03333333333333333,0.07030303030303031,1347171.996992601
0.03333333333333333,0.07111111111111111,1332824.4984328758
0.03333333333333333,0.07191919191919191,1317104.0031221155
0.03333333333333333,0.07272727272727272,1299743.4324783892
0.03333333333333333,0.07353535353535354,1280386.5576116317
0.03333333333333333,0.07434343434343435,1258542.0161233542
0.03333333333333333,0.07515151515151516,1233502.4892618544
0.03333333333333333,0.07595959595959595,1204191.0722144947
0.03333333333333333,0.07676767676767676,1168837.0382720681
0.03333333333333333,0.07757575757575758,1124182.015120302
0.03333333333333333,0.07838383838383839,1063028.3173754513
0.03333333333333333,0.0791919191919192,962431.0682080358
0.03333333333333333,0.07979818813131313,860722.6614511383
0.03333333333333333,0.08000088465770044,860641.3028092644
0.03333333333333333,0.0800019359326174,860539.866473661
0.03333333333333333,0.08000324619642925,860413.3870671991
0.03333333333333333,0.08000487925285339,860255.6653456467
0.03333333333333333,0.08000691462409718,860058.9583126111
0.03333333333333333,0.08000945142321741,859813.5896813581
0.03333333333333333,0.08001261318046245,859507.4591919738
0.03333333333333333,0.08001655385861739,859125.4229292545
0.03333333333333333,0.08002146535027135,858648.5082316679
0.03333333333333333,0.08002758682208874,858052.91511717
0.03333333333333333,0.08003521636110686,857308.7399931862
0.03333333333333333,0.08004472549017998,856378.33463439
0.03333333333333333,0.08005657725940413,855214.1806500696
0.03333333333333333,0.08007134879449027,853756.1115248287
0.03333333333333333,0.08008975940008634,851927.641890369
0.03333333333333333,0.08011270558654815,849631.0518470627
0.03333333333333333,0.08014130472579933,846740.6964237283
0.03333333333333333,0.08017694946211615,843093.718635644
0.03333333333333333,0.08022137552738813,838476.8484595706
0.03333333333333333,0.08027674626314021,832607.090159438
0.03333333333333333,0.08034575796514344,825102.4621683396
0.03333333333333333,0.08043177118040407,815435.7208236266
0.03333333333333333,0.08053897435007991,802857.1478063097
0.03333333333333333,0.08067258776696852,786256.5940358442
0.03333333333333333,0.08083911777934251,763893.5251593977
0.03333333333333333,0.08104667361966954,732796.5153282089
0.03333333333333333,0.08130536228629326,687131.810699068
0.03333333333333333,0.08162778070696558,611488.4288174479
0.03333333333333333,0.08202962915029163,363738.74067221227
0.03333333333333333,0.08237629432068608,349413.94914744655
0.03636363636363636,0.00020202020202020202,1593228.653020371
0.03636363636363636,0.0008080808080808081,1593228.653020371
0.03636363636363636,0.0016161616161616162,1593179.65704909
0.03636363636363636,0.0024242424242424242,1593091.4275334843
0.03636363636363636,0.0032323232323232323,1592965.3026261353
0.03636363636363636,0.00404040404040404,1592801.661821053
0.03636363636363636,0.0048484848484848485,1592600.604559897
0.03636363636363636,0.0056565656565656566,1592362.106679289
0.03636363636363636,0.006464646464646465,1592086.0723720905
0.03636363636363636,0.007272727272727273,1591772.35537503
0.03636363636363636,0.00808080808080808,1591420.7687817754
0.03636363636363636,0.008888888888888889,1591031.089947525
0.03636363636363636,0.009696969696969697,1590603.063014492
0.03636363636363636,0.010505050505050505,1590136.400170076
0.03636363636363636,0.011313131313131313,1589630.7821717635
0.03636363636363636,0.012121212121212121,1589085.8584135594
0.03636363636363636,0.01292929292929293,1588501.2466831522
0.03636363636363636,0.013737373737373737,1587876.5326940878
0.03636363636363636,0.014545454545454545,1587211.2694418177
0.03636363636363636,0.015353535353535354,1586504.9764121668
0.03636363636363636,0.01616161616161616,1585757.13865861
0.03636363636363636,0.016969696969696968,1584967.205757091
0.03636363636363636,0.017777777777777778,1584134.5906421188
0.03636363636363636,0.018585858585858588,1583258.668324397
0.03636363636363636,0.019393939393939394,1582338.774487712
0.03636363636363636,0.0202020202020202,1581374.2039608364
0.03636363636363636,0.02101010101010101,1580364.2090585548
0.03636363636363636,0.02181818181818182,1579307.9977844812
0.03636363636363636,0.022626262626262626,1578204.7318869715
0.03636363636363636,0.023434343434343433,1577053.5247581054
0.03636363636363636,0.024242424242424242,1575853.4391643435
0.03636363636363636,0.025050505050505052,1574603.4847960516
0.03636363636363636,0.02585858585858586,1573302.61562154
0.03636363636363636,0.026666666666666665,1571949.7270296237
0.03636363636363636,0.027474747474747475,1570543.6527428776
0.03636363636363636,0.028282828282828285,1569083.1614817544
0.03636363636363636,0.02909090909090909,1567566.9533574907
0.03636363636363636,0.029898989898989897,1565993.6559692295
0.03636363636363636,0.030707070707070707,1564361.8201779767
0.03636363636363636,0.03151515151515151,1562669.9155268534
0.03636363636363636,0.03232323232323232,1560916.325273548
0.03636363636363636,0.03313131313131313,1559099.340996834
0.03636363636363636,0.033939393939393936,1557217.1567344556
0.03636363636363636,0.03474747474747475,1555267.862604487
0.03636363636363636,0.035555555555555556,1553249.4378563452
0.03636363636363636,0.03636363636363636,1551159.743290882
0.03636363636363636,0.037171717171717175,1548996.5129812306
0.03636363636363636,0.03797979797979798,1546757.345217197
0.03636363636363636,0.03878787878787879,1544439.6925857638
0.03636363636363636,0.039595959595959594,1542040.8510884624
0.03636363636363636,0.0404040404040404,1539557.9481827377
0.03636363636363636,0.041212121212121214,1536987.9296185754
0.03636363636363636,0.04202020202020202,1534327.5449232573
0.03636363636363636,0.042828282828282827,1531573.3313656033
0.03636363636363636,0.04363636363636364,1528721.5962059044
0.03636363636363636,0.044444444444444446,1525768.3970081974
0.03636363636363636,0.04525252525252525,1522709.5197567197
0.03636363636363636,0.04606060606060606,1519540.45447721
0.03636363636363636,0.046868686868686865,1516256.3680148516
0.03636363636363636,0.04767676767676768,1512852.0735624311
0.03636363636363636,0.048484848484848485,1509321.9964626331
0.03636363636363636,0.04929292929292929,1505660.1357246682
0.03636363636363636,0.050101010101010104,1501860.0205944506
0.03636363636363636,0.05090909090909091,1497914.6613949975
0.03636363636363636,0.05171717171717172,1493816.4937044452
0.03636363636363636,0.052525252525252523,1489557.31475614
0.03636363636363636,0.05333333333333333,1485128.2107198748
0.03636363636363636,0.05414141414141414,1480519.4732440093
0.03636363636363636,0.05494949494949495,1475720.5032898206
0.03636363636363636,0.055757575757575756,1470719.6998520207
0.03636363636363636,0.05656565656565657,1465504.3306062724
0.03636363636363636,0.057373737373737375,1460060.3808198604
0.03636363636363636,0.05818181818181818,1454372.3759565777
0.03636363636363636,0.05898989898989899,1448423.1722343331
0.03636363636363636,0.059797979797979794,1442193.7078608049
0.03636363636363636,0.06060606060606061,1435662.7056477743
0.03636363636363636,0.061414141414141414,1428806.3150023082
0.03636363636363636,0.06222222222222222,1421597.677644082
0.03636363636363636,0.06303030303030302,1414006.3964098052
0.03636363636363636,0.06383838383838383,1405997.8795936254
0.03636363636363636,0.06464646464646465,1397532.5235533526
0.03636363636363636,0.06545454545454546,1388564.6824261355
0.03636363636363636,0.06626262626262627,1379041.3536066122
0.03636363636363636,0.06707070707070706,1368900.4777119353
0.03636363636363636,0.06787878787878787,1358068.7064387256
0.03636363636363636,0.06868686868686869,1346458.4214446929
0.03636363636363636,0.0694949494949495,1333963.6754879605
0.03636363636363636,0.07030303030303031,1320454.5434420602
0.03636363636363636,0.07111111111111111,1305769.0590311394
0.03636363636363636,0.07191919191919191,1289701.3624876507
0.03636363636363636,0.07272727272727272,1271983.666137261
0.03636363636363636,0.07353535353535354,1252257.6571215305
0.03636363636363636,0.07434343434343435,1230026.8136051358
0.03636363636363636,0.07515151515151516,1204571.7527488337
0.03636363636363636,0.07595959595959595,1174787.320016845
0.03636363636363636,0.07676767676767676,1138833.1411682745
0.03636363636363636,0.07757575757575758,1093257.971450755
0.03636363636363636,0.07838383838383839,1030189.4439805862
0.03636363636363636,0.0791919191919192,922553.9871325839
0.03636363636363636,0.07979818813131313,813304.6609734468
0.03636363636363636,0.08000088465770044,813216.6782742476
0.03636363636363636,0.0800019359326174,813106.9770623993
0.03636363636363636,0.08000324619642925,812970.182767175
0.03636363636363636,0.08000487925285339,812799.5833748053
0.03636363636363636,0.08000691462409718,812586.7924761394
0.03636363636363636,0.08000945142321741,812321.3251171757
0.03636363636363636,0.08001261318046245,811990.0626009426
0.03636363636363636,0.08001655385861739,811576.5751510591
0.03636363636363636,0.08002146535027135,811060.2615234877
0.03636363636363636,0.08002758682208874,810415.2511147627
0.03636363636363636,0.08003521636110686,809608.9951360094
0.03636363636363636,0.08004472549017998,808600.4463056483
0.03636363636363636,0.08005657725940413,807337.6869510326
0.03636363636363636,0.08007134879449027,805754.8063455758
0.03636363636363636,0.08008975940008634,803767.7376777095
0.03636363636363636,0.08011270558654815,801268.6226890069
0.03636363636363636,0.08014130472579933,798118.0408713793
0.03636363636363636,0.08017694946211615,794134.0514980394
0.03636363636363636,0.08022137552738813,789076.3168440805
0.03636363636363636,0.08027674626314021,782622.328834565
0.03636363636363636,0.08034575796514344,774330.3478988912
0.03636363636363636,0.08043177118040407,763578.6636590739
0.03636363636363636,0.08053897435007991,749459.5249256514
0.03636363636363636,0.08067258776696852,730577.8036250451
0.03636363636363636,0.08083911777934251,704622.1372491206
0.03636363636363636,0.08104667361966954,667278.4161844907
0.03636363636363636,0.08130536228629326,608455.6234533606
0.03636363636363636,0.08162778070696558,476009.99347909814
0.03636363636363636,0.08202962915029163,107331.35755749256
0.03636363636363636,0.08237629432068608,82955.87979739926
0.03939393939393939,0.00020202020202020202,1575561.3330015775
0.03939393939393939,0.0008080808080808081,1575561.3330015775
0.03939393939393939,0.0016161616161616162,1575510.4305521485
0.03939393939393939,0.0024242424242424242,1575418.768275261
0.03939393939393939,0.0032323232323232323,1575287.7370314125
0.03939393939393939,0.00404040404040404,1575117.7320151895
0.03939393939393939,0.0048484848484848485,1574908.8577627426
0.03939393939393939,0.0056565656565656566,1574661.0906879068
0.03939393939393939,0.006464646464646465,1574374.3330692442
0.03939393939393939,0.007272727272727273,1574048.435067793
0.03939393939393939,0.00808080808080808,1573683.2049291602
0.03939393939393939,0.008888888888888889,1573278.4140875363
0.03939393939393939,0.009696969696969697,1572833.7997993908
0.03939393939393939,0.010505050505050505,1572349.066461938
0.03939393939393939,0.011313131313131313,1571823.8861712287
0.03939393939393939,0.012121212121212121,1571257.8988054486
0.03939393939393939,0.01292929292929293,1570650.7117884986
0.03939393939393939,0.013737373737373737,1570001.8996215244
0.03939393939393939,0.014545454545454545,1569311.00323327
0.03939393939393939,0.015353535353535354,1568577.529179052
0.03939393939393939,0.01616161616161616,1567800.9487055228
0.03939393939393939,0.016969696969696968,1566980.6966904702
0.03939393939393939,0.017777777777777778,1566116.17046172
0.03939393939393939,0.018585858585858588,1565206.728495623
0.03939393939393939,0.019393939393939394,1564251.6889930004
0.03939393939393939,0.0202020202020202,1563250.3283284018
0.03939393939393939,0.02101010101010101,1562201.8793668617
0.03939393939393939,0.02181818181818182,1561105.5296408643
0.03939393939393939,0.022626262626262626,1559960.4193788648
0.03939393939393939,0.023434343434343433,1558765.6393753674
0.03939393939393939,0.024242424242424242,1557520.2286912065
0.03939393939393939,0.025050505050505052,1556223.172171246
0.03939393939393939,0.02585858585858586,1554873.3977651955
0.03939393939393939,0.026666666666666665,1553469.7736356033
0.03939393939393939,0.027474747474747475,1552011.1050352666
0.03939393939393939,0.028282828282828285,1550496.1309343213
0.03939393939393939,0.02909090909090909,1548923.520375059
0.03939393939393939,0.029898989898989897,1547291.868530043
0.03939393939393939,0.030707070707070707,1545599.6924363405
0.03939393939393939,0.03151515151515151,1543845.4263755707
0.03939393939393939,0.03232323232323232,1542027.4168659702
0.03939393939393939,0.03313131313131313,1540143.9172287183
0.03939393939393939,0.033939393939393936,1538193.0816862783
0.03939393939393939,0.03474747474747475,1536172.9589454185
0.03939393939393939,0.035555555555555556,1534081.4852117805
0.03939393939393939,0.03636363636363636,1531916.4765762442
0.03939393939393939,0.037171717171717175,1529675.6207057727
0.03939393939393939,0.03797979797979798,1527356.4677627427
0.03939393939393939,0.03878787878787879,1524956.4204667879
0.03939393939393939,0.039595959595959594,1522472.7232016807
0.03939393939393939,0.0404040404040404,1519902.450056488
0.03939393939393939,0.041212121212121214,1517242.4916748195
0.03939393939393939,0.04202020202020202,1514489.5407680827
0.03939393939393939,0.042828282828282827,1511640.0761277515
0.03939393939393939,0.04363636363636364,1508690.3449472322
0.03939393939393939,0.044444444444444446,1505636.3432352005
0.03939393939393939,0.04525252525252525,1502473.7940685074
0.03939393939393939,0.04606060606060606,1499198.123392786
0.03939393939393939,0.046868686868686865,1495804.4330314815
0.03939393939393939,0.04767676767676768,1492287.4705075354
0.03939393939393939,0.048484848484848485,1488641.5952143408
0.03939393939393939,0.04929292929292929,1484860.7403913527
0.03939393939393939,0.050101010101010104,1480938.3702616089
0.03939393939393939,0.05090909090909091,1476867.4315693837
0.03939393939393939,0.05171717171717172,1472640.2986109694
0.03939393939393939,0.052525252525252523,1468248.7106734929
0.03939393939393939,0.05333333333333333,1463683.7005769804
0.03939393939393939,0.05414141414141414,1458935.512742233
0.03939393939393939,0.05494949494949495,1453993.5088664792
0.03939393939393939,0.055757575757575756,1448846.058860388
0.03939393939393939,0.05656565656565657,1443480.414157298
0.03939393939393939,0.057373737373737375,1437882.5598125502
0.03939393939393939,0.05818181818181818,1432037.0409187304
0.03939393939393939,0.05898989898989899,1425926.757704074
0.03939393939393939,0.059797979797979794,1419532.7221624702
0.03939393939393939,0.06060606060606061,1412833.7670523257
0.03939393939393939,0.061414141414141414,1405806.195409546
0.03939393939393939,0.06222222222222222,1398423.3550746287
0.03939393939393939,0.06303030303030302,1390655.1177357316
0.03939393939393939,0.06383838383838383,1382467.2350432978
0.03939393939393939,0.06464646464646465,1373820.5345553418
0.03939393939393939,0.06545454545454546,1364669.9042336536
0.03939393939393939,0.06626262626262627,1354962.9937372524
0.03939393939393939,0.06707070707070706,1344638.5303195436
0.03939393939393939,0.06787878787878787,1333624.10090219
0.03939393939393939,0.06868686868686869,1321833.1799870576
0.03939393939393939,0.0694949494949495,1309161.068189787
0.03939393939393939,0.07030303030303031,1295479.2170349208
0.03939393939393939,0.07111111111111111,1280627.0933019868
0.03939393939393939,0.07191919191919191,1264400.1645280814
0.03939393939393939,0.07272727272727272,1246531.5251172436
0.03939393939393939,0.07353535353535354,1226662.5971565899
0.03939393939393939,0.07434343434343435,1204293.9638614978
0.03939393939393939,0.07515151515151516,1178697.4228245385
0.03939393939393939,0.07595959595959595,1148745.1238098114
0.03939393939393939,0.07676767676767676,1112538.36778488
0.03939393939393939,0.07757575757575758,1066459.7842297668
0.03939393939393939,0.07838383838383839,1002031.5720169902
0.03939393939393939,0.0791919191919192,888017.1757193072
0.03939393939393939,0.07979818813131313,770040.6391049494
0.03939393939393939,0.08000088465770044,769944.9139619981
0.03939393939393939,0.0800019359326174,769825.5520547276
0.03939393939393939,0.08000324619642925,769676.7002072219
0.03939393939393939,0.08000487925285339,769491.0465292324
0.03939393939393939,0.08000691462409718,769259.4517016333
0.03939393939393939,0.08000945142321741,768970.4841726321
0.03939393939393939,0.08001261318046245,768609.8326095813
0.03939393939393939,0.08001655385861739,768159.560661663
0.03939393939393939,0.08002146535027135,767597.1577338252
0.03939393939393939,0.08002758682208874,766894.3236623463
0.03939393939393939,0.08003521636110686,766015.4027650317
0.03939393939393939,0.08004472549017998,764915.3503080993
0.03939393939393939,0.08005657725940413,763537.0664679131
0.03939393939393939,0.08007134879449027,761807.8601936192
0.03939393939393939,0.08008975940008634,759634.6923035311
0.03939393939393939,0.08011270558654815,756897.6659638744
0.03939393939393939,0.08014130472579933,753440.9326627445
0.03939393939393939,0.08017694946211615,749059.6660230003
0.03939393939393939,0.08022137552738813,743480.8300580818
0.03939393939393939,0.08027674626314021,736333.7202035557
0.03939393939393939,0.08034575796514344,727102.7454357505
0.03939393939393939,0.08043177118040407,715047.3198557532
0.03939393939393939,0.08053897435007991,699055.6161616343
0.03939393939393939,0.08067258776696852,677349.8630244094
0.03939393939393939,0.08083911777934251,646801.3227006693
0.03939393939393939,0.08104667361966954,600907.2200544832
0.03939393939393939,0.08130536228629326,518608.5816509495
0.03939393939393939,0.08162778070696558,227741.1300464619
0.03939393939393939,0.08202962915029163,8485.084519260596
0.03939393939393939,0.08237629432068608,2048.6403112686894
0.04242424242424243,0.00020202020202020202,1557652.8383467144
0.04242424242424243,0.0008080808080808081,1557652.8383467144
0.04242424242424243,0.0016161616161616162,1557600.1321879132
0.04242424242424243,0.0024242424242424242,1557505.2223741482
0.04242424242424243,0.0032323232323232323,1557369.549951972
0.04242424242424243,0.00404040404040404,1557193.5254272383
0.04242424242424243,0.0048484848484848485,1556977.2587512038
0.04242424242424243,0.0056565656565656566,1556720.7276191032
0.04242424242424243,0.006464646464646465,1556423.833376537
0.04242424242424243,0.007272727272727273,1556086.4238261413
0.04242424242424243,0.00808080808080808,1555708.3038020039
0.04242424242424243,0.008888888888888889,1555289.2404673342
0.04242424242424243,0.009696969696969697,1554828.9660562577
0.04242424242424243,0.010505050505050505,1554327.1792557915
0.04242424242424243,0.011313131313131313,1553783.5458026065
0.04242424242424243,0.012121212121212121,1553197.6985903701
0.04242424242424243,0.01292929292929293,1552569.2374483724
0.04242424242424243,0.013737373737373737,1551897.7286823594
0.04242424242424243,0.014545454545454545,1551182.7044304113
0.04242424242424243,0.015353535353535354,1550423.6618649203
0.04242424242424243,0.01616161616161616,1549620.0622586508
0.04242424242424243,0.016969696969696968,1548771.3299247087
0.04242424242424243,0.017777777777777778,1547876.8510348906
0.04242424242424243,0.018585858585858588,1546935.9723172213
0.04242424242424243,0.019393939393939394,1545947.999630812
0.04242424242424243,0.0202020202020202,1544912.1964141214
0.04242424242424243,0.02101010101010101,1543827.7820010197
0.04242424242424243,0.02181818181818182,1542693.9297975749
0.04242424242424243,0.022626262626262626,1541509.76531112
0.04242424242424243,0.023434343434343433,1540274.364021836
0.04242424242424243,0.024242424242424242,1538986.7490857316
0.04242424242424243,0.025050505050505052,1537645.8888565209
0.04242424242424243,0.02585858585858586,1536250.694212394
0.04242424242424243,0.026666666666666665,1534800.0156720828
0.04242424242424243,0.027474747474747475,1533292.640282856
0.04242424242424243,0.028282828282828285,1531727.2882611454
0.04242424242424243,0.02909090909090909,1530102.6093643508
0.04242424242424243,0.029898989898989897,1528417.1789699807
0.04242424242424243,0.030707070707070707,1526669.4938355908
0.04242424242424243,0.03151515151515151,1524857.9675099873
0.04242424242424243,0.03232323232323232,1522980.9253627514
0.04242424242424243,0.03313131313131313,1521036.599195326
0.04242424242424243,0.033939393939393936,1519023.121392554
0.04242424242424243,0.03474747474747475,1516938.5185686464
0.04242424242424243,0.035555555555555556,1514780.7046559467
0.04242424242424243,0.03636363636363636,1512547.4733784762
0.04242424242424243,0.037171717171717175,1510236.4900449293
0.04242424242424243,0.03797979797979798,1507845.2825874225
0.04242424242424243,0.03878787878787879,1505371.2317626593
0.04242424242424243,0.039595959595959594,1502811.5604210831
0.04242424242424243,0.0404040404040404,1500163.321736758
0.04242424242424243,0.041212121212121214,1497423.3862758449
0.04242424242424243,0.04202020202020202,1494588.4277642441
0.04242424242424243,0.042828282828282827,1491654.9073948034
0.04242424242424243,0.04363636363636364,1488619.056490877
0.04242424242424243,0.044444444444444446,1485476.8573152877
0.04242424242424243,0.04525252525252525,1482224.0217810536
0.04242424242424243,0.04606060606060606,1478855.967781568
0.04242424242424243,0.046868686868686865,1475367.7928119667
0.04242424242424243,0.04767676767676768,1471754.2444986226
0.04242424242424243,0.048484848484848485,1468009.687588038
0.04242424242424243,0.04929292929292929,1464128.0668673785
0.04242424242424243,0.050101010101010104,1460102.865393344
0.04242424242424243,0.05090909090909091,1455927.0572898912
0.04242424242424243,0.05171717171717172,1451593.0542334164
0.04242424242424243,0.052525252525252523,1447092.644569599
0.04242424242424243,0.05333333333333333,1442416.9237905606
0.04242424242424243,0.05414141414141414,1437556.2148329192
0.04242424242424243,0.05494949494949495,1432499.9763217417
0.04242424242424243,0.055757575757575756,1427236.6964623586
0.04242424242424243,0.05656565656565657,1421753.7697448863
0.04242424242424243,0.057373737373737375,1416037.3529388986
0.04242424242424243,0.05818181818181818,1410072.1959687923
0.04242424242424243,0.05898989898989899,1403841.4421059582
0.04242424242424243,0.059797979797979794,1397326.3903971128
0.04242424242424243,0.06060606060606061,1390506.211235361
0.04242424242424243,0.061414141414141414,1383357.6032807746
0.04242424242424243,0.06222222222222222,1375854.3762741205
0.04242424242424243,0.06303030303030302,1367966.939255049
0.04242424242424243,0.06383838383838383,1359661.666689314
0.04242424242424243,0.06464646464646465,1350900.1051103622
0.04242424242424243,0.06545454545454546,1341637.9686700671
0.04242424242424243,0.06626262626262627,1331823.851233932
0.04242424242424243,0.06707070707070706,1321397.5517389562
0.04242424242424243,0.06787878787878787,1310287.8624911075
0.04242424242424243,0.06868686868686869,1298409.596773226
0.04242424242424243,0.0694949494949495,1285659.514785778
0.04242424242424243,0.07030303030303031,1271910.6132779804
0.04242424242424243,0.07111111111111111,1257003.9132733133
0.04242424242424243,0.07191919191919191,1240736.291467479
0.04242424242424243,0.07272727272727272,1222841.802655641
0.04242424242424243,0.07353535353535354,1202961.7742583416
0.04242424242424243,0.07434343434343435,1180594.3815241512
0.04242424242424243,0.07515151515151516,1155003.9171460958
0.04242424242424243,0.07595959595959595,1125043.1651901158
0.04242424242424243,0.07676767676767676,1088763.3799553895
0.04242424242424243,0.07757575757575758,1042402.2319949332
0.04242424242424243,0.07838383838383839,976932.546491308
0.04242424242424243,0.0791919191919192,856868.6076135817
0.04242424242424243,0.07979818813131313,728782.1567584571
0.04242424242424243,0.08000088465770044,728676.857970251
0.04242424242424243,0.0800019359326174,728545.5487038958
0.04242424242424243,0.08000324619642925,728381.7825553388
0.04242424242424243,0.08000487925285339,728177.503541588
0.04242424242424243,0.08000691462409718,727922.6375666729
0.04242424242424243,0.08000945142321741,727604.576480899
0.04242424242424243,0.08001261318046245,727207.5244179737
0.04242424242424243,0.08001655385861739,726711.6663840726
0.04242424242424243,0.08002146535027135,726092.1056237485
0.04242424242424243,0.08002758682208874,725317.4973289738
0.04242424242424243,0.08003521636110686,724348.2790057122
0.04242424242424243,0.08004472549017998,723134.3577889667
0.04242424242424243,0.08005657725940413,721612.0548153365
0.04242424242424243,0.08007134879449027,719700.0138947481
0.04242424242424243,0.08008975940008634,717293.6342574004
0.04242424242424243,0.08011270558654815,714257.3453827142
0.04242424242424243,0.08014130472579933,710413.6309244161
0.04242424242424243,0.08017694946211615,705526.9803404687
0.04242424242424243,0.08022137552738813,699279.5911451186
0.04242424242424243,0.08027674626314021,691232.9691480771
0.04242424242424243,0.08034575796514344,680763.8996038698
0.04242424242424243,0.08043177118040407,666950.081484498
0.04242424242424243,0.08053897435007991,648346.2101455334
0.04242424242424243,0.08067258776696852,622484.4769364388
0.04242424242424243,0.08083911777934251,584501.5483453344
0.04242424242424243,0.08104667361966954,521210.9018998036
0.04242424242424243,0.08130536228629326,335299.308366304
0.04242424242424243,0.08162778070696558,39316.68659735478
0.04242424242424243,0.08202962915029163,309.38454490403785
0.04242424242424243,0.08237629432068608,300.0021844082857
0.045454545454545456,0.00020202020202020202,1539487.785143429
0.045454545454545456,0.0008080808080808081,1539487.785143429
0.045454545454545456,0.0016161616161616162,1539433.3766117534
0.045454545454545456,0.0024242424242424242,1539335.40190058
0.045454545454545456,0.0032323232323232323,1539195.349749348
0.045454545454545456,0.00404040404040404,1539013.6455818887
0.045454545454545456,0.0048484848484848485,1538790.4050682853
0.045454545454545456,0.0056565656565656566,1538525.6078639664
0.045454545454545456,0.006464646464646465,1538219.1553303131
0.045454545454545456,0.007272727272727273,1537870.8940893905
0.045454545454545456,0.00808080808080808,1537480.6269539318
0.045454545454545456,0.008888888888888889,1537048.1184126427
0.045454545454545456,0.009696969696969697,1536573.097479572
0.045454545454545456,0.010505050505050505,1536055.2591423101
0.045454545454545456,0.011313131313131313,1535494.265002271
0.045454545454545456,0.012121212121212121,1534889.7434125394
0.045454545454545456,0.01292929292929293,1534241.2892793373
0.045454545454545456,0.013737373737373737,1533548.4636211423
0.045454545454545456,0.014545454545454545,1532810.792940223
0.045454545454545456,0.015353535353535354,1532027.7684388706
0.045454545454545456,0.01616161616161616,1531198.8450991646
0.045454545454545456,0.016969696969696968,1530323.4406367016
0.045454545454545456,0.017777777777777778,1529400.9343332371
0.045454545454545456,0.018585858585858588,1528430.6657494332
0.045454545454545456,0.019393939393939394,1527411.9333161935
0.045454545454545456,0.0202020202020202,1526343.9928009901
0.045454545454545456,0.02101010101010101,1525226.0556438966
0.045454545454545456,0.02181818181818182,1524057.287156577
0.045454545454545456,0.022626262626262626,1522836.804576131
0.045454545454545456,0.023434343434343433,1521563.6749643902
0.045454545454545456,0.024242424242424242,1520236.912941955
0.045454545454545456,0.025050505050505052,1518855.4782449007
0.045454545454545456,0.02585858585858586,1517418.2730906403
0.045454545454545456,0.026666666666666665,1515924.1393378745
0.045454545454545456,0.027474747474747475,1514371.8554238626
0.045454545454545456,0.028282828282828285,1512760.1330603848
0.045454545454545456,0.02909090909090909,1511087.61366768
0.045454545454545456,0.029898989898989897,1509352.8645233547
0.045454545454545456,0.030707070707070707,1507554.3746006573
0.045454545454545456,0.03151515151515151,1505690.5500676276
0.045454545454545456,0.03232323232323232,1503759.709415358
0.045454545454545456,0.03313131313131313,1501760.0781799213
0.045454545454545456,0.033939393939393936,1499689.7832183437
0.045454545454545456,0.03474747474747475,1497546.8464942651
0.045454545454545456,0.035555555555555556,1495329.1783235332
0.045454545454545456,0.03636363636363636,1493034.570023828
0.045454545454545456,0.037171717171717175,1490660.6859053713
0.045454545454545456,0.03797979797979798,1488205.0545317007
0.045454545454545456,0.03878787878787879,1485665.0591701965
0.045454545454545456,0.039595959595959594,1483037.9273413448
0.045454545454545456,0.0404040404040404,1480320.71936331
0.045454545454545456,0.041212121212121214,1477510.3157740205
0.045454545454545456,0.04202020202020202,1474603.403496221
0.045454545454545456,0.042828282828282827,1471596.4605913896
0.045454545454545456,0.04363636363636364,1468485.739425507
0.045454545454545456,0.044444444444444446,1465267.2480427206
0.045454545454545456,0.04525252525252525,1461936.7295111192
0.045454545454545456,0.04606060606060606,1458489.638967159
0.045454545454545456,0.046868686868686865,1454921.1180404231
0.045454545454545456,0.04767676767676768,1451225.9662868062
0.045454545454545456,0.048484848484848485,1447398.6091939136
0.045454545454545456,0.04929292929292929,1443433.06224493
0.045454545454545456,0.050101010101010104,1439322.8904332716
0.045454545454545456,0.05090909090909091,1435061.16250596
0.045454545454545456,0.05171717171717172,1430640.3990736424
0.045454545454545456,0.052525252525252523,1426052.5135528094
0.045454545454545456,0.05333333333333333,1421288.744692355
0.045454545454545456,0.05414141414141414,1416339.5791707025
0.045454545454545456,0.05494949494949495,1411194.6624162903
0.045454545454545456,0.055757575757575756,1405842.6953831755
0.045454545454545456,0.05656565656565657,1400271.3144780553
0.045454545454545456,0.057373737373737375,1394466.9511487312
0.045454545454545456,0.05818181818181818,1388414.6667573117
0.045454545454545456,0.05898989898989899,1382097.957205723
0.045454545454545456,0.059797979797979794,1375498.520260784
0.045454545454545456,0.06060606060606061,1368595.9765063233
0.045454545454545456,0.061414141414141414,1361367.532137836
0.045454545454545456,0.06222222222222222,1353787.5681319379
0.045454545454545456,0.06303030303030302,1345827.135258381
0.045454545454545456,0.06383838383838383,1337453.3273447426
0.045454545454545456,0.06464646464646465,1328628.4952241313
0.045454545454545456,0.06545454545454546,1319309.249457423
0.045454545454545456,0.06626262626262627,1309445.1789548856
0.045454545454545456,0.06707070707070706,1298977.1813636234
0.045454545454545456,0.06787878787878787,1287835.2534700185
0.045454545454545456,0.06868686868686869,1275935.5155597967
0.045454545454545456,0.0694949494949495,1263176.1245344349
0.045454545454545456,0.07030303030303031,1249431.533574074
0.045454545454545456,0.07111111111111111,1234544.218692973
0.045454545454545456,0.07191919191919191,1218312.3905007408
0.045454545454545456,0.07272727272727272,1200471.0828911955
0.045454545454545456,0.07353535353535354,1180661.779133728
0.045454545454545456,0.07434343434343435,1158381.002701349
0.045454545454545456,0.07515151515151516,1132887.3681037852
0.045454545454545456,0.07595959595959595,1103018.4369442307
0.045454545454545456,0.07676767676767676,1066784.9184585747
0.045454545454545456,0.07757575757575758,1020302.9342914276
0.045454545454545456,0.07838383838383839,954061.0740256965
0.045454545454545456,0.0791919191919192,828332.3930570715
0.045454545454545456,0.07979818813131313,688343.2301947722
0.045454545454545456,0.08000088465770044,688226.0314120762
0.045454545454545456,0.0800019359326174,688079.8691465041
0.045454545454545456,0.08000324619642925,687897.5576045024
0.045454545454545456,0.08000487925285339,687670.1126042758
0.045454545454545456,0.08000691462409718,687386.2927757796
0.045454545454545456,0.08000945142321741,687032.018829534
0.045454545454545456,0.08001261318046245,686589.6357533307
0.045454545454545456,0.08001655385861739,686036.971145586
0.045454545454545456,0.08002146535027135,685346.1265514782
0.045454545454545456,0.08002758682208874,684481.9153026959
0.045454545454545456,0.08003521636110686,683399.8262477329
0.045454545454545456,0.08004472549017998,682043.3417921308
0.045454545454545456,0.08005657725940413,680340.3605692498
0.045454545454545456,0.08007134879449027,678198.3519993543
0.045454545454545456,0.08008975940008634,675497.6699504383
0.045454545454545456,0.08011270558654815,672082.1159030924
0.045454545454545456,0.08014130472579933,667745.251609525
0.045454545454545456,0.08017694946211615,662209.8763523663
0.045454545454545456,0.08022137552738813,655095.9752201741
0.045454545454545456,0.08027674626314021,645868.0551871279
0.045454545454545456,0.08034575796514344,633742.8260029653
0.045454545454545456,0.08043177118040407,617512.8961706507
0.045454545454545456,0.08053897435007991,595167.1207923533
0.045454545454545456,0.08067258776696852,562904.3876433601
0.045454545454545456,0.08083911777934251,511426.14591246826
0.045454545454545456,0.08104667361966954,392864.4555364782
0.045454545454545456,0.08130536228629326,93975.9791645436
0.045454545454545456,0.08162778070696558,870.1743435233976
0.045454545454545456,0.08202962915029163,300.000000287173
0.045454545454545456,0.08237629432068608,300.0000000000648
0.048484848484848485,0.00020202020202020202,1521043.6402384858
0.048484848484848485,0.0008080808080808081,1521043.6402384858
0.048484848484848485,0.0016161616161616162,1520987.62444502
0.048484848484848485,0.0024242424242424242,1520886.7562519556
0.048484848484848485,0.0032323232323232323,1520742.5697449227
0.048484848484848485,0.00404040404040404,1520555.5048869946
0.048484848484848485,0.0048484848484848485,1520325.6833395287
0.048484848484848485,0.0056565656565656566,1520053.0873394718
0.048484848484848485,0.006464646464646465,1519737.619135332
0.048484848484848485,0.007272727272727273,1519379.125251384
0.048484848484848485,0.00808080808080808,1518977.4077572084
0.048484848484848485,0.008888888888888889,1518532.2299346258
0.048484848484848485,0.009696969696969697,1518043.319233755
0.048484848484848485,0.010505050505050505,1517510.3687894943
0.048484848484848485,0.011313131313131313,1516933.0381093218
0.048484848484848485,0.012121212121212121,1516310.9532470694
0.048484848484848485,0.01292929292929293,1515643.706633795
0.048484848484848485,0.013737373737373737,1514930.8566627754
0.048484848484848485,0.014545454545454545,1514171.9270852266
0.048484848484848485,0.015353535353535354,1513366.4062502473
0.048484848484848485,0.01616161616161616,1512513.7462086675
0.048484848484848485,0.016969696969696968,1511613.3616918651
0.048484848484848485,0.017777777777777778,1510664.6289710088
0.048484848484848485,0.018585858585858588,1509666.8845983536
0.048484848484848485,0.019393939393939394,1508619.424029465
0.048484848484848485,0.0202020202020202,1507521.5001231697
0.048484848484848485,0.02101010101010101,1506372.3215143231
0.048484848484848485,0.02181818181818182,1505171.050853051
0.048484848484848485,0.022626262626262626,1503916.8029027814
0.048484848484848485,0.023434343434343433,1502608.6424881213
0.048484848484848485,0.024242424242424242,1501245.5822823546
0.048484848484848485,0.025050505050505052,1499826.5804230254
0.048484848484848485,0.02585858585858586,1498350.537942681
0.048484848484848485,0.026666666666666665,1496816.296000348
0.048484848484848485,0.027474747474747475,1495222.6328976841
0.048484848484848485,0.028282828282828285,1493568.260861953
0.048484848484848485,0.02909090909090909,1491851.8225759745
0.048484848484848485,0.029898989898989897,1490071.887432991
0.048484848484848485,0.030707070707070707,1488226.9474918975
0.048484848484848485,0.03151515151515151,1486315.4131055095
0.048484848484848485,0.03232323232323232,1484335.6081913908
0.048484848484848485,0.03313131313131313,1482285.7651112191
0.048484848484848485,0.033939393939393936,1480164.019120648
0.048484848484848485,0.03474747474747475,1477968.4023470487
0.048484848484848485,0.035555555555555556,1475696.837247319
0.048484848484848485,0.03636363636363636,1473347.1294919942
0.048484848484848485,0.037171717171717175,1470916.960215088
0.048484848484848485,0.03797979797979798,1468403.8775612742
0.048484848484848485,0.03878787878787879,1465805.2874530114
0.048484848484848485,0.039595959595959594,1463118.4434898095
0.048484848484848485,0.0404040404040404,1460340.4358797874
0.048484848484848485,0.041212121212121214,1457468.1792896637
0.048484848484848485,0.04202020202020202,1454498.399483
0.048484848484848485,0.042828282828282827,1451427.6185974064
0.048484848484848485,0.04363636363636364,1448252.1388890194
0.048484848484848485,0.044444444444444446,1444968.0247461393
0.048484848484848485,0.04525252525252525,1441571.082742706
0.048484848484848485,0.04606060606060606,1438056.8394652312
0.048484848484848485,0.046868686868686865,1434420.5168026465
0.048484848484848485,0.04767676767676768,1430657.0043356796
0.048484848484848485,0.048484848484848485,1426760.8283988477
0.048484848484848485,0.04929292929292929,1422726.1173114546
0.048484848484848485,0.050101010101010104,1418546.5621809193
0.048484848484848485,0.05090909090909091,1414215.3725682886
0.048484848484848485,0.05171717171717172,1409725.2261666874
0.048484848484848485,0.052525252525252523,1405068.2114720312
0.048484848484848485,0.05333333333333333,1400235.762212806
0.048484848484848485,0.05414141414141414,1395218.5820406587
0.048484848484848485,0.05494949494949495,1390006.5576508665
0.048484848484848485,0.055757575757575756,1384588.6580813003
0.048484848484848485,0.05656565656565657,1378952.8174034185
0.048484848484848485,0.057373737373737375,1373085.7973325457
0.048484848484848485,0.05818181818181818,1366973.0253975014
0.048484848484848485,0.05898989898989899,1360598.4031527087
0.048484848484848485,0.059797979797979794,1353944.077393386
0.048484848484848485,0.06060606060606061,1346990.1653109272
0.048484848484848485,0.061414141414141414,1339714.4218076004
0.048484848484848485,0.06222222222222222,1332091.8334970633
0.048484848484848485,0.06303030303030302,1324094.1188378357
0.048484848484848485,0.06383838383838383,1315689.1067656144
0.048484848484848485,0.06464646464646465,1306839.9561723166
0.048484848484848485,0.06545454545454546,1297504.164177704
0.048484848484848485,0.06626262626262627,1287632.2900657174
0.048484848484848485,0.06707070707070706,1277166.2903132671
0.048484848484848485,0.06787878787878787,1266037.3121902712
0.048484848484848485,0.06868686868686869,1254162.71849515
0.048484848484848485,0.0694949494949495,1241441.9956984126
0.048484848484848485,0.07030303030303031,1227750.9985218914
0.048484848484848485,0.07111111111111111,1212933.6420185722
0.048484848484848485,0.07191919191919191,1196789.5406666806
0.048484848484848485,0.07272727272727272,1179054.9463280034
0.048484848484848485,0.07353535353535354,1159372.0561269445
0.048484848484848485,0.07434343434343435,1137236.9026491924
0.048484848484848485,0.07515151515151516,1111904.757294995
0.048484848484848485,0.07595959595959595,1082202.7264542175
0.048484848484848485,0.07676767676767676,1046111.3076566021
0.048484848484848485,0.07757575757575758,999650.2450445577
0.048484848484848485,0.07838383838383839,932898.5289870107
0.048484848484848485,0.0791919191919192,802034.165797784
0.048484848484848485,0.07979818813131313,647936.9404573912
0.048484848484848485,0.08000088465770044,647804.8693207212
0.048484848484848485,0.0800019359326174,647640.1404412101
0.048484848484848485,0.08000324619642925,647434.6409937282
0.048484848484848485,0.08000487925285339,647178.221897062
0.048484848484848485,0.08000691462409718,646858.1750486447
0.048484848484848485,0.08000945142321741,646458.569791422
0.048484848484848485,0.08001261318046245,645959.4070221585
0.048484848484848485,0.08001655385861739,645335.5350065918
0.048484848484848485,0.08002146535027135,644555.2505521685
0.048484848484848485,0.08002758682208874,643578.4795309816
0.048484848484848485,0.08003521636110686,642354.3866743189
0.048484848484848485,0.08004472549017998,640818.1974260021
0.048484848484848485,0.08005657725940413,638886.9095377852
0.048484848484848485,0.08007134879449027,636453.4024557989
0.048484848484848485,0.08008975940008634,633378.169216069
0.048484848484848485,0.08011270558654815,629477.4034156388
0.048484848484848485,0.08014130472579933,624505.2790191604
0.048484848484848485,0.08017694946211615,618126.543169898
0.048484848484848485,0.08022137552738813,609872.0203432733
0.048484848484848485,0.08027674626314021,599061.782992089
0.048484848484848485,0.08034575796514344,584661.2929929787
0.048484848484848485,0.08043177118040407,564979.8246834537
0.048484848484848485,0.08053897435007991,536917.6508136378
0.048484848484848485,0.08067258776696852,493364.87152206386
0.048484848484848485,0.08083911777934251,405776.1355148863
0.048484848484848485,0.08104667361966954,147616.09164895618
0.048484848484848485,0.08130536228629326,3879.211831292127
0.048484848484848485,0.08162778070696558,300.0003474545106
0.048484848484848485,0.08202962915029163,300.00000000000085
0.048484848484848485,0.08237629432068608,300.00000000000074
0.051515151515151514,0.00020202020202020202,1502289.295939292
0.051515151515151514,0.0008080808080808081,1502289.295939292
0.051515151515151514,0.0016161616161616162,1502231.7563710932
0.051515151515151514,0.0024242424242424242,1502128.1451582187
0.051515151515151514,0.0032323232323232323,1501980.0396664129
0.051515151515151514,0.00404040404040404,1501787.8940568706
0.051515151515151514,0.0048484848484848485,1501551.8362101016
0.051515151515151514,0.0056565656565656566,1501271.8514759743
0.051515151515151514,0.006464646464646465,1500947.8437381317
0.051515151515151514,0.007272727272727273,1500579.6603536073
0.051515151515151514,0.00808080808080808,1500167.103747638
0.051515151515151514,0.008888888888888889,1499709.9372566817
0.051515151515151514,0.009696969696969697,1499207.8881900397
0.051515151515151514,0.010505050505050505,1498660.649416029
0.051515151515151514,0.011313131313131313,1498067.880100334
0.051515151515151514,0.012121212121212121,1497429.205919894
0.051515151515151514,0.01292929292929293,1496744.2189282894
0.051515151515151514,0.013737373737373737,1496012.4771724956
0.051515151515151514,0.014545454545454545,1495233.5041193813
0.051515151515151514,0.015353535353535354,1494406.7879266327
0.051515151515151514,0.01616161616161616,1493531.780578613
0.051515151515151514,0.016969696969696968,1492607.896898863
0.051515151515151514,0.017777777777777778,1491634.5134452113
0.051515151515151514,0.018585858585858588,1490610.9672895838
0.051515151515151514,0.019393939393939394,1489536.5546818092
0.051515151515151514,0.0202020202020202,1488410.5295946342
0.051515151515151514,0.02101010101010101,1487232.102145466
0.051515151515151514,0.02181818181818182,1486000.436888927
0.051515151515151514,0.022626262626262626,1484714.6509730148
0.051515151515151514,0.023434343434343433,1483373.81215041
0.051515151515151514,0.024242424242424242,1481976.9366352498
0.051515151515151514,0.025050505050505052,1480522.9867944121
0.051515151515151514,0.02585858585858586,1479010.8686610132
0.051515151515151514,0.026666666666666665,1477439.4292563864
0.051515151515151514,0.027474747474747475,1475807.4537052293
0.051515151515151514,0.028282828282828285,1474113.6621268925
0.051515151515151514,0.02909090909090909,1472356.7062838515
0.051515151515151514,0.029898989898989897,1470535.165966283
0.051515151515151514,0.030707070707070707,1468647.5450892658
0.051515151515151514,0.03151515151515151,1466692.2674764418
0.051515151515151514,0.03232323232323232,1464667.672300945
0.051515151515151514,0.03313131313131313,1462572.0091509698
0.051515151515151514,0.033939393939393936,1460403.4326834693
0.051515151515151514,0.03474747474747475,1458159.9968250403
0.051515151515151514,0.035555555555555556,1455839.6484740118
0.051515151515151514,0.03636363636363636,1453440.2206519726
0.051515151515151514,0.037171717171717175,1450959.4250463608
0.051515151515151514,0.03797979797979798,1448394.8438781102
0.051515151515151514,0.03878787878787879,1445743.9210195737
0.051515151515151514,0.039595959595959594,1443003.952277775
0.051515151515151514,0.0404040404040404,1440172.0747462462
0.051515151515151514,0.041212121212121214,1437245.2551149859
0.051515151515151514,0.04202020202020202,1434220.2768120428
0.051515151515151514,0.042828282828282827,1431093.7258314514
0.051515151515151514,0.04363636363636364,1427861.9750801763
0.051515151515151514,0.044444444444444446,1424521.167050677
0.051515151515151514,0.04525252525252525,1421067.1945948792
0.051515151515151514,0.04606060606060606,1417495.6795386844
0.051515151515151514,0.046868686868686865,1413801.94883243
0.051515151515151514,0.04767676767676768,1409981.0078803063
0.051515151515151514,0.048484848484848485,1406027.5106287028
0.051515151515151514,0.04929292929292929,1401935.7259172252
0.051515151515151514,0.050101010101010104,1397699.4995035978
0.051515151515151514,0.05090909090909091,1393312.2110606998
0.051515151515151514,0.05171717171717172,1388766.7253054567
0.051515151515151514,0.052525252525252523,1384055.3362484376
0.051515151515151514,0.05333333333333333,1379169.7033411025
0.051515151515151514,0.05414141414141414,1374100.7780332344
0.051515151515151514,0.05494949494949495,1368838.7189211114
0.051515151515151514,0.055757575757575756,1363372.793247348
0.051515151515151514,0.05656565656565657,1357691.2619791573
0.051515151515151514,0.057373737373737375,1351781.2450066719
0.051515151515151514,0.05818181818181818,1345628.5621171368
0.051515151515151514,0.05898989898989899,1339217.5442456882
0.051515151515151514,0.059797979797979794,1332530.8079831856
0.051515151515151514,0.06060606060606061,1325548.9843010807
0.051515151515151514,0.061414141414141414,1318250.3897391597
0.051515151515151514,0.06222222222222222,1310610.6246141016
0.051515151515151514,0.06303030303030302,1302602.0777330282
0.051515151515151514,0.06383838383838383,1294193.3100208067
0.051515151515151514,0.06464646464646465,1285348.2794564124
0.051515151515151514,0.06545454545454546,1276025.3553111604
0.051515151515151514,0.06626262626262627,1266176.0485943072
0.051515151515151514,0.06707070707070706,1255743.3541232112
0.051515151515151514,0.06787878787878787,1244659.5515758966
0.051515151515151514,0.06868686868686869,1232843.237716418
0.051515151515151514,0.0694949494949495,1220195.241134249
0.051515151515151514,0.07030303030303031,1206592.870376778
0.051515151515151514,0.07111111111111111,1191881.6017139915
0.051515151515151514,0.07191919191919191,1175862.6951987066
0.051515151515151514,0.07272727272727272,1158274.065965454
0.051515151515151514,0.07353535353535354,1138759.422403884
0.051515151515151514,0.07434343434343435,1116815.733450726
0.051515151515151514,0.07515151515151516,1091697.5445442267
0.051515151515151514,0.07595959595959595,1062226.561985289
0.051515151515151514,0.07676767676767676,1026363.74813111
0.051515151515151514,0.07757575757575758,980058.6056620185
0.051515151515151514,0.07838383838383839,913062.817988073
0.051515151515151514,0.0791919191919192,777768.4264412039
0.051515151515151514,0.07979818813131313,606561.3779092191
0.051515151515151514,0.08000088465770044,606409.8694469762
0.051515151515151514,0.0800019359326174,606220.8678392797
0.051515151515151514,0.08000324619642925,605985.0428395608
0.051515151515151514,0.08000487925285339,605690.7133047238
0.051515151515151514,0.08000691462409718,605323.2385523428
0.051515151515151514,0.08000945142321741,604864.2429563684
0.051515151515151514,0.08001261318046245,604290.6229074614
0.051515151515151514,0.08001655385861739,603573.2668392714
0.051515151515151514,0.08002146535027135,602675.3923246195
0.051515151515151514,0.08002758682208874,601550.3646834068
0.051515151515151514,0.08003521636110686,600138.8014531217
0.051515151515151514,0.08004472549017998,598364.6732808982
0.051515151515151514,0.08005657725940413,596129.9609003837
0.051515151515151514,0.08007134879449027,593307.176668224
0.051515151515151514,0.08008975940008634,589728.6243679456
0.051515151515151514,0.08011270558654815,585170.4835214566
0.051515151515151514,0.08014130472579933,579328.2990431704
0.051515151515151514,0.08017694946211615,571777.3835557454
0.051515151515151514,0.08022137552738813,561904.8243655927
0.051515151515151514,0.08027674626314021,548782.9479572211
0.051515151515151514,0.08034575796514344,530905.7311028028
0.051515151515151514,0.08043177118040407,505535.3070585837
0.051515151515151514,0.08053897435007991,466504.195313386
0.051515151515151514,0.08067258776696852,391783.04687337624
0.051515151515151514,0.08083911777934251,175666.30927594434
0.051515151515151514,0.08104667361966954,8547.126263533026
0.051515151515151514,0.08130536228629326,300.02005127480555
0.051515151515151514,0.08162778070696558,300.0000000000025
0.051515151515151514,0.08202962915029163,300.0000000000008
0.051515151515151514,0.08237629432068608,300.00000000000074
0.05454545454545454,0.00020202020202020202,1483183.3449177474
0.05454545454545454,0.0008080808080808081,1483183.3449177474
0.05454545454545454,0.0016161616161616162,1483124.3473596068
0.05454545454545454,0.0024242424242424242,1483018.1116817398
0.05454545454545454,0.0032323232323232323,1482866.2568965375
0.05454545454545454,0.00404040404040404,1482669.25108718
0.05454545454545454,0.0048484848484848485,1482427.2285235939
0.05454545454545454,0.0056565656565656566,1482140.1780760058
0.05454545454545454,0.006464646464646465,1481808.0058392675
0.05454545454545454,0.007272727272727273,1481430.5607209955
0.05454545454545454,0.00808080808080808,1481007.646350315
0.05454545454545454,0.008888888888888889,1480539.0270924778
0.05454545454545454,0.009696969696969697,1480024.4312150003
0.05454545454545454,0.010505050505050505,1479463.5525444143
0.05454545454545454,0.011313131313131313,1478856.0512572634
0.05454545454545454,0.012121212121212121,1478201.5541370313
0.05454545454545454,0.01292929292929293,1477499.6544775886
0.05454545454545454,0.013737373737373737,1476749.9117357507
0.05454545454545454,0.014545454545454545,1475951.8509930335
0.05454545454545454,0.015353535353535354,1475104.962262415
0.05454545454545454,0.01616161616161616,1474208.6996614276
0.05454545454545454,0.016969696969696968,1473262.4804638997
0.05454545454545454,0.017777777777777778,1472265.6840368323
0.05454545454545454,0.018585858585858588,1471217.6506649535
0.05454545454545454,0.019393939393939394,1470117.6802626764
0.05454545454545454,0.0202020202020202,1468965.0309710952
0.05454545454545454,0.02101010101010101,1467758.917635971
0.05454545454545454,0.02181818181818182,1466498.5101612469
0.05454545454545454,0.022626262626262626,1465182.9317313582
0.05454545454545454,0.023434343434343433,1463811.256894398
0.05454545454545454,0.024242424242424242,1462382.5094970085
0.05454545454545454,0.025050505050505052,1460895.660460635
0.05454545454545454,0.02585858585858586,1459349.6253874972
0.05454545454545454,0.026666666666666665,1457743.2619832351
0.05454545454545454,0.027474747474747475,1456075.3672816837
0.05454545454545454,0.028282828282828285,1454344.6746555564
0.05454545454545454,0.02909090909090909,1452549.850594977
0.05454545454545454,0.029898989898989897,1450689.491233732
0.05454545454545454,0.030707070707070707,1448762.1186008102
0.05454545454545454,0.03151515151515151,1446766.1765721892
0.05454545454545454,0.03232323232323232,1444700.0264948998
0.05454545454545454,0.03313131313131313,1442561.942452064
0.05454545454545454,0.033939393939393936,1440350.1061338366
0.05454545454545454,0.03474747474747475,1438062.601274865
0.05454545454545454,0.035555555555555556,1435697.4076139806
0.05454545454545454,0.03636363636363636,1433252.394326199
0.05454545454545454,0.037171717171717175,1430725.3128706464
0.05454545454545454,0.03797979797979798,1428113.7891905848
0.05454545454545454,0.03878787878787879,1425415.3151931101
0.05454545454545454,0.039595959595959594,1422627.2394261346
0.05454545454545454,0.0404040404040404,1419746.7568586958
0.05454545454545454,0.041212121212121214,1416770.897657133
0.05454545454545454,0.04202020202020202,1413696.5148339057
0.05454545454545454,0.042828282828282827,1410520.270627322
0.05454545454545454,0.04363636363636364,1407238.6214486554
0.05454545454545454,0.044444444444444446,1403847.8012074167
0.05454545454545454,0.04525252525252525,1400343.8027950325
0.05454545454545454,0.04606060606060606,1396722.3574709161
0.05454545454545454,0.046868686868686865,1392978.9118515658
0.05454545454545454,0.04767676767676768,1389108.6021513613
0.05454545454545454,0.048484848484848485,1385106.2252611388
0.05454545454545454,0.04929292929292929,1380966.2061749229
0.05454545454545454,0.050101010101010104,1376682.5611832172
0.05454545454545454,0.05090909090909091,1372248.856138938
0.05454545454545454,0.05171717171717172,1367658.1589642758
0.05454545454545454,0.052525252525252523,1362902.9853967624
0.05454545454545454,0.05333333333333333,1357975.236761931
0.05454545454545454,0.05414141414141414,1352866.1282967983
0.05454545454545454,0.05494949494949495,1347566.1062179524
0.05454545454545454,0.055757575757575756,1342064.7513103683
0.05454545454545454,0.05656565656565657,1336350.6662813954
0.05454545454545454,0.057373737373737375,1330411.3434425083
0.05454545454545454,0.05818181818181818,1324233.008399907
0.05454545454545454,0.05898989898989899,1317800.434285622
0.05454545454545454,0.059797979797979794,1311096.7195481963
0.05454545454545454,0.06060606060606061,1304103.0203117025
0.05454545454545454,0.061414141414141414,1296798.225611474
0.05454545454545454,0.06222222222222222,1289158.5601454512
0.05454545454545454,0.06303030303030302,1281157.0941310837
0.05454545454545454,0.06383838383838383,1272763.1328154227
0.05454545454545454,0.06464646464646465,1263941.4482166176
0.05454545454545454,0.06545454545454546,1254651.3013303152
0.05454545454545454,0.06626262626262627,1244845.1820214689
0.05454545454545454,0.06707070707070706,1234467.1624258559
0.05454545454545454,0.06787878787878787,1223450.7117322488
0.05454545454545454,0.06868686868686869,1211715.745150655
0.05454545454545454,0.0694949494949495,1199164.559066629
0.05454545454545454,0.07030303030303031,1185676.1037602872
0.05454545454545454,0.07111111111111111,1171097.699690371
0.05454545454545454,0.07191919191919191,1155232.6834698047
0.05454545454545454,0.07272727272727272,1137821.3014434436
0.05454545454545454,0.07353535353535354,1118509.8353198862
0.05454545454545454,0.07434343434343435,1096797.94244841
0.05454545454545454,0.07515151515151516,1071942.4880152184
0.05454545454545454,0.07595959595959595,1042765.4848480965
0.05454545454545454,0.07676767676767676,1007220.2987590501
0.05454545454545454,0.07757575757575758,961215.8468322771
0.05454545454545454,0.07838383838383839,894275.847207244
0.05454545454545454,0.0791919191919192,755606.8443191571
0.05454545454545454,0.07979818813131313,563058.5208433311
0.05454545454545454,0.08000088465770044,562880.5641600825
0.05454545454545454,0.0800019359326174,562658.5209188596
0.05454545454545454,0.08000324619642925,562381.3930321423
0.05454545454545454,0.08000487925285339,562035.3960765732
0.05454545454545454,0.08000691462409718,561603.2293314285
0.05454545454545454,0.08000945142321741,561063.1409545419
0.05454545454545454,0.08001261318046245,560387.723057619
0.05454545454545454,0.08001655385861739,559542.3462917582
0.05454545454545454,0.08002146535027135,558483.1062568894
0.05454545454545454,0.08002758682208874,557154.0973472382
0.05454545454545454,0.08003521636110686,555483.7410256767
0.05454545454545454,0.08004472549017998,553379.7526906113
0.05454545454545454,0.08005657725940413,550722.0929532733
0.05454545454545454,0.08007134879449027,547352.8352285267
0.05454545454545454,0.08008975940008634,543061.1284097051
0.05454545454545454,0.08011270558654815,537559.984467988
0.05454545454545454,0.08014130472579933,530448.6356519228
0.05454545454545454,0.08017694946211615,521147.49893700203
0.05454545454545454,0.08022137552738813,508775.8929913826
0.05454545454545454,0.08027674626314021,491892.85910966934
0.05454545454545454,0.08034575796514344,467838.09667326737
0.05454545454545454,0.08043177118040407,430495.85633136734
0.05454545454545454,0.08053897435007991,359029.7958665845
0.05454545454545454,0.08067258776696852,167179.5452964549
0.05454545454545454,0.08083911777934251,9638.679053939903
0.05454545454545454,0.08104667361966954,300.054197464346
0.05454545454545454,0.08130536228629326,300.0000000000076
0.05454545454545454,0.08162778070696558,300.0000000000008
0.05454545454545454,0.08202962915029163,300.0000000000008
0.05454545454545454,0.08237629432068608,300.00000000000074
0.05757575757575758,0.00020202020202020202,1463671.9416535685
0.05757575757575758,0.0008080808080808081,1463671.9416535685
0.05757575757575758,0.0016161616161616162,1463611.52729375
0.05757575757575758,0.0024242424242424242,1463502.7413737443
0.05757575757575758,0.0032323232323232323,1463347.2435237055
0.05757575757575758,0.00404040404040404,1463145.5155681993
0.05757575757575758,0.0048484848484848485,1462897.6982638957
0.05757575757575758,0.0056565656565656566,1462603.784245756
0.05757575757575758,0.006464646464646465,1462263.682168544
0.05757575757575758,0.007272727272727273,1461877.2429268684
0.05757575757575758,0.00808080808080808,1461444.2718709838
0.05757575757575758,0.008888888888888889,1460964.5349904164
0.05757575757575758,0.009696969696969697,1460437.7621841477
0.05757575757575758,0.010505050505050505,1459863.6489886402
0.05757575757575758,0.011313131313131313,1459241.8574228592
0.05757575757575758,0.012121212121212121,1458572.0162900486
0.05757575757575758,0.01292929292929293,1457853.7211213189
0.05757575757575758,0.013737373737373737,1457086.5338662604
0.05757575757575758,0.014545454545454545,1456269.9823923018
0.05757575757575758,0.015353535353535354,1455403.5598297082
0.05757575757575758,0.01616161616161616,1454486.7237842986
0.05757575757575758,0.016969696969696968,1453518.895430794
0.05757575757575758,0.017777777777777778,1452499.458493761
0.05757575757575758,0.018585858585858588,1451427.758119122
0.05757575757575758,0.019393939393939394,1450303.099636377
0.05757575757575758,0.0202020202020202,1449124.7472095694
0.05757575757575758,0.02101010101010101,1447891.9223733747
0.05757575757575758,0.02181818181818182,1446603.8024493011
0.05757575757575758,0.022626262626262626,1445259.5188357395
0.05757575757575758,0.023434343434343433,1443858.1551644418
0.05757575757575758,0.024242424242424242,1442398.7453148512
0.05757575757575758,0.025050505050505052,1440880.2712765234
0.05757575757575758,0.02585858585858586,1439301.6608486408
0.05757575757575758,0.026666666666666665,1437661.7851642806
0.05757575757575758,0.027474747474747475,1435959.4560256356
0.05757575757575758,0.028282828282828285,1434193.4230347902
0.05757575757575758,0.02909090909090909,1432362.3705028512
0.05757575757575758,0.029898989898989897,1430464.9141182469
0.05757575757575758,0.030707070707070707,1428499.597352762
0.05757575757575758,0.03151515151515151,1426464.8875813526
0.05757575757575758,0.03232323232323232,1424359.171888927
0.05757575757575758,0.03313131313131313,1422180.752534048
0.05757575757575758,0.033939393939393936,1419927.842035839
0.05757575757575758,0.03474747474747475,1417598.5578461743
0.05757575757575758,0.035555555555555556,1415190.91656446
0.05757575757575758,0.03636363636363636,1412702.8276468175
0.05757575757575758,0.037171717171717175,1410132.0865551764
0.05757575757575758,0.03797979797979798,1407476.3672845124
0.05757575757575758,0.03878787878787879,1404733.214198065
0.05757575757575758,0.039595959595959594,1401900.0330906238
0.05757575757575758,0.0404040404040404,1398974.0813886325
0.05757575757575758,0.041212121212121214,1395952.4573826394
0.05757575757575758,0.04202020202020202,1392832.0883721414
0.05757575757575758,0.042828282828282827,1389609.7175846857
0.05757575757575758,0.04363636363636364,1386281.8897096848
0.05757575757575758,0.044444444444444446,1382844.9348620714
0.05757575757575758,0.04525252525252525,1379294.9507608889
0.05757575757575758,0.04606060606060606,1375627.7828721427
0.05757575757575758,0.046868686868686865,1371839.002222483
0.05757575757575758,0.04767676767676768,1367923.880538995
0.05757575757575758,0.048484848484848485,1363877.3623085478
0.05757575757575758,0.04929292929292929,1359694.0332753523
0.05757575757575758,0.050101010101010104,1355368.0848044304
0.05757575757575758,0.05090909090909091,1350893.273427627
0.05757575757575758,0.05171717171717172,1346262.874752439
0.05757575757575758,0.052525252525252523,1341469.6307456905
0.05757575757575758,0.05333333333333333,1336505.6891952944
0.05757575757575758,0.05414141414141414,1331362.5338927822
0.05757575757575758,0.05494949494949495,1326030.9037520215
0.05757575757575758,0.055757575757575756,1320500.6986658399
0.05757575757575758,0.05656565656565657,1314760.869375606
0.05757575757575758,0.057373737373737375,1308799.287953292
0.05757575757575758,0.05818181818181818,1302602.5946221652
0.05757575757575758,0.05898989898989899,1296156.0155033565
0.05757575757575758,0.059797979797979794,1289443.1443767082
0.05757575757575758,0.06060606060606061,1282445.6795521604
0.05757575757575758,0.061414141414141414,1275143.1042717437
0.05757575757575758,0.06222222222222222,1267512.2954253627
0.05757575757575758,0.06303030303030302,1259527.0403588784
0.05757575757575758,0.06383838383838383,1251157.4345715404
0.05757575757575758,0.06464646464646465,1242369.1232147852
0.05757575757575758,0.06545454545454546,1233122.3350779626
0.05757575757575758,0.06626262626262627,1223370.636900964
0.05757575757575758,0.06707070707070706,1213059.304696759
0.05757575757575758,0.06787878787878787,1202123.1611586055
0.05757575757575758,0.06868686868686869,1190483.6536627281
0.05757575757575758,0.0694949494949495,1178044.8273042843
0.05757575757575758,0.07030303030303031,1164687.6478509898
0.05757575757575758,0.07111111111111111,1150261.7856546156
0.05757575757575758,0.07191919191919191,1134573.3537886045
0.05757575757575758,0.07272727272727272,1117365.9279534344
0.05757575757575758,0.07353535353535354,1098289.843639388
0.05757575757575758,0.07434343434343435,1076849.7577641853
0.05757575757575758,0.07515151515151516,1052308.713762202
0.05757575757575758,0.07595959595959595,1023496.0790437667
0.05757575757575758,0.07676767676767676,988372.2244231094
0.05757575757575758,0.07757575757575758,942842.0964449972
0.05757575757575758,0.07838383838383839,876330.0186431052
0.05757575757575758,0.0791919191919192,735925.8794040007
0.05757575757575758,0.07979818813131313,515900.2652714062
0.05757575757575758,0.08000088465770044,515684.4754724009
0.05757575757575758,0.0800019359326174,515415.1375161681
0.05757575757575758,0.08000324619642925,515078.84306861815
0.05757575757575758,0.08000487925285339,514658.75863615295
0.05757575757575758,0.08000691462409718,514133.71219554497
0.05757575757575758,0.08000945142321741,513477.0142894208
0.05757575757575758,0.08001261318046245,512654.92376659176
0.05757575757575758,0.08001655385861739,511624.6306863668
0.05757575757575758,0.08002146535027135,510331.5712889951
0.05757575757575758,0.08002758682208874,508705.79917213763
0.05757575757575758,0.08003521636110686,506656.9891498528
0.05757575757575758,0.08004472549017998,504067.4010615596
0.05757575757575758,0.08005657725940413,500781.6917818775
0.05757575757575758,0.08007134879449027,496591.6511438649
0.05757575757575758,0.08008975940008634,491212.33822861867
0.05757575757575758,0.08011270558654815,484242.7059224666
0.05757575757575758,0.08014130472579933,475095.9038720236
0.05757575757575758,0.08017694946211615,462863.69245770364
0.05757575757575758,0.08022137552738813,446015.6008766178
0.05757575757575758,0.08027674626314021,421595.02081476036
0.05757575757575758,0.08034575796514344,382466.45598234114
0.05757575757575758,0.08043177118040407,305064.3278658275
0.05757575757575758,0.08053897435007991,121191.4806543912
0.05757575757575758,0.08067258776696852,4845.696115868392
0.05757575757575758,0.08083911777934251,300.0038655699263
0.05757575757575758,0.08104667361966954,300.00000000000165
0.05757575757575758,0.08130536228629326,300.0000000000008
0.05757575757575758,0.08162778070696558,300.0000000000008
0.05757575757575758,0.08202962915029163,300.0000000000008
0.05757575757575758,0.08237629432068608,300.00000000000074
0.06060606060606061,0.00020202020202020202,1443686.080184353
0.06060606060606061,0.0008080808080808081,1443686.080184353
0.06060606060606061,0.0016161616161616162,1443624.2576837959
0.06060606060606061,0.0024242424242424242,1443512.9371179584
0.06060606060606061,0.0032323232323232323,1443353.8185052332
0.06060606060606061,0.00404040404040404,1443147.3973574166
0.06060606060606061,0.0048484848484848485,1442893.8209193496
0.06060606060606061,0.0056565656565656566,1442593.0856207458
0.06060606060606061,0.006464646464646465,1442245.1027266418
0.06060606060606061,0.007272727272727273,1441849.7251867077
0.06060606060606061,0.00808080808080808,1441406.760157618
0.06060606060606061,0.008888888888888889,1440915.9753561385
0.06060606060606061,0.009696969696969697,1440377.1024342705
0.06060606060606061,0.010505050505050505,1439789.8387796714
0.06060606060606061,0.011313131313131313,1439153.8484158842
0.06060606060606061,0.012121212121212121,1438468.7623500954
0.06060606060606061,0.01292929292929293,1437734.178557861
0.06060606060606061,0.013737373737373737,1436949.6617125543
0.06060606060606061,0.014545454545454545,1436114.7427228163
0.06060606060606061,0.015353535353535354,1435228.9181158976
0.06060606060606061,0.01616161616161616,1434291.6492896753
0.06060606060606061,0.016969696969696968,1433302.3616467584
0.06060606060606061,0.017777777777777778,1432260.443618074
0.06060606060606061,0.018585858585858588,1431165.245579272
0.06060606060606061,0.019393939393939394,1430016.078660448
0.06060606060606061,0.0202020202020202,1428812.2134475885
0.06060606060606061,0.02101010101010101,1427552.8785725033
0.06060606060606061,0.02181818181818182,1426237.2591866548
0.06060606060606061,0.022626262626262626,1424864.4953130933
0.06060606060606061,0.023434343434343433,1423433.6800695874
0.06060606060606061,0.024242424242424242,1421943.8577549353
0.06060606060606061,0.025050505050505052,1420394.0217893159
0.06060606060606061,0.02585858585858586,1418783.1124983493
0.06060606060606061,0.026666666666666665,1417110.0147292486
0.06060606060606061,0.027474747474747475,1415373.5552860429
0.06060606060606061,0.028282828282828285,1413572.5001692895
0.06060606060606061,0.02909090909090909,1411705.5516039617
0.06060606060606061,0.029898989898989897,1409771.344837247
0.06060606060606061,0.030707070707070707,1407768.4446858116
0.06060606060606061,0.03151515151515151,1405695.3418096097
0.06060606060606061,0.03232323232323232,1403550.4486865336
0.06060606060606061,0.03313131313131313,1401332.0952590394
0.06060606060606061,0.033939393939393936,1399038.5242202966
0.06060606060606061,0.03474747474747475,1396667.8859033177
0.06060606060606061,0.035555555555555556,1394218.2327318739
0.06060606060606061,0.03636363636363636,1391687.513186654
0.06060606060606061,0.037171717171717175,1389073.5652339996
0.06060606060606061,0.03797979797979798,1386374.109157481
0.06060606060606061,0.03878787878787879,1383586.739724429
0.06060606060606061,0.039595959595959594,1380708.9176100544
0.06060606060606061,0.0404040404040404,1377737.9599907848
0.06060606060606061,0.041212121212121214,1374671.0302055844
0.06060606060606061,0.04202020202020202,1371505.1263689657
0.06060606060606061,0.042828282828282827,1368237.0688017025
0.06060606060606061,0.04363636363636364,1364863.4861243921
0.06060606060606061,0.044444444444444446,1361380.7998343373
0.06060606060606061,0.04525252525252525,1357785.2071569134
0.06060606060606061,0.04606060606060606,1354072.6619276956
0.06060606060606061,0.046868686868686865,1350238.8532198744
0.06060606060606061,0.04767676767676768,1346279.1813813855
0.06060606060606061,0.048484848484848485,1342188.7310857782
0.06060606060606061,0.04929292929292929,1337962.240927707
0.06060606060606061,0.050101010101010104,1333594.0690050013
0.06060606060606061,0.05090909090909091,1329078.1538205673
0.06060606060606061,0.05171717171717172,1324407.969703898
0.06060606060606061,0.052525252525252523,1319576.4757871719
0.06060606060606061,0.05333333333333333,1314576.0573663225
0.06060606060606061,0.05414141414141414,1309398.4582219855
0.06060606060606061,0.05494949494949495,1304034.7021542056
0.06060606060606061,0.055757575757575756,1298475.001578723
0.06060606060606061,0.05656565656565657,1292708.650515477
0.06060606060606061,0.057373737373737375,1286723.8986362158
0.06060606060606061,0.05818181818181818,1280507.802179532
0.06060606060606061,0.05898989898989899,1274046.0464214534
0.06060606060606061,0.059797979797979794,1267322.732914849
0.06060606060606061,0.06060606060606061,1260320.1227497044
0.06060606060606061,0.061414141414141414,1253018.3244507208
0.06060606060606061,0.06222222222222222,1245394.9115456825
0.06060606060606061,0.06303030303030302,1237424.4499060933
0.06060606060606061,0.06383838383838383,1229077.9080799082
0.06060606060606061,0.06464646464646465,1220321.9140906425
0.06060606060606061,0.06545454545454546,1211117.8081494295
0.06060606060606061,0.06626262626262627,1201420.420170093
0.06060606060606061,0.06707070707070706,1191176.4702499255
0.06060606060606061,0.06787878787878787,1180322.4433235226
0.06060606060606061,0.06868686868686869,1168781.7156492204
0.06060606060606061,0.0694949494949495,1156460.5923369406
0.06060606060606061,0.07030303030303031,1143242.718235149
0.06060606060606061,0.07111111111111111,1128980.9851557019
0.06060606060606061,0.07191919191919191,1113485.4485349818
0.06060606060606061,0.07272727272727272,1096504.615284424
0.06060606060606061,0.07353535353535354,1077695.159970535
0.06060606060606061,0.07434343434343435,1056570.1734276223
0.06060606060606061,0.07515151515151516,1032404.4179940596
0.06060606060606061,0.07595959595959595,1004044.4652096655
0.06060606060606061,0.07676767676767676,969477.7572263319
0.06060606060606061,0.07757575757575758,924655.4858180099
0.06060606060606061,0.07838383838383839,859083.3955881837
0.06060606060606061,0.0791919191919192,719550.2256029164
0.06060606060606061,0.07979818813131313,462827.77871362434
0.06060606060606061,0.08000088465770044,462553.87456809264
0.06060606060606061,0.0800019359326174,462211.81075859023
0.06060606060606061,0.08000324619642925,461784.41267449904
0.06060606060606061,0.08000487925285339,461250.05703469575
0.06060606060606061,0.08000691462409718,460581.4500689322
0.06060606060606061,0.08000945142321741,459744.02967777225
0.06060606060606061,0.08001261318046245,458693.85203648946
0.06060606060606061,0.08001655385861739,457374.757085863
0.06060606060606061,0.08002146535027135,455714.50130055536
0.06060606060606061,0.08002758682208874,453619.3698748485
0.06060606060606061,0.08003521636110686,450966.4748533506
0.06060606060606061,0.08004472549017998,447592.38897536957
0.06060606060606061,0.08005657725940413,443275.6979747242
0.06060606060606061,0.08007134879449027,437708.8594763921
0.06060606060606061,0.08008975940008634,430449.8786234132
0.06060606060606061,0.08011270558654815,420832.36569256516
0.06060606060606061,0.08014130472579933,407779.7653563889
0.06060606060606061,0.08017694946211615,389367.5147643262
0.06060606060606061,0.08022137552738813,361610.5638852302
0.06060606060606061,0.08027674626314021,314456.3750346754
0.06060606060606061,0.08034575796514344,216450.87570853953
0.06060606060606061,0.08043177118040407,49824.77440296954
0.06060606060606061,0.08053897435007991,624.0929421234457
0.06060606060606061,0.08067258776696852,300.0000125093632
0.06060606060606061,0.08083911777934251,300.0000000000008
0.06060606060606061,0.08104667361966954,300.0000000000008
0.06060606060606061,0.08130536228629326,300.0000000000008
0.06060606060606061,0.08162778070696558,300.0000000000008
0.06060606060606061,0.08202962915029163,300.0000000000008
0.06060606060606061,0.08237629432068608,300.00000000000074
0.06363636363636363,0.00020202020202020202,1423138.0288018521
0.06363636363636363,0.0008080808080808081,1423138.0288018521
0.06363636363636363,0.0016161616161616162,1423074.7649970253
0.06363636363636363,0.0024242424242424242,1422960.8499932406
0.06363636363636363,0.0032323232323232323,1422798.0249875842
0.06363636363636363,0.00404040404040404,1422586.7992767892
0.06363636363636363,0.0048484848484848485,1422327.3264586378
0.06363636363636363,0.0056565656565656566,1422019.6064963741
0.06363636363636363,0.006464646464646465,1421663.5529146094
0.06363636363636363,0.007272727272727273,1421259.020293807
0.06363636363636363,0.00808080808080808,1420805.8171075813
0.06363636363636363,0.008888888888888889,1420303.7122503826
0.06363636363636363,0.009696969696969697,1419752.4385211496
0.06363636363636363,0.010505050505050505,1419151.6944987662
0.06363636363636363,0.011313131313131313,1418501.145499496
0.06363636363636363,0.012121212121212121,1417800.423972159
0.06363636363636363,0.01292929292929293,1417049.1295248508
0.06363636363636363,0.013737373737373737,1416246.8286934278
0.06363636363636363,0.014545454545454545,1415393.054516488
0.06363636363636363,0.015353535353535354,1414487.3059556053
0.06363636363636363,0.01616161616161616,1413529.0471841572
0.06363636363636363,0.016969696969696968,1412517.7067585196
0.06363636363636363,0.017777777777777778,1411452.6766792962
0.06363636363636363,0.018585858585858588,1410333.3113461446
0.06363636363636363,0.019393939393939394,1409158.926406939
0.06363636363636363,0.0202020202020202,1407928.7974999167
0.06363636363636363,0.02101010101010101,1406642.15888589
0.06363636363636363,0.02181818181818182,1405298.2019662908
0.06363636363636363,0.022626262626262626,1403896.0736816945
0.06363636363636363,0.023434343434343433,1402434.8747844321
0.06363636363636363,0.024242424242424242,1400913.6579778732
0.06363636363636363,0.025050505050505052,1399331.4259139125
0.06363636363636363,0.02585858585858586,1397687.129039088
0.06363636363636363,0.026666666666666665,1395979.6632785301
0.06363636363636363,0.027474747474747475,1394207.8675456012
0.06363636363636363,0.028282828282828285,1392370.5210635697
0.06363636363636363,0.02909090909090909,1390466.34048396
0.06363636363636363,0.029898989898989897,1388493.9767843015
0.06363636363636363,0.030707070707070707,1386452.0119258184
0.06363636363636363,0.03151515151515151,1384338.9552491535
0.06363636363636363,0.03232323232323232,1382153.239583435
0.06363636363636363,0.03313131313131313,1379893.2170408613
0.06363636363636363,0.033939393939393936,1377557.1544654304
0.06363636363636363,0.03474747474747475,1375143.2285004123
0.06363636363636363,0.035555555555555556,1372649.520234614
0.06363636363636363,0.03636363636363636,1370074.0093822803
0.06363636363636363,0.037171717171717175,1367414.5679455486
0.06363636363636363,0.03797979797979798,1364668.953301557
0.06363636363636363,0.03878787878787879,1361834.8006484609
0.06363636363636363,0.039595959595959594,1358909.614735521
0.06363636363636363,0.0404040404040404,1355890.7607918605
0.06363636363636363,0.041212121212121214,1352775.4545561452
0.06363636363636363,0.04202020202020202,1349560.7512949822
0.06363636363636363,0.042828282828282827,1346243.533680831
0.06363636363636363,0.04363636363636364,1342820.4983801586
0.06363636363636363,0.044444444444444446,1339288.1411788259
0.06363636363636363,0.04525252525252525,1335642.7404435195
0.06363636363636363,0.04606060606060606,1331880.3386844436
0.06363636363636363,0.046868686868686865,1327996.7219443594
0.06363636363636363,0.04767676767676768,1323987.3966908623
0.06363636363636363,0.048484848484848485,1319847.5638307056
0.06363636363636363,0.04929292929292929,1315572.0893946725
0.06363636363636363,0.050101010101010104,1311155.4713559672
0.06363636363636363,0.05090909090909091,1306591.8019405643
0.06363636363636363,0.05171717171717172,1301874.7246595228
0.06363636363636363,0.052525252525252523,1296997.385134659
0.06363636363636363,0.05333333333333333,1291952.3745919475
0.06363636363636363,0.05414141414141414,1286731.6646508751
0.06363636363636363,0.05494949494949495,1281326.5317284744
0.06363636363636363,0.055757575757575756,1275727.468985055
0.06363636363636363,0.05656565656565657,1269924.0832392962
0.06363636363636363,0.057373737373737375,1263904.973638995
0.06363636363636363,0.05818181818181818,1257657.5880432962
0.06363636363636363,0.05898989898989899,1251168.051987643
0.06363636363636363,0.059797979797979794,1244420.9636731662
0.06363636363636363,0.06060606060606061,1237399.1465194602
0.06363636363636363,0.061414141414141414,1230083.3482600136
0.06363636363636363,0.06222222222222222,1222451.8720765961
0.06363636363636363,0.06303030303030302,1214480.1204704684
0.06363636363636363,0.06383838383838383,1206140.0258677576
0.06363636363636363,0.06464646464646465,1197399.3324611855
0.06363636363636363,0.06545454545454546,1188220.6801162835
0.06363636363636363,0.06626262626262627,1178560.4211256646
0.06363636363636363,0.06707070707070706,1168367.0706289534
0.06363636363636363,0.06787878787878787,1157579.2457266778
0.06363636363636363,0.06868686868686869,1146122.876611125
0.06363636363636363,0.0694949494949495,1133907.3575971671
0.06363636363636363,0.07030303030303031,1120820.1141475122
0.06363636363636363,0.07111111111111111,1106718.731650528
0.06363636363636363,0.07191919191919191,1091419.1984448195
0.06363636363636363,0.07272727272727272,1074677.6965370504
0.06363636363636363,0.07353535353535354,1056161.1355755858
0.06363636363636363,0.07434343434343435,1035396.8211130903
0.06363636363636363,0.07515151515151516,1011680.381198749
0.06363636363636363,0.07595959595959595,983891.4789363128
0.06363636363636363,0.07676767676767676,950076.2723541484
0.06363636363636363,0.07757575757575758,906310.0685881488
0.06363636363636363,0.07838383838383839,842459.2159869784
0.06363636363636363,0.0791919191919192,707962.8164426405
0.06363636363636363,0.07979818813131313,400521.87041092245
0.06363636363636363,0.08000088465770044,400150.06222174957
0.06363636363636363,0.0800019359326174,399685.223043981
0.06363636363636363,0.08000324619642925,399103.62097839784
0.06363636363636363,0.08000487925285339,398375.20815202314
0.06363636363636363,0.08000691462409718,397461.7856750245
0.06363636363636363,0.08000945142321741,396314.5427079184
0.06363636363636363,0.08001261318046245,394870.69913970877
0.06363636363636363,0.08001655385861739,393048.82757515286
0.06363636363636363,0.08002146535027135,390742.16669061244
0.06363636363636363,0.08002758682208874,387808.75650342356
0.06363636363636363,0.08003521636110686,384056.31965586357
0.06363636363636363,0.08004472549017998,379217.959535972
0.06363636363636363,0.08005657725940413,372910.8660670328
0.06363636363636363,0.08007134879449027,364561.10264883615
0.06363636363636363,0.08008975940008634,353255.29593454185
0.06363636363636363,0.08011270558654815,337418.7897155762
0.06363636363636363,0.08014130472579933,314040.4889892251
0.06363636363636363,0.08017694946211615,276587.69641699037
0.06363636363636363,0.08022137552738813,208710.08770252162
0.06363636363636363,0.08027674626314021,78699.12219732063
0.06363636363636363,0.08034575796514344,3214.517782436476
0.06363636363636363,0.08043177118040407,300.5415296951637
0.06363636363636363,0.08053897435007991,300.00000000171553
0.06363636363636363,0.08067258776696852,300.0000000000008
0.06363636363636363,0.08083911777934251,300.0000000000008
0.06363636363636363,0.08104667361966954,300.0000000000008
0.06363636363636363,0.08130536228629326,300.0000000000008
0.06363636363636363,0.08162778070696558,300.0000000000008
0.06363636363636363,0.08202962915029163,300.0000000000008
0.06363636363636363,0.08237629432068608,300.00000000000074
0.06666666666666667,0.00020202020202020202,1401916.5178210333
0.06666666666666667,0.0008080808080808081,1401916.5178210333
0.06666666666666667,0.0016161616161616162,1401851.7265914986
0.06666666666666667,0.0024242424242424242,1401735.0618896552
0.06666666666666667,0.0032323232323232323,1401568.3081508537
0.06666666666666667,0.00404040404040404,1401351.9887154675
0.06666666666666667,0.0048484848484848485,1401086.2631859938
0.06666666666666667,0.0056565656565656566,1400771.1343809087
0.06666666666666667,0.006464646464646465,1400406.5171696916
0.06666666666666667,0.007272727272727273,1399992.26665246
0.06666666666666667,0.00808080808080808,1399528.1913325419
0.06666666666666667,0.008888888888888889,1399014.0598307804
0.06666666666666667,0.009696969696969697,1398449.6044857765
0.06666666666666667,0.010505050505050505,1397834.5233103523
0.06666666666666667,0.011313131313131313,1397168.4810108726
0.06666666666666667,0.012121212121212121,1396451.1094335297
0.06666666666666667,0.01292929292929293,1395682.007635817
0.06666666666666667,0.013737373737373737,1394860.7416957836
0.06666666666666667,0.014545454545454545,1393986.8443250482
0.06666666666666667,0.015353535353535354,1393059.8143249543
0.06666666666666667,0.01616161616161616,1392079.1159094335
0.06666666666666667,0.016969696969696968,1391044.1779083973
0.06666666666666667,0.017777777777777778,1389954.3928592321
0.06666666666666667,0.018585858585858588,1388809.115989851
0.06666666666666667,0.019393939393939394,1387607.664093935
0.06666666666666667,0.0202020202020202,1386349.3142969848
0.06666666666666667,0.02101010101010101,1385033.3027103115
0.06666666666666667,0.02181818181818182,1383658.8229689307
0.06666666666666667,0.022626262626262626,1382225.0246483427
0.06666666666666667,0.023434343434343433,1380731.0115543143
0.06666666666666667,0.024242424242424242,1379175.8398789219
0.06666666666666667,0.025050505050505052,1377558.5162152422
0.06666666666666667,0.02585858585858586,1375877.9954221211
0.06666666666666667,0.026666666666666665,1374133.1783293602
0.06666666666666667,0.027474747474747475,1372322.9092724193
0.06666666666666667,0.028282828282828285,1370445.9734442693
0.06666666666666667,0.02909090909090909,1368501.094050337
0.06666666666666667,0.029898989898989897,1366486.929250519
0.06666666666666667,0.030707070707070707,1364402.068869966
0.06666666666666667,0.03151515151515151,1362245.0308577558
0.06666666666666667,0.03232323232323232,1360014.2574696296
0.06666666666666667,0.03313131313131313,1357708.11114766
0.06666666666666667,0.033939393939393936,1355324.870066012
0.06666666666666667,0.03474747474747475,1352862.7233078317
0.06666666666666667,0.035555555555555556,1350319.765633683
0.06666666666666667,0.03636363636363636,1347693.9917968134
0.06666666666666667,0.037171717171717175,1344983.290354742
0.06666666666666667,0.03797979797979798,1342185.4369201397
0.06666666666666667,0.03878787878787879,1339298.08678652
0.06666666666666667,0.039595959595959594,1336318.7668556785
0.06666666666666667,0.0404040404040404,1333244.8667838878
0.06666666666666667,0.041212121212121214,1330073.6292522089
0.06666666666666667,0.04202020202020202,1326802.139252619
0.06666666666666667,0.042828282828282827,1323427.3122655086
0.06666666666666667,0.04363636363636364,1319945.8811850026
0.06666666666666667,0.044444444444444446,1316354.3818258976
0.06666666666666667,0.04525252525252525,1312649.136819108
0.06666666666666667,0.04606060606060606,1308826.2376704933
0.06666666666666667,0.046868686868686865,1304881.5247197447
0.06666666666666667,0.04767676767676768,1300810.5646902877
0.06666666666666667,0.048484848484848485,1296608.625466207
0.06666666666666667,0.04929292929292929,1292270.647665799
0.06666666666666667,0.050101010101010104,1287791.2125007058
0.06666666666666667,0.05090909090909091,1283164.5053110868
0.06666666666666667,0.05171717171717172,1278384.2740463002
0.06666666666666667,0.052525252525252523,1273443.7818111698
0.06666666666666667,0.05333333333333333,1268335.7524124351
0.06666666666666667,0.05414141414141414,1263052.307608381
0.06666666666666667,0.05494949494949495,1257584.8944736847
0.06666666666666667,0.055757575757575756,1251924.2009235346
0.06666666666666667,0.05656565656565657,1246060.0569722338
0.06666666666666667,0.057373737373737375,1239981.3186993261
0.06666666666666667,0.05818181818181818,1233675.731116302
0.06666666666666667,0.05898989898989899,1227129.7651075532
0.06666666666666667,0.059797979797979794,1220328.4222745036
0.06666666666666667,0.06060606060606061,1213254.9997203324
0.06666666666666667,0.061414141414141414,1205890.8044006645
0.06666666666666667,0.06222222222222222,1198214.803380592
0.06666666666666667,0.06303030303030302,1190203.1918079753
0.06666666666666667,0.06383838383838383,1181828.8540787294
0.06666666666666667,0.06464646464646465,1173060.684680816
0.06666666666666667,0.06545454545454546,1163862.7222400892
0.06666666666666667,0.06626262626262627,1154193.031264933
0.06666666666666667,0.06707070707070706,1144002.237618927
0.06666666666666667,0.06787878787878787,1133231.5802319634
0.06666666666666667,0.06868686868686869,1121810.2734066576
0.06666666666666667,0.0694949494949495,1109651.864386531
0.06666666666666667,0.07030303030303031,1096649.0887444823
0.06666666666666667,0.07111111111111111,1082666.412879629
0.06666666666666667,0.07191919191919191,1067528.891366237
0.06666666666666667,0.07272727272727272,1051004.9104306132
0.06666666666666667,0.07353535353535354,1032778.2830374229
0.06666666666666667,0.07434343434343435,1012400.6582890854
0.06666666666666667,0.07515151515151516,989204.7016215419
0.06666666666666667,0.07595959595959595,962131.0850263041
0.06666666666666667,0.07676767676767676,929339.1819454805
0.06666666666666667,0.07757575757575758,887158.4217663043
0.06666666666666667,0.07838383838383839,826262.4905101422
0.06666666666666667,0.0791919191919192,702945.6505832794
0.06666666666666667,0.07979818813131313,324477.93917565286
0.06666666666666667,0.08000088465770044,323915.696884268
0.06666666666666667,0.0800019359326174,323210.9756740311
0.06666666666666667,0.08000324619642925,322326.39552806044
0.06666666666666667,0.08000487925285339,321214.011826112
0.06666666666666667,0.08000691462409718,319811.8785546885
0.06666666666666667,0.08000945142321741,318039.18700194184
0.06666666666666667,0.08001261318046245,315789.26587041287
0.06666666666666667,0.08001655385861739,312919.10085858416
0.06666666666666667,0.08002146535027135,309233.2040913953
0.06666666666666667,0.08002758682208874,304457.6186798562
0.06666666666666667,0.08003521636110686,298195.8293327186
0.06666666666666667,0.08004472549017998,289850.3883088286
0.06666666666666667,0.08005657725940413,278474.57928559993
0.06666666666666667,0.08007134879449027,262471.6732925135
0.06666666666666667,0.08008975940008634,238941.6771007816
0.06666666666666667,0.08011270558654815,202090.61476131857
0.06666666666666667,0.08014130472579933,138694.49659656826
0.06666666666666667,0.08017694946211615,38420.17624440468
0.06666666666666667,0.08022137552738813,1019.0675712352959
0.06666666666666667,0.08027674626314021,304.46683932305143
0.06666666666666667,0.08034575796514344,300.00000183517415
0.06666666666666667,0.08043177118040407,300.00000000000136
0.06666666666666667,0.08053897435007991,300.0000000000008
0.06666666666666667,0.08067258776696852,300.0000000000008
0.06666666666666667,0.08083911777934251,300.0000000000008
0.06666666666666667,0.08104667361966954,300.0000000000008
0.06666666666666667,0.08130536228629326,300.0000000000008
0.06666666666666667,0.08162778070696558,300.0000000000008
0.06666666666666667,0.08202962915029163,300.0000000000008
0.06666666666666667,0.08237629432068608,300.00000000000074
0.0696969696969697,0.00020202020202020202,1379880.0346248562
0.0696969696969697,0.0008080808080808081,1379880.0346248562
0.0696969696969697,0.0016161616161616162,1379813.5632729381
0.0696969696969697,0.0024242424242424242,1379693.873563632
0.0696969696969697,0.0032323232323232323,1379522.7967794936
0.0696969696969697,0.00404040404040404,1379300.8707002078
0.0696969696969697,0.0048484848484848485,1379028.2602320784
0.0696969696969697,0.0056565656565656566,1378704.9697416334
0.0696969696969697,0.006464646464646465,1378330.9136951999
0.0696969696969697,0.007272727272727273,1377905.9455940367
0.0696969696969697,0.00808080808080808,1377429.8715179784
0.0696969696969697,0.008888888888888889,1376902.4570478096
0.0696969696969697,0.009696969696969697,1376323.4309970776
0.0696969696969697,0.010505050505050505,1375692.4874614938
0.0696969696969697,0.011313131313131313,1375009.2869105397
0.0696969696969697,0.012121212121212121,1374273.4566943788
0.0696969696969697,0.01292929292929293,1373484.5911688618
0.0696969696969697,0.013737373737373737,1372642.2515534358
0.0696969696969697,0.014545454545454545,1371745.9655888102
0.0696969696969697,0.015353535353535354,1370795.2270338312
0.0696969696969697,0.01616161616161616,1369789.4950246979
0.0696969696969697,0.016969696969696968,1368728.1933095844
0.0696969696969697,0.017777777777777778,1367610.7093653036
0.0696969696969697,0.018585858585858588,1366436.3933984567
0.0696969696969697,0.019393939393939394,1365204.5572307052
0.0696969696969697,0.0202020202020202,1363914.4730658962
0.0696969696969697,0.02101010101010101,1362565.372135484
0.0696969696969697,0.02181818181818182,1361156.4432177853
0.0696969696969697,0.022626262626262626,1359686.8310259816
0.0696969696969697,0.023434343434343433,1358155.6344593049
0.0696969696969697,0.024242424242424242,1356561.9047114397
0.0696969696969697,0.025050505050505052,1354904.643229753
0.0696969696969697,0.02585858585858586,1353182.7995184409
0.0696969696969697,0.026666666666666665,1351395.2687780003
0.0696969696969697,0.027474747474747475,1349540.8893724747
0.0696969696969697,0.028282828282828285,1347618.4401146565
0.0696969696969697,0.02909090909090909,1345626.6373577525
0.0696969696969697,0.029898989898989897,1343564.131879896
0.0696969696969697,0.030707070707070707,1341429.5055452657
0.0696969696969697,0.03151515151515151,1339221.2677224572
0.0696969696969697,0.03232323232323232,1336937.8514371
0.0696969696969697,0.03313131313131313,1334577.6092316213
0.0696969696969697,0.033939393939393936,1332138.808700495
0.0696969696969697,0.03474747474747475,1329619.6276644014
0.0696969696969697,0.035555555555555556,1327018.1489414729
0.0696969696969697,0.03636363636363636,1324332.3546682377
0.0696969696969697,0.037171717171717175,1321560.1201170133
0.0696969696969697,0.03797979797979798,1318699.2069502214
0.0696969696969697,0.03878787878787879,1315747.2558452557
0.0696969696969697,0.039595959595959594,1312701.7784158783
0.0696969696969697,0.0404040404040404,1309560.1483472807
0.0696969696969697,0.041212121212121214,1306319.5916515146
0.0696969696969697,0.04202020202020202,1302977.1759374444
0.0696969696969697,0.042828282828282827,1299529.798574177
0.0696969696969697,0.04363636363636364,1295974.17360852
0.0696969696969697,0.044444444444444446,1292306.8172748168
0.0696969696969697,0.04525252525252525,1288524.0319089626
0.0696969696969697,0.04606060606060606,1284621.8880468642
0.0696969696969697,0.046868686868686865,1280596.2044503319
0.0696969696969697,0.04767676767676768,1276442.525759369
0.0696969696969697,0.048484848484848485,1272156.0974176542
0.0696969696969697,0.04929292929292929,1267731.8374556804
0.0696969696969697,0.050101010101010104,1263164.304640773
0.0696969696969697,0.05090909090909091,1258447.662411431
0.0696969696969697,0.05171717171717172,1253575.6379004302
0.0696969696969697,0.052525252525252523,1248541.475211161
0.0696969696969697,0.05333333333333333,1243337.8819376603
0.0696969696969697,0.05414141414141414,1237956.9677019531
0.0696969696969697,0.05494949494949495,1232390.1732114374
0.0696969696969697,0.055757575757575756,1226628.1879992213
0.0696969696969697,0.05656565656565657,1220660.8545808303
0.0696969696969697,0.057373737373737375,1214477.0562124986
0.0696969696969697,0.05818181818181818,1208064.5847282407
0.0696969696969697,0.05898989898989899,1201409.9840079602
0.0696969696969697,0.059797979797979794,1194498.363408086
0.0696969696969697,0.06060606060606061,1187313.1738609835
0.0696969696969697,0.061414141414141414,1179835.9371676727
0.0696969696969697,0.06222222222222222,1172045.9160519731
0.0696969696969697,0.06303030303030302,1163919.7084888443
0.0696969696969697,0.06383838383838383,1155430.7441693707
0.0696969696969697,0.06464646464646465,1146548.6529490426
0.0696969696969697,0.06545454545454546,1137238.4635407028
0.0696969696969697,0.06626262626262627,1127459.5736631511
0.0696969696969697,0.06707070707070706,1117164.4073102768
0.0696969696969697,0.06787878787878787,1106296.6357910123
0.0696969696969697,0.06868686868686869,1094788.7782359228
0.0696969696969697,0.0694949494949495,1082558.8992820175
0.0696969696969697,0.07030303030303031,1069505.9588995655
0.0696969696969697,0.07111111111111111,1055503.0891412734
0.0696969696969697,0.07191919191919191,1040387.5707474899
0.0696969696969697,0.07272727272727272,1023945.3421256534
0.0696969696969697,0.07353535353535354,1005886.0133166738
0.0696969696969697,0.07434343434343435,985800.4128660527
0.0696969696969697,0.07515151515151516,963083.5809845901
0.0696969696969697,0.07595959595959595,936782.6536156087
0.0696969696969697,0.07676767676767676,905259.3130832897
0.0696969696969697,0.07757575757575758,865302.0467505949
0.0696969696969697,0.07838383838383839,809033.4408522132
0.0696969696969697,0.0791919191919192,703814.4357676186
0.0696969696969697,0.07979818813131313,230643.93112840288
0.0696969696969697,0.08000088465770044,229642.8071298445
0.0696969696969697,0.0800019359326174,228380.69372117086
0.0696969696969697,0.08000324619642925,226785.02376757006
0.0696969696969697,0.08000487925285339,224760.331843866
0.0696969696969697,0.08000691462409718,222179.23927448143
0.0696969696969697,0.08000945142321741,218869.0386042619
0.0696969696969697,0.08001261318046245,214591.15382607354
0.0696969696969697,0.08001655385861739,209006.73492566674
0.0696969696969697,0.08002146535027135,201622.23208046102
0.0696969696969697,0.08002758682208874,191690.89214800717
0.0696969696969697,0.08003521636110686,178026.6764204841
0.0696969696969697,0.08004472549017998,158632.8473862643
0.0696969696969697,0.08005657725940413,129814.1101778441
0.0696969696969697,0.08007134879449027,83447.46452455032
0.0696969696969697,0.08008975940008634,19265.88081374592
0.0696969696969697,0.08011270558654815,696.1625297350673
0.0696969696969697,0.08014130472579933,361.0816037762623
0.0696969696969697,0.08017694946211615,300.16102202629736
0.0696969696969697,0.08022137552738813,300.0000000116417
0.0696969696969697,0.08027674626314021,300.00000000000534
0.0696969696969697,0.08034575796514344,300.0000000000008
0.0696969696969697,0.08043177118040407,300.0000000000008
0.0696969696969697,0.08053897435007991,300.0000000000008
0.0696969696969697,0.08067258776696852,300.0000000000008
0.0696969696969697,0.08083911777934251,300.0000000000008
0.0696969696969697,0.08104667361966954,300.0000000000008
0.0696969696969697,0.08130536228629326,300.0000000000008
0.0696969696969697,0.08162778070696558,300.0000000000008
0.0696969696969697,0.08202962915029163,300.0000000000008
0.0696969696969697,0.08237629432068608,300.00000000000074
0.07272727272727272,0.00020202020202020202,1356847.1606908452
0.07272727272727272,0.0008080808080808081,1356847.1606908452
0.07272727272727272,0.0016161616161616162,1356778.772888769
0.07272727272727272,0.0024242424242424242,1356655.6320199044
0.07272727272727272,0.0032323232323232323,1356479.621693048
0.07272727272727272,0.00404040404040404,1356251.2945851767
0.07272727272727272,0.0048484848484848485,1355970.819617041
0.07272727272727272,0.0056565656565656566,1355638.2004224907
0.07272727272727272,0.006464646464646465,1355253.3480455398
0.07272727272727272,0.007272727272727273,1354816.1107369314
0.07272727272727272,0.00808080808080808,1354326.2879218578
0.07272727272727272,0.008888888888888889,1353783.6373621342
0.07272727272727272,0.009696969696969697,1353187.8790426324
0.07272727272727272,0.010505050505050505,1352538.697333646
0.07272727272727272,0.011313131313131313,1351835.7421744973
0.07272727272727272,0.012121212121212121,1351078.6296617526
0.07272727272727272,0.01292929292929293,1350266.9422498231
0.07272727272727272,0.013737373737373737,1349400.2286808202
0.07272727272727272,0.014545454545454545,1348478.003710766
0.07272727272727272,0.015353535353535354,1347499.7476706267
0.07272727272727272,0.01616161616161616,1346464.9058834352
0.07272727272727272,0.016969696969696968,1345372.8879480292
0.07272727272727272,0.017777777777777778,1344223.0668930323
0.07272727272727272,0.018585858585858588,1343014.778200192
0.07272727272727272,0.019393939393939394,1341747.3186932653
0.07272727272727272,0.0202020202020202,1340419.9452868144
0.07272727272727272,0.02101010101010101,1339031.8735882638
0.07272727272727272,0.02181818181818182,1337582.2763462076
0.07272727272727272,0.022626262626262626,1336070.281738071
0.07272727272727272,0.023434343434343433,1334494.9714907396
0.07272727272727272,0.024242424242424242,1332855.3788285328
0.07272727272727272,0.025050505050505052,1331150.4862437984
0.07272727272727272,0.02585858585858586,1329379.2230862654
0.07272727272727272,0.026666666666666665,1327540.4629679688
0.07272727272727272,0.027474747474747475,1325633.0209808168
0.07272727272727272,0.028282828282828285,1323655.6507235202
0.07272727272727272,0.02909090909090909,1321607.0411334294
0.07272727272727272,0.029898989898989897,1319485.8131166205
0.07272727272727272,0.030707070707070707,1317290.5159662047
0.07272727272727272,0.03151515151515151,1315019.6235542179
0.07272727272727272,0.03232323232323232,1312671.530276595
0.07272727272727272,0.03313131313131313,1310244.5467237837
0.07272727272727272,0.033939393939393936,1307736.895041751
0.07272727272727272,0.03474747474747475,1305146.7039398563
0.07272727272727272,0.035555555555555556,1302472.0032937247
0.07272727272727272,0.03636363636363636,1299710.718283321
0.07272727272727272,0.037171717171717175,1296860.6629992288
0.07272727272727272,0.03797979797979798,1293919.5334439052
0.07272727272727272,0.03878787878787879,1290884.8998493156
0.07272727272727272,0.039595959595959594,1287754.1982274596
0.07272727272727272,0.0404040404040404,1284524.7210651103
0.07272727272727272,0.041212121212121214,1281193.6070675547
0.07272727272727272,0.04202020202020202,1277757.829846905
0.07272727272727272,0.042828282828282827,1274214.1854372649
0.07272727272727272,0.04363636363636364,1270559.2785004615
0.07272727272727272,0.044444444444444446,1266789.5070611779
0.07272727272727272,0.04525252525252525,1262901.0455788253
0.07272727272727272,0.04606060606060606,1258889.8261255207
0.07272727272727272,0.046868686868686865,1254751.5173957897
0.07272727272727272,0.04767676767676768,1250481.5012248885
0.07272727272727272,0.048484848484848485,1246074.846239151
0.07272727272727272,0.04929292929292929,1241526.2782023721
0.07272727272727272,0.050101010101010104,1236830.1465536382
0.07272727272727272,0.05090909090909091,1231980.3865484847
0.07272727272727272,0.05171717171717172,1226970.4763087698
0.07272727272727272,0.052525252525252523,1221793.3879477424
0.07272727272727272,0.05333333333333333,1216441.5317559645
0.07272727272727272,0.05414141414141414,1210906.6922029778
0.07272727272727272,0.05494949494949495,1205179.9542233192
0.07272727272727272,0.055757575757575756,1199251.617909367
0.07272727272727272,0.05656565656565657,1193111.0993195223
0.07272727272727272,0.057373737373737375,1186746.8146076167
0.07272727272727272,0.05818181818181818,1180146.0440444387
0.07272727272727272,0.05898989898989899,1173294.7716620844
0.07272727272727272,0.059797979797979794,1166177.4951042798
0.07272727272727272,0.06060606060606061,1158776.9986871455
0.07272727272727272,0.061414141414141414,1151074.080535032
0.07272727272727272,0.06222222222222222,1143047.2218314162
0.07272727272727272,0.06303030303030302,1134672.1825719737
0.07272727272727272,0.06383838383838383,1125921.5034311984
0.07272727272727272,0.06464646464646465,1116763.886790106
0.07272727272727272,0.06545454545454546,1107163.4203778529
0.07272727272727272,0.06626262626262627,1097078.5922973445
0.07272727272727272,0.06707070707070706,1086461.0233875513
0.07272727272727272,0.06787878787878787,1075253.8080699337
0.07272727272727272,0.06868686868686869,1063389.3039083632
0.07272727272727272,0.0694949494949495,1050786.1330074838
0.07272727272727272,0.07030303030303031,1037345.0329762243
0.07272727272727272,0.07111111111111111,1022942.9756556056
0.07272727272727272,0.07191919191919191,1007424.5595124234
0.07272727272727272,0.07272727272727272,990588.8683885065
0.07272727272727272,0.07353535353535354,972168.5194123366
0.07272727272727272,0.07434343434343435,951794.6387140595
0.07272727272727272,0.07515151515151516,928934.8056941536
0.07272727272727272,0.07595959595959595,902773.8271215826
0.07272727272727272,0.07676767676767676,871953.565222347
0.07272727272727272,0.07757575757575758,833909.271811054
0.07272727272727272,0.07838383838383839,782717.9769696494
0.07272727272727272,0.0791919191919192,697856.7883442601
0.07272727272727272,0.07979818813131313,119391.40886395566
0.07272727272727272,0.08000088465770044,117218.51571902166
0.07272727272727272,0.0800019359326174,114444.0619721077
0.07272727272727272,0.08000324619642925,110881.20474495314
0.07272727272727272,0.08000487925285339,106271.19986435995
0.07272727272727272,0.08000691462409718,100242.08850415154
0.07272727272727272,0.08000945142321741,92239.36203345931
0.07272727272727272,0.08001261318046245,81378.4829289088
0.07272727272727272,0.08001655385861739,66104.93928074114
0.07272727272727272,0.08002146535027135,43056.27193480743
0.07272727272727272,0.08002758682208874,10951.242639041404
0.07272727272727272,0.08003521636110686,553.8643438812283
0.07272727272727272,0.08004472549017998,419.3396646340963
0.07272727272727272,0.08005657725940413,346.56341329277325
0.07272727272727272,0.08007134879449027,305.8513362089238
0.07272727272727272,0.08008975940008634,300.00665542533267
0.07272727272727272,0.08011270558654815,300.00000000223
0.07272727272727272,0.08014130472579933,300.00000000008157
0.07272727272727272,0.08017694946211615,300.0000000000009
0.07272727272727272,0.08022137552738813,300.0000000000008
0.07272727272727272,0.08027674626314021,300.0000000000008
0.07272727272727272,0.08034575796514344,300.0000000000008
0.07272727272727272,0.08043177118040407,300.0000000000008
0.07272727272727272,0.08053897435007991,300.0000000000008
0.07272727272727272,0.08067258776696852,300.0000000000008
0.07272727272727272,0.08083911777934251,300.0000000000008
0.07272727272727272,0.08104667361966954,300.0000000000008
0.07272727272727272,0.08130536228629326,300.0000000000008
0.07272727272727272,0.08162778070696558,300.0000000000008
0.07272727272727272,0.08202962915029163,300.0000000000008
0.07272727272727272,0.08237629432068608,300.00000000000074
0.07575757575757576,0.00020202020202020202,1332582.129356632
0.07575757575757576,0.0008080808080808081,1332582.129356632
0.07575757575757576,0.0016161616161616162,1332511.483055241
0.07575757575757576,0.0024242424242424242,1332384.274138569
0.07575757575757576,0.0032323232323232323,1332202.4463008018
0.07575757575757576,0.00404040404040404,1331966.567526186
0.07575757575757576,0.0048484848484848485,1331676.8085388495
0.07575757575757576,0.0056565656565656566,1331333.1684895863
0.07575757575757576,0.006464646464646465,1330935.550062586
0.07575757575757576,0.007272727272727273,1330483.7902722612
0.07575757575757576,0.00808080808080808,1329977.67491769
0.07575757575757576,0.008888888888888889,1329416.9460179803
0.07575757575757576,0.009696969696969697,1328801.3058768746
0.07575757575757576,0.010505050505050505,1328130.4193811645
0.07575757575757576,0.011313131313131313,1327403.9153040336
0.07575757575757576,0.012121212121212121,1326621.387009883
0.07575757575757576,0.01292929292929293,1325782.3927749633
0.07575757575757576,0.013737373737373737,1324886.4558431876
0.07575757575757576,0.014545454545454545,1323933.0642839256
0.07575757575757576,0.015353535353535354,1322921.6706876785
0.07575757575757576,0.01616161616161616,1321851.6917164158
0.07575757575757576,0.016969696969696968,1320722.5075128737
0.07575757575757576,0.017777777777777778,1319533.4609647042
0.07575757575757576,0.018585858585858588,1318283.85681358
0.07575757575757576,0.019393939393939394,1316972.9605954883
0.07575757575757576,0.0202020202020202,1315599.9973960966
0.07575757575757576,0.02101010101010101,1314164.1504040754
0.07575757575757576,0.02181818181818182,1312664.5592455047
0.07575757575757576,0.022626262626262626,1311100.3180839464
0.07575757575757576,0.023434343434343433,1309470.4734733694
0.07575757575757576,0.024242424242424242,1307774.021954752
0.07575757575757576,0.025050505050505052,1306009.9073917137
0.07575757575757576,0.02585858585858586,1304177.0180456478
0.07575757575757576,0.026666666666666665,1302274.183396168
0.07575757575757576,0.027474747474747475,1300300.1707177092
0.07575757575757576,0.028282828282828285,1298253.6814272061
0.07575757575757576,0.02909090909090909,1296133.3472201345
0.07575757575757576,0.029898989898989897,1293937.7260120446
0.07575757575757576,0.030707070707070707,1291665.2976992496
0.07575757575757576,0.03151515151515151,1289314.4597449151
0.07575757575757576,0.03232323232323232,1286883.522585071
0.07575757575757576,0.03313131313131313,1284370.7048331287
0.07575757575757576,0.033939393939393936,1281774.1282419844
0.07575757575757576,0.03474747474747475,1279091.812361068
0.07575757575757576,0.035555555555555556,1276321.6688036548
0.07575757575757576,0.03636363636363636,1273461.4950197814
0.07575757575757576,0.037171717171717175,1270508.9674546302
0.07575757575757576,0.03797979797979798,1267461.6339632643
0.07575757575757576,0.03878787878787879,1264316.9053512749
0.07575757575757576,0.039595959595959594,1261072.0459169233
0.07575757575757576,0.0404040404040404,1257724.1628818605
0.07575757575757576,0.041212121212121214,1254270.1946108604
0.07575757575757576,0.04202020202020202,1250706.897531049
0.07575757575757576,0.042828282828282827,1247030.8316617084
0.07575757575757576,0.04363636363636364,1243238.3446505328
0.07575757575757576,0.044444444444444446,1239325.5541760812
0.07575757575757576,0.04525252525252525,1235288.3285167848
0.07575757575757576,0.04606060606060606,1231122.2650064817
0.07575757575757576,0.046868686868686865,1226822.6660028666
0.07575757575757576,0.04767676767676768,1222384.5119012748
0.07575757575757576,0.048484848484848485,1217802.4306461269
0.07575757575757576,0.04929292929292929,1213070.6631359558
0.07575757575757576,0.050101010101010104,1208183.0238839253
0.07575757575757576,0.05090909090909091,1203132.8562678676
0.07575757575757576,0.05171717171717172,1197912.9816497823
0.07575757575757576,0.052525252525252523,1192515.6415190797
0.07575757575757576,0.05333333333333333,1186932.4315670393
0.07575757575757576,0.05414141414141414,1181154.2261956148
0.07575757575757576,0.05494949494949495,1175171.0914039828
0.07575757575757576,0.055757575757575756,1168972.183346765
0.07575757575757576,0.05656565656565657,1162545.6292426374
0.07575757575757576,0.057373737373737375,1155878.3868328994
0.07575757575757576,0.05818181818181818,1148956.0782196957
0.07575757575757576,0.05898989898989899,1141762.7934385904
0.07575757575757576,0.059797979797979794,1134280.8580953924
0.07575757575757576,0.06060606060606061,1126490.5571590376
0.07575757575757576,0.061414141414141414,1118369.8028637483
0.07575757575757576,0.06222222222222222,1109893.7285148976
0.07575757575757576,0.06303030303030302,1101034.183242002
0.07575757575757576,0.06383838383838383,1091759.0976107717
0.07575757575757576,0.06464646464646465,1082031.686929129
0.07575757575757576,0.06545454545454546,1071809.4563196881
0.07575757575757576,0.06626262626262627,1061042.9620683428
0.07575757575757576,0.06707070707070706,1049674.2477442008
0.07575757575757576,0.06787878787878787,1037634.7765917877
0.07575757575757576,0.06868686868686869,1024842.5798927317
0.07575757575757576,0.0694949494949495,1011198.2511407969
0.07575757575757576,0.07030303030303031,996579.3492183349
0.07575757575757576,0.07111111111111111,980832.8076345061
0.07575757575757576,0.07191919191919191,963765.0472013777
0.07575757575757576,0.07272727272727272,945126.0989553777
0.07575757575757576,0.07353535353535354,924581.3691604598
0.07575757575757576,0.07434343434343435,901658.590313711
0.07575757575757576,0.07515151515151516,875650.3362700072
0.07575757575757576,0.07595959595959595,845495.0036071569
0.07575757575757576,0.07676767676767676,809482.3615391739
0.07575757575757576,0.07757575757575758,764197.2490578649
0.07575757575757576,0.07838383838383839,696364.483672552
0.07575757575757576,0.0791919191919192,339943.6177798882
0.07575757575757576,0.07979818813131313,625.4170688164236
0.07575757575757576,0.08000088465770044,331.13824748225915
0.07575757575757576,0.0800019359326174,327.67350038725226
0.07575757575757576,0.08000324619642925,323.70873204085956
0.07575757575757576,0.08000487925285339,319.27997788870033
0.07575757575757576,0.08000691462409718,314.52917199445784
0.07575757575757576,0.08000945142321741,309.73626549137293
0.07575757575757576,0.08001261318046245,305.3563335776636
0.07575757575757576,0.08001655385861739,302.00818351723
0.07575757575757576,0.08002146535027135,300.27203781910805
0.07575757575757576,0.08002758682208874,300.0004918580606
0.07575757575757576,0.08003521636110686,300.00000000085447
0.07575757575757576,0.08004472549017998,300.00000000020725
0.07575757575757576,0.08005657725940413,300.00000000005844
0.07575757575757576,0.08007134879449027,300.0000000000069
0.07575757575757576,0.08008975940008634,300.00000000000085
0.07575757575757576,0.08011270558654815,300.0000000000008
0.07575757575757576,0.08014130472579933,300.0000000000008
0.07575757575757576,0.08017694946211615,300.0000000000008
0.07575757575757576,0.08022137552738813,300.0000000000008
0.07575757575757576,0.08027674626314021,300.0000000000008
0.07575757575757576,0.08034575796514344,300.0000000000008
0.07575757575757576,0.08043177118040407,300.0000000000008
0.07575757575757576,0.08053897435007991,300.0000000000008
0.07575757575757576,0.08067258776696852,300.0000000000008
0.07575757575757576,0.08083911777934251,300.0000000000008
0.07575757575757576,0.08104667361966954,300.0000000000008
0.07575757575757576,0.08130536228629326,300.0000000000008
0.07575757575757576,0.08162778070696558,300.0000000000008
0.07575757575757576,0.08202962915029163,300.0000000000008
0.07575757575757576,0.08237629432068608,300.00000000000074
0.07878787878787878,0.00020202020202020202,1306772.3620567601
0.07878787878787878,0.0008080808080808081,1306772.3620567601
0.07878787878787878,0.0016161616161616162,1306698.978754915
0.07878787878787878,0.0024242424242424242,1306566.8387543363
0.07878787878787878,0.0032323232323232323,1306377.956580449
0.07878787878787878,0.00404040404040404,1306132.9159113066
0.07878787878787878,0.0048484848484848485,1305831.8858817634
0.07878787878787878,0.0056565656565656566,1305474.8554587346
0.07878787878787878,0.006464646464646465,1305061.7114015354
0.07878787878787878,0.007272727272727273,1304592.2701999508
0.07878787878787878,0.00808080808080808,1304066.293047688
0.07878787878787878,0.008888888888888889,1303483.4935429553
0.07878787878787878,0.009696969696969697,1302843.5419132886
0.07878787878787878,0.010505050505050505,1302146.0674386886
0.07878787878787878,0.011313131313131313,1301390.6598807857
0.07878787878787878,0.012121212121212121,1300576.8703356104
0.07878787878787878,0.01292929292929293,1299704.2117366001
0.07878787878787878,0.013737373737373737,1298772.159133647
0.07878787878787878,0.014545454545454545,1297780.1498165338
0.07878787878787878,0.015353535353535354,1296727.5833156807
0.07878787878787878,0.01616161616161616,1295613.8212893822
0.07878787878787878,0.016969696969696968,1294438.1872895637
0.07878787878787878,0.017777777777777778,1293199.9663849436
0.07878787878787878,0.018585858585858588,1291898.404610117
0.07878787878787878,0.019393939393939394,1290532.708200991
0.07878787878787878,0.0202020202020202,1289102.0425711027
0.07878787878787878,0.02101010101010101,1287605.5309798075
0.07878787878787878,0.02181818181818182,1286042.2528424182
0.07878787878787878,0.022626262626262626,1284411.2416344883
0.07878787878787878,0.023434343434343433,1282711.4823478668
0.07878787878787878,0.024242424242424242,1280941.9084652723
0.07878787878787878,0.025050505050505052,1279101.398433014
0.07878787878787878,0.02585858585858586,1277188.7716280709
0.07878787878787878,0.026666666666666665,1275202.7838355193
0.07878787878787878,0.027474747474747475,1273142.1222743266
0.07878787878787878,0.028282828282828285,1271005.4002321493
0.07878787878787878,0.02909090909090909,1268791.1513906925
0.07878787878787878,0.029898989898989897,1266497.8239392953
0.07878787878787878,0.030707070707070707,1264123.7745820235
0.07878787878787878,0.03151515151515151,1261667.2625387462
0.07878787878787878,0.03232323232323232,1259126.4436197502
0.07878787878787878,0.03313131313131313,1256499.3644139534
0.07878787878787878,0.033939393939393936,1253783.9565723822
0.07878787878787878,0.03474747474747475,1250978.031094182
0.07878787878787878,0.035555555555555556,1248079.2724388998
0.07878787878787878,0.03636363636363636,1245085.232206766
0.07878787878787878,0.037171717171717175,1241993.3220614688
0.07878787878787878,0.03797979797979798,1238800.80553081
0.07878787878787878,0.03878787878787879,1235504.7883200957
0.07878787878787878,0.039595959595959594,1232102.206816103
0.07878787878787878,0.0404040404040404,1228589.8145440144
0.07878787878787878,0.041212121212121214,1224964.166455757
0.07878787878787878,0.04202020202020202,1221221.6010568799
0.07878787878787878,0.042828282828282827,1217358.2204923504
0.07878787878787878,0.04363636363636364,1213369.868773094
0.07878787878787878,0.044444444444444446,1209252.10829418
0.07878787878787878,0.04525252525252525,1205000.1946366788
0.07878787878787878,0.04606060606060606,1200609.049343306
0.07878787878787878,0.046868686868686865,1196073.229938921
0.07878787878787878,0.04767676767676768,1191386.8960142948
0.07878787878787878,0.048484848484848485,1186543.7698394358
0.07878787878787878,0.04929292929292929,1181537.0898521687
0.07878787878787878,0.050101010101010104,1176359.555546138
0.07878787878787878,0.05090909090909091,1171003.2627406612
0.07878787878787878,0.05171717171717172,1165459.6288268554
0.07878787878787878,0.052525252525252523,1159719.3080882689
0.07878787878787878,0.05333333333333333,1153772.0971693126
0.07878787878787878,0.05414141414141414,1147606.8296721368
0.07878787878787878,0.05494949494949495,1141211.2562613182
0.07878787878787878,0.055757575757575756,1134571.9027524642
0.07878787878787878,0.05656565656565657,1127673.8950819245
0.07878787878787878,0.057373737373737375,1120500.7388204443
0.07878787878787878,0.05818181818181818,1113034.0428874139
0.07878787878787878,0.05898989898989899,1105253.1824244282
0.07878787878787878,0.059797979797979794,1097134.9028543257
0.07878787878787878,0.06060606060606061,1088652.870551714
0.07878787878787878,0.061414141414141414,1079777.1627252065
0.07878787878787878,0.06222222222222222,1070473.6418427823
0.07878787878787878,0.06303030303030302,1060703.0934611964
0.07878787878787878,0.06383838383838383,1050419.9700717758
0.07878787878787878,0.06464646464646465,1039570.583787656
0.07878787878787878,0.06545454545454546,1028090.6747420644
0.07878787878787878,0.06626262626262627,1015902.5455877071
0.07878787878787878,0.06707070707070706,1002912.3550493284
0.07878787878787878,0.06787878787878787,989006.6596390405
0.07878787878787878,0.06868686868686869,974046.2489023065
0.07878787878787878,0.0694949494949495,957853.9825310964
0.07878787878787878,0.07030303030303031,940190.0377657824
0.07878787878787878,0.07111111111111111,920705.750549741
0.07878787878787878,0.07191919191919191,898932.24499699
0.07878787878787878,0.07272727272727272,874250.4343962531
0.07878787878787878,0.07353535353535354,845821.5476453019
0.07878787878787878,0.07434343434343435,812223.5279072494
0.07878787878787878,0.07515151515151516,768405.4165534066
0.07878787878787878,0.07595959595959595,700643.8414474654
0.07878787878787878,0.07676767676767676,339772.37255386706
0.07878787878787878,0.07757575757575758,86811.85103234083
0.07878787878787878,0.07838383838383839,23802.887816202012
0.07878787878787878,0.0791919191919192,325.08822085889176
0.07878787878787878,0.07979818813131313,300.00000000133343
0.07878787878787878,0.08000088465770044,300.0000000000366
0.07878787878787878,0.0800019359326174,300.00000000003206
0.07878787878787878,0.08000324619642925,300.0000000000272
0.07878787878787878,0.08000487925285339,300.0000000000218
0.07878787878787878,0.08000691462409718,300.0000000000163
0.07878787878787878,0.08000945142321741,300.0000000000109
0.07878787878787878,0.08001261318046245,300.0000000000062
0.07878787878787878,0.08001655385861739,300.0000000000029
0.07878787878787878,0.08002146535027135,300.0000000000011
0.07878787878787878,0.08002758682208874,300.0000000000008
0.07878787878787878,0.08003521636110686,300.0000000000008
0.07878787878787878,0.08004472549017998,300.0000000000008
0.07878787878787878,0.08005657725940413,300.0000000000008
0.07878787878787878,0.08007134879449027,300.0000000000008
0.07878787878787878,0.08008975940008634,300.0000000000008
0.07878787878787878,0.08011270558654815,300.0000000000008
0.07878787878787878,0.08014130472579933,300.0000000000008
0.07878787878787878,0.08017694946211615,300.0000000000008
0.07878787878787878,0.08022137552738813,300.0000000000008
0.07878787878787878,0.08027674626314021,300.0000000000008
0.07878787878787878,0.08034575796514344,300.0000000000008
0.07878787878787878,0.08043177118040407,300.0000000000008
0.07878787878787878,0.08053897435007991,300.0000000000008
0.07878787878787878,0.08067258776696852,300.0000000000008
0.07878787878787878,0.08083911777934251,300.0000000000008
0.07878787878787878,0.08104667361966954,300.0000000000008
0.07878787878787878,0.08130536228629326,300.0000000000008
0.07878787878787878,0.08162778070696558,300.0000000000008
0.07878787878787878,0.08202962915029163,300.0000000000008
0.07878787878787878,0.08237629432068608,300.00000000000074
0.08181818181818182,0.00020202020202020202,1278991.9401228472
0.08181818181818182,0.0008080808080808081,1278991.9401228472
0.08181818181818182,0.0016161616161616162,1278915.1552433127
0.08181818181818182,0.0024242424242424242,1278776.8858561362
0.08181818181818182,0.0032323232323232323,1278579.2327980623
0.08181818181818182,0.00404040404040404,1278322.796675215
0.08181818181818182,0.0048484848484848485,1278007.7410640887
0.08181818181818182,0.0056565656565656566,1277634.037497727
0.08181818181818182,0.006464646464646465,1277201.5467533697
0.08181818181818182,0.007272727272727273,1276710.0519655219
0.08181818181818182,0.00808080808080808,1276159.2739863892
0.08181818181818182,0.008888888888888889,1275548.8791545706
0.08181818181818182,0.009696969696969697,1274878.483467136
0.08181818181818182,0.010505050505050505,1274147.6549302498
0.08181818181818182,0.011313131313131313,1273355.9149576528
0.08181818181818182,0.012121212121212121,1272502.73927759
0.08181818181818182,0.01292929292929293,1271587.5586070844
0.08181818181818182,0.013737373737373737,1270609.7592433721
0.08181818181818182,0.014545454545454545,1269568.683656752
0.08181818181818182,0.015353535353535354,1268463.631124618
0.08181818181818182,0.01616161616161616,1267293.858412203
0.08181818181818182,0.016969696969696968,1266058.5804764242
0.08181818181818182,0.017777777777777778,1264756.9711426978
0.08181818181818182,0.018585858585858588,1263388.1636798813
0.08181818181818182,0.019393939393939394,1261951.2511755615
0.08181818181818182,0.0202020202020202,1260445.286593344
0.08181818181818182,0.02101010101010101,1258869.2823765024
0.08181818181818182,0.02181818181818182,1257222.2094495932
0.08181818181818182,0.022626262626262626,1255502.9954629228
0.08181818181818182,0.023434343434343433,1253710.5221259035
0.08181818181818182,0.024242424242424242,1251843.6214864329
0.08181818181818182,0.025050505050505052,1249901.0710368038
0.08181818181818182,0.02585858585858586,1247881.587564548
0.08181818181818182,0.026666666666666665,1245783.8197209053
0.08181818181818182,0.027474747474747475,1243606.3393511067
0.08181818181818182,0.028282828282828285,1241347.631718243
0.08181818181818182,0.02909090909090909,1239006.0848520808
0.08181818181818182,0.029898989898989897,1236579.9783576028
0.08181818181818182,0.030707070707070707,1234067.4721120293
0.08181818181818182,0.03151515151515151,1231466.5953450473
0.08181818181818182,0.03232323232323232,1228775.2366118503
0.08181818181818182,0.03313131313131313,1225991.1351077869
0.08181818181818182,0.033939393939393936,1223111.8736162242
0.08181818181818182,0.03474747474747475,1220134.8731190572
0.08181818181818182,0.035555555555555556,1217057.3887451533
0.08181818181818182,0.03636363636363636,1213876.5063278745
0.08181818181818182,0.037171717171717175,1210589.138458084
0.08181818181818182,0.03797979797979798,1207192.0186350786
0.08181818181818182,0.03878787878787879,1203681.692002798
0.08181818181818182,0.039595959595959594,1200054.5012547867
0.08181818181818182,0.0404040404040404,1196306.5666173992
0.08181818181818182,0.041212121212121214,1192433.7593745892
0.08181818181818182,0.04202020202020202,1188431.669150223
0.08181818181818182,0.042828282828282827,1184295.566040257
0.08181818181818182,0.04363636363636364,1180020.3595382245
0.08181818181818182,0.044444444444444446,1175600.5567718814
0.08181818181818182,0.04525252525252525,1171030.2225080626
0.08181818181818182,0.04606060606060606,1166302.942283031
0.08181818181818182,0.046868686868686865,1161411.7876229223
0.08181818181818182,0.04767676767676768,1156349.2789148218
0.08181818181818182,0.048484848484848485,1151107.3382842543
0.08181818181818182,0.04929292929292929,1145677.223178352
0.08181818181818182,0.050101010101010104,1140049.4318463744
0.08181818181818182,0.05090909090909091,1134213.5748942443
0.08181818181818182,0.05171717171717172,1128158.2128224783
0.08181818181818182,0.052525252525252523,1121870.6677283999
0.08181818181818182,0.05333333333333333,1115336.826428154
0.08181818181818182,0.05414141414141414,1108540.956931319
0.08181818181818182,0.05494949494949495,1101465.5495560977
0.08181818181818182,0.055757575757575756,1094091.154523887
0.08181818181818182,0.05656565656565657,1086396.1407468263
0.08181818181818182,0.057373737373737375,1078356.2778163701
0.08181818181818182,0.05818181818181818,1069944.0415410968
0.08181818181818182,0.05898989898989899,1061127.5777071326
0.08181818181818182,0.059797979797979794,1051869.3656050847
0.08181818181818182,0.06060606060606061,1042124.8463003661
0.08181818181818182,0.061414141414141414,1031841.5619376102
0.08181818181818182,0.06222222222222222,1020958.9239224114
0.08181818181818182,0.06303030303030302,1009407.543603784
0.08181818181818182,0.06383838383838383,997106.6869550556
0.08181818181818182,0.06464646464646465,983957.2645704703
0.08181818181818182,0.06545454545454546,969825.7688077646
0.08181818181818182,0.06626262626262627,954515.4506988005
0.08181818181818182,0.06707070707070706,937762.173055529
0.08181818181818182,0.06787878787878787,919240.860763524
0.08181818181818182,0.06868686868686869,898576.493867272
0.08181818181818182,0.0694949494949495,875376.6503307254
0.08181818181818182,0.07030303030303031,849187.4281808365
0.08181818181818182,0.07111111111111111,817372.9264019486
0.08181818181818182,0.07191919191919191,774804.6956341746
0.08181818181818182,0.07272727272727272,707434.6681782407
0.08181818181818182,0.07353535353535354,389939.14180265344
0.08181818181818182,0.07434343434343435,144095.60568291513
0.08181818181818182,0.07515151515151516,65598.1062787192
0.08181818181818182,0.07595959595959595,15762.307438666663
0.08181818181818182,0.07676767676767676,322.1618276779771
0.08181818181818182,0.07757575757575758,300.00144557104386
0.08181818181818182,0.07838383838383839,300.000000041463
0.08181818181818182,0.0791919191919192,299.99999999999864
0.08181818181818182,0.07979818813131313,300.0000000000008
0.08181818181818182,0.08000088465770044,300.0000000000008
0.08181818181818182,0.0800019359326174,300.0000000000008
0.08181818181818182,0.08000324619642925,300.0000000000008
0.08181818181818182,0.08000487925285339,300.0000000000008
0.08181818181818182,0.08000691462409718,300.0000000000008
0.08181818181818182,0.08000945142321741,300.0000000000008
0.08181818181818182,0.08001261318046245,300.0000000000008
0.08181818181818182,0.08001655385861739,300.0000000000008
0.08181818181818182,0.08002146535027135,300.0000000000008
0.08181818181818182,0.08002758682208874,300.0000000000008
0.08181818181818182,0.08003521636110686,300.0000000000008
0.08181818181818182,0.08004472549017998,300.0000000000008
0.08181818181818182,0.08005657725940413,300.0000000000008
0.08181818181818182,0.08007134879449027,300.0000000000008
0.08181818181818182,0.08008975940008634,300.0000000000008
0.08181818181818182,0.08011270558654815,300.0000000000008
0.08181818181818182,0.08014130472579933,300.0000000000008
0.08181818181818182,0.08017694946211615,300.0000000000008
0.08181818181818182,0.08022137552738813,300.0000000000008
0.08181818181818182,0.08027674626314021,300.0000000000008
0.08181818181818182,0.08034575796514344,300.0000000000008
0.08181818181818182,0.08043177118040407,300.0000000000008
0.08181818181818182,0.08053897435007991,300.0000000000008
0.08181818181818182,0.08067258776696852,300.0000000000008
0.08181818181818182,0.08083911777934251,300.0000000000008
0.08181818181818182,0.08104667361966954,300.0000000000008
0.08181818181818182,0.08130536228629326,300.0000000000008
0.08181818181818182,0.08162778070696558,300.0000000000008
0.08181818181818182,0.08202962915029163,300.0000000000008
0.08181818181818182,0.08237629432068608,300.00000000000074
0.08484848484848485,0.00020202020202020202,1248639.1362547737
0.08484848484848485,0.0008080808080808081,1248639.1362547737
0.08484848484848485,0.0016161616161616162,1248557.998045484
0.08484848484848485,0.0024242424242424242,1248411.8850863006
0.08484848484848485,0.0032323232323232323,1248203.00991441
0.08484848484848485,0.00404040404040404,1247931.9961963315
0.08484848484848485,0.0048484848484848485,1247599.0015528426
0.08484848484848485,0.0056565656565656566,1247203.975625044
0.08484848484848485,0.006464646464646465,1246746.745019031
0.08484848484848485,0.007272727272727273,1246227.0472288018
0.08484848484848485,0.00808080808080808,1245644.5457189446
0.08484848484848485,0.008888888888888889,1244998.8369478516
0.08484848484848485,0.009696969696969697,1244289.4536061713
0.08484848484848485,0.010505050505050505,1243515.8660085644
0.08484848484848485,0.011313131313131313,1242677.4826278852
0.08484848484848485,0.012121212121212121,1241773.65033541
0.08484848484848485,0.01292929292929293,1240803.6547009335
0.08484848484848485,0.013737373737373737,1239766.7205904236
0.08484848484848485,0.014545454545454545,1238662.0132234502
0.08484848484848485,0.015353535353535354,1237488.6397931913
0.08484848484848485,0.01616161616161616,1236245.651696583
0.08484848484848485,0.016969696969696968,1234932.0473655942
0.08484848484848485,0.017777777777777778,1233546.775630598
0.08484848484848485,0.018585858585858588,1232088.7394833292
0.08484848484848485,0.019393939393939394,1230556.800040996
0.08484848484848485,0.0202020202020202,1228949.780446299
0.08484848484848485,0.02101010101010101,1227266.4693721344
0.08484848484848485,0.02181818181818182,1225505.6237364342
0.08484848484848485,0.022626262626262626,1223665.970174355
0.08484848484848485,0.023434343434343433,1221746.2047654935
0.08484848484848485,0.024242424242424242,1219744.9904788404
0.08484848484848485,0.025050505050505052,1217660.9517867402
0.08484848484848485,0.02585858585858586,1215492.6659239437
0.08484848484848485,0.026666666666666665,1213238.650345416
0.08484848484848485,0.027474747474747475,1210897.3460861729
0.08484848484848485,0.028282828282828285,1208467.0969676399
0.08484848484848485,0.02909090909090909,1205946.1249429544
0.08484848484848485,0.029898989898989897,1203332.50233173
0.08484848484848485,0.030707070707070707,1200624.122244522
0.08484848484848485,0.03151515151515151,1197818.6690856589
0.08484848484848485,0.03232323232323232,1194913.5915506587
0.08484848484848485,0.03313131313131313,1191906.0808483239
0.08484848484848485,0.033939393939393936,1188793.0567809958
0.08484848484848485,0.03474747474747475,1185571.1636081587
0.08484848484848485,0.035555555555555556,1182236.7761786492
0.08484848484848485,0.03636363636363636,1178786.0147358177
0.08484848484848485,0.037171717171717175,1175214.764485816
0.08484848484848485,0.03797979797979798,1171518.6940808962
0.08484848484848485,0.03878787878787879,1167693.265995491
0.08484848484848485,0.039595959595959594,1163733.7314446287
0.08484848484848485,0.0404040404040404,1159635.103031267
0.08484848484848485,0.041212121212121214,1155392.099850376
0.08484848484848485,0.04202020202020202,1150999.0626273502
0.08484848484848485,0.042828282828282827,1146449.8410093775
0.08484848484848485,0.04363636363636364,1141737.6615729008
0.08484848484848485,0.044444444444444446,1136854.9930128055
0.08484848484848485,0.04525252525252525,1131793.4324232813
0.08484848484848485,0.04606060606060606,1126543.6390828853
0.08484848484848485,0.046868686868686865,1121095.3320571284
0.08484848484848485,0.04767676767676768,1115437.3384590438
0.08484848484848485,0.048484848484848485,1109557.6465983044
0.08484848484848485,0.04929292929292929,1103443.4015912148
0.08484848484848485,0.050101010101010104,1097080.7734154286
0.08484848484848485,0.05090909090909091,1090454.627030561
0.08484848484848485,0.05171717171717172,1083547.9389663995
0.08484848484848485,0.052525252525252523,1076340.954380451
0.08484848484848485,0.05333333333333333,1068810.1953955556
0.08484848484848485,0.05414141414141414,1060927.6457267501
0.08484848484848485,0.05494949494949495,1052660.6650143587
0.08484848484848485,0.055757575757575756,1043972.7051678211
0.08484848484848485,0.05656565656565657,1034824.1559735894
0.08484848484848485,0.057373737373737375,1025172.6064680581
0.08484848484848485,0.05818181818181818,1014971.4530819108
0.08484848484848485,0.05898989898989899,1004165.0630522
0.08484848484848485,0.059797979797979794,992677.9395947637
0.08484848484848485,0.06060606060606061,980396.7781442694
0.08484848484848485,0.061414141414141414,967160.3372553262
0.08484848484848485,0.06222222222222222,952773.5388654739
0.08484848484848485,0.06303030303030302,937025.3936857985
0.08484848484848485,0.06383838383838383,919721.6819781418
0.08484848484848485,0.06464646464646465,900740.7782314429
0.08484848484848485,0.06545454545454546,880019.800477044
0.08484848484848485,0.06626262626262627,856369.8194894912
0.08484848484848485,0.06707070707070706,827327.5314697073
0.08484848484848485,0.06787878787878787,788077.2665333451
0.08484848484848485,0.06868686868686869,725328.3487848792
0.08484848484848485,0.0694949494949495,511211.9068634129
0.08484848484848485,0.07030303030303031,220668.61086872345
0.08484848484848485,0.07111111111111111,127053.55983472824
0.08484848484848485,0.07191919191919191,58717.9245301966
0.08484848484848485,0.07272727272727272,14632.377546645319
0.08484848484848485,0.07353535353535354,365.230547614964
0.08484848484848485,0.07434343434343435,300.0724296812259
0.08484848484848485,0.07515151515151516,300.00012782385744
0.08484848484848485,0.07595959595959595,300.00000000116637
0.08484848484848485,0.07676767676767676,299.99999999999864
0.08484848484848485,0.07757575757575758,299.99999999999864
0.08484848484848485,0.07838383838383839,299.99999999999864
0.08484848484848485,0.0791919191919192,299.9999999999631
0.08484848484848485,0.07979818813131313,300.0000000000008
0.08484848484848485,0.08000088465770044,300.0000000000008
0.08484848484848485,0.0800019359326174,300.0000000000008
0.08484848484848485,0.08000324619642925,300.0000000000008
0.08484848484848485,0.08000487925285339,300.0000000000008
0.08484848484848485,0.08000691462409718,300.0000000000008
0.08484848484848485,0.08000945142321741,300.0000000000008
0.08484848484848485,0.08001261318046245,300.0000000000008
0.08484848484848485,0.08001655385861739,300.0000000000008
0.08484848484848485,0.08002146535027135,300.0000000000008
0.08484848484848485,0.08002758682208874,300.0000000000008
0.08484848484848485,0.08003521636110686,300.0000000000008
0.08484848484848485,0.08004472549017998,300.0000000000008
0.08484848484848485,0.08005657725940413,300.0000000000008
0.08484848484848485,0.08007134879449027,300.0000000000008
0.08484848484848485,0.08008975940008634,300.0000000000008
0.08484848484848485,0.08011270558654815,300.0000000000008
0.08484848484848485,0.08014130472579933,300.0000000000008
0.08484848484848485,0.08017694946211615,300.0000000000008
0.08484848484848485,0.08022137552738813,300.0000000000008
0.08484848484848485,0.08027674626314021,300.0000000000008
0.08484848484848485,0.08034575796514344,300.0000000000008
0.08484848484848485,0.08043177118040407,300.0000000000008
0.08484848484848485,0.08053897435007991,300.0000000000008
0.08484848484848485,0.08067258776696852,300.0000000000008
0.08484848484848485,0.08083911777934251,300.0000000000008
0.08484848484848485,0.08104667361966954,300.0000000000008
0.08484848484848485,0.08130536228629326,300.0000000000008
0.08484848484848485,0.08162778070696558,300.0000000000008
0.08484848484848485,0.08202962915029163,300.0000000000008
0.08484848484848485,0.08237629432068608,300.00000000000074
0.08787878787878788,0.00020202020202020202,1214823.1227297932
0.08787878787878788,0.0008080808080808081,1214823.1227297932
0.08787878787878788,0.0016161616161616162,1214736.1329343386
0.08787878787878788,0.0024242424242424242,1214579.4843675036
0.08787878787878788,0.0032323232323232323,1214355.552197619
0.08787878787878788,0.00404040404040404,1214065.008076669
0.08787878787878788,0.0048484848484848485,1213708.0222867266
0.08787878787878788,0.0056565656565656566,1213284.5383186692
0.08787878787878788,0.006464646464646465,1212794.361389586
0.08787878787878788,0.007272727272727273,1212237.1918177104
0.08787878787878788,0.00808080808080808,1211612.6377926585
0.08787878787878788,0.008888888888888889,1210920.219160737
0.08787878787878788,0.009696969696969697,1210159.3669017083
0.08787878787878788,0.010505050505050505,1209329.4205052806
0.08787878787878788,0.011313131313131313,1208429.6244786005
0.08787878787878788,0.012121212121212121,1207459.1248005917
0.08787878787878788,0.01292929292929293,1206416.9659510336
0.08787878787878788,0.013737373737373737,1205302.0890458212
0.08787878787878788,0.014545454545454545,1204113.331542675
0.08787878787878788,0.015353535353535354,1202849.4289121616
0.08787878787878788,0.01616161616161616,1201509.018581041
0.08787878787878788,0.016969696969696968,1200090.6463417797
0.08787878787878788,0.017777777777777778,1198592.775283723
0.08787878787878788,0.018585858585858588,1197013.7971430034
0.08787878787878788,0.019393939393939394,1195352.0457973927
0.08787878787878788,0.0202020202020202,1193605.8124552183
0.08787878787878788,0.02101010101010101,1191773.3619058824
0.08787878787878788,0.02181818181818182,1189852.9490084422
0.08787878787878788,0.022626262626262626,1187842.8343836437
0.08787878787878788,0.023434343434343433,1185741.2980314805
0.08787878787878788,0.024242424242424242,1183546.649313116
0.08787878787878788,0.025050505050505052,1181257.2314169642
0.08787878787878788,0.02585858585858586,1178871.418098381
0.08787878787878788,0.026666666666666665,1176387.6001940032
0.08787878787878788,0.027474747474747475,1173804.1592563859
0.08787878787878788,0.028282828282828285,1171119.4257680061
0.08787878787878788,0.02909090909090909,1168331.6199582263
0.08787878787878788,0.029898989898989897,1165438.7744806516
0.08787878787878788,0.030707070707070707,1162438.6403312467
0.08787878787878788,0.03151515151515151,1159328.5805466746
0.08787878787878788,0.03232323232323232,1156105.4603581713
0.08787878787878788,0.03313131313131313,1152765.547114887
0.08787878787878788,0.033939393939393936,1149304.4372771543
0.08787878787878788,0.03474747474747475,1145717.0290649298
0.08787878787878788,0.035555555555555556,1141997.5551838723
0.08787878787878788,0.03636363636363636,1138139.6784895994
0.08787878787878788,0.037171717171717175,1134136.6371995267
0.08787878787878788,0.03797979797979798,1129981.4141923361
0.08787878787878788,0.03878787878787879,1125666.8997168657
0.08787878787878788,0.039595959595959594,1121186.0144646575
0.08787878787878788,0.0404040404040404,1116531.7571976476
0.08787878787878788,0.041212121212121214,1111697.137391165
0.08787878787878788,0.04202020202020202,1106674.9509727862
0.08787878787878788,0.042828282828282827,1101457.3619602122
0.08787878787878788,0.04363636363636364,1096035.2747795908
0.08787878787878788,0.044444444444444446,1090397.5364395743
0.08787878787878788,0.04525252525252525,1084530.1119444156
0.08787878787878788,0.04606060606060606,1078415.5326042338
0.08787878787878788,0.046868686868686865,1072033.031715669
0.08787878787878788,0.04767676767676768,1065359.4207175358
0.08787878787878788,0.048484848484848485,1058370.3114830684
0.08787878787878788,0.04929292929292929,1051041.3600351966
0.08787878787878788,0.050101010101010104,1043349.2016588656
0.08787878787878788,0.05090909090909091,1035271.5610457433
0.08787878787878788,0.05171717171717172,1026785.620580114
0.08787878787878788,0.052525252525252523,1017863.1346629993
0.08787878787878788,0.05333333333333333,1008460.3633841884
0.08787878787878788,0.05414141414141414,998502.9980002556
0.08787878787878788,0.05494949494949495,987881.700580995
0.08787878787878788,0.055757575757575756,976464.8582116046
0.08787878787878788,0.05656565656565657,964112.2894366159
0.08787878787878788,0.057373737373737375,950694.6302784667
0.08787878787878788,0.05818181818181818,936124.1388089446
0.08787878787878788,0.05898989898989899,920394.1673249288
0.08787878787878788,0.059797979797979794,903565.7246541139
0.08787878787878788,0.06060606060606061,885299.2155926131
0.08787878787878788,0.061414141414141414,864209.870935511
0.08787878787878788,0.06222222222222222,838139.6380677756
0.08787878787878788,0.06303030303030302,803031.5535995736
0.08787878787878788,0.06383838383838383,749061.3565695212
0.08787878787878788,0.06464646464646465,634766.5510238059
0.08787878787878788,0.06545454545454546,330788.77079070645
0.08787878787878788,0.06626262626262627,207018.87238239523
0.08787878787878788,0.06707070707070706,126044.51107073513
0.08787878787878788,0.06787878787878787,62621.53026062496
0.08787878787878788,0.06868686868686869,19480.589101563764
0.08787878787878788,0.0694949494949495,815.1857203804506
0.08787878787878788,0.07030303030303031,301.8499107341643
0.08787878787878788,0.07111111111111111,300.0238330845229
0.08787878787878788,0.07191919191919191,300.0000463287054
0.08787878787878788,0.07272727272727272,300.00000000057673
0.08787878787878788,0.07353535353535354,299.99999999999864
0.08787878787878788,0.07434343434343435,299.99999999999864
0.08787878787878788,0.07515151515151516,299.99999999999864
0.08787878787878788,0.07595959595959595,299.99999999999864
0.08787878787878788,0.07676767676767676,299.99999999999864
0.08787878787878788,0.07757575757575758,299.99999999999864
0.08787878787878788,0.07838383838383839,299.99999999999864
0.08787878787878788,0.0791919191919192,299.9999999999631
0.08787878787878788,0.07979818813131313,300.0000000000008
0.08787878787878788,0.08000088465770044,300.0000000000008
0.08787878787878788,0.0800019359326174,300.0000000000008
0.08787878787878788,0.08000324619642925,300.0000000000008
0.08787878787878788,0.08000487925285339,300.0000000000008
0.08787878787878788,0.08000691462409718,300.0000000000008
0.08787878787878788,0.08000945142321741,300.0000000000008
0.08787878787878788,0.08001261318046245,300.0000000000008
0.08787878787878788,0.08001655385861739,300.0000000000008
0.08787878787878788,0.08002146535027135,300.0000000000008
0.08787878787878788,0.08002758682208874,300.0000000000008
0.08787878787878788,0.08003521636110686,300.0000000000008
0.08787878787878788,0.08004472549017998,300.0000000000008
0.08787878787878788,0.08005657725940413,300.0000000000008
0.08787878787878788,0.08007134879449027,300.0000000000008
0.08787878787878788,0.08008975940008634,300.0000000000008
0.08787878787878788,0.08011270558654815,300.0000000000008
0.08787878787878788,0.08014130472579933,300.0000000000008
0.08787878787878788,0.08017694946211615,300.0000000000008
0.08787878787878788,0.08022137552738813,300.0000000000008
0.08787878787878788,0.08027674626314021,300.0000000000008
0.08787878787878788,0.08034575796514344,300.0000000000008
0.08787878787878788,0.08043177118040407,300.0000000000008
0.08787878787878788,0.08053897435007991,300.0000000000008
0.08787878787878788,0.08067258776696852,300.0000000000008
0.08787878787878788,0.08083911777934251,300.0000000000008
0.08787878787878788,0.08104667361966954,300.0000000000008
0.08787878787878788,0.08130536228629326,300.0000000000008
0.08787878787878788,0.08162778070696558,300.0000000000008
0.08787878787878788,0.08202962915029163,300.0000000000008
0.08787878787878788,0.08237629432068608,300.00000000000074
0.09090909090909091,0.00020202020202020202,1176143.2448841645
0.09090909090909091,0.0008080808080808081,1176143.2448841645
0.09090909090909091,0.0016161616161616162,1176047.5860803297
0.09090909090909091,0.0024242424242424242,1175875.3546435903
0.09090909090909091,0.0032323232323232323,1175629.210149123
0.09090909090909091,0.00404040404040404,1175309.956382171
0.09090909090909091,0.0048484848484848485,1174917.8601111607
0.09090909090909091,0.0056565656565656566,1174452.948856961
0.09090909090909091,0.006464646464646465,1173915.1028610845
0.09090909090909091,0.007272727272727273,1173304.0850517594
0.09090909090909091,0.00808080808080808,1172619.5468548369
0.09090909090909091,0.008888888888888889,1171861.0225490455
0.09090909090909091,0.009696969696969697,1171027.9173141809
0.09090909090909091,0.010505050505050505,1170119.4915256226
0.09090909090909091,0.011313131313131313,1169134.8429280436
0.09090909090909091,0.012121212121212121,1168072.8880478807
0.09090909090909091,0.01292929292929293,1166932.3441983066
0.09090909090909091,0.013737373737373737,1165711.7135216224
0.09090909090909091,0.014545454545454545,1164409.2706045648
0.09090909090909091,0.015353535353535354,1163023.0552232657
0.09090909090909091,0.01616161616161616,1161550.8716768743
0.09090909090909091,0.016969696969696968,1159990.295926499
0.09090909090909091,0.017777777777777778,1158338.6913776752
0.09090909090909091,0.018585858585858588,1156593.2336784194
0.09090909090909091,0.019393939393939394,1154750.944430299
0.09090909090909091,0.0202020202020202,1152808.7333083074
0.09090909090909091,0.02101010101010101,1150763.4478001709
0.09090909090909091,0.02181818181818182,1148611.929581451
0.09090909090909091,0.022626262626262626,1146351.076339442
0.09090909090909091,0.023434343434343433,1143977.907491549
0.09090909090909091,0.024242424242424242,1141489.6315318074
0.09090909090909091,0.025050505050505052,1138883.7115028412
0.09090909090909091,0.02585858585858586,1136157.9231758786
0.09090909090909091,0.026666666666666665,1133310.397832996
0.09090909090909091,0.027474747474747475,1130339.6381029114
0.09090909090909091,0.028282828282828285,1127244.491336507
0.09090909090909091,0.02909090909090909,1124024.0611211087
0.09090909090909091,0.029898989898989897,1120677.5349149206
0.09090909090909091,0.030707070707070707,1117203.9064925956
0.09090909090909091,0.03151515151515151,1113601.57910529
0.09090909090909091,0.03232323232323232,1109867.8532740062
0.09090909090909091,0.03313131313131313,1105998.3365960896
0.09090909090909091,0.033939393939393936,1101986.364004353
0.09090909090909091,0.03474747474747475,1097822.5776315106
0.09090909090909091,0.035555555555555556,1093494.850898443
0.09090909090909091,0.03636363636363636,1088988.6712839126
0.09090909090909091,0.037171717171717175,1084287.8917657402
0.09090909090909091,0.03797979797979798,1079375.6742145119
0.09090909090909091,0.03878787878787879,1074235.504389574
0.09090909090909091,0.039595959595959594,1068852.211292325
0.09090909090909091,0.0404040404040404,1063212.9253988033
0.09090909090909091,0.041212121212121214,1057307.849478278
0.09090909090909091,0.04202020202020202,1051130.5811297605
0.09090909090909091,0.042828282828282827,1044677.5057673875
0.09090909090909091,0.04363636363636364,1037945.4801788763
0.09090909090909091,0.044444444444444446,1030926.746089351
0.09090909090909091,0.04525252525252525,1023600.1695035475
0.09090909090909091,0.04606060606060606,1015920.2101971837
0.09090909090909091,0.046868686868686865,1007814.49833903
0.09090909090909091,0.04767676767676768,999192.7172922296
0.09090909090909091,0.048484848484848485,989955.2761550877
0.09090909090909091,0.04929292929292929,980002.4817635728
0.09090909090909091,0.050101010101010104,969247.525125328
0.09090909090909091,0.05090909090909091,957637.4562769487
0.09090909090909091,0.05171717171717172,945185.5487900681
0.09090909090909091,0.052525252525252523,932007.9682258443
0.09090909090909091,0.05333333333333333,918294.4129142402
0.09090909090909091,0.05414141414141414,903846.7710858898
0.09090909090909091,0.05494949494949495,887791.8106411349
0.09090909090909091,0.055757575757575756,868941.409125574
0.09090909090909091,0.05656565656565657,845484.3151939731
0.09090909090909091,0.057373737373737375,814222.2390747784
0.09090909090909091,0.05818181818181818,768404.9017273472
0.09090909090909091,0.05898989898989899,688867.8547678074
0.09090909090909091,0.059797979797979794,450270.93127578567
0.09090909090909091,0.06060606060606061,291372.55208768236
0.09090909090909091,0.061414141414141414,203941.18778799087
0.09090909090909091,0.06222222222222222,130369.44045009125
0.09090909090909091,0.06303030303030302,70680.66095955046
0.09090909090909091,0.06383838383838383,27309.400188587475
0.09090909090909091,0.06464646464646465,3346.2766828105987
0.09090909090909091,0.06545454545454546,331.98948300455385
0.09090909090909091,0.06626262626262627,301.1164733471988
0.09090909090909091,0.06707070707070706,300.0202821684849
0.09090909090909091,0.06787878787878787,300.0000705192751
0.09090909090909091,0.06868686868686869,300.00000000560624
0.09090909090909091,0.0694949494949495,299.99999999999864
0.09090909090909091,0.07030303030303031,299.99999999999864
0.09090909090909091,0.07111111111111111,299.99999999999864
0.09090909090909091,0.07191919191919191,299.99999999999864
0.09090909090909091,0.07272727272727272,299.99999999999864
0.09090909090909091,0.07353535353535354,299.99999999999864
0.09090909090909091,0.07434343434343435,299.99999999999864
0.09090909090909091,0.07515151515151516,299.99999999999864
0.09090909090909091,0.07595959595959595,299.99999999999864
0.09090909090909091,0.07676767676767676,299.99999999999864
0.09090909090909091,0.07757575757575758,299.99999999999864
0.09090909090909091,0.07838383838383839,299.99999999999864
0.09090909090909091,0.0791919191919192,299.9999999999631
0.09090909090909091,0.07979818813131313,300.0000000000008
0.09090909090909091,0.08000088465770044,300.0000000000008
0.09090909090909091,0.0800019359326174,300.0000000000008
0.09090909090909091,0.08000324619642925,300.0000000000008
0.09090909090909091,0.08000487925285339,300.0000000000008
0.09090909090909091,0.08000691462409718,300.0000000000008
0.09090909090909091,0.08000945142321741,300.0000000000008
0.09090909090909091,0.08001261318046245,300.0000000000008
0.09090909090909091,0.08001655385861739,300.0000000000008
0.09090909090909091,0.08002146535027135,300.0000000000008
0.09090909090909091,0.08002758682208874,300.0000000000008
0.09090909090909091,0.08003521636110686,300.0000000000008
0.09090909090909091,0.08004472549017998,300.0000000000008
0.09090909090909091,0.08005657725940413,300.0000000000008
0.09090909090909091,0.08007134879449027,300.0000000000008
0.09090909090909091,0.08008975940008634,300.0000000000008
0.09090909090909091,0.08011270558654815,300.0000000000008
0.09090909090909091,0.08014130472579933,300.0000000000008
0.09090909090909091,0.08017694946211615,300.0000000000008
0.09090909090909091,0.08022137552738813,300.0000000000008
0.09090909090909091,0.08027674626314021,300.0000000000008
0.09090909090909091,0.08034575796514344,300.0000000000008
0.09090909090909091,0.08043177118040407,300.0000000000008
0.09090909090909091,0.08053897435007991,300.0000000000008
0.09090909090909091,0.08067258776696852,300.0000000000008
0.09090909090909091,0.08083911777934251,300.0000000000008
0.09090909090909091,0.08104667361966954,300.0000000000008
0.09090909090909091,0.08130536228629326,300.0000000000008
0.09090909090909091,0.08162778070696558,300.0000000000008
0.09090909090909091,0.08202962915029163,300.0000000000008
0.09090909090909091,0.08237629432068608,300.00000000000074
0.09393939393939393,0.00020202020202020202,1130216.6358189099
0.09393939393939393,0.0008080808080808081,1130216.6358189099
0.09393939393939393,0.0016161616161616162,1130105.6567105006
0.09393939393939393,0.0024242424242424242,1129905.9418343562
0.09393939393939393,0.0032323232323232323,1129620.7504193557
0.09393939393939393,0.00404040404040404,1129251.261082556
0.09393939393939393,0.0048484848484848485,1128798.0998719048
0.09393939393939393,0.0056565656565656566,1128261.6825610742
0.09393939393939393,0.006464646464646465,1127642.3159644734
0.09393939393939393,0.007272727272727273,1126940.2240373131
0.09393939393939393,0.00808080808080808,1126155.541523228
0.09393939393939393,0.008888888888888889,1125288.2887057872
0.09393939393939393,0.009696969696969697,1124338.3321323756
0.09393939393939393,0.010505050505050505,1123305.3333962946
0.09393939393939393,0.011313131313131313,1122188.6874299203
0.09393939393939393,0.012121212121212121,1120987.452126108
0.09393939393939393,0.01292929292929293,1119700.2720363257
0.09393939393939393,0.013737373737373737,1118325.3001487101
0.09393939393939393,0.014545454545454545,1116860.1230830809
0.09393939393939393,0.015353535353535354,1115301.6961367133
0.09393939393939393,0.01616161616161616,1113646.2950886134
0.09393939393939393,0.016969696969696968,1111889.491151804
0.09393939393939393,0.017777777777777778,1110026.1537786445
0.09393939393939393,0.018585858585858588,1108050.4834121347
0.09393939393939393,0.019393939393939394,1105956.0734859682
0.09393939393939393,0.0202020202020202,1103735.9990550731
0.09393939393939393,0.02101010101010101,1101382.9292245535
0.09393939393939393,0.02181818181818182,1098889.2622169692
0.09393939393939393,0.022626262626262626,1096247.2849555935
0.09393939393939393,0.023434343434343433,1093449.3625343526
0.09393939393939393,0.024242424242424242,1090488.1658967778
0.09393939393939393,0.025050505050505052,1087356.9474423546
0.09393939393939393,0.02585858585858586,1084049.8729291735
0.09393939393939393,0.026666666666666665,1080562.4122993245
0.09393939393939393,0.027474747474747475,1076891.7795058368
0.09393939393939393,0.028282828282828285,1073037.3886639674
0.09393939393939393,0.02909090909090909,1069001.2565482203
0.09393939393939393,0.029898989898989897,1064788.2251234362
0.09393939393939393,0.030707070707070707,1060405.800247313
0.09393939393939393,0.03151515151515151,1055863.3100144395
0.09393939393939393,0.03232323232323232,1051170.0060125985
0.09393939393939393,0.03313131313131313,1046331.7395910759
0.09393939393939393,0.033939393939393936,1041346.122640827
0.09393939393939393,0.03474747474747475,1036196.9894035964
0.09393939393939393,0.035555555555555556,1030850.8573073216
0.09393939393939393,0.03636363636363636,1025258.734214032
0.09393939393939393,0.037171717171717175,1019360.9067640231
0.09393939393939393,0.03797979797979798,1013091.282417533
0.09393939393939393,0.03878787878787879,1006380.9390771012
0.09393939393939393,0.039595959595959594,999161.783728286
0.09393939393939393,0.0404040404040404,991371.6441222993
0.09393939393939393,0.041212121212121214,982962.4544892118
0.09393939393939393,0.04202020202020202,973913.4711624817
0.09393939393939393,0.042828282828282827,964251.112190168
0.09393939393939393,0.04363636363636364,954074.0194811877
0.09393939393939393,0.044444444444444446,943569.3584789861
0.09393939393939393,0.04525252525252525,932957.4951183229
0.09393939393939393,0.04606060606060606,922165.2335409118
0.09393939393939393,0.046868686868686865,910692.9080662805
0.09393939393939393,0.04767676767676768,897906.2082005958
0.09393939393939393,0.048484848484848485,882999.7431916461
0.09393939393939393,0.04929292929292929,864829.0632667516
0.09393939393939393,0.050101010101010104,841563.7822734988
0.09393939393939393,0.05090909090909091,809876.9882565187
0.09393939393939393,0.05171717171717172,762590.06967195
0.09393939393939393,0.052525252525252523,678729.2953645384
0.09393939393939393,0.05333333333333333,485782.19335531595
0.09393939393939393,0.05414141414141414,350458.0186846652
0.09393939393939393,0.05494949494949495,265448.42709648825
0.09393939393939393,0.055757575757575756,191374.1561197298
0.09393939393939393,0.05656565656565657,126867.90368505297
0.09393939393939393,0.057373737373737375,73181.61268946623
0.09393939393939393,0.05818181818181818,32472.621486644475
0.09393939393939393,0.05898989898989899,7365.0075989031775
0.09393939393939393,0.059797979797979794,569.2725417594431
0.09393939393939393,0.06060606060606061,315.94322805884485
0.09393939393939393,0.061414141414141414,300.9177003706365
0.09393939393939393,0.06222222222222222,300.0245422168133
0.09393939393939393,0.06303030303030302,300.0001735724593
0.09393939393939393,0.06383838383838383,300.0000000817657
0.09393939393939393,0.06464646464646465,299.99999999999864
0.09393939393939393,0.06545454545454546,299.99999999999864
0.09393939393939393,0.06626262626262627,299.99999999999864
0.09393939393939393,0.06707070707070706,299.99999999999864
0.09393939393939393,0.06787878787878787,299.99999999999864
0.09393939393939393,0.06868686868686869,299.99999999999864
0.09393939393939393,0.0694949494949495,299.99999999999864
0.09393939393939393,0.07030303030303031,299.99999999999864
0.09393939393939393,0.07111111111111111,299.99999999999864
0.09393939393939393,0.07191919191919191,299.99999999999864
0.09393939393939393,0.07272727272727272,299.99999999999864
0.09393939393939393,0.07353535353535354,299.99999999999864
0.09393939393939393,0.07434343434343435,299.99999999999864
0.09393939393939393,0.07515151515151516,299.99999999999864
0.09393939393939393,0.07595959595959595,299.99999999999864
0.09393939393939393,0.07676767676767676,299.99999999999864
0.09393939393939393,0.07757575757575758,299.99999999999864
0.09393939393939393,0.07838383838383839,299.99999999999864
0.09393939393939393,0.0791919191919192,299.99999999999864
0.09393939393939393,0.07979818813131313,300.0000000000008
0.09393939393939393,0.08000088465770044,300.0000000000008
0.09393939393939393,0.0800019359326174,300.0000000000008
0.09393939393939393,0.08000324619642925,300.0000000000008
0.09393939393939393,0.08000487925285339,300.0000000000008
0.09393939393939393,0.08000691462409718,300.0000000000008
0.09393939393939393,0.08000945142321741,300.0000000000008
0.09393939393939393,0.08001261318046245,300.0000000000008
0.09393939393939393,0.08001655385861739,300.0000000000008
0.09393939393939393,0.08002146535027135,300.0000000000008
0.09393939393939393,0.08002758682208874,300.0000000000008
0.09393939393939393,0.08003521636110686,300.0000000000008
0.09393939393939393,0.08004472549017998,300.0000000000008
0.09393939393939393,0.08005657725940413,300.0000000000008
0.09393939393939393,0.08007134879449027,300.0000000000008
0.09393939393939393,0.08008975940008634,300.0000000000008
0.09393939393939393,0.08011270558654815,300.0000000000008
0.09393939393939393,0.08014130472579933,300.0000000000008
0.09393939393939393,0.08017694946211615,300.0000000000008
0.09393939393939393,0.08022137552738813,300.0000000000008
0.09393939393939393,0.08027674626314021,300.0000000000008
0.09393939393939393,0.08034575796514344,300.0000000000008
0.09393939393939393,0.08043177118040407,300.0000000000008
0.09393939393939393,0.08053897435007991,300.0000000000008
0.09393939393939393,0.08067258776696852,300.0000000000008
0.09393939393939393,0.08083911777934251,300.0000000000008
0.09393939393939393,0.08104667361966954,300.0000000000008
0.09393939393939393,0.08130536228629326,300.0000000000008
0.09393939393939393,0.08162778070696558,300.0000000000008
0.09393939393939393,0.08202962915029163,300.0000000000008
0.09393939393939393,0.08237629432068608,300.00000000000074
0.09696969696969697,0.00020202020202020202,1072520.9375097677
0.09696969696969697,0.0008080808080808081,1072520.9375097677
0.09696969696969697,0.0016161616161616162,1072375.1764312563
0.09696969696969697,0.0024242424242424242,1072113.0789450654
0.09696969696969697,0.0032323232323232323,1071739.302145539
0.09696969696969697,0.00404040404040404,1071255.9537830702
0.09696969696969697,0.0048484848484848485,1070664.622107386
0.09696969696969697,0.0056565656565656566,1069966.8532163806
0.09696969696969697,0.006464646464646465,1069164.3137779753
0.09696969696969697,0.007272727272727273,1068258.853017791
0.09696969696969697,0.00808080808080808,1067252.5151224867
0.09696969696969697,0.008888888888888889,1066147.51344336
0.09696969696969697,0.009696969696969697,1064946.1650400413
0.09696969696969697,0.010505050505050505,1063650.779283627
0.09696969696969697,0.011313131313131313,1062263.492970068
0.09696969696969697,0.012121212121212121,1060786.0458095917
0.09696969696969697,0.01292929292929293,1059219.494474854
0.09696969696969697,0.013737373737373737,1057563.8710332017
0.09696969696969697,0.014545454545454545,1055817.8025391595
0.09696969696969697,0.015353535353535354,1053978.121594163
0.09696969696969697,0.01616161616161616,1052039.50954299
0.09696969696969697,0.016969696969696968,1049994.2191680323
0.09696969696969697,0.017777777777777778,1047831.9160755489
0.09696969696969697,0.018585858585858588,1045539.654836612
0.09696969696969697,0.019393939393939394,1043101.973306365
0.09696969696969697,0.0202020202020202,1040501.0606376276
0.09696969696969697,0.02101010101010101,1037716.9449722639
0.09696969696969697,0.02181818181818182,1034727.6589779018
0.09696969696969697,0.022626262626262626,1031509.3685244569
0.09696969696969697,0.023434343434343433,1028036.4831679788
0.09696969696969697,0.024242424242424242,1024281.8025623027
0.09696969696969697,0.025050505050505052,1020216.7917674116
0.09696969696969697,0.02585858585858586,1015812.1255110619
0.09696969696969697,0.026666666666666665,1011038.7028230513
0.09696969696969697,0.027474747474747475,1005869.4136258275
0.09696969696969697,0.028282828282828285,1000282.035685282
0.09696969696969697,0.02909090909090909,994263.7328084995
0.09696969696969697,0.029898989898989897,987817.6450407563
0.09696969696969697,0.030707070707070707,980971.830249425
0.09696969696969697,0.03151515151515151,973789.9145187715
0.09696969696969697,0.03232323232323232,966380.3347112458
0.09696969696969697,0.03313131313131313,958895.3000433004
0.09696969696969697,0.033939393939393936,951499.4397574326
0.09696969696969697,0.03474747474747475,944278.3382774261
0.09696969696969697,0.035555555555555556,937121.7671712076
0.09696969696969697,0.03636363636363636,929769.9184768919
0.09696969696969697,0.037171717171717175,921910.1381658954
0.09696969696969697,0.03797979797979798,913194.4560918268
0.09696969696969697,0.03878787878787879,903213.5392134163
0.09696969696969697,0.039595959595959594,891443.2347238514
0.09696969696969697,0.0404040404040404,877153.9279348557
0.09696969696969697,0.041212121212121214,859249.0543756754
0.09696969696969697,0.04202020202020202,835946.5675908491
0.09696969696969697,0.042828282828282827,804060.0889122229
0.09696969696969697,0.04363636363636364,757050.3486899671
0.09696969696969697,0.044444444444444446,678157.9978667818
0.09696969696969697,0.04525252525252525,540883.4486248096
0.09696969696969697,0.04606060606060606,427658.3050196524
0.09696969696969697,0.046868686868686865,347306.47770713805
0.09696969696969697,0.04767676767676768,276132.79868812993
0.09696969696969697,0.048484848484848485,211048.8163942223
0.09696969696969697,0.04929292929292929,152247.79817062741
0.09696969696969697,0.050101010101010104,100679.6792618471
0.09696969696969697,0.05090909090909091,57913.45534901158
0.09696969696969697,0.05171717171717172,25734.5536465806
0.09696969696969697,0.052525252525252523,6363.314995649726
0.09696969696969697,0.05333333333333333,840.5244533574744
0.09696969696969697,0.05414141414141414,364.8709623217227
0.09696969696969697,0.05494949494949495,307.2021044678838
0.09696969696969697,0.055757575757575756,300.510011901854
0.09696969696969697,0.05656565656565657,300.01821734747176
0.09696969696969697,0.057373737373737375,300.0002123375565
0.09696969696969697,0.05818181818181818,300.00000030319126
0.09696969696969697,0.05898989898989899,300.0000000000007
0.09696969696969697,0.059797979797979794,299.99999999999864
0.09696969696969697,0.06060606060606061,299.99999999999864
0.09696969696969697,0.061414141414141414,299.99999999999864
0.09696969696969697,0.06222222222222222,299.99999999999864
0.09696969696969697,0.06303030303030302,299.99999999999864
0.09696969696969697,0.06383838383838383,299.99999999999864
0.09696969696969697,0.06464646464646465,299.99999999999864
0.09696969696969697,0.06545454545454546,299.99999999999864
0.09696969696969697,0.06626262626262627,299.99999999999864
0.09696969696969697,0.06707070707070706,299.99999999999864
0.09696969696969697,0.06787878787878787,299.99999999999864
0.09696969696969697,0.06868686868686869,299.99999999999864
0.09696969696969697,0.0694949494949495,299.99999999999864
0.09696969696969697,0.07030303030303031,299.99999999999864
0.09696969696969697,0.07111111111111111,299.99999999999864
0.09696969696969697,0.07191919191919191,299.99999999999864
0.09696969696969697,0.07272727272727272,299.99999999999864
0.09696969696969697,0.07353535353535354,299.99999999999864
0.09696969696969697,0.07434343434343435,299.99999999999864
0.09696969696969697,0.07515151515151516,299.99999999999864
0.09696969696969697,0.07595959595959595,299.99999999999864
0.09696969696969697,0.07676767676767676,299.99999999999864
0.09696969696969697,0.07757575757575758,299.99999999999864
0.09696969696969697,0.07838383838383839,299.99999999999864
0.09696969696969697,0.0791919191919192,299.99999999999864
0.09696969696969697,0.07979818813131313,300.0000000000008
0.09696969696969697,0.08000088465770044,300.0000000000008
0.09696969696969697,0.0800019359326174,300.0000000000008
0.09696969696969697,0.08000324619642925,300.0000000000008
0.09696969696969697,0.08000487925285339,300.0000000000008
0.09696969696969697,0.08000691462409718,300.0000000000008
0.09696969696969697,0.08000945142321741,300.0000000000008
0.09696969696969697,0.08001261318046245,300.0000000000008
0.09696969696969697,0.08001655385861739,300.0000000000008
0.09696969696969697,0.08002146535027135,300.0000000000008
0.09696969696969697,0.08002758682208874,300.0000000000008
0.09696969696969697,0.08003521636110686,300.0000000000008
0.09696969696969697,0.08004472549017998,300.0000000000008
0.09696969696969697,0.08005657725940413,300.0000000000008
0.09696969696969697,0.08007134879449027,300.0000000000008
0.09696969696969697,0.08008975940008634,300.0000000000008
0.09696969696969697,0.08011270558654815,300.0000000000008
0.09696969696969697,0.08014130472579933,300.0000000000008
0.09696969696969697,0.08017694946211615,300.0000000000008
0.09696969696969697,0.08022137552738813,300.0000000000008
0.09696969696969697,0.08027674626314021,300.0000000000008
0.09696969696969697,0.08034575796514344,300.0000000000008
0.09696969696969697,0.08043177118040407,300.0000000000008
0.09696969696969697,0.08053897435007991,300.0000000000008
0.09696969696969697,0.08067258776696852,300.0000000000008
0.09696969696969697,0.08083911777934251,300.0000000000008
0.09696969696969697,0.08104667361966954,300.0000000000008
0.09696969696969697,0.08130536228629326,300.0000000000008
0.09696969696969697,0.08162778070696558,300.0000000000008
0.09696969696969697,0.08202962915029163,300.0000000000008
0.09696969696969697,0.08237629432068608,300.00000000000074
0.1,0.00020202020202020202,992870.5751084471
0.1,0.0008080808080808081,992870.5751084471
0.1,0.0016161616161616162,992619.1677540714
0.1,0.0024242424242424242,992166.790098049
0.1,0.0032323232323232323,991521.0249571464
0.1,0.00404040404040404,990685.0227440636
0.1,0.0048484848484848485,989661.158162953
0.1,0.0056565656565656566,988452.0655817648
0.1,0.006464646464646465,987061.1932157916
0.1,0.007272727272727273,985493.2484001421
0.1,0.00808080808080808,983754.6202022276
0.1,0.008888888888888889,981853.787036746
0.1,0.009696969696969697,979801.6786083727
0.1,0.010505050505050505,977611.9295819503
0.1,0.011313131313131313,975300.9292002385
0.1,0.012121212121212121,972887.5383084668
0.1,0.01292929292929293,970392.322348699
0.1,0.013737373737373737,967836.154703811
0.1,0.014545454545454545,965238.1075033325
0.1,0.015353535353535354,962612.6958716296
0.1,0.01616161616161616,959966.7811059946
0.1,0.016969696969696968,957296.7035051979
0.1,0.017777777777777778,954586.3425951484
0.1,0.018585858585858588,951806.5997976467
0.1,0.019393939393939394,948916.2547932848
0.1,0.0202020202020202,945863.559604811
0.1,0.02101010101010101,942587.6727629792
0.1,0.02181818181818182,939019.1653727775
0.1,0.022626262626262626,935079.1148380694
0.1,0.023434343434343433,930676.4964244076
0.1,0.024242424242424242,925703.5920938865
0.1,0.025050505050505052,920028.9585168458
0.1,0.02585858585858586,913487.1289125005
0.1,0.026666666666666665,905863.6031200782
0.1,0.027474747474747475,896872.6341935076
0.1,0.028282828282828285,886123.4737086797
0.1,0.02909090909090909,873067.3082825225
0.1,0.029898989898989897,856910.4463420776
0.1,0.030707070707070707,836465.8887034713
0.1,0.03151515151515151,809888.6960083748
0.1,0.03232323232323232,774198.5932487305
0.1,0.03313131313131313,724563.9952009585
0.1,0.033939393939393936,655220.9116472753
0.1,0.03474747474747475,573658.2171337919
0.1,0.035555555555555556,499404.0601246109
0.1,0.03636363636363636,433963.43849919847
0.1,0.037171717171717175,373093.3588798118
0.1,0.03797979797979798,315308.0014407536
0.1,0.03878787878787879,260339.56213217817
0.1,0.039595959595959594,208408.55976488168
0.1,0.0404040404040404,160036.76921000044
0.1,0.041212121212121214,116007.5561237214
0.1,0.04202020202020202,77376.89945619981
0.1,0.042828282828282827,45346.905193536426
0.1,0.04363636363636364,21383.63049741825
0.1,0.044444444444444446,6846.997798821046
0.1,0.04525252525252525,1617.4866253351493
0.1,0.04606060606060606,586.3281250372244
0.1,0.046868686868686865,358.42964293417276
0.1,0.04767676767676768,309.2833754254894
0.1,0.048484848484848485,301.04915409499074
0.1,0.04929292929292929,300.0739383142442
0.1,0.050101010101010104,300.0025849572281
0.1,0.05090909090909091,300.00002962015463
0.1,0.05171717171717172,300.00000004360953
0.1,0.052525252525252523,299.9999999999993
0.1,0.05333333333333333,299.99999999999864
0.1,0.05414141414141414,299.99999999999864
0.1,0.05494949494949495,299.99999999999864
0.1,0.055757575757575756,299.99999999999864
0.1,0.05656565656565657,299.99999999999864
0.1,0.057373737373737375,299.99999999999864
0.1,0.05818181818181818,299.99999999999864
0.1,0.05898989898989899,299.99999999999864
0.1,0.059797979797979794,299.99999999999864
0.1,0.06060606060606061,299.99999999999864
0.1,0.061414141414141414,299.99999999999864
0.1,0.06222222222222222,299.99999999999864
0.1,0.06303030303030302,299.99999999999864
0.1,0.06383838383838383,299.99999999999864
0.1,0.06464646464646465,299.99999999999864
0.1,0.06545454545454546,299.99999999999864
0.1,0.06626262626262627,299.99999999999864
0.1,0.06707070707070706,299.99999999999864
0.1,0.06787878787878787,299.99999999999864
0.1,0.06868686868686869,299.99999999999864
0.1,0.0694949494949495,299.99999999999864
0.1,0.07030303030303031,299.99999999999864
0.1,0.07111111111111111,299.99999999999864
0.1,0.07191919191919191,299.99999999999864
0.1,0.07272727272727272,299.99999999999864
0.1,0.07353535353535354,299.99999999999864
0.1,0.07434343434343435,299.99999999999864
0.1,0.07515151515151516,299.99999999999864
0.1,0.07595959595959595,299.99999999999864
0.1,0.07676767676767676,299.99999999999864
0.1,0.07757575757575758,299.99999999999864
0.1,0.07838383838383839,299.99999999999864
0.1,0.0791919191919192,299.99999999999864
0.1,0.07979818813131313,300.0000000000008
0.1,0.08000088465770044,300.0000000000008
0.1,0.0800019359326174,300.0000000000008
0.1,0.08000324619642925,300.0000000000008
0.1,0.08000487925285339,300.0000000000008
0.1,0.08000691462409718,300.0000000000008
0.1,0.08000945142321741,300.0000000000008
0.1,0.08001261318046245,300.0000000000008
0.1,0.08001655385861739,300.0000000000008
0.1,0.08002146535027135,300.0000000000008
0.1,0.08002758682208874,300.0000000000008
0.1,0.08003521636110686,300.0000000000008
0.1,0.08004472549017998,300.0000000000008
0.1,0.08005657725940413,300.0000000000008
0.1,0.08007134879449027,300.0000000000008
0.1,0.08008975940008634,300.0000000000008
0.1,0.08011270558654815,300.0000000000008
0.1,0.08014130472579933,300.0000000000008
0.1,0.08017694946211615,300.0000000000008
0.1,0.08022137552738813,300.0000000000008
0.1,0.08027674626314021,300.0000000000008
0.1,0.08034575796514344,300.0000000000008
0.1,0.08043177118040407,300.0000000000008
0.1,0.08053897435007991,300.0000000000008
0.1,0.08067258776696852,300.0000000000008
0.1,0.08083911777934251,300.0000000000008
0.1,0.08104667361966954,300.0000000000008
0.1,0.08130536228629326,300.0000000000008
0.1,0.08162778070696558,300.0000000000008
0.1,0.08202962915029163,300.0000000000008
0.1,0.08237629432068608,300.00000000000074
0.10303030303030303,0.00020202020202020202,859134.5174025343
0.10303030303030303,0.0008080808080808081,859134.5174025343
0.10303030303030303,0.0016161616161616162,858379.2773897682
0.10303030303030303,0.0024242424242424242,857006.2161522165
0.10303030303030303,0.0032323232323232323,855013.7990443344
0.10303030303030303,0.00404040404040404,852375.8508817314
0.10303030303030303,0.0048484848484848485,849051.1103564863
0.10303030303030303,0.0056565656565656566,844984.4488050432
0.10303030303030303,0.006464646464646465,840106.185836037
0.10303030303030303,0.007272727272727273,834330.6581173579
0.10303030303030303,0.00808080808080808,827554.4014418529
0.10303030303030303,0.008888888888888889,819654.1846243925
0.10303030303030303,0.009696969696969697,810485.2125887135
0.10303030303030303,0.010505050505050505,799880.0318289553
0.10303030303030303,0.011313131313131313,787649.0453171827
0.10303030303030303,0.012121212121212121,773584.107225645
0.10303030303030303,0.01292929292929293,757467.3855435132
0.10303030303030303,0.013737373737373737,739088.2835424714
0.10303030303030303,0.014545454545454545,718270.8863619277
0.10303030303030303,0.015353535353535354,694911.5219722441
0.10303030303030303,0.01616161616161616,669018.8790890827
0.10303030303030303,0.016969696969696968,640739.3262291187
0.10303030303030303,0.017777777777777778,610347.186935045
0.10303030303030303,0.018585858585858588,578195.5687730218
0.10303030303030303,0.019393939393939394,544650.521093876
0.10303030303030303,0.0202020202020202,510041.133864713
0.10303030303030303,0.02101010101010101,474640.5388143911
0.10303030303030303,0.02181818181818182,438671.1664712078
0.10303030303030303,0.022626262626262626,402321.0856072241
0.10303030303030303,0.023434343434343433,365762.58585080935
0.10303030303030303,0.024242424242424242,329169.439935545
0.10303030303030303,0.025050505050505052,292731.9416897893
0.10303030303030303,0.02585858585858586,256669.9669070198
0.10303030303030303,0.026666666666666665,221245.13406696444
0.10303030303030303,0.027474747474747475,186773.7640921787
0.10303030303030303,0.028282828282828285,153640.215688435
0.10303030303030303,0.02909090909090909,122304.67491364822
0.10303030303030303,0.029898989898989897,93305.53726128401
0.10303030303030303,0.030707070707070707,67268.33054726527
0.10303030303030303,0.03151515151515151,44908.884570448165
0.10303030303030303,0.03232323232323232,26973.98281906228
0.10303030303030303,0.03313131313131313,14076.60526186271
0.10303030303030303,0.033939393939393936,6332.2056294101585
0.10303030303030303,0.03474747474747475,2685.4809781605372
0.10303030303030303,0.035555555555555556,1204.2328877052353
0.10303030303030303,0.03636363636363636,617.1895692469698
0.10303030303030303,0.037171717171717175,397.6891425031941
0.10303030303030303,0.03797979797979798,325.3777774918383
0.10303030303030303,0.03878787878787879,305.3636403682348
0.10303030303030303,0.039595959595959594,300.87658827108345
0.10303030303030303,0.0404040404040404,300.10222630836466
0.10303030303030303,0.041212121212121214,300.0075034242615
0.10303030303030303,0.04202020202020202,300.00028355478423
0.10303030303030303,0.042828282828282827,300.0000038417142
0.10303030303030303,0.04363636363636364,300.0000000094662
0.10303030303030303,0.044444444444444446,299.9999999999999
0.10303030303030303,0.04525252525252525,299.99999999999864
0.10303030303030303,0.04606060606060606,299.99999999999864
0.10303030303030303,0.046868686868686865,299.99999999999864
0.10303030303030303,0.04767676767676768,299.99999999999864
0.10303030303030303,0.048484848484848485,299.99999999999864
0.10303030303030303,0.04929292929292929,299.99999999999864
0.10303030303030303,0.050101010101010104,299.99999999999864
0.10303030303030303,0.05090909090909091,299.99999999999864
0.10303030303030303,0.05171717171717172,299.99999999999864
0.10303030303030303,0.052525252525252523,299.99999999999864
0.10303030303030303,0.05333333333333333,299.99999999999864
0.10303030303030303,0.05414141414141414,299.99999999999864
0.10303030303030303,0.05494949494949495,299.99999999999864
0.10303030303030303,0.055757575757575756,299.99999999999864
0.10303030303030303,0.05656565656565657,299.99999999999864
0.10303030303030303,0.057373737373737375,299.99999999999864
0.10303030303030303,0.05818181818181818,299.99999999999864
0.10303030303030303,0.05898989898989899,299.99999999999864
0.10303030303030303,0.059797979797979794,299.99999999999864
0.10303030303030303,0.06060606060606061,299.99999999999864
0.10303030303030303,0.061414141414141414,299.99999999999864
0.10303030303030303,0.06222222222222222,299.99999999999864
0.10303030303030303,0.06303030303030302,299.99999999999864
0.10303030303030303,0.06383838383838383,299.99999999999864
0.10303030303030303,0.06464646464646465,299.99999999999864
0.10303030303030303,0.06545454545454546,299.99999999999864
0.10303030303030303,0.06626262626262627,299.99999999999864
0.10303030303030303,0.06707070707070706,299.99999999999864
0.10303030303030303,0.06787878787878787,299.99999999999864
0.10303030303030303,0.06868686868686869,299.99999999999864
0.10303030303030303,0.0694949494949495,299.99999999999864
0.10303030303030303,0.07030303030303031,299.99999999999864
0.10303030303030303,0.07111111111111111,299.99999999999864
0.10303030303030303,0.07191919191919191,299.99999999999864
0.10303030303030303,0.07272727272727272,299.99999999999864
0.10303030303030303,0.07353535353535354,299.99999999999864
0.10303030303030303,0.07434343434343435,299.99999999999864
0.10303030303030303,0.07515151515151516,299.99999999999864
0.10303030303030303,0.07595959595959595,299.99999999999864
0.10303030303030303,0.07676767676767676,299.99999999999864
0.10303030303030303,0.07757575757575758,299.99999999999864
0.10303030303030303,0.07838383838383839,299.99999999999864
0.10303030303030303,0.0791919191919192,299.9999999999631
0.10303030303030303,0.07979818813131313,300.0000000000008
0.10303030303030303,0.08000088465770044,300.0000000000008
0.10303030303030303,0.0800019359326174,300.0000000000008
0.10303030303030303,0.08000324619642925,300.0000000000008
0.10303030303030303,0.08000487925285339,300.0000000000008
0.10303030303030303,0.08000691462409718,300.0000000000008
0.10303030303030303,0.08000945142321741,300.0000000000008
0.10303030303030303,0.08001261318046245,300.0000000000008
0.10303030303030303,0.08001655385861739,300.0000000000008
0.10303030303030303,0.08002146535027135,300.0000000000008
0.10303030303030303,0.08002758682208874,300.0000000000008
0.10303030303030303,0.08003521636110686,300.0000000000008
0.10303030303030303,0.08004472549017998,300.0000000000008
0.10303030303030303,0.08005657725940413,300.0000000000008
0.10303030303030303,0.08007134879449027,300.0000000000008
0.10303030303030303,0.08008975940008634,300.0000000000008
0.10303030303030303,0.08011270558654815,300.0000000000008
0.10303030303030303,0.08014130472579933,300.0000000000008
0.10303030303030303,0.08017694946211615,300.0000000000008
0.10303030303030303,0.08022137552738813,300.0000000000008
0.10303030303030303,0.08027674626314021,300.0000000000008
0.10303030303030303,0.08034575796514344,300.0000000000008
0.10303030303030303,0.08043177118040407,300.0000000000008
0.10303030303030303,0.08053897435007991,300.0000000000008
0.10303030303030303,0.08067258776696852,300.0000000000008
0.10303030303030303,0.08083911777934251,300.0000000000008
0.10303030303030303,0.08104667361966954,300.0000000000008
0.10303030303030303,0.08130536228629326,300.0000000000008
0.10303030303030303,0.08162778070696558,300.0000000000008
0.10303030303030303,0.08202962915029163,300.0000000000008
0.10303030303030303,0.08237629432068608,300.00000000000074
0.10606060606060606,0.00020202020202020202,90042.68507508203
0.10606060606060606,0.0008080808080808081,90042.68507508203
0.10606060606060606,0.0016161616161616162,89095.17582478684
0.10606060606060606,0.0024242424242424242,87402.38053940555
0.10606060606060606,0.0032323232323232323,85013.42228863435
0.10606060606060606,0.00404040404040404,81968.86719490887
0.10606060606060606,0.0048484848484848485,78314.0556918308
0.10606060606060606,0.0056565656565656566,74102.41465131278
0.10606060606060606,0.006464646464646465,69396.76772921057
0.10606060606060606,0.007272727272727273,64269.999763541084
0.10606060606060606,0.00808080808080808,58805.35655779514
0.10606060606060606,0.008888888888888889,53096.37471787838
0.10606060606060606,0.009696969696969697,47246.3122791071
0.10606060606060606,0.010505050505050505,41366.86749991781
0.10606060606060606,0.011313131313131313,35575.90707253853
0.10606060606060606,0.012121212121212121,29993.88709283865
0.10606060606060606,0.01292929292929293,24738.678027705202
0.10606060606060606,0.013737373737373737,19918.666388865076
0.10606060606060606,0.014545454545454545,15624.393439623258
0.10606060606060606,0.015353535353535354,11919.675676955447
0.10606060606060606,0.01616161616161616,8834.049634554385
0.10606060606060606,0.016969696969696968,6359.056752625307
0.10606060606060606,0.017777777777777778,4450.52657596307
0.10606060606060606,0.018585858585858588,3037.101276646707
0.10606060606060606,0.019393939393939394,2032.6003601393122
0.10606060606060606,0.0202020202020202,1348.4165334194633
0.10606060606060606,0.02101010101010101,902.9430012194513
0.10606060606060606,0.02181818181818182,626.9795038806486
0.10606060606060606,0.022626262626262626,465.5821092269514
0.10606060606060606,0.023434343434343433,377.4482925032924
0.10606060606060606,0.024242424242424242,333.0863111955941
0.10606060606060606,0.025050505050505052,312.7531651138176
0.10606060606060606,0.02585858585858586,304.36707553904114
0.10606060606060606,0.026666666666666665,301.3006979454256
0.10606060606060606,0.027474747474747475,300.3273561599241
0.10606060606060606,0.028282828282828285,300.0669424597263
0.10606060606060606,0.02909090909090909,300.0105414685705
0.10606060606060606,0.029898989898989897,300.00118539946936
0.10606060606060606,0.030707070707070707,300.00008545600724
0.10606060606060606,0.03151515151515151,300.00000338605724
0.10606060606060606,0.03232323232323232,300.0000000596596
0.10606060606060606,0.03313131313131313,300.0000000003684
0.10606060606060606,0.033939393939393936,299.99999999999955
0.10606060606060606,0.03474747474747475,299.99999999999864
0.10606060606060606,0.035555555555555556,299.99999999999864
0.10606060606060606,0.03636363636363636,299.99999999999864
0.10606060606060606,0.037171717171717175,299.99999999999864
0.10606060606060606,0.03797979797979798,299.99999999999864
0.10606060606060606,0.03878787878787879,299.99999999999864
0.10606060606060606,0.039595959595959594,299.99999999999864
0.10606060606060606,0.0404040404040404,299.99999999999864
0.10606060606060606,0.041212121212121214,299.99999999999864
0.10606060606060606,0.04202020202020202,299.99999999999864
0.10606060606060606,0.042828282828282827,299.99999999999864
0.10606060606060606,0.04363636363636364,299.99999999999864
0.10606060606060606,0.044444444444444446,299.99999999999864
0.10606060606060606,0.04525252525252525,299.99999999999864
0.10606060606060606,0.04606060606060606,299.99999999999864
0.10606060606060606,0.046868686868686865,299.99999999999864
0.10606060606060606,0.04767676767676768,299.99999999999864
0.10606060606060606,0.048484848484848485,299.99999999999864
0.10606060606060606,0.04929292929292929,299.99999999999864
0.10606060606060606,0.050101010101010104,299.99999999999864
0.10606060606060606,0.05090909090909091,299.99999999999864
0.10606060606060606,0.05171717171717172,299.99999999999864
0.10606060606060606,0.052525252525252523,299.99999999999864
0.10606060606060606,0.05333333333333333,299.99999999999864
0.10606060606060606,0.05414141414141414,299.99999999999864
0.10606060606060606,0.05494949494949495,299.99999999999864
0.10606060606060606,0.055757575757575756,299.99999999999864
0.10606060606060606,0.05656565656565657,299.99999999999864
0.10606060606060606,0.057373737373737375,299.99999999999864
0.10606060606060606,0.05818181818181818,299.99999999999864
0.10606060606060606,0.05898989898989899,299.99999999999864
0.10606060606060606,0.059797979797979794,299.99999999999864
0.10606060606060606,0.06060606060606061,299.99999999999864
0.10606060606060606,0.061414141414141414,299.99999999999864
0.10606060606060606,0.06222222222222222,299.99999999999864
0.10606060606060606,0.06303030303030302,299.99999999999864
0.10606060606060606,0.06383838383838383,299.99999999999864
0.10606060606060606,0.06464646464646465,299.99999999999864
0.10606060606060606,0.06545454545454546,299.99999999999864
0.10606060606060606,0.06626262626262627,299.99999999999864
0.10606060606060606,0.06707070707070706,299.99999999999864
0.10606060606060606,0.06787878787878787,299.99999999999864
0.10606060606060606,0.06868686868686869,299.99999999999864
0.10606060606060606,0.0694949494949495,299.99999999999864
0.10606060606060606,0.07030303030303031,299.99999999999864
0.10606060606060606,0.07111111111111111,299.99999999999864
0.10606060606060606,0.07191919191919191,299.99999999999864
0.10606060606060606,0.07272727272727272,299.99999999999864
0.10606060606060606,0.07353535353535354,299.99999999999864
0.10606060606060606,0.07434343434343435,299.99999999999864
0.10606060606060606,0.07515151515151516,299.99999999999864
0.10606060606060606,0.07595959595959595,299.99999999999864
0.10606060606060606,0.07676767676767676,299.99999999999864
0.10606060606060606,0.07757575757575758,299.99999999999864
0.10606060606060606,0.07838383838383839,299.99999999999864
0.10606060606060606,0.0791919191919192,299.9999999999631
0.10606060606060606,0.07979818813131313,300.0000000000008
0.10606060606060606,0.08000088465770044,300.0000000000008
0.10606060606060606,0.0800019359326174,300.0000000000008
0.10606060606060606,0.08000324619642925,300.0000000000008
0.10606060606060606,0.08000487925285339,300.0000000000008
0.10606060606060606,0.08000691462409718,300.0000000000008
0.10606060606060606,0.08000945142321741,300.0000000000008
0.10606060606060606,0.08001261318046245,300.0000000000008
0.10606060606060606,0.08001655385861739,300.0000000000008
0.10606060606060606,0.08002146535027135,300.0000000000008
0.10606060606060606,0.08002758682208874,300.0000000000008
0.10606060606060606,0.08003521636110686,300.0000000000008
0.10606060606060606,0.08004472549017998,300.0000000000008
0.10606060606060606,0.08005657725940413,300.0000000000008
0.10606060606060606,0.08007134879449027,300.0000000000008
0.10606060606060606,0.08008975940008634,300.0000000000008
0.10606060606060606,0.08011270558654815,300.0000000000008
0.10606060606060606,0.08014130472579933,300.0000000000008
0.10606060606060606,0.08017694946211615,300.0000000000008
0.10606060606060606,0.08022137552738813,300.0000000000008
0.10606060606060606,0.08027674626314021,300.0000000000008
0.10606060606060606,0.08034575796514344,300.0000000000008
0.10606060606060606,0.08043177118040407,300.0000000000008
0.10606060606060606,0.08053897435007991,300.0000000000008
0.10606060606060606,0.08067258776696852,300.0000000000008
0.10606060606060606,0.08083911777934251,300.0000000000008
0.10606060606060606,0.08104667361966954,300.0000000000008
0.10606060606060606,0.08130536228629326,300.0000000000008
0.10606060606060606,0.08162778070696558,300.0000000000008
0.10606060606060606,0.08202962915029163,300.0000000000008
0.10606060606060606,0.08237629432068608,300.00000000000074
0.10909090909090909,0.00020202020202020202,300.0008683733683
0.10909090909090909,0.0008080808080808081,300.0008683733683
0.10909090909090909,0.0016161616161616162,300.00079820689064
0.10909090909090909,0.0024242424242424242,300.00068514550065
0.10909090909090909,0.0032323232323232323,300.00054953841027
0.10909090909090909,0.00404040404040404,300.00041118262
0.10909090909090909,0.0048484848484848485,300.00028617414944
0.10909090909090909,0.0056565656565656566,300.00018453207394
0.10909090909090909,0.006464646464646465,300.0001096974862
0.10909090909090909,0.007272727272727273,300.0000597538211
0.10909090909090909,0.00808080808080808,300.0000296089537
0.10909090909090909,0.008888888888888889,300.0000132328143
0.10909090909090909,0.009696969696969697,300.00000528124104
0.10909090909090909,0.010505050505050505,300.0000018609446
0.10909090909090909,0.011313131313131313,300.0000005715994
0.10909090909090909,0.012121212121212121,300.0000001509107
0.10909090909090909,0.01292929292929293,300.0000000337414
0.10909090909090909,0.013737373737373737,300.0000000062931
0.10909090909090909,0.014545454545454545,300.0000000009649
0.10909090909090909,0.015353535353535354,300.0000000001195
0.10909090909090909,0.01616161616161616,300.00000000001086
0.10909090909090909,0.016969696969696968,299.9999999999996
0.10909090909090909,0.017777777777777778,299.9999999999987
0.10909090909090909,0.018585858585858588,299.99999999999864
0.10909090909090909,0.019393939393939394,299.99999999999864
0.10909090909090909,0.0202020202020202,299.99999999999864
0.10909090909090909,0.02101010101010101,299.99999999999864
0.10909090909090909,0.02181818181818182,299.99999999999864
0.10909090909090909,0.022626262626262626,299.99999999999864
0.10909090909090909,0.023434343434343433,299.99999999999864
0.10909090909090909,0.024242424242424242,299.99999999999864
0.10909090909090909,0.025050505050505052,299.99999999999864
0.10909090909090909,0.02585858585858586,299.99999999999864
0.10909090909090909,0.026666666666666665,299.99999999999864
0.10909090909090909,0.027474747474747475,299.99999999999864
0.10909090909090909,0.028282828282828285,299.99999999999864
0.10909090909090909,0.02909090909090909,299.99999999999864
0.10909090909090909,0.029898989898989897,299.99999999999864
0.10909090909090909,0.030707070707070707,299.99999999999864
0.10909090909090909,0.03151515151515151,299.99999999999864
0.10909090909090909,0.03232323232323232,299.99999999999864
0.10909090909090909,0.03313131313131313,299.99999999999864
0.10909090909090909,0.033939393939393936,299.99999999999864
0.10909090909090909,0.03474747474747475,299.99999999999864
0.10909090909090909,0.035555555555555556,299.99999999999864
0.10909090909090909,0.03636363636363636,299.99999999999864
0.10909090909090909,0.037171717171717175,299.99999999999864
0.10909090909090909,0.03797979797979798,299.99999999999864
0.10909090909090909,0.03878787878787879,299.99999999999864
0.10909090909090909,0.039595959595959594,299.99999999999864
0.10909090909090909,0.0404040404040404,299.99999999999864
0.10909090909090909,0.041212121212121214,299.99999999999864
0.10909090909090909,0.04202020202020202,299.99999999999864
0.10909090909090909,0.042828282828282827,299.99999999999864
0.10909090909090909,0.04363636363636364,299.99999999999864
0.10909090909090909,0.044444444444444446,299.99999999999864
0.10909090909090909,0.04525252525252525,299.99999999999864
0.10909090909090909,0.04606060606060606,299.99999999999864
0.10909090909090909,0.046868686868686865,299.99999999999864
0.10909090909090909,0.04767676767676768,299.99999999999864
0.10909090909090909,0.048484848484848485,299.99999999999864
0.10909090909090909,0.04929292929292929,299.99999999999864
0.10909090909090909,0.050101010101010104,299.99999999999864
0.10909090909090909,0.05090909090909091,299.99999999999864
0.10909090909090909,0.05171717171717172,299.99999999999864
0.10909090909090909,0.052525252525252523,299.99999999999864
0.10909090909090909,0.05333333333333333,299.99999999999864
0.10909090909090909,0.05414141414141414,299.99999999999864
0.10909090909090909,0.05494949494949495,299.99999999999864
0.10909090909090909,0.055757575757575756,299.99999999999864
0.10909090909090909,0.05656565656565657,299.99999999999864
0.10909090909090909,0.057373737373737375,299.99999999999864
0.10909090909090909,0.05818181818181818,299.99999999999864
0.10909090909090909,0.05898989898989899,299.99999999999864
0.10909090909090909,0.059797979797979794,299.99999999999864
0.10909090909090909,0.06060606060606061,299.99999999999864
0.10909090909090909,0.061414141414141414,299.99999999999864
0.10909090909090909,0.06222222222222222,299.99999999999864
0.10909090909090909,0.06303030303030302,299.99999999999864
0.10909090909090909,0.06383838383838383,299.99999999999864
0.10909090909090909,0.06464646464646465,299.99999999999864
0.10909090909090909,0.06545454545454546,299.99999999999864
0.10909090909090909,0.06626262626262627,299.99999999999864
0.10909090909090909,0.06707070707070706,299.99999999999864
0.10909090909090909,0.06787878787878787,299.99999999999864
0.10909090909090909,0.06868686868686869,299.99999999999864
0.10909090909090909,0.0694949494949495,299.99999999999864
0.10909090909090909,0.07030303030303031,299.99999999999864
0.10909090909090909,0.07111111111111111,299.99999999999864
0.10909090909090909,0.07191919191919191,299.99999999999864
0.10909090909090909,0.07272727272727272,299.99999999999864
0.10909090909090909,0.07353535353535354,299.99999999999864
0.10909090909090909,0.07434343434343435,299.99999999999864
0.10909090909090909,0.07515151515151516,299.99999999999864
0.10909090909090909,0.07595959595959595,299.99999999999864
0.10909090909090909,0.07676767676767676,299.99999999999864
0.10909090909090909,0.07757575757575758,299.99999999999864
0.10909090909090909,0.07838383838383839,299.99999999999864
0.10909090909090909,0.0791919191919192,299.9999999999631
0.10909090909090909,0.07979818813131313,300.0000000000008
0.10909090909090909,0.08000088465770044,300.0000000000008
0.10909090909090909,0.0800019359326174,300.0000000000008
0.10909090909090909,0.08000324619642925,300.0000000000008
0.10909090909090909,0.08000487925285339,300.0000000000008
0.10909090909090909,0.08000691462409718,300.0000000000008
0.10909090909090909,0.08000945142321741,300.0000000000008
0.10909090909090909,0.08001261318046245,300.0000000000008
0.10909090909090909,0.08001655385861739,300.0000000000008
0.10909090909090909,0.08002146535027135,300.0000000000008
0.10909090909090909,0.08002758682208874,300.0000000000008
0.10909090909090909,0.08003521636110686,300.0000000000008
0.10909090909090909,0.08004472549017998,300.0000000000008
0.10909090909090909,0.08005657725940413,300.0000000000008
0.10909090909090909,0.08007134879449027,300.0000000000008
0.10909090909090909,0.08008975940008634,300.0000000000008
0.10909090909090909,0.08011270558654815,300.0000000000008
0.10909090909090909,0.08014130472579933,300.0000000000008
0.10909090909090909,0.08017694946211615,300.0000000000008
0.10909090909090909,0.08022137552738813,300.0000000000008
0.10909090909090909,0.08027674626314021,300.0000000000008
0.10909090909090909,0.08034575796514344,300.0000000000008
0.10909090909090909,0.08043177118040407,300.0000000000008
0.10909090909090909,0.08053897435007991,300.0000000000008
0.10909090909090909,0.08067258776696852,300.0000000000008
0.10909090909090909,0.08083911777934251,300.0000000000008
0.10909090909090909,0.08104667361966954,300.0000000000008
0.10909090909090909,0.08130536228629326,300.0000000000008
0.10909090909090909,0.08162778070696558,300.0000000000008
0.10909090909090909,0.08202962915029163,300.0000000000008
0.10909090909090909,0.08237629432068608,300.00000000000074
0.11212121212121212,0.00020202020202020202,299.99999999999864
0.11212121212121212,0.0008080808080808081,299.99999999999864
0.11212121212121212,0.0016161616161616162,299.99999999999864
0.11212121212121212,0.0024242424242424242,299.99999999999864
0.11212121212121212,0.0032323232323232323,299.99999999999864
0.11212121212121212,0.00404040404040404,299.99999999999864
0.11212121212121212,0.0048484848484848485,299.99999999999864
0.11212121212121212,0.0056565656565656566,299.99999999999864
0.11212121212121212,0.006464646464646465,299.99999999999864
0.11212121212121212,0.007272727272727273,299.99999999999864
0.11212121212121212,0.00808080808080808,299.99999999999864
0.11212121212121212,0.008888888888888889,299.99999999999864
0.11212121212121212,0.009696969696969697,299.99999999999864
0.11212121212121212,0.010505050505050505,299.99999999999864
0.11212121212121212,0.011313131313131313,299.99999999999864
0.11212121212121212,0.012121212121212121,299.99999999999864
0.11212121212121212,0.01292929292929293,299.99999999999864
0.11212121212121212,0.013737373737373737,299.99999999999864
0.11212121212121212,0.014545454545454545,299.99999999999864
0.11212121212121212,0.015353535353535354,299.99999999999864
0.11212121212121212,0.01616161616161616,299.99999999999864
0.11212121212121212,0.016969696969696968,299.99999999999864
0.11212121212121212,0.017777777777777778,299.99999999999864
0.11212121212121212,0.018585858585858588,299.99999999999864
0.11212121212121212,0.019393939393939394,299.99999999999864
0.11212121212121212,0.0202020202020202,299.99999999999864
0.11212121212121212,0.02101010101010101,299.99999999999864
0.11212121212121212,0.02181818181818182,299.99999999999864
0.11212121212121212,0.022626262626262626,299.99999999999864
0.11212121212121212,0.023434343434343433,299.99999999999864
0.11212121212121212,0.024242424242424242,299.99999999999864
0.11212121212121212,0.025050505050505052,299.99999999999864
0.11212121212121212,0.02585858585858586,299.99999999999864
0.11212121212121212,0.026666666666666665,299.99999999999864
0.11212121212121212,0.027474747474747475,299.99999999999864
0.11212121212121212,0.028282828282828285,299.99999999999864
0.11212121212121212,0.02909090909090909,299.99999999999864
0.11212121212121212,0.029898989898989897,299.99999999999864
0.11212121212121212,0.030707070707070707,299.99999999999864
0.11212121212121212,0.03151515151515151,299.99999999999864
0.11212121212121212,0.03232323232323232,299.99999999999864
0.11212121212121212,0.03313131313131313,299.99999999999864
0.11212121212121212,0.033939393939393936,299.99999999999864
0.11212121212121212,0.03474747474747475,299.99999999999864
0.11212121212121212,0.035555555555555556,299.99999999999864
0.11212121212121212,0.03636363636363636,299.99999999999864
0.11212121212121212,0.037171717171717175,299.99999999999864
0.11212121212121212,0.03797979797979798,299.99999999999864
0.11212121212121212,0.03878787878787879,299.99999999999864
0.11212121212121212,0.039595959595959594,299.99999999999864
0.11212121212121212,0.0404040404040404,299.99999999999864
0.11212121212121212,0.041212121212121214,299.99999999999864
0.11212121212121212,0.04202020202020202,299.99999999999864
0.11212121212121212,0.042828282828282827,299.99999999999864
0.11212121212121212,0.04363636363636364,299.99999999999864
0.11212121212121212,0.044444444444444446,299.99999999999864
0.11212121212121212,0.04525252525252525,299.99999999999864
0.11212121212121212,0.04606060606060606,299.99999999999864
0.11212121212121212,0.046868686868686865,299.99999999999864
0.11212121212121212,0.04767676767676768,299.99999999999864
0.11212121212121212,0.048484848484848485,299.99999999999864
0.11212121212121212,0.04929292929292929,299.99999999999864
0.11212121212121212,0.050101010101010104,299.99999999999864
0.11212121212121212,0.05090909090909091,299.99999999999864
0.11212121212121212,0.05171717171717172,299.99999999999864
0.11212121212121212,0.052525252525252523,299.99999999999864
0.11212121212121212,0.05333333333333333,299.99999999999864
0.11212121212121212,0.05414141414141414,299.99999999999864
0.11212121212121212,0.05494949494949495,299.99999999999864
0.11212121212121212,0.055757575757575756,299.99999999999864
0.11212121212121212,0.05656565656565657,299.99999999999864
0.11212121212121212,0.057373737373737375,299.99999999999864
0.11212121212121212,0.05818181818181818,299.99999999999864
0.11212121212121212,0.05898989898989899,299.99999999999864
0.11212121212121212,0.059797979797979794,299.99999999999864
0.11212121212121212,0.06060606060606061,299.99999999999864
0.11212121212121212,0.061414141414141414,299.99999999999864
0.11212121212121212,0.06222222222222222,299.99999999999864
0.11212121212121212,0.06303030303030302,299.99999999999864
0.11212121212121212,0.06383838383838383,299.99999999999864
0.11212121212121212,0.06464646464646465,299.99999999999864
0.11212121212121212,0.06545454545454546,299.99999999999864
0.11212121212121212,0.06626262626262627,299.99999999999864
0.11212121212121212,0.06707070707070706,299.99999999999864
0.11212121212121212,0.06787878787878787,299.99999999999864
0.11212121212121212,0.06868686868686869,299.99999999999864
0.11212121212121212,0.0694949494949495,299.99999999999864
0.11212121212121212,0.07030303030303031,299.99999999999864
0.11212121212121212,0.07111111111111111,299.99999999999864
0.11212121212121212,0.07191919191919191,299.99999999999864
0.11212121212121212,0.07272727272727272,299.99999999999864
0.11212121212121212,0.07353535353535354,299.99999999999864
0.11212121212121212,0.07434343434343435,299.99999999999864
0.11212121212121212,0.07515151515151516,299.99999999999864
0.11212121212121212,0.07595959595959595,299.99999999999864
0.11212121212121212,0.07676767676767676,299.99999999999864
0.11212121212121212,0.07757575757575758,299.99999999999864
0.11212121212121212,0.07838383838383839,299.99999999999864
0.11212121212121212,0.0791919191919192,299.9999999999631
0.11212121212121212,0.07979818813131313,300.0000000000008
0.11212121212121212,0.08000088465770044,300.0000000000008
0.11212121212121212,0.0800019359326174,300.0000000000008
0.11212121212121212,0.08000324619642925,300.0000000000008
0.11212121212121212,0.08000487925285339,300.0000000000008
0.11212121212121212,0.08000691462409718,300.0000000000008
0.11212121212121212,0.08000945142321741,300.0000000000008
0.11212121212121212,0.08001261318046245,300.0000000000008
0.11212121212121212,0.08001655385861739,300.0000000000008
0.11212121212121212,0.08002146535027135,300.0000000000008
0.11212121212121212,0.08002758682208874,300.0000000000008
0.11212121212121212,0.08003521636110686,300.0000000000008
0.11212121212121212,0.08004472549017998,300.0000000000008
0.11212121212121212,0.08005657725940413,300.0000000000008
0.11212121212121212,0.08007134879449027,300.0000000000008
0.11212121212121212,0.08008975940008634,300.0000000000008
0.11212121212121212,0.08011270558654815,300.0000000000008
0.11212121212121212,0.08014130472579933,300.0000000000008
0.11212121212121212,0.08017694946211615,300.0000000000008
0.11212121212121212,0.08022137552738813,300.0000000000008
0.11212121212121212,0.08027674626314021,300.0000000000008
0.11212121212121212,0.08034575796514344,300.0000000000008
0.11212121212121212,0.08043177118040407,300.0000000000008
0.11212121212121212,0.08053897435007991,300.0000000000008
0.11212121212121212,0.08067258776696852,300.0000000000008
0.11212121212121212,0.08083911777934251,300.0000000000008
0.11212121212121212,0.08104667361966954,300.0000000000008
0.11212121212121212,0.08130536228629326,300.0000000000008
0.11212121212121212,0.08162778070696558,300.0000000000008
0.11212121212121212,0.08202962915029163,300.0000000000008
0.11212121212121212,0.08237629432068608,300.00000000000074
0.11515151515151516,0.00020202020202020202,299.99999999999864
0.11515151515151516,0.0008080808080808081,299.99999999999864
0.11515151515151516,0.0016161616161616162,299.99999999999864
0.11515151515151516,0.0024242424242424242,299.99999999999864
0.11515151515151516,0.0032323232323232323,299.99999999999864
0.11515151515151516,0.00404040404040404,299.99999999999864
0.11515151515151516,0.0048484848484848485,299.99999999999864
0.11515151515151516,0.0056565656565656566,299.99999999999864
0.11515151515151516,0.006464646464646465,299.99999999999864
0.11515151515151516,0.007272727272727273,299.99999999999864
0.11515151515151516,0.00808080808080808,299.99999999999864
0.11515151515151516,0.008888888888888889,299.99999999999864
0.11515151515151516,0.009696969696969697,299.99999999999864
0.11515151515151516,0.010505050505050505,299.99999999999864
0.11515151515151516,0.011313131313131313,299.99999999999864
0.11515151515151516,0.012121212121212121,299.99999999999864
0.11515151515151516,0.01292929292929293,299.99999999999864
0.11515151515151516,0.013737373737373737,299.99999999999864
0.11515151515151516,0.014545454545454545,299.99999999999864
0.11515151515151516,0.015353535353535354,299.99999999999864
0.11515151515151516,0.01616161616161616,299.99999999999864
0.11515151515151516,0.016969696969696968,299.99999999999864
0.11515151515151516,0.017777777777777778,299.99999999999864
0.11515151515151516,0.018585858585858588,299.99999999999864
0.11515151515151516,0.019393939393939394,299.99999999999864
0.11515151515151516,0.0202020202020202,299.99999999999864
0.11515151515151516,0.02101010101010101,299.99999999999864
0.11515151515151516,0.02181818181818182,299.99999999999864
0.11515151515151516,0.022626262626262626,299.99999999999864
0.11515151515151516,0.023434343434343433,299.99999999999864
0.11515151515151516,0.024242424242424242,299.99999999999864
0.11515151515151516,0.025050505050505052,299.99999999999864
0.11515151515151516,0.02585858585858586,299.99999999999864
0.11515151515151516,0.026666666666666665,299.99999999999864
0.11515151515151516,0.027474747474747475,299.99999999999864
0.11515151515151516,0.028282828282828285,299.99999999999864
0.11515151515151516,0.02909090909090909,299.99999999999864
0.11515151515151516,0.029898989898989897,299.99999999999864
0.11515151515151516,0.030707070707070707,299.99999999999864
0.11515151515151516,0.03151515151515151,299.99999999999864
0.11515151515151516,0.03232323232323232,299.99999999999864
0.11515151515151516,0.03313131313131313,299.99999999999864
0.11515151515151516,0.033939393939393936,299.99999999999864
0.11515151515151516,0.03474747474747475,299.99999999999864
0.11515151515151516,0.035555555555555556,299.99999999999864
0.11515151515151516,0.03636363636363636,299.99999999999864
0.11515151515151516,0.037171717171717175,299.99999999999864
0.11515151515151516,0.03797979797979798,299.99999999999864
0.11515151515151516,0.03878787878787879,299.99999999999864
0.11515151515151516,0.039595959595959594,299.99999999999864
0.11515151515151516,0.0404040404040404,299.99999999999864
0.11515151515151516,0.041212121212121214,299.99999999999864
0.11515151515151516,0.04202020202020202,299.99999999999864
0.11515151515151516,0.042828282828282827,299.99999999999864
0.11515151515151516,0.04363636363636364,299.99999999999864
0.11515151515151516,0.044444444444444446,299.99999999999864
0.11515151515151516,0.04525252525252525,299.99999999999864
0.11515151515151516,0.04606060606060606,299.99999999999864
0.11515151515151516,0.046868686868686865,299.99999999999864
0.11515151515151516,0.04767676767676768,299.99999999999864
0.11515151515151516,0.048484848484848485,299.99999999999864
0.11515151515151516,0.04929292929292929,299.99999999999864
0.11515151515151516,0.050101010101010104,299.99999999999864
0.11515151515151516,0.05090909090909091,299.99999999999864
0.11515151515151516,0.05171717171717172,299.99999999999864
0.11515151515151516,0.052525252525252523,299.99999999999864
0.11515151515151516,0.05333333333333333,299.99999999999864
0.11515151515151516,0.05414141414141414,299.99999999999864
0.11515151515151516,0.05494949494949495,299.99999999999864
0.11515151515151516,0.055757575757575756,299.99999999999864
0.11515151515151516,0.05656565656565657,299.99999999999864
0.11515151515151516,0.057373737373737375,299.99999999999864
0.11515151515151516,0.05818181818181818,299.99999999999864
0.11515151515151516,0.05898989898989899,299.99999999999864
0.11515151515151516,0.059797979797979794,299.99999999999864
0.11515151515151516,0.06060606060606061,299.99999999999864
0.11515151515151516,0.061414141414141414,299.99999999999864
0.11515151515151516,0.06222222222222222,299.99999999999864
0.11515151515151516,0.06303030303030302,299.99999999999864
0.11515151515151516,0.06383838383838383,299.99999999999864
0.11515151515151516,0.06464646464646465,299.99999999999864
0.11515151515151516,0.06545454545454546,299.99999999999864
0.11515151515151516,0.06626262626262627,299.99999999999864
0.11515151515151516,0.06707070707070706,299.99999999999864
0.11515151515151516,0.06787878787878787,299.99999999999864
0.11515151515151516,0.06868686868686869,299.99999999999864
0.11515151515151516,0.0694949494949495,299.99999999999864
0.11515151515151516,0.07030303030303031,299.99999999999864
0.11515151515151516,0.07111111111111111,299.99999999999864
0.11515151515151516,0.07191919191919191,299.99999999999864
0.11515151515151516,0.07272727272727272,299.99999999999864
0.11515151515151516,0.07353535353535354,299.99999999999864
0.11515151515151516,0.07434343434343435,299.99999999999864
0.11515151515151516,0.07515151515151516,299.99999999999864
0.11515151515151516,0.07595959595959595,299.99999999999864
0.11515151515151516,0.07676767676767676,299.99999999999864
0.11515151515151516,0.07757575757575758,299.99999999999864
0.11515151515151516,0.07838383838383839,299.99999999999864
0.11515151515151516,0.0791919191919192,299.99999999999864
0.11515151515151516,0.07979818813131313,300.0000000000008
0.11515151515151516,0.08000088465770044,300.0000000000008
0.11515151515151516,0.0800019359326174,300.0000000000008
0.11515151515151516,0.08000324619642925,300.0000000000008
0.11515151515151516,0.08000487925285339,300.0000000000008
0.11515151515151516,0.08000691462409718,300.0000000000008
0.11515151515151516,0.08000945142321741,300.0000000000008
0.11515151515151516,0.08001261318046245,300.0000000000008
0.11515151515151516,0.08001655385861739,300.0000000000008
0.11515151515151516,0.08002146535027135,300.0000000000008
0.11515151515151516,0.08002758682208874,300.0000000000008
0.11515151515151516,0.08003521636110686,300.0000000000008
0.11515151515151516,0.08004472549017998,300.0000000000008
0.11515151515151516,0.08005657725940413,300.0000000000008
0.11515151515151516,0.08007134879449027,300.0000000000008
0.11515151515151516,0.08008975940008634,300.0000000000008
0.11515151515151516,0.08011270558654815,300.0000000000008
0.11515151515151516,0.08014130472579933,300.0000000000008
0.11515151515151516,0.08017694946211615,300.0000000000008
0.11515151515151516,0.08022137552738813,300.0000000000008
0.11515151515151516,0.08027674626314021,300.0000000000008
0.11515151515151516,0.08034575796514344,300.0000000000008
0.11515151515151516,0.08043177118040407,300.0000000000008
0.11515151515151516,0.08053897435007991,300.0000000000008
0.11515151515151516,0.08067258776696852,300.0000000000008
0.11515151515151516,0.08083911777934251,300.0000000000008
0.11515151515151516,0.08104667361966954,300.0000000000008
0.11515151515151516,0.08130536228629326,300.0000000000008
0.11515151515151516,0.08162778070696558,300.0000000000008
0.11515151515151516,0.08202962915029163,300.0000000000008
0.11515151515151516,0.08237629432068608,300.00000000000074
0.11818181818181818,0.00020202020202020202,299.99999999999864
0.11818181818181818,0.0008080808080808081,299.99999999999864
0.11818181818181818,0.0016161616161616162,299.99999999999864
0.11818181818181818,0.0024242424242424242,299.99999999999864
0.11818181818181818,0.0032323232323232323,299.99999999999864
0.11818181818181818,0.00404040404040404,299.99999999999864
0.11818181818181818,0.0048484848484848485,299.99999999999864
0.11818181818181818,0.0056565656565656566,299.99999999999864
0.11818181818181818,0.006464646464646465,299.99999999999864
0.11818181818181818,0.007272727272727273,299.99999999999864
0.11818181818181818,0.00808080808080808,299.99999999999864
0.11818181818181818,0.008888888888888889,299.99999999999864
0.11818181818181818,0.009696969696969697,299.99999999999864
0.11818181818181818,0.010505050505050505,299.99999999999864
0.11818181818181818,0.011313131313131313,299.99999999999864
0.11818181818181818,0.012121212121212121,299.99999999999864
0.11818181818181818,0.01292929292929293,299.99999999999864
0.11818181818181818,0.013737373737373737,299.99999999999864
0.11818181818181818,0.014545454545454545,299.99999999999864
0.11818181818181818,0.015353535353535354,299.99999999999864
0.11818181818181818,0.01616161616161616,299.99999999999864
0.11818181818181818,0.016969696969696968,299.99999999999864
0.11818181818181818,0.017777777777777778,299.99999999999864
0.11818181818181818,0.018585858585858588,299.99999999999864
0.11818181818181818,0.019393939393939394,299.99999999999864
0.11818181818181818,0.0202020202020202,299.99999999999864
0.11818181818181818,0.02101010101010101,299.99999999999864
0.11818181818181818,0.02181818181818182,299.99999999999864
0.11818181818181818,0.022626262626262626,299.99999999999864
0.11818181818181818,0.023434343434343433,299.99999999999864
0.11818181818181818,0.024242424242424242,299.99999999999864
0.11818181818181818,0.025050505050505052,299.99999999999864
0.11818181818181818,0.02585858585858586,299.99999999999864
0.11818181818181818,0.026666666666666665,299.99999999999864
0.11818181818181818,0.027474747474747475,299.99999999999864
0.11818181818181818,0.028282828282828285,299.99999999999864
0.11818181818181818,0.02909090909090909,299.99999999999864
0.11818181818181818,0.029898989898989897,299.99999999999864
0.11818181818181818,0.030707070707070707,299.99999999999864
0.11818181818181818,0.03151515151515151,299.99999999999864
0.11818181818181818,0.03232323232323232,299.99999999999864
0.11818181818181818,0.03313131313131313,299.99999999999864
0.11818181818181818,0.033939393939393936,299.99999999999864
0.11818181818181818,0.03474747474747475,299.99999999999864
0.11818181818181818,0.035555555555555556,299.99999999999864
0.11818181818181818,0.03636363636363636,299.99999999999864
0.11818181818181818,0.037171717171717175,299.99999999999864
0.11818181818181818,0.03797979797979798,299.99999999999864
0.11818181818181818,0.03878787878787879,299.99999999999864
0.11818181818181818,0.039595959595959594,299.99999999999864
0.11818181818181818,0.0404040404040404,299.99999999999864
0.11818181818181818,0.041212121212121214,299.99999999999864
0.11818181818181818,0.04202020202020202,299.99999999999864
0.11818181818181818,0.042828282828282827,299.99999999999864
0.11818181818181818,0.04363636363636364,299.99999999999864
0.11818181818181818,0.044444444444444446,299.99999999999864
0.11818181818181818,0.04525252525252525,299.99999999999864
0.11818181818181818,0.04606060606060606,299.99999999999864
0.11818181818181818,0.046868686868686865,299.99999999999864
0.11818181818181818,0.04767676767676768,299.99999999999864
0.11818181818181818,0.048484848484848485,299.99999999999864
0.11818181818181818,0.04929292929292929,299.99999999999864
0.11818181818181818,0.050101010101010104,299.99999999999864
0.11818181818181818,0.05090909090909091,299.99999999999864
0.11818181818181818,0.05171717171717172,299.99999999999864
0.11818181818181818,0.052525252525252523,299.99999999999864
0.11818181818181818,0.05333333333333333,299.99999999999864
0.11818181818181818,0.05414141414141414,299.99999999999864
0.11818181818181818,0.05494949494949495,299.99999999999864
0.11818181818181818,0.055757575757575756,299.99999999999864
0.11818181818181818,0.05656565656565657,299.99999999999864
0.11818181818181818,0.057373737373737375,299.99999999999864
0.11818181818181818,0.05818181818181818,299.99999999999864
0.11818181818181818,0.05898989898989899,299.99999999999864
0.11818181818181818,0.059797979797979794,299.99999999999864
0.11818181818181818,0.06060606060606061,299.99999999999864
0.11818181818181818,0.061414141414141414,299.99999999999864
0.11818181818181818,0.06222222222222222,299.99999999999864
0.11818181818181818,0.06303030303030302,299.99999999999864
0.11818181818181818,0.06383838383838383,299.99999999999864
0.11818181818181818,0.06464646464646465,299.99999999999864
0.11818181818181818,0.06545454545454546,299.99999999999864
0.11818181818181818,0.06626262626262627,299.99999999999864
0.11818181818181818,0.06707070707070706,299.99999999999864
0.11818181818181818,0.06787878787878787,299.99999999999864
0.11818181818181818,0.06868686868686869,299.99999999999864
0.11818181818181818,0.0694949494949495,299.99999999999864
0.11818181818181818,0.07030303030303031,299.99999999999864
0.11818181818181818,0.07111111111111111,299.99999999999864
0.11818181818181818,0.07191919191919191,299.99999999999864
0.11818181818181818,0.07272727272727272,299.99999999999864
0.11818181818181818,0.07353535353535354,299.99999999999864
0.11818181818181818,0.07434343434343435,299.99999999999864
0.11818181818181818,0.07515151515151516,299.99999999999864
0.11818181818181818,0.07595959595959595,299.99999999999864
0.11818181818181818,0.07676767676767676,299.99999999999864
0.11818181818181818,0.07757575757575758,299.99999999999864
0.11818181818181818,0.07838383838383839,299.99999999999864
0.11818181818181818,0.0791919191919192,299.99999999999864
0.11818181818181818,0.07979818813131313,300.0000000000008
0.11818181818181818,0.08000088465770044,300.0000000000008
0.11818181818181818,0.0800019359326174,300.0000000000008
0.11818181818181818,0.08000324619642925,300.0000000000008
0.11818181818181818,0.08000487925285339,300.0000000000008
0.11818181818181818,0.08000691462409718,300.0000000000008
0.11818181818181818,0.08000945142321741,300.0000000000008
0.11818181818181818,0.08001261318046245,300.0000000000008
0.11818181818181818,0.08001655385861739,300.0000000000008
0.11818181818181818,0.08002146535027135,300.0000000000008
0.11818181818181818,0.08002758682208874,300.0000000000008
0.11818181818181818,0.08003521636110686,300.0000000000008
0.11818181818181818,0.08004472549017998,300.0000000000008
0.11818181818181818,0.08005657725940413,300.0000000000008
0.11818181818181818,0.08007134879449027,300.0000000000008
0.11818181818181818,0.08008975940008634,300.0000000000008
0.11818181818181818,0.08011270558654815,300.0000000000008
0.11818181818181818,0.08014130472579933,300.0000000000008
0.11818181818181818,0.08017694946211615,300.0000000000008
0.11818181818181818,0.08022137552738813,300.0000000000008
0.11818181818181818,0.08027674626314021,300.0000000000008
0.11818181818181818,0.08034575796514344,300.0000000000008
0.11818181818181818,0.08043177118040407,300.0000000000008
0.11818181818181818,0.08053897435007991,300.0000000000008
0.11818181818181818,0.08067258776696852,300.0000000000008
0.11818181818181818,0.08083911777934251,300.0000000000008
0.11818181818181818,0.08104667361966954,300.0000000000008
0.11818181818181818,0.08130536228629326,300.0000000000008
0.11818181818181818,0.08162778070696558,300.0000000000008
0.11818181818181818,0.08202962915029163,300.0000000000008
0.11818181818181818,0.08237629432068608,300.00000000000074
0.12121212121212122,0.00020202020202020202,299.99999999999864
0.12121212121212122,0.0008080808080808081,299.99999999999864
0.12121212121212122,0.0016161616161616162,299.99999999999864
0.12121212121212122,0.0024242424242424242,299.99999999999864
0.12121212121212122,0.0032323232323232323,299.99999999999864
0.12121212121212122,0.00404040404040404,299.99999999999864
0.12121212121212122,0.0048484848484848485,299.99999999999864
0.12121212121212122,0.0056565656565656566,299.99999999999864
0.12121212121212122,0.006464646464646465,299.99999999999864
0.12121212121212122,0.007272727272727273,299.99999999999864
0.12121212121212122,0.00808080808080808,299.99999999999864
0.12121212121212122,0.008888888888888889,299.99999999999864
0.12121212121212122,0.009696969696969697,299.99999999999864
0.12121212121212122,0.010505050505050505,299.99999999999864
0.12121212121212122,0.011313131313131313,299.99999999999864
0.12121212121212122,0.012121212121212121,299.99999999999864
0.12121212121212122,0.01292929292929293,299.99999999999864
0.12121212121212122,0.013737373737373737,299.99999999999864
0.12121212121212122,0.014545454545454545,299.99999999999864
0.12121212121212122,0.015353535353535354,299.99999999999864
0.12121212121212122,0.01616161616161616,299.99999999999864
0.12121212121212122,0.016969696969696968,299.99999999999864
0.12121212121212122,0.017777777777777778,299.99999999999864
0.12121212121212122,0.018585858585858588,299.99999999999864
0.12121212121212122,0.019393939393939394,299.99999999999864
0.12121212121212122,0.0202020202020202,299.99999999999864
0.12121212121212122,0.02101010101010101,299.99999999999864
0.12121212121212122,0.02181818181818182,299.99999999999864
0.12121212121212122,0.022626262626262626,299.99999999999864
0.12121212121212122,0.023434343434343433,299.99999999999864
0.12121212121212122,0.024242424242424242,299.99999999999864
0.12121212121212122,0.025050505050505052,299.99999999999864
0.12121212121212122,0.02585858585858586,299.99999999999864
0.12121212121212122,0.026666666666666665,299.99999999999864
0.12121212121212122,0.027474747474747475,299.99999999999864
0.12121212121212122,0.028282828282828285,299.99999999999864
0.12121212121212122,0.02909090909090909,299.99999999999864
0.12121212121212122,0.029898989898989897,299.99999999999864
0.12121212121212122,0.030707070707070707,299.99999999999864
0.12121212121212122,0.03151515151515151,299.99999999999864
0.12121212121212122,0.03232323232323232,299.99999999999864
0.12121212121212122,0.03313131313131313,299.99999999999864
0.12121212121212122,0.033939393939393936,299.99999999999864
0.12121212121212122,0.03474747474747475,299.99999999999864
0.12121212121212122,0.035555555555555556,299.99999999999864
0.12121212121212122,0.03636363636363636,299.99999999999864
0.12121212121212122,0.037171717171717175,299.99999999999864
0.12121212121212122,0.03797979797979798,299.99999999999864
0.12121212121212122,0.03878787878787879,299.99999999999864
0.12121212121212122,0.039595959595959594,299.99999999999864
0.12121212121212122,0.0404040404040404,299.99999999999864
0.12121212121212122,0.041212121212121214,299.99999999999864
0.12121212121212122,0.04202020202020202,299.99999999999864
0.12121212121212122,0.042828282828282827,299.99999999999864
0.12121212121212122,0.04363636363636364,299.99999999999864
0.12121212121212122,0.044444444444444446,299.99999999999864
0.12121212121212122,0.04525252525252525,299.99999999999864
0.12121212121212122,0.04606060606060606,299.99999999999864
0.12121212121212122,0.046868686868686865,299.99999999999864
0.12121212121212122,0.04767676767676768,299.99999999999864
0.12121212121212122,0.048484848484848485,299.99999999999864
0.12121212121212122,0.04929292929292929,299.99999999999864
0.12121212121212122,0.050101010101010104,299.99999999999864
0.12121212121212122,0.05090909090909091,299.99999999999864
0.12121212121212122,0.05171717171717172,299.99999999999864
0.12121212121212122,0.052525252525252523,299.99999999999864
0.12121212121212122,0.05333333333333333,299.99999999999864
0.12121212121212122,0.05414141414141414,299.99999999999864
0.12121212121212122,0.05494949494949495,299.99999999999864
0.12121212121212122,0.055757575757575756,299.99999999999864
0.12121212121212122,0.05656565656565657,299.99999999999864
0.12121212121212122,0.057373737373737375,299.99999999999864
0.12121212121212122,0.05818181818181818,299.99999999999864
0.12121212121212122,0.05898989898989899,299.99999999999864
0.12121212121212122,0.059797979797979794,299.99999999999864
0.12121212121212122,0.06060606060606061,299.99999999999864
0.12121212121212122,0.061414141414141414,299.99999999999864
0.12121212121212122,0.06222222222222222,299.99999999999864
0.12121212121212122,0.06303030303030302,299.99999999999864
0.12121212121212122,0.06383838383838383,299.99999999999864
0.12121212121212122,0.06464646464646465,299.99999999999864
0.12121212121212122,0.06545454545454546,299.99999999999864
0.12121212121212122,0.06626262626262627,299.99999999999864
0.12121212121212122,0.06707070707070706,299.99999999999864
0.12121212121212122,0.06787878787878787,299.99999999999864
0.12121212121212122,0.06868686868686869,299.99999999999864
0.12121212121212122,0.0694949494949495,299.99999999999864
0.12121212121212122,0.07030303030303031,299.99999999999864
0.12121212121212122,0.07111111111111111,299.99999999999864
0.12121212121212122,0.07191919191919191,299.99999999999864
0.12121212121212122,0.07272727272727272,299.99999999999864
0.12121212121212122,0.07353535353535354,299.99999999999864
0.12121212121212122,0.07434343434343435,299.99999999999864
0.12121212121212122,0.07515151515151516,299.99999999999864
0.12121212121212122,0.07595959595959595,299.99999999999864
0.12121212121212122,0.07676767676767676,299.99999999999864
0.12121212121212122,0.07757575757575758,299.99999999999864
0.12121212121212122,0.07838383838383839,299.99999999999864
0.12121212121212122,0.0791919191919192,299.9999999999631
0.12121212121212122,0.07979818813131313,300.0000000000008
0.12121212121212122,0.08000088465770044,300.0000000000008
0.12121212121212122,0.0800019359326174,300.0000000000008
0.12121212121212122,0.08000324619642925,300.0000000000008
0.12121212121212122,0.08000487925285339,300.0000000000008
0.12121212121212122,0.08000691462409718,300.0000000000008
0.12121212121212122,0.08000945142321741,300.0000000000008
0.12121212121212122,0.08001261318046245,300.0000000000008
0.12121212121212122,0.08001655385861739,300.0000000000008
0.12121212121212122,0.08002146535027135,300.0000000000008
0.12121212121212122,0.08002758682208874,300.0000000000008
0.12121212121212122,0.08003521636110686,300.0000000000008
0.12121212121212122,0.08004472549017998,300.0000000000008
0.12121212121212122,0.08005657725940413,300.0000000000008
0.12121212121212122,0.08007134879449027,300.0000000000008
0.12121212121212122,0.08008975940008634,300.0000000000008
0.12121212121212122,0.08011270558654815,300.0000000000008
0.12121212121212122,0.08014130472579933,300.0000000000008
0.12121212121212122,0.08017694946211615,300.0000000000008
0.12121212121212122,0.08022137552738813,300.0000000000008
0.12121212121212122,0.08027674626314021,300.0000000000008
0.12121212121212122,0.08034575796514344,300.0000000000008
0.12121212121212122,0.08043177118040407,300.0000000000008
0.12121212121212122,0.08053897435007991,300.0000000000008
0.12121212121212122,0.08067258776696852,300.0000000000008
0.12121212121212122,0.08083911777934251,300.0000000000008
0.12121212121212122,0.08104667361966954,300.0000000000008
0.12121212121212122,0.08130536228629326,300.0000000000008
0.12121212121212122,0.08162778070696558,300.0000000000008
0.12121212121212122,0.08202962915029163,300.0000000000008
0.12121212121212122,0.08237629432068608,300.00000000000074
0.12424242424242424,0.00020202020202020202,299.99999999999864
0.12424242424242424,0.0008080808080808081,299.99999999999864
0.12424242424242424,0.0016161616161616162,299.99999999999864
0.12424242424242424,0.0024242424242424242,299.99999999999864
0.12424242424242424,0.0032323232323232323,299.99999999999864
0.12424242424242424,0.00404040404040404,299.99999999999864
0.12424242424242424,0.0048484848484848485,299.99999999999864
0.12424242424242424,0.0056565656565656566,299.99999999999864
0.12424242424242424,0.006464646464646465,299.99999999999864
0.12424242424242424,0.007272727272727273,299.99999999999864
0.12424242424242424,0.00808080808080808,299.99999999999864
0.12424242424242424,0.008888888888888889,299.99999999999864
0.12424242424242424,0.009696969696969697,299.99999999999864
0.12424242424242424,0.010505050505050505,299.99999999999864
0.12424242424242424,0.011313131313131313,299.99999999999864
0.12424242424242424,0.012121212121212121,299.99999999999864
0.12424242424242424,0.01292929292929293,299.99999999999864
0.12424242424242424,0.013737373737373737,299.99999999999864
0.12424242424242424,0.014545454545454545,299.99999999999864
0.12424242424242424,0.015353535353535354,299.99999999999864
0.12424242424242424,0.01616161616161616,299.99999999999864
0.12424242424242424,0.016969696969696968,299.99999999999864
0.12424242424242424,0.017777777777777778,299.99999999999864
0.12424242424242424,0.018585858585858588,299.99999999999864
0.12424242424242424,0.019393939393939394,299.99999999999864
0.12424242424242424,0.0202020202020202,299.99999999999864
0.12424242424242424,0.02101010101010101,299.99999999999864
0.12424242424242424,0.02181818181818182,299.99999999999864
0.12424242424242424,0.022626262626262626,299.99999999999864
0.12424242424242424,0.023434343434343433,299.99999999999864
0.12424242424242424,0.024242424242424242,299.99999999999864
0.12424242424242424,0.025050505050505052,299.99999999999864
0.12424242424242424,0.02585858585858586,299.99999999999864
0.12424242424242424,0.026666666666666665,299.99999999999864
0.12424242424242424,0.027474747474747475,299.99999999999864
0.12424242424242424,0.028282828282828285,299.99999999999864
0.12424242424242424,0.02909090909090909,299.99999999999864
0.12424242424242424,0.029898989898989897,299.99999999999864
0.12424242424242424,0.030707070707070707,299.99999999999864
0.12424242424242424,0.03151515151515151,299.99999999999864
0.12424242424242424,0.03232323232323232,299.99999999999864
0.12424242424242424,0.03313131313131313,299.99999999999864
0.12424242424242424,0.033939393939393936,299.99999999999864
0.12424242424242424,0.03474747474747475,299.99999999999864
0.12424242424242424,0.035555555555555556,299.99999999999864
0.12424242424242424,0.03636363636363636,299.99999999999864
0.12424242424242424,0.037171717171717175,299.99999999999864
0.12424242424242424,0.03797979797979798,299.99999999999864
0.12424242424242424,0.03878787878787879,299.99999999999864
0.12424242424242424,0.039595959595959594,299.99999999999864
0.12424242424242424,0.0404040404040404,299.99999999999864
0.12424242424242424,0.041212121212121214,299.99999999999864
0.12424242424242424,0.04202020202020202,299.99999999999864
0.12424242424242424,0.042828282828282827,299.99999999999864
0.12424242424242424,0.04363636363636364,299.99999999999864
0.12424242424242424,0.044444444444444446,299.99999999999864
0.12424242424242424,0.04525252525252525,299.99999999999864
0.12424242424242424,0.04606060606060606,299.99999999999864
0.12424242424242424,0.046868686868686865,299.99999999999864
0.12424242424242424,0.04767676767676768,299.99999999999864
0.12424242424242424,0.048484848484848485,299.99999999999864
0.12424242424242424,0.04929292929292929,299.99999999999864
0.12424242424242424,0.050101010101010104,299.99999999999864
0.12424242424242424,0.05090909090909091,299.99999999999864
0.12424242424242424,0.05171717171717172,299.99999999999864
0.12424242424242424,0.052525252525252523,299.99999999999864
0.12424242424242424,0.05333333333333333,299.99999999999864
0.12424242424242424,0.05414141414141414,299.99999999999864
0.12424242424242424,0.05494949494949495,299.99999999999864
0.12424242424242424,0.055757575757575756,299.99999999999864
0.12424242424242424,0.05656565656565657,299.99999999999864
0.12424242424242424,0.057373737373737375,299.99999999999864
0.12424242424242424,0.05818181818181818,299.99999999999864
0.12424242424242424,0.05898989898989899,299.99999999999864
0.12424242424242424,0.059797979797979794,299.99999999999864
0.12424242424242424,0.06060606060606061,299.99999999999864
0.12424242424242424,0.061414141414141414,299.99999999999864
0.12424242424242424,0.06222222222222222,299.99999999999864
0.12424242424242424,0.06303030303030302,299.99999999999864
0.12424242424242424,0.06383838383838383,299.99999999999864
0.12424242424242424,0.06464646464646465,299.99999999999864
0.12424242424242424,0.06545454545454546,299.99999999999864
0.12424242424242424,0.06626262626262627,299.99999999999864
0.12424242424242424,0.06707070707070706,299.99999999999864
0.12424242424242424,0.06787878787878787,299.99999999999864
0.12424242424242424,0.06868686868686869,299.99999999999864
0.12424242424242424,0.0694949494949495,299.99999999999864
0.12424242424242424,0.07030303030303031,299.99999999999864
0.12424242424242424,0.07111111111111111,299.99999999999864
0.12424242424242424,0.07191919191919191,299.99999999999864
0.12424242424242424,0.07272727272727272,299.99999999999864
0.12424242424242424,0.07353535353535354,299.99999999999864
0.12424242424242424,0.07434343434343435,299.99999999999864
0.12424242424242424,0.07515151515151516,299.99999999999864
0.12424242424242424,0.07595959595959595,299.99999999999864
0.12424242424242424,0.07676767676767676,299.99999999999864
0.12424242424242424,0.07757575757575758,299.99999999999864
0.12424242424242424,0.07838383838383839,299.99999999999864
0.12424242424242424,0.0791919191919192,299.9999999999631
0.12424242424242424,0.07979818813131313,300.0000000000008
0.12424242424242424,0.08000088465770044,300.0000000000008
0.12424242424242424,0.0800019359326174,300.0000000000008
0.12424242424242424,0.08000324619642925,300.0000000000008
0.12424242424242424,0.08000487925285339,300.0000000000008
0.12424242424242424,0.08000691462409718,300.0000000000008
0.12424242424242424,0.08000945142321741,300.0000000000008
0.12424242424242424,0.08001261318046245,300.0000000000008
0.12424242424242424,0.08001655385861739,300.0000000000008
0.12424242424242424,0.08002146535027135,300.0000000000008
0.12424242424242424,0.08002758682208874,300.0000000000008
0.12424242424242424,0.08003521636110686,300.0000000000008
0.12424242424242424,0.08004472549017998,300.0000000000008
0.12424242424242424,0.08005657725940413,300.0000000000008
0.12424242424242424,0.08007134879449027,300.0000000000008
0.12424242424242424,0.08008975940008634,300.0000000000008
0.12424242424242424,0.08011270558654815,300.0000000000008
0.12424242424242424,0.08014130472579933,300.0000000000008
0.12424242424242424,0.08017694946211615,300.0000000000008
0.12424242424242424,0.08022137552738813,300.0000000000008
0.12424242424242424,0.08027674626314021,300.0000000000008
0.12424242424242424,0.08034575796514344,300.0000000000008
0.12424242424242424,0.08043177118040407,300.0000000000008
0.12424242424242424,0.08053897435007991,300.0000000000008
0.12424242424242424,0.08067258776696852,300.0000000000008
0.12424242424242424,0.08083911777934251,300.0000000000008
0.12424242424242424,0.08104667361966954,300.0000000000008
0.12424242424242424,0.08130536228629326,300.0000000000008
0.12424242424242424,0.08162778070696558,300.0000000000008
0.12424242424242424,0.08202962915029163,300.0000000000008
0.12424242424242424,0.08237629432068608,300.00000000000074
0.12727272727272726,0.00020202020202020202,299.99999999999864
0.12727272727272726,0.0008080808080808081,299.99999999999864
0.12727272727272726,0.0016161616161616162,299.99999999999864
0.12727272727272726,0.0024242424242424242,299.99999999999864
0.12727272727272726,0.0032323232323232323,299.99999999999864
0.12727272727272726,0.00404040404040404,299.99999999999864
0.12727272727272726,0.0048484848484848485,299.99999999999864
0.12727272727272726,0.0056565656565656566,299.99999999999864
0.12727272727272726,0.006464646464646465,299.99999999999864
0.12727272727272726,0.007272727272727273,299.99999999999864
0.12727272727272726,0.00808080808080808,299.99999999999864
0.12727272727272726,0.008888888888888889,299.99999999999864
0.12727272727272726,0.009696969696969697,299.99999999999864
0.12727272727272726,0.010505050505050505,299.99999999999864
0.12727272727272726,0.011313131313131313,299.99999999999864
0.12727272727272726,0.012121212121212121,299.99999999999864
0.12727272727272726,0.01292929292929293,299.99999999999864
0.12727272727272726,0.013737373737373737,299.99999999999864
0.12727272727272726,0.014545454545454545,299.99999999999864
0.12727272727272726,0.015353535353535354,299.99999999999864
0.12727272727272726,0.01616161616161616,299.99999999999864
0.12727272727272726,0.016969696969696968,299.99999999999864
0.12727272727272726,0.017777777777777778,299.99999999999864
0.12727272727272726,0.018585858585858588,299.99999999999864
0.12727272727272726,0.019393939393939394,299.99999999999864
0.12727272727272726,0.0202020202020202,299.99999999999864
0.12727272727272726,0.02101010101010101,299.99999999999864
0.12727272727272726,0.02181818181818182,299.99999999999864
0.12727272727272726,0.022626262626262626,299.99999999999864
0.12727272727272726,0.023434343434343433,299.99999999999864
0.12727272727272726,0.024242424242424242,299.99999999999864
0.12727272727272726,0.025050505050505052,299.99999999999864
0.12727272727272726,0.02585858585858586,299.99999999999864
0.12727272727272726,0.026666666666666665,299.99999999999864
0.12727272727272726,0.027474747474747475,299.99999999999864
0.12727272727272726,0.028282828282828285,299.99999999999864
0.12727272727272726,0.02909090909090909,299.99999999999864
0.12727272727272726,0.029898989898989897,299.99999999999864
0.12727272727272726,0.030707070707070707,299.99999999999864
0.12727272727272726,0.03151515151515151,299.99999999999864
0.12727272727272726,0.03232323232323232,299.99999999999864
0.12727272727272726,0.03313131313131313,299.99999999999864
0.12727272727272726,0.033939393939393936,299.99999999999864
0.12727272727272726,0.03474747474747475,299.99999999999864
0.12727272727272726,0.035555555555555556,299.99999999999864
0.12727272727272726,0.03636363636363636,299.99999999999864
0.12727272727272726,0.037171717171717175,299.99999999999864
0.12727272727272726,0.03797979797979798,299.99999999999864
0.12727272727272726,0.03878787878787879,299.99999999999864
0.12727272727272726,0.039595959595959594,299.99999999999864
0.12727272727272726,0.0404040404040404,299.99999999999864
0.12727272727272726,0.041212121212121214,299.99999999999864
0.12727272727272726,0.04202020202020202,299.99999999999864
0.12727272727272726,0.042828282828282827,299.99999999999864
0.12727272727272726,0.04363636363636364,299.99999999999864
0.12727272727272726,0.044444444444444446,299.99999999999864
0.12727272727272726,0.04525252525252525,299.99999999999864
0.12727272727272726,0.04606060606060606,299.99999999999864
0.12727272727272726,0.046868686868686865,299.99999999999864
0.12727272727272726,0.04767676767676768,299.99999999999864
0.12727272727272726,0.048484848484848485,299.99999999999864
0.12727272727272726,0.04929292929292929,299.99999999999864
0.12727272727272726,0.050101010101010104,299.99999999999864
0.12727272727272726,0.05090909090909091,299.99999999999864
0.12727272727272726,0.05171717171717172,299.99999999999864
0.12727272727272726,0.052525252525252523,299.99999999999864
0.12727272727272726,0.05333333333333333,299.99999999999864
0.12727272727272726,0.05414141414141414,299.99999999999864
0.12727272727272726,0.05494949494949495,299.99999999999864
0.12727272727272726,0.055757575757575756,299.99999999999864
0.12727272727272726,0.05656565656565657,299.99999999999864
0.12727272727272726,0.057373737373737375,299.99999999999864
0.12727272727272726,0.05818181818181818,299.99999999999864
0.12727272727272726,0.05898989898989899,299.99999999999864
0.12727272727272726,0.059797979797979794,299.99999999999864
0.12727272727272726,0.06060606060606061,299.99999999999864
0.12727272727272726,0.061414141414141414,299.99999999999864
0.12727272727272726,0.06222222222222222,299.99999999999864
0.12727272727272726,0.06303030303030302,299.99999999999864
0.12727272727272726,0.06383838383838383,299.99999999999864
0.12727272727272726,0.06464646464646465,299.99999999999864
0.12727272727272726,0.06545454545454546,299.99999999999864
0.12727272727272726,0.06626262626262627,299.99999999999864
0.12727272727272726,0.06707070707070706,299.99999999999864
0.12727272727272726,0.06787878787878787,299.99999999999864
0.12727272727272726,0.06868686868686869,299.99999999999864
0.12727272727272726,0.0694949494949495,299.99999999999864
0.12727272727272726,0.07030303030303031,299.99999999999864
0.12727272727272726,0.07111111111111111,299.99999999999864
0.12727272727272726,0.07191919191919191,299.99999999999864
0.12727272727272726,0.07272727272727272,299.99999999999864
0.12727272727272726,0.07353535353535354,299.99999999999864
0.12727272727272726,0.07434343434343435,299.99999999999864
0.12727272727272726,0.07515151515151516,299.99999999999864
0.12727272727272726,0.07595959595959595,299.99999999999864
0.12727272727272726,0.07676767676767676,299.99999999999864
0.12727272727272726,0.07757575757575758,299.99999999999864
0.12727272727272726,0.07838383838383839,299.99999999999864
0.12727272727272726,0.0791919191919192,299.9999999999631
0.12727272727272726,0.07979818813131313,300.0000000000008
0.12727272727272726,0.08000088465770044,300.0000000000008
0.12727272727272726,0.0800019359326174,300.0000000000008
0.12727272727272726,0.08000324619642925,300.0000000000008
0.12727272727272726,0.08000487925285339,300.0000000000008
0.12727272727272726,0.08000691462409718,300.0000000000008
0.12727272727272726,0.08000945142321741,300.0000000000008
0.12727272727272726,0.08001261318046245,300.0000000000008
0.12727272727272726,0.08001655385861739,300.0000000000008
0.12727272727272726,0.08002146535027135,300.0000000000008
0.12727272727272726,0.08002758682208874,300.0000000000008
0.12727272727272726,0.08003521636110686,300.0000000000008
0.12727272727272726,0.08004472549017998,300.0000000000008
0.12727272727272726,0.08005657725940413,300.0000000000008
0.12727272727272726,0.08007134879449027,300.0000000000008
0.12727272727272726,0.08008975940008634,300.0000000000008
0.12727272727272726,0.08011270558654815,300.0000000000008
0.12727272727272726,0.08014130472579933,300.0000000000008
0.12727272727272726,0.08017694946211615,300.0000000000008
0.12727272727272726,0.08022137552738813,300.0000000000008
0.12727272727272726,0.08027674626314021,300.0000000000008
0.12727272727272726,0.08034575796514344,300.0000000000008
0.12727272727272726,0.08043177118040407,300.0000000000008
0.12727272727272726,0.08053897435007991,300.0000000000008
0.12727272727272726,0.08067258776696852,300.0000000000008
0.12727272727272726,0.08083911777934251,300.0000000000008
0.12727272727272726,0.08104667361966954,300.0000000000008
0.12727272727272726,0.08130536228629326,300.0000000000008
0.12727272727272726,0.08162778070696558,300.0000000000008
0.12727272727272726,0.08202962915029163,300.0000000000008
0.12727272727272726,0.08237629432068608,300.00000000000074
0.1303030303030303,0.00020202020202020202,299.99999999999864
0.1303030303030303,0.0008080808080808081,299.99999999999864
0.1303030303030303,0.0016161616161616162,299.99999999999864
0.1303030303030303,0.0024242424242424242,299.99999999999864
0.1303030303030303,0.0032323232323232323,299.99999999999864
0.1303030303030303,0.00404040404040404,299.99999999999864
0.1303030303030303,0.0048484848484848485,299.99999999999864
0.1303030303030303,0.0056565656565656566,299.99999999999864
0.1303030303030303,0.006464646464646465,299.99999999999864
0.1303030303030303,0.007272727272727273,299.99999999999864
0.1303030303030303,0.00808080808080808,299.99999999999864
0.1303030303030303,0.008888888888888889,299.99999999999864
0.1303030303030303,0.009696969696969697,299.99999999999864
0.1303030303030303,0.010505050505050505,299.99999999999864
0.1303030303030303,0.011313131313131313,299.99999999999864
0.1303030303030303,0.012121212121212121,299.99999999999864
0.1303030303030303,0.01292929292929293,299.99999999999864
0.1303030303030303,0.013737373737373737,299.99999999999864
0.1303030303030303,0.014545454545454545,299.99999999999864
0.1303030303030303,0.015353535353535354,299.99999999999864
0.1303030303030303,0.01616161616161616,299.99999999999864
0.1303030303030303,0.016969696969696968,299.99999999999864
0.1303030303030303,0.017777777777777778,299.99999999999864
0.1303030303030303,0.018585858585858588,299.99999999999864
0.1303030303030303,0.019393939393939394,299.99999999999864
0.1303030303030303,0.0202020202020202,299.99999999999864
0.1303030303030303,0.02101010101010101,299.99999999999864
0.1303030303030303,0.02181818181818182,299.99999999999864
0.1303030303030303,0.022626262626262626,299.99999999999864
0.1303030303030303,0.023434343434343433,299.99999999999864
0.1303030303030303,0.024242424242424242,299.99999999999864
0.1303030303030303,0.025050505050505052,299.99999999999864
0.1303030303030303,0.02585858585858586,299.99999999999864
0.1303030303030303,0.026666666666666665,299.99999999999864
0.1303030303030303,0.027474747474747475,299.99999999999864
0.1303030303030303,0.028282828282828285,299.99999999999864
0.1303030303030303,0.02909090909090909,299.99999999999864
0.1303030303030303,0.029898989898989897,299.99999999999864
0.1303030303030303,0.030707070707070707,299.99999999999864
0.1303030303030303,0.03151515151515151,299.99999999999864
0.1303030303030303,0.03232323232323232,299.99999999999864
0.1303030303030303,0.03313131313131313,299.99999999999864
0.1303030303030303,0.033939393939393936,299.99999999999864
0.1303030303030303,0.03474747474747475,299.99999999999864
0.1303030303030303,0.035555555555555556,299.99999999999864
0.1303030303030303,0.03636363636363636,299.99999999999864
0.1303030303030303,0.037171717171717175,299.99999999999864
0.1303030303030303,0.03797979797979798,299.99999999999864
0.1303030303030303,0.03878787878787879,299.99999999999864
0.1303030303030303,0.039595959595959594,299.99999999999864
0.1303030303030303,0.0404040404040404,299.99999999999864
0.1303030303030303,0.041212121212121214,299.99999999999864
0.1303030303030303,0.04202020202020202,299.99999999999864
0.1303030303030303,0.042828282828282827,299.99999999999864
0.1303030303030303,0.04363636363636364,299.99999999999864
0.1303030303030303,0.044444444444444446,299.99999999999864
0.1303030303030303,0.04525252525252525,299.99999999999864
0.1303030303030303,0.04606060606060606,299.99999999999864
0.1303030303030303,0.046868686868686865,299.99999999999864
0.1303030303030303,0.04767676767676768,299.99999999999864
0.1303030303030303,0.048484848484848485,299.99999999999864
0.1303030303030303,0.04929292929292929,299.99999999999864
0.1303030303030303,0.050101010101010104,299.99999999999864
0.1303030303030303,0.05090909090909091,299.99999999999864
0.1303030303030303,0.05171717171717172,299.99999999999864
0.1303030303030303,0.052525252525252523,299.99999999999864
0.1303030303030303,0.05333333333333333,299.99999999999864
0.1303030303030303,0.05414141414141414,299.99999999999864
0.1303030303030303,0.05494949494949495,299.99999999999864
0.1303030303030303,0.055757575757575756,299.99999999999864
0.1303030303030303,0.05656565656565657,299.99999999999864
0.1303030303030303,0.057373737373737375,299.99999999999864
0.1303030303030303,0.05818181818181818,299.99999999999864
0.1303030303030303,0.05898989898989899,299.99999999999864
0.1303030303030303,0.059797979797979794,299.99999999999864
0.1303030303030303,0.06060606060606061,299.99999999999864
0.1303030303030303,0.061414141414141414,299.99999999999864
0.1303030303030303,0.06222222222222222,299.99999999999864
0.1303030303030303,0.06303030303030302,299.99999999999864
0.1303030303030303,0.06383838383838383,299.99999999999864
0.1303030303030303,0.06464646464646465,299.99999999999864
0.1303030303030303,0.06545454545454546,299.99999999999864
0.1303030303030303,0.06626262626262627,299.99999999999864
0.1303030303030303,0.06707070707070706,299.99999999999864
0.1303030303030303,0.06787878787878787,299.99999999999864
0.1303030303030303,0.06868686868686869,299.99999999999864
0.1303030303030303,0.0694949494949495,299.99999999999864
0.1303030303030303,0.07030303030303031,299.99999999999864
0.1303030303030303,0.07111111111111111,299.99999999999864
0.1303030303030303,0.07191919191919191,299.99999999999864
0.1303030303030303,0.07272727272727272,299.99999999999864
0.1303030303030303,0.07353535353535354,299.99999999999864
0.1303030303030303,0.07434343434343435,299.99999999999864
0.1303030303030303,0.07515151515151516,299.99999999999864
0.1303030303030303,0.07595959595959595,299.99999999999864
0.1303030303030303,0.07676767676767676,299.99999999999864
0.1303030303030303,0.07757575757575758,299.99999999999864
0.1303030303030303,0.07838383838383839,299.99999999999864
0.1303030303030303,0.0791919191919192,299.9999999999631
0.1303030303030303,0.07979818813131313,300.0000000000008
0.1303030303030303,0.08000088465770044,300.0000000000008
0.1303030303030303,0.0800019359326174,300.0000000000008
0.1303030303030303,0.08000324619642925,300.0000000000008
0.1303030303030303,0.08000487925285339,300.0000000000008
0.1303030303030303,0.08000691462409718,300.0000000000008
0.1303030303030303,0.08000945142321741,300.0000000000008
0.1303030303030303,0.08001261318046245,300.0000000000008
0.1303030303030303,0.08001655385861739,300.0000000000008
0.1303030303030303,0.08002146535027135,300.0000000000008
0.1303030303030303,0.08002758682208874,300.0000000000008
0.1303030303030303,0.08003521636110686,300.0000000000008
0.1303030303030303,0.08004472549017998,300.0000000000008
0.1303030303030303,0.08005657725940413,300.0000000000008
0.1303030303030303,0.08007134879449027,300.0000000000008
0.1303030303030303,0.08008975940008634,300.0000000000008
0.1303030303030303,0.08011270558654815,300.0000000000008
0.1303030303030303,0.08014130472579933,300.0000000000008
0.1303030303030303,0.08017694946211615,300.0000000000008
0.1303030303030303,0.08022137552738813,300.0000000000008
0.1303030303030303,0.08027674626314021,300.0000000000008
0.1303030303030303,0.08034575796514344,300.0000000000008
0.1303030303030303,0.08043177118040407,300.0000000000008
0.1303030303030303,0.08053897435007991,300.0000000000008
0.1303030303030303,0.08067258776696852,300.0000000000008
0.1303030303030303,0.08083911777934251,300.0000000000008
0.1303030303030303,0.08104667361966954,300.0000000000008
0.1303030303030303,0.08130536228629326,300.0000000000008
0.1303030303030303,0.08162778070696558,300.0000000000008
0.1303030303030303,0.08202962915029163,300.0000000000008
0.1303030303030303,0.08237629432068608,300.00000000000074
0.13333333333333333,0.00020202020202020202,299.99999999999864
0.13333333333333333,0.0008080808080808081,299.99999999999864
0.13333333333333333,0.0016161616161616162,299.99999999999864
0.13333333333333333,0.0024242424242424242,299.99999999999864
0.13333333333333333,0.0032323232323232323,299.99999999999864
0.13333333333333333,0.00404040404040404,299.99999999999864
0.13333333333333333,0.0048484848484848485,299.99999999999864
0.13333333333333333,0.0056565656565656566,299.99999999999864
0.13333333333333333,0.006464646464646465,299.99999999999864
0.13333333333333333,0.007272727272727273,299.99999999999864
0.13333333333333333,0.00808080808080808,299.99999999999864
0.13333333333333333,0.008888888888888889,299.99999999999864
0.13333333333333333,0.009696969696969697,299.99999999999864
0.13333333333333333,0.010505050505050505,299.99999999999864
0.13333333333333333,0.011313131313131313,299.99999999999864
0.13333333333333333,0.012121212121212121,299.99999999999864
0.13333333333333333,0.01292929292929293,299.99999999999864
0.13333333333333333,0.013737373737373737,299.99999999999864
0.13333333333333333,0.014545454545454545,299.99999999999864
0.13333333333333333,0.015353535353535354,299.99999999999864
0.13333333333333333,0.01616161616161616,299.99999999999864
0.13333333333333333,0.016969696969696968,299.99999999999864
0.13333333333333333,0.017777777777777778,299.99999999999864
0.13333333333333333,0.018585858585858588,299.99999999999864
0.13333333333333333,0.019393939393939394,299.99999999999864
0.13333333333333333,0.0202020202020202,299.99999999999864
0.13333333333333333,0.02101010101010101,299.99999999999864
0.13333333333333333,0.02181818181818182,299.99999999999864
0.13333333333333333,0.022626262626262626,299.99999999999864
0.13333333333333333,0.023434343434343433,299.99999999999864
0.13333333333333333,0.024242424242424242,299.99999999999864
0.13333333333333333,0.025050505050505052,299.99999999999864
0.13333333333333333,0.02585858585858586,299.99999999999864
0.13333333333333333,0.026666666666666665,299.99999999999864
0.13333333333333333,0.027474747474747475,299.99999999999864
0.13333333333333333,0.028282828282828285,299.99999999999864
0.13333333333333333,0.02909090909090909,299.99999999999864
0.13333333333333333,0.029898989898989897,299.99999999999864
0.13333333333333333,0.030707070707070707,299.99999999999864
0.13333333333333333,0.03151515151515151,299.99999999999864
0.13333333333333333,0.03232323232323232,299.99999999999864
0.13333333333333333,0.03313131313131313,299.99999999999864
0.13333333333333333,0.033939393939393936,299.99999999999864
0.13333333333333333,0.03474747474747475,299.99999999999864
0.13333333333333333,0.035555555555555556,299.99999999999864
0.13333333333333333,0.03636363636363636,299.99999999999864
0.13333333333333333,0.037171717171717175,299.99999999999864
0.13333333333333333,0.03797979797979798,299.99999999999864
0.13333333333333333,0.03878787878787879,299.99999999999864
0.13333333333333333,0.039595959595959594,299.99999999999864
0.13333333333333333,0.0404040404040404,299.99999999999864
0.13333333333333333,0.041212121212121214,299.99999999999864
0.13333333333333333,0.04202020202020202,299.99999999999864
0.13333333333333333,0.042828282828282827,299.99999999999864
0.13333333333333333,0.04363636363636364,299.99999999999864
0.13333333333333333,0.044444444444444446,299.99999999999864
0.13333333333333333,0.04525252525252525,299.99999999999864
0.13333333333333333,0.04606060606060606,299.99999999999864
0.13333333333333333,0.046868686868686865,299.99999999999864
0.13333333333333333,0.04767676767676768,299.99999999999864
0.13333333333333333,0.048484848484848485,299.99999999999864
0.13333333333333333,0.04929292929292929,299.99999999999864
0.13333333333333333,0.050101010101010104,299.99999999999864
0.13333333333333333,0.05090909090909091,299.99999999999864
0.13333333333333333,0.05171717171717172,299.99999999999864
0.13333333333333333,0.052525252525252523,299.99999999999864
0.13333333333333333,0.05333333333333333,299.99999999999864
0.13333333333333333,0.05414141414141414,299.99999999999864
0.13333333333333333,0.05494949494949495,299.99999999999864
0.13333333333333333,0.055757575757575756,299.99999999999864
0.13333333333333333,0.05656565656565657,299.99999999999864
0.13333333333333333,0.057373737373737375,299.99999999999864
0.13333333333333333,0.05818181818181818,299.99999999999864
0.13333333333333333,0.05898989898989899,299.99999999999864
0.13333333333333333,0.059797979797979794,299.99999999999864
0.13333333333333333,0.06060606060606061,299.99999999999864
0.13333333333333333,0.061414141414141414,299.99999999999864
0.13333333333333333,0.06222222222222222,299.99999999999864
0.13333333333333333,0.06303030303030302,299.99999999999864
0.13333333333333333,0.06383838383838383,299.99999999999864
0.13333333333333333,0.06464646464646465,299.99999999999864
0.13333333333333333,0.06545454545454546,299.99999999999864
0.13333333333333333,0.06626262626262627,299.99999999999864
0.13333333333333333,0.06707070707070706,299.99999999999864
0.13333333333333333,0.06787878787878787,299.99999999999864
0.13333333333333333,0.06868686868686869,299.99999999999864
0.13333333333333333,0.0694949494949495,299.99999999999864
0.13333333333333333,0.07030303030303031,299.99999999999864
0.13333333333333333,0.07111111111111111,299.99999999999864
0.13333333333333333,0.07191919191919191,299.99999999999864
0.13333333333333333,0.07272727272727272,299.99999999999864
0.13333333333333333,0.07353535353535354,299.99999999999864
0.13333333333333333,0.07434343434343435,299.99999999999864
0.13333333333333333,0.07515151515151516,299.99999999999864
0.13333333333333333,0.07595959595959595,299.99999999999864
0.13333333333333333,0.07676767676767676,299.99999999999864
0.13333333333333333,0.07757575757575758,299.99999999999864
0.13333333333333333,0.07838383838383839,299.99999999999864
0.13333333333333333,0.0791919191919192,299.9999999999631
0.13333333333333333,0.07979818813131313,300.0000000000008
0.13333333333333333,0.08000088465770044,300.0000000000008
0.13333333333333333,0.0800019359326174,300.0000000000008
0.13333333333333333,0.08000324619642925,300.0000000000008
0.13333333333333333,0.08000487925285339,300.0000000000008
0.13333333333333333,0.08000691462409718,300.0000000000008
0.13333333333333333,0.08000945142321741,300.0000000000008
0.13333333333333333,0.08001261318046245,300.0000000000008
0.13333333333333333,0.08001655385861739,300.0000000000008
0.13333333333333333,0.08002146535027135,300.0000000000008
0.13333333333333333,0.08002758682208874,300.0000000000008
0.13333333333333333,0.08003521636110686,300.0000000000008
0.13333333333333333,0.08004472549017998,300.0000000000008
0.13333333333333333,0.08005657725940413,300.0000000000008
0.13333333333333333,0.08007134879449027,300.0000000000008
0.13333333333333333,0.08008975940008634,300.0000000000008
0.13333333333333333,0.08011270558654815,300.0000000000008
0.13333333333333333,0.08014130472579933,300.0000000000008
0.13333333333333333,0.08017694946211615,300.0000000000008
0.13333333333333333,0.08022137552738813,300.0000000000008
0.13333333333333333,0.08027674626314021,300.0000000000008
0.13333333333333333,0.08034575796514344,300.0000000000008
0.13333333333333333,0.08043177118040407,300.0000000000008
0.13333333333333333,0.08053897435007991,300.0000000000008
0.13333333333333333,0.08067258776696852,300.0000000000008
0.13333333333333333,0.08083911777934251,300.0000000000008
0.13333333333333333,0.08104667361966954,300.0000000000008
0.13333333333333333,0.08130536228629326,300.0000000000008
0.13333333333333333,0.08162778070696558,300.0000000000008
0.13333333333333333,0.08202962915029163,300.0000000000008
0.13333333333333333,0.08237629432068608,300.00000000000074
0.13636363636363635,0.00020202020202020202,299.99999999999864
0.13636363636363635,0.0008080808080808081,299.99999999999864
0.13636363636363635,0.0016161616161616162,299.99999999999864
0.13636363636363635,0.0024242424242424242,299.99999999999864
0.13636363636363635,0.0032323232323232323,299.99999999999864
0.13636363636363635,0.00404040404040404,299.99999999999864
0.13636363636363635,0.0048484848484848485,299.99999999999864
0.13636363636363635,0.0056565656565656566,299.99999999999864
0.13636363636363635,0.006464646464646465,299.99999999999864
0.13636363636363635,0.007272727272727273,299.99999999999864
0.13636363636363635,0.00808080808080808,299.99999999999864
0.13636363636363635,0.008888888888888889,299.99999999999864
0.13636363636363635,0.009696969696969697,299.99999999999864
0.13636363636363635,0.010505050505050505,299.99999999999864
0.13636363636363635,0.011313131313131313,299.99999999999864
0.13636363636363635,0.012121212121212121,299.99999999999864
0.13636363636363635,0.01292929292929293,299.99999999999864
0.13636363636363635,0.013737373737373737,299.99999999999864
0.13636363636363635,0.014545454545454545,299.99999999999864
0.13636363636363635,0.015353535353535354,299.99999999999864
0.13636363636363635,0.01616161616161616,299.99999999999864
0.13636363636363635,0.016969696969696968,299.99999999999864
0.13636363636363635,0.017777777777777778,299.99999999999864
0.13636363636363635,0.018585858585858588,299.99999999999864
0.13636363636363635,0.019393939393939394,299.99999999999864
0.13636363636363635,0.0202020202020202,299.99999999999864
0.13636363636363635,0.02101010101010101,299.99999999999864
0.13636363636363635,0.02181818181818182,299.99999999999864
0.13636363636363635,0.022626262626262626,299.99999999999864
0.13636363636363635,0.023434343434343433,299.99999999999864
0.13636363636363635,0.024242424242424242,299.99999999999864
0.13636363636363635,0.025050505050505052,299.99999999999864
0.13636363636363635,0.02585858585858586,299.99999999999864
0.13636363636363635,0.026666666666666665,299.99999999999864
0.13636363636363635,0.027474747474747475,299.99999999999864
0.13636363636363635,0.028282828282828285,299.99999999999864
0.13636363636363635,0.02909090909090909,299.99999999999864
0.13636363636363635,0.029898989898989897,299.99999999999864
0.13636363636363635,0.030707070707070707,299.99999999999864
0.13636363636363635,0.03151515151515151,299.99999999999864
0.13636363636363635,0.03232323232323232,299.99999999999864
0.13636363636363635,0.03313131313131313,299.99999999999864
0.13636363636363635,0.033939393939393936,299.99999999999864
0.13636363636363635,0.03474747474747475,299.99999999999864
0.13636363636363635,0.035555555555555556,299.99999999999864
0.13636363636363635,0.03636363636363636,299.99999999999864
0.13636363636363635,0.037171717171717175,299.99999999999864
0.13636363636363635,0.03797979797979798,299.99999999999864
0.13636363636363635,0.03878787878787879,299.99999999999864
0.13636363636363635,0.039595959595959594,299.99999999999864
0.13636363636363635,0.0404040404040404,299.99999999999864
0.13636363636363635,0.041212121212121214,299.99999999999864
0.13636363636363635,0.04202020202020202,299.99999999999864
0.13636363636363635,0.042828282828282827,299.99999999999864
0.13636363636363635,0.04363636363636364,299.99999999999864
0.13636363636363635,0.044444444444444446,299.99999999999864
0.13636363636363635,0.04525252525252525,299.99999999999864
0.13636363636363635,0.04606060606060606,299.99999999999864
0.13636363636363635,0.046868686868686865,299.99999999999864
0.13636363636363635,0.04767676767676768,299.99999999999864
0.13636363636363635,0.048484848484848485,299.99999999999864
0.13636363636363635,0.04929292929292929,299.99999999999864
0.13636363636363635,0.050101010101010104,299.99999999999864
0.13636363636363635,0.05090909090909091,299.99999999999864
0.13636363636363635,0.05171717171717172,299.99999999999864
0.13636363636363635,0.052525252525252523,299.99999999999864
0.13636363636363635,0.05333333333333333,299.99999999999864
0.13636363636363635,0.05414141414141414,299.99999999999864
0.13636363636363635,0.05494949494949495,299.99999999999864
0.13636363636363635,0.055757575757575756,299.99999999999864
0.13636363636363635,0.05656565656565657,299.99999999999864
0.13636363636363635,0.057373737373737375,299.99999999999864
0.13636363636363635,0.05818181818181818,299.99999999999864
0.13636363636363635,0.05898989898989899,299.99999999999864
0.13636363636363635,0.059797979797979794,299.99999999999864
0.13636363636363635,0.06060606060606061,299.99999999999864
0.13636363636363635,0.061414141414141414,299.99999999999864
0.13636363636363635,0.06222222222222222,299.99999999999864
0.13636363636363635,0.06303030303030302,299.99999999999864
0.13636363636363635,0.06383838383838383,299.99999999999864
0.13636363636363635,0.06464646464646465,299.99999999999864
0.13636363636363635,0.06545454545454546,299.99999999999864
0.13636363636363635,0.06626262626262627,299.99999999999864
0.13636363636363635,0.06707070707070706,299.99999999999864
0.13636363636363635,0.06787878787878787,299.99999999999864
0.13636363636363635,0.06868686868686869,299.99999999999864
0.13636363636363635,0.0694949494949495,299.99999999999864
0.13636363636363635,0.07030303030303031,299.99999999999864
0.13636363636363635,0.07111111111111111,299.99999999999864
0.13636363636363635,0.07191919191919191,299.99999999999864
0.13636363636363635,0.07272727272727272,299.99999999999864
0.13636363636363635,0.07353535353535354,299.99999999999864
0.13636363636363635,0.07434343434343435,299.99999999999864
0.13636363636363635,0.07515151515151516,299.99999999999864
0.13636363636363635,0.07595959595959595,299.99999999999864
0.13636363636363635,0.07676767676767676,299.99999999999864
0.13636363636363635,0.07757575757575758,299.99999999999864
0.13636363636363635,0.07838383838383839,299.99999999999864
0.13636363636363635,0.0791919191919192,299.99999999999864
0.13636363636363635,0.07979818813131313,300.0000000000008
0.13636363636363635,0.08000088465770044,300.0000000000008
0.13636363636363635,0.0800019359326174,300.0000000000008
0.13636363636363635,0.08000324619642925,300.0000000000008
0.13636363636363635,0.08000487925285339,300.0000000000008
0.13636363636363635,0.08000691462409718,300.0000000000008
0.13636363636363635,0.08000945142321741,300.0000000000008
0.13636363636363635,0.08001261318046245,300.0000000000008
0.13636363636363635,0.08001655385861739,300.0000000000008
0.13636363636363635,0.08002146535027135,300.0000000000008
0.13636363636363635,0.08002758682208874,300.0000000000008
0.13636363636363635,0.08003521636110686,300.0000000000008
0.13636363636363635,0.08004472549017998,300.0000000000008
0.13636363636363635,0.08005657725940413,300.0000000000008
0.13636363636363635,0.08007134879449027,300.0000000000008
0.13636363636363635,0.08008975940008634,300.0000000000008
0.13636363636363635,0.08011270558654815,300.0000000000008
0.13636363636363635,0.08014130472579933,300.0000000000008
0.13636363636363635,0.08017694946211615,300.0000000000008
0.13636363636363635,0.08022137552738813,300.0000000000008
0.13636363636363635,0.08027674626314021,300.0000000000008
0.13636363636363635,0.08034575796514344,300.0000000000008
0.13636363636363635,0.08043177118040407,300.0000000000008
0.13636363636363635,0.08053897435007991,300.0000000000008
0.13636363636363635,0.08067258776696852,300.0000000000008
0.13636363636363635,0.08083911777934251,300.0000000000008
0.13636363636363635,0.08104667361966954,300.0000000000008
0.13636363636363635,0.08130536228629326,300.0000000000008
0.13636363636363635,0.08162778070696558,300.0000000000008
0.13636363636363635,0.08202962915029163,300.0000000000008
0.13636363636363635,0.08237629432068608,300.00000000000074
0.1393939393939394,0.00020202020202020202,299.99999999999864
0.1393939393939394,0.0008080808080808081,299.99999999999864
0.1393939393939394,0.0016161616161616162,299.99999999999864
0.1393939393939394,0.0024242424242424242,299.99999999999864
0.1393939393939394,0.0032323232323232323,299.99999999999864
0.1393939393939394,0.00404040404040404,299.99999999999864
0.1393939393939394,0.0048484848484848485,299.99999999999864
0.1393939393939394,0.0056565656565656566,299.99999999999864
0.1393939393939394,0.006464646464646465,299.99999999999864
0.1393939393939394,0.007272727272727273,299.99999999999864
0.1393939393939394,0.00808080808080808,299.99999999999864
0.1393939393939394,0.008888888888888889,299.99999999999864
0.1393939393939394,0.009696969696969697,299.99999999999864
0.1393939393939394,0.010505050505050505,299.99999999999864
0.1393939393939394,0.011313131313131313,299.99999999999864
0.1393939393939394,0.012121212121212121,299.99999999999864
0.1393939393939394,0.01292929292929293,299.99999999999864
0.1393939393939394,0.013737373737373737,299.99999999999864
0.1393939393939394,0.014545454545454545,299.99999999999864
0.1393939393939394,0.015353535353535354,299.99999999999864
0.1393939393939394,0.01616161616161616,299.99999999999864
0.1393939393939394,0.016969696969696968,299.99999999999864
0.1393939393939394,0.017777777777777778,299.99999999999864
0.1393939393939394,0.018585858585858588,299.99999999999864
0.1393939393939394,0.019393939393939394,299.99999999999864
0.1393939393939394,0.0202020202020202,299.99999999999864
0.1393939393939394,0.02101010101010101,299.99999999999864
0.1393939393939394,0.02181818181818182,299.99999999999864
0.1393939393939394,0.022626262626262626,299.99999999999864
0.1393939393939394,0.023434343434343433,299.99999999999864
0.1393939393939394,0.024242424242424242,299.99999999999864
0.1393939393939394,0.025050505050505052,299.99999999999864
0.1393939393939394,0.02585858585858586,299.99999999999864
0.1393939393939394,0.026666666666666665,299.99999999999864
0.1393939393939394,0.027474747474747475,299.99999999999864
0.1393939393939394,0.028282828282828285,299.99999999999864
0.1393939393939394,0.02909090909090909,299.99999999999864
0.1393939393939394,0.029898989898989897,299.99999999999864
0.1393939393939394,0.030707070707070707,299.99999999999864
0.1393939393939394,0.03151515151515151,299.99999999999864
0.1393939393939394,0.03232323232323232,299.99999999999864
0.1393939393939394,0.03313131313131313,299.99999999999864
0.1393939393939394,0.033939393939393936,299.99999999999864
0.1393939393939394,0.03474747474747475,299.99999999999864
0.1393939393939394,0.035555555555555556,299.99999999999864
0.1393939393939394,0.03636363636363636,299.99999999999864
0.1393939393939394,0.037171717171717175,299.99999999999864
0.1393939393939394,0.03797979797979798,299.99999999999864
0.1393939393939394,0.03878787878787879,299.99999999999864
0.1393939393939394,0.039595959595959594,299.99999999999864
0.1393939393939394,0.0404040404040404,299.99999999999864
0.1393939393939394,0.041212121212121214,299.99999999999864
0.1393939393939394,0.04202020202020202,299.99999999999864
0.1393939393939394,0.042828282828282827,299.99999999999864
0.1393939393939394,0.04363636363636364,299.99999999999864
0.1393939393939394,0.044444444444444446,299.99999999999864
0.1393939393939394,0.04525252525252525,299.99999999999864
0.1393939393939394,0.04606060606060606,299.99999999999864
0.1393939393939394,0.046868686868686865,299.99999999999864
0.1393939393939394,0.04767676767676768,299.99999999999864
0.1393939393939394,0.048484848484848485,299.99999999999864
0.1393939393939394,0.04929292929292929,299.99999999999864
0.1393939393939394,0.050101010101010104,299.99999999999864
0.1393939393939394,0.05090909090909091,299.99999999999864
0.1393939393939394,0.05171717171717172,299.99999999999864
0.1393939393939394,0.052525252525252523,299.99999999999864
0.1393939393939394,0.05333333333333333,299.99999999999864
0.1393939393939394,0.05414141414141414,299.99999999999864
0.1393939393939394,0.05494949494949495,299.99999999999864
0.1393939393939394,0.055757575757575756,299.99999999999864
0.1393939393939394,0.05656565656565657,299.99999999999864
0.1393939393939394,0.057373737373737375,299.99999999999864
0.1393939393939394,0.05818181818181818,299.99999999999864
0.1393939393939394,0.05898989898989899,299.99999999999864
0.1393939393939394,0.059797979797979794,299.99999999999864
0.1393939393939394,0.06060606060606061,299.99999999999864
0.1393939393939394,0.061414141414141414,299.99999999999864
0.1393939393939394,0.06222222222222222,299.99999999999864
0.1393939393939394,0.06303030303030302,299.99999999999864
0.1393939393939394,0.06383838383838383,299.99999999999864
0.1393939393939394,0.06464646464646465,299.99999999999864
0.1393939393939394,0.06545454545454546,299.99999999999864
0.1393939393939394,0.06626262626262627,299.99999999999864
0.1393939393939394,0.06707070707070706,299.99999999999864
0.1393939393939394,0.06787878787878787,299.99999999999864
0.1393939393939394,0.06868686868686869,299.99999999999864
0.1393939393939394,0.0694949494949495,299.99999999999864
0.1393939393939394,0.07030303030303031,299.99999999999864
0.1393939393939394,0.07111111111111111,299.99999999999864
0.1393939393939394,0.07191919191919191,299.99999999999864
0.1393939393939394,0.07272727272727272,299.99999999999864
0.1393939393939394,0.07353535353535354,299.99999999999864
0.1393939393939394,0.07434343434343435,299.99999999999864
0.1393939393939394,0.07515151515151516,299.99999999999864
0.1393939393939394,0.07595959595959595,299.99999999999864
0.1393939393939394,0.07676767676767676,299.99999999999864
0.1393939393939394,0.07757575757575758,299.99999999999864
0.1393939393939394,0.07838383838383839,299.99999999999864
0.1393939393939394,0.0791919191919192,299.9999999999631
0.1393939393939394,0.07979818813131313,300.0000000000008
0.1393939393939394,0.08000088465770044,300.0000000000008
0.1393939393939394,0.0800019359326174,300.0000000000008
0.1393939393939394,0.08000324619642925,300.0000000000008
0.1393939393939394,0.08000487925285339,300.0000000000008
0.1393939393939394,0.08000691462409718,300.0000000000008
0.1393939393939394,0.08000945142321741,300.0000000000008
0.1393939393939394,0.08001261318046245,300.0000000000008
0.1393939393939394,0.08001655385861739,300.0000000000008
0.1393939393939394,0.08002146535027135,300.0000000000008
0.1393939393939394,0.08002758682208874,300.0000000000008
0.1393939393939394,0.08003521636110686,300.0000000000008
0.1393939393939394,0.08004472549017998,300.0000000000008
0.1393939393939394,0.08005657725940413,300.0000000000008
0.1393939393939394,0.08007134879449027,300.0000000000008
0.1393939393939394,0.08008975940008634,300.0000000000008
0.1393939393939394,0.08011270558654815,300.0000000000008
0.1393939393939394,0.08014130472579933,300.0000000000008
0.1393939393939394,0.08017694946211615,300.0000000000008
0.1393939393939394,0.08022137552738813,300.0000000000008
0.1393939393939394,0.08027674626314021,300.0000000000008
0.1393939393939394,0.08034575796514344,300.0000000000008
0.1393939393939394,0.08043177118040407,300.0000000000008
0.1393939393939394,0.08053897435007991,300.0000000000008
0.1393939393939394,0.08067258776696852,300.0000000000008
0.1393939393939394,0.08083911777934251,300.0000000000008
0.1393939393939394,0.08104667361966954,300.0000000000008
0.1393939393939394,0.08130536228629326,300.0000000000008
0.1393939393939394,0.08162778070696558,300.0000000000008
0.1393939393939394,0.08202962915029163,300.0000000000008
0.1393939393939394,0.08237629432068608,300.00000000000074
0.14242424242424243,0.00020202020202020202,299.99999999999864
0.14242424242424243,0.0008080808080808081,299.99999999999864
0.14242424242424243,0.0016161616161616162,299.99999999999864
0.14242424242424243,0.0024242424242424242,299.99999999999864
0.14242424242424243,0.0032323232323232323,299.99999999999864
0.14242424242424243,0.00404040404040404,299.99999999999864
0.14242424242424243,0.0048484848484848485,299.99999999999864
0.14242424242424243,0.0056565656565656566,299.99999999999864
0.14242424242424243,0.006464646464646465,299.99999999999864
0.14242424242424243,0.007272727272727273,299.99999999999864
0.14242424242424243,0.00808080808080808,299.99999999999864
0.14242424242424243,0.008888888888888889,299.99999999999864
0.14242424242424243,0.009696969696969697,299.99999999999864
0.14242424242424243,0.010505050505050505,299.99999999999864
0.14242424242424243,0.011313131313131313,299.99999999999864
0.14242424242424243,0.012121212121212121,299.99999999999864
0.14242424242424243,0.01292929292929293,299.99999999999864
0.14242424242424243,0.013737373737373737,299.99999999999864
0.14242424242424243,0.014545454545454545,299.99999999999864
0.14242424242424243,0.015353535353535354,299.99999999999864
0.14242424242424243,0.01616161616161616,299.99999999999864
0.14242424242424243,0.016969696969696968,299.99999999999864
0.14242424242424243,0.017777777777777778,299.99999999999864
0.14242424242424243,0.018585858585858588,299.99999999999864
0.14242424242424243,0.019393939393939394,299.99999999999864
0.14242424242424243,0.0202020202020202,299.99999999999864
0.14242424242424243,0.02101010101010101,299.99999999999864
0.14242424242424243,0.02181818181818182,299.99999999999864
0.14242424242424243,0.022626262626262626,299.99999999999864
0.14242424242424243,0.023434343434343433,299.99999999999864
0.14242424242424243,0.024242424242424242,299.99999999999864
0.14242424242424243,0.025050505050505052,299.99999999999864
0.14242424242424243,0.02585858585858586,299.99999999999864
0.14242424242424243,0.026666666666666665,299.99999999999864
0.14242424242424243,0.027474747474747475,299.99999999999864
0.14242424242424243,0.028282828282828285,299.99999999999864
0.14242424242424243,0.02909090909090909,299.99999999999864
0.14242424242424243,0.029898989898989897,299.99999999999864
0.14242424242424243,0.030707070707070707,299.99999999999864
0.14242424242424243,0.03151515151515151,299.99999999999864
0.14242424242424243,0.03232323232323232,299.99999999999864
0.14242424242424243,0.03313131313131313,299.99999999999864
0.14242424242424243,0.033939393939393936,299.99999999999864
0.14242424242424243,0.03474747474747475,299.99999999999864
0.14242424242424243,0.035555555555555556,299.99999999999864
0.14242424242424243,0.03636363636363636,299.99999999999864
0.14242424242424243,0.037171717171717175,299.99999999999864
0.14242424242424243,0.03797979797979798,299.99999999999864
0.14242424242424243,0.03878787878787879,299.99999999999864
0.14242424242424243,0.039595959595959594,299.99999999999864
0.14242424242424243,0.0404040404040404,299.99999999999864
0.14242424242424243,0.041212121212121214,299.99999999999864
0.14242424242424243,0.04202020202020202,299.99999999999864
0.14242424242424243,0.042828282828282827,299.99999999999864
0.14242424242424243,0.04363636363636364,299.99999999999864
0.14242424242424243,0.044444444444444446,299.99999999999864
0.14242424242424243,0.04525252525252525,299.99999999999864
0.14242424242424243,0.04606060606060606,299.99999999999864
0.14242424242424243,0.046868686868686865,299.99999999999864
0.14242424242424243,0.04767676767676768,299.99999999999864
0.14242424242424243,0.048484848484848485,299.99999999999864
0.14242424242424243,0.04929292929292929,299.99999999999864
0.14242424242424243,0.050101010101010104,299.99999999999864
0.14242424242424243,0.05090909090909091,299.99999999999864
0.14242424242424243,0.05171717171717172,299.99999999999864
0.14242424242424243,0.052525252525252523,299.99999999999864
0.14242424242424243,0.05333333333333333,299.99999999999864
0.14242424242424243,0.05414141414141414,299.99999999999864
0.14242424242424243,0.05494949494949495,299.99999999999864
0.14242424242424243,0.055757575757575756,299.99999999999864
0.14242424242424243,0.05656565656565657,299.99999999999864
0.14242424242424243,0.057373737373737375,299.99999999999864
0.14242424242424243,0.05818181818181818,299.99999999999864
0.14242424242424243,0.05898989898989899,299.99999999999864
0.14242424242424243,0.059797979797979794,299.99999999999864
0.14242424242424243,0.06060606060606061,299.99999999999864
0.14242424242424243,0.061414141414141414,299.99999999999864
0.14242424242424243,0.06222222222222222,299.99999999999864
0.14242424242424243,0.06303030303030302,299.99999999999864
0.14242424242424243,0.06383838383838383,299.99999999999864
0.14242424242424243,0.06464646464646465,299.99999999999864
0.14242424242424243,0.06545454545454546,299.99999999999864
0.14242424242424243,0.06626262626262627,299.99999999999864
0.14242424242424243,0.06707070707070706,299.99999999999864
0.14242424242424243,0.06787878787878787,299.99999999999864
0.14242424242424243,0.06868686868686869,299.99999999999864
0.14242424242424243,0.0694949494949495,299.99999999999864
0.14242424242424243,0.07030303030303031,299.99999999999864
0.14242424242424243,0.07111111111111111,299.99999999999864
0.14242424242424243,0.07191919191919191,299.99999999999864
0.14242424242424243,0.07272727272727272,299.99999999999864
0.14242424242424243,0.07353535353535354,299.99999999999864
0.14242424242424243,0.07434343434343435,299.99999999999864
0.14242424242424243,0.07515151515151516,299.99999999999864
0.14242424242424243,0.07595959595959595,299.99999999999864
0.14242424242424243,0.07676767676767676,299.99999999999864
0.14242424242424243,0.07757575757575758,299.99999999999864
0.14242424242424243,0.07838383838383839,299.99999999999864
0.14242424242424243,0.0791919191919192,299.9999999999631
0.14242424242424243,0.07979818813131313,300.0000000000008
0.14242424242424243,0.08000088465770044,300.0000000000008
0.14242424242424243,0.0800019359326174,300.0000000000008
0.14242424242424243,0.08000324619642925,300.0000000000008
0.14242424242424243,0.08000487925285339,300.0000000000008
0.14242424242424243,0.08000691462409718,300.0000000000008
0.14242424242424243,0.08000945142321741,300.0000000000008
0.14242424242424243,0.08001261318046245,300.0000000000008
0.14242424242424243,0.08001655385861739,300.0000000000008
0.14242424242424243,0.08002146535027135,300.0000000000008
0.14242424242424243,0.08002758682208874,300.0000000000008
0.14242424242424243,0.08003521636110686,300.0000000000008
0.14242424242424243,0.08004472549017998,300.0000000000008
0.14242424242424243,0.08005657725940413,300.0000000000008
0.14242424242424243,0.08007134879449027,300.0000000000008
0.14242424242424243,0.08008975940008634,300.0000000000008
0.14242424242424243,0.08011270558654815,300.0000000000008
0.14242424242424243,0.08014130472579933,300.0000000000008
0.14242424242424243,0.08017694946211615,300.0000000000008
0.14242424242424243,0.08022137552738813,300.0000000000008
0.14242424242424243,0.08027674626314021,300.0000000000008
0.14242424242424243,0.08034575796514344,300.0000000000008
0.14242424242424243,0.08043177118040407,300.0000000000008
0.14242424242424243,0.08053897435007991,300.0000000000008
0.14242424242424243,0.08067258776696852,300.0000000000008
0.14242424242424243,0.08083911777934251,300.0000000000008
0.14242424242424243,0.08104667361966954,300.0000000000008
0.14242424242424243,0.08130536228629326,300.0000000000008
0.14242424242424243,0.08162778070696558,300.0000000000008
0.14242424242424243,0.08202962915029163,300.0000000000008
0.14242424242424243,0.08237629432068608,300.00000000000074
0.14545454545454545,0.00020202020202020202,299.99999999999864
0.14545454545454545,0.0008080808080808081,299.99999999999864
0.14545454545454545,0.0016161616161616162,299.99999999999864
0.14545454545454545,0.0024242424242424242,299.99999999999864
0.14545454545454545,0.0032323232323232323,299.99999999999864
0.14545454545454545,0.00404040404040404,299.99999999999864
0.14545454545454545,0.0048484848484848485,299.99999999999864
0.14545454545454545,0.0056565656565656566,299.99999999999864
0.14545454545454545,0.006464646464646465,299.99999999999864
0.14545454545454545,0.007272727272727273,299.99999999999864
0.14545454545454545,0.00808080808080808,299.99999999999864
0.14545454545454545,0.008888888888888889,299.99999999999864
0.14545454545454545,0.009696969696969697,299.99999999999864
0.14545454545454545,0.010505050505050505,299.99999999999864
0.14545454545454545,0.011313131313131313,299.99999999999864
0.14545454545454545,0.012121212121212121,299.99999999999864
0.14545454545454545,0.01292929292929293,299.99999999999864
0.14545454545454545,0.013737373737373737,299.99999999999864
0.14545454545454545,0.014545454545454545,299.99999999999864
0.14545454545454545,0.015353535353535354,299.99999999999864
0.14545454545454545,0.01616161616161616,299.99999999999864
0.14545454545454545,0.016969696969696968,299.99999999999864
0.14545454545454545,0.017777777777777778,299.99999999999864
0.14545454545454545,0.018585858585858588,299.99999999999864
0.14545454545454545,0.019393939393939394,299.99999999999864
0.14545454545454545,0.0202020202020202,299.99999999999864
0.14545454545454545,0.02101010101010101,299.99999999999864
0.14545454545454545,0.02181818181818182,299.99999999999864
0.14545454545454545,0.022626262626262626,299.99999999999864
0.14545454545454545,0.023434343434343433,299.99999999999864
0.14545454545454545,0.024242424242424242,299.99999999999864
0.14545454545454545,0.025050505050505052,299.99999999999864
0.14545454545454545,0.02585858585858586,299.99999999999864
0.14545454545454545,0.026666666666666665,299.99999999999864
0.14545454545454545,0.027474747474747475,299.99999999999864
0.14545454545454545,0.028282828282828285,299.99999999999864
0.14545454545454545,0.02909090909090909,299.99999999999864
0.14545454545454545,0.029898989898989897,299.99999999999864
0.14545454545454545,0.030707070707070707,299.99999999999864
0.14545454545454545,0.03151515151515151,299.99999999999864
0.14545454545454545,0.03232323232323232,299.99999999999864
0.14545454545454545,0.03313131313131313,299.99999999999864
0.14545454545454545,0.033939393939393936,299.99999999999864
0.14545454545454545,0.03474747474747475,299.99999999999864
0.14545454545454545,0.035555555555555556,299.99999999999864
0.14545454545454545,0.03636363636363636,299.99999999999864
0.14545454545454545,0.037171717171717175,299.99999999999864
0.14545454545454545,0.03797979797979798,299.99999999999864
0.14545454545454545,0.03878787878787879,299.99999999999864
0.14545454545454545,0.039595959595959594,299.99999999999864
0.14545454545454545,0.0404040404040404,299.99999999999864
0.14545454545454545,0.041212121212121214,299.99999999999864
0.14545454545454545,0.04202020202020202,299.99999999999864
0.14545454545454545,0.042828282828282827,299.99999999999864
0.14545454545454545,0.04363636363636364,299.99999999999864
0.14545454545454545,0.044444444444444446,299.99999999999864
0.14545454545454545,0.04525252525252525,299.99999999999864
0.14545454545454545,0.04606060606060606,299.99999999999864
0.14545454545454545,0.046868686868686865,299.99999999999864
0.14545454545454545,0.04767676767676768,299.99999999999864
0.14545454545454545,0.048484848484848485,299.99999999999864
0.14545454545454545,0.04929292929292929,299.99999999999864
0.14545454545454545,0.050101010101010104,299.99999999999864
0.14545454545454545,0.05090909090909091,299.99999999999864
0.14545454545454545,0.05171717171717172,299.99999999999864
0.14545454545454545,0.052525252525252523,299.99999999999864
0.14545454545454545,0.05333333333333333,299.99999999999864
0.14545454545454545,0.05414141414141414,299.99999999999864
0.14545454545454545,0.05494949494949495,299.99999999999864
0.14545454545454545,0.055757575757575756,299.99999999999864
0.14545454545454545,0.05656565656565657,299.99999999999864
0.14545454545454545,0.057373737373737375,299.99999999999864
0.14545454545454545,0.05818181818181818,299.99999999999864
0.14545454545454545,0.05898989898989899,299.99999999999864
0.14545454545454545,0.059797979797979794,299.99999999999864
0.14545454545454545,0.06060606060606061,299.99999999999864
0.14545454545454545,0.061414141414141414,299.99999999999864
0.14545454545454545,0.06222222222222222,299.99999999999864
0.14545454545454545,0.06303030303030302,299.99999999999864
0.14545454545454545,0.06383838383838383,299.99999999999864
0.14545454545454545,0.06464646464646465,299.99999999999864
0.14545454545454545,0.06545454545454546,299.99999999999864
0.14545454545454545,0.06626262626262627,299.99999999999864
0.14545454545454545,0.06707070707070706,299.99999999999864
0.14545454545454545,0.06787878787878787,299.99999999999864
0.14545454545454545,0.06868686868686869,299.99999999999864
0.14545454545454545,0.0694949494949495,299.99999999999864
0.14545454545454545,0.07030303030303031,299.99999999999864
0.14545454545454545,0.07111111111111111,299.99999999999864
0.14545454545454545,0.07191919191919191,299.99999999999864
0.14545454545454545,0.07272727272727272,299.99999999999864
0.14545454545454545,0.07353535353535354,299.99999999999864
0.14545454545454545,0.07434343434343435,299.99999999999864
0.14545454545454545,0.07515151515151516,299.99999999999864
0.14545454545454545,0.07595959595959595,299.99999999999864
0.14545454545454545,0.07676767676767676,299.99999999999864
0.14545454545454545,0.07757575757575758,299.99999999999864
0.14545454545454545,0.07838383838383839,299.99999999999864
0.14545454545454545,0.0791919191919192,299.99999999999864
0.14545454545454545,0.07979818813131313,300.0000000000008
0.14545454545454545,0.08000088465770044,300.0000000000008
0.14545454545454545,0.0800019359326174,300.0000000000008
0.14545454545454545,0.08000324619642925,300.0000000000008
0.14545454545454545,0.08000487925285339,300.0000000000008
0.14545454545454545,0.08000691462409718,300.0000000000008
0.14545454545454545,0.08000945142321741,300.0000000000008
0.14545454545454545,0.08001261318046245,300.0000000000008
0.14545454545454545,0.08001655385861739,300.0000000000008
0.14545454545454545,0.08002146535027135,300.0000000000008
0.14545454545454545,0.08002758682208874,300.0000000000008
0.14545454545454545,0.08003521636110686,300.0000000000008
0.14545454545454545,0.08004472549017998,300.0000000000008
0.14545454545454545,0.08005657725940413,300.0000000000008
0.14545454545454545,0.08007134879449027,300.0000000000008
0.14545454545454545,0.08008975940008634,300.0000000000008
0.14545454545454545,0.08011270558654815,300.0000000000008
0.14545454545454545,0.08014130472579933,300.0000000000008
0.14545454545454545,0.08017694946211615,300.0000000000008
0.14545454545454545,0.08022137552738813,300.0000000000008
0.14545454545454545,0.08027674626314021,300.0000000000008
0.14545454545454545,0.08034575796514344,300.0000000000008
0.14545454545454545,0.08043177118040407,300.0000000000008
0.14545454545454545,0.08053897435007991,300.0000000000008
0.14545454545454545,0.08067258776696852,300.0000000000008
0.14545454545454545,0.08083911777934251,300.0000000000008
0.14545454545454545,0.08104667361966954,300.0000000000008
0.14545454545454545,0.08130536228629326,300.0000000000008
0.14545454545454545,0.08162778070696558,300.0000000000008
0.14545454545454545,0.08202962915029163,300.0000000000008
0.14545454545454545,0.08237629432068608,300.00000000000074
0.1484848484848485,0.00020202020202020202,299.99999999999864
0.1484848484848485,0.0008080808080808081,299.99999999999864
0.1484848484848485,0.0016161616161616162,299.99999999999864
0.1484848484848485,0.0024242424242424242,299.99999999999864
0.1484848484848485,0.0032323232323232323,299.99999999999864
0.1484848484848485,0.00404040404040404,299.99999999999864
0.1484848484848485,0.0048484848484848485,299.99999999999864
0.1484848484848485,0.0056565656565656566,299.99999999999864
0.1484848484848485,0.006464646464646465,299.99999999999864
0.1484848484848485,0.007272727272727273,299.99999999999864
0.1484848484848485,0.00808080808080808,299.99999999999864
0.1484848484848485,0.008888888888888889,299.99999999999864
0.1484848484848485,0.009696969696969697,299.99999999999864
0.1484848484848485,0.010505050505050505,299.99999999999864
0.1484848484848485,0.011313131313131313,299.99999999999864
0.1484848484848485,0.012121212121212121,299.99999999999864
0.1484848484848485,0.01292929292929293,299.99999999999864
0.1484848484848485,0.013737373737373737,299.99999999999864
0.1484848484848485,0.014545454545454545,299.99999999999864
0.1484848484848485,0.015353535353535354,299.99999999999864
0.1484848484848485,0.01616161616161616,299.99999999999864
0.1484848484848485,0.016969696969696968,299.99999999999864
0.1484848484848485,0.017777777777777778,299.99999999999864
0.1484848484848485,0.018585858585858588,299.99999999999864
0.1484848484848485,0.019393939393939394,299.99999999999864
0.1484848484848485,0.0202020202020202,299.99999999999864
0.1484848484848485,0.02101010101010101,299.99999999999864
0.1484848484848485,0.02181818181818182,299.99999999999864
0.1484848484848485,0.022626262626262626,299.99999999999864
0.1484848484848485,0.023434343434343433,299.99999999999864
0.1484848484848485,0.024242424242424242,299.99999999999864
0.1484848484848485,0.025050505050505052,299.99999999999864
0.1484848484848485,0.02585858585858586,299.99999999999864
0.1484848484848485,0.026666666666666665,299.99999999999864
0.1484848484848485,0.027474747474747475,299.99999999999864
0.1484848484848485,0.028282828282828285,299.99999999999864
0.1484848484848485,0.02909090909090909,299.99999999999864
0.1484848484848485,0.029898989898989897,299.99999999999864
0.1484848484848485,0.030707070707070707,299.99999999999864
0.1484848484848485,0.03151515151515151,299.99999999999864
0.1484848484848485,0.03232323232323232,299.99999999999864
0.1484848484848485,0.03313131313131313,299.99999999999864
0.1484848484848485,0.033939393939393936,299.99999999999864
0.1484848484848485,0.03474747474747475,299.99999999999864
0.1484848484848485,0.035555555555555556,299.99999999999864
0.1484848484848485,0.03636363636363636,299.99999999999864
0.1484848484848485,0.037171717171717175,299.99999999999864
0.1484848484848485,0.03797979797979798,299.99999999999864
0.1484848484848485,0.03878787878787879,299.99999999999864
0.1484848484848485,0.039595959595959594,299.99999999999864
0.1484848484848485,0.0404040404040404,299.99999999999864
0.1484848484848485,0.041212121212121214,299.99999999999864
0.1484848484848485,0.04202020202020202,299.99999999999864
0.1484848484848485,0.042828282828282827,299.99999999999864
0.1484848484848485,0.04363636363636364,299.99999999999864
0.1484848484848485,0.044444444444444446,299.99999999999864
0.1484848484848485,0.04525252525252525,299.99999999999864
0.1484848484848485,0.04606060606060606,299.99999999999864
0.1484848484848485,0.046868686868686865,299.99999999999864
0.1484848484848485,0.04767676767676768,299.99999999999864
0.1484848484848485,0.048484848484848485,299.99999999999864
0.1484848484848485,0.04929292929292929,299.99999999999864
0.1484848484848485,0.050101010101010104,299.99999999999864
0.1484848484848485,0.05090909090909091,299.99999999999864
0.1484848484848485,0.05171717171717172,299.99999999999864
0.1484848484848485,0.052525252525252523,299.99999999999864
0.1484848484848485,0.05333333333333333,299.99999999999864
0.1484848484848485,0.05414141414141414,299.99999999999864
0.1484848484848485,0.05494949494949495,299.99999999999864
0.1484848484848485,0.055757575757575756,299.99999999999864
0.1484848484848485,0.05656565656565657,299.99999999999864
0.1484848484848485,0.057373737373737375,299.99999999999864
0.1484848484848485,0.05818181818181818,299.99999999999864
0.1484848484848485,0.05898989898989899,299.99999999999864
0.1484848484848485,0.059797979797979794,299.99999999999864
0.1484848484848485,0.06060606060606061,299.99999999999864
0.1484848484848485,0.061414141414141414,299.99999999999864
0.1484848484848485,0.06222222222222222,299.99999999999864
0.1484848484848485,0.06303030303030302,299.99999999999864
0.1484848484848485,0.06383838383838383,299.99999999999864
0.1484848484848485,0.06464646464646465,299.99999999999864
0.1484848484848485,0.06545454545454546,299.99999999999864
0.1484848484848485,0.06626262626262627,299.99999999999864
0.1484848484848485,0.06707070707070706,299.99999999999864
0.1484848484848485,0.06787878787878787,299.99999999999864
0.1484848484848485,0.06868686868686869,299.99999999999864
0.1484848484848485,0.0694949494949495,299.99999999999864
0.1484848484848485,0.07030303030303031,299.99999999999864
0.1484848484848485,0.07111111111111111,299.99999999999864
0.1484848484848485,0.07191919191919191,299.99999999999864
0.1484848484848485,0.07272727272727272,299.99999999999864
0.1484848484848485,0.07353535353535354,299.99999999999864
0.1484848484848485,0.07434343434343435,299.99999999999864
0.1484848484848485,0.07515151515151516,299.99999999999864
0.1484848484848485,0.07595959595959595,299.99999999999864
0.1484848484848485,0.07676767676767676,299.99999999999864
0.1484848484848485,0.07757575757575758,299.99999999999864
0.1484848484848485,0.07838383838383839,299.99999999999864
0.1484848484848485,0.0791919191919192,299.9999999999631
0.1484848484848485,0.07979818813131313,300.0000000000008
0.1484848484848485,0.08000088465770044,300.0000000000008
0.1484848484848485,0.0800019359326174,300.0000000000008
0.1484848484848485,0.08000324619642925,300.0000000000008
0.1484848484848485,0.08000487925285339,300.0000000000008
0.1484848484848485,0.08000691462409718,300.0000000000008
0.1484848484848485,0.08000945142321741,300.0000000000008
0.1484848484848485,0.08001261318046245,300.0000000000008
0.1484848484848485,0.08001655385861739,300.0000000000008
0.1484848484848485,0.08002146535027135,300.0000000000008
0.1484848484848485,0.08002758682208874,300.0000000000008
0.1484848484848485,0.08003521636110686,300.0000000000008
0.1484848484848485,0.08004472549017998,300.0000000000008
0.1484848484848485,0.08005657725940413,300.0000000000008
0.1484848484848485,0.08007134879449027,300.0000000000008
0.1484848484848485,0.08008975940008634,300.0000000000008
0.1484848484848485,0.08011270558654815,300.0000000000008
0.1484848484848485,0.08014130472579933,300.0000000000008
0.1484848484848485,0.08017694946211615,300.0000000000008
0.1484848484848485,0.08022137552738813,300.0000000000008
0.1484848484848485,0.08027674626314021,300.0000000000008
0.1484848484848485,0.08034575796514344,300.0000000000008
0.1484848484848485,0.08043177118040407,300.0000000000008
0.1484848484848485,0.08053897435007991,300.0000000000008
0.1484848484848485,0.08067258776696852,300.0000000000008
0.1484848484848485,0.08083911777934251,300.0000000000008
0.1484848484848485,0.08104667361966954,300.0000000000008
0.1484848484848485,0.08130536228629326,300.0000000000008
0.1484848484848485,0.08162778070696558,300.0000000000008
0.1484848484848485,0.08202962915029163,300.0000000000008
0.1484848484848485,0.08237629432068608,300.00000000000074
0.15151515151515152,0.00020202020202020202,299.99999999999864
0.15151515151515152,0.0008080808080808081,299.99999999999864
0.15151515151515152,0.0016161616161616162,299.99999999999864
0.15151515151515152,0.0024242424242424242,299.99999999999864
0.15151515151515152,0.0032323232323232323,299.99999999999864
0.15151515151515152,0.00404040404040404,299.99999999999864
0.15151515151515152,0.0048484848484848485,299.99999999999864
0.15151515151515152,0.0056565656565656566,299.99999999999864
0.15151515151515152,0.006464646464646465,299.99999999999864
0.15151515151515152,0.007272727272727273,299.99999999999864
0.15151515151515152,0.00808080808080808,299.99999999999864
0.15151515151515152,0.008888888888888889,299.99999999999864
0.15151515151515152,0.009696969696969697,299.99999999999864
0.15151515151515152,0.010505050505050505,299.99999999999864
0.15151515151515152,0.011313131313131313,299.99999999999864
0.15151515151515152,0.012121212121212121,299.99999999999864
0.15151515151515152,0.01292929292929293,299.99999999999864
0.15151515151515152,0.013737373737373737,299.99999999999864
0.15151515151515152,0.014545454545454545,299.99999999999864
0.15151515151515152,0.015353535353535354,299.99999999999864
0.15151515151515152,0.01616161616161616,299.99999999999864
0.15151515151515152,0.016969696969696968,299.99999999999864
0.15151515151515152,0.017777777777777778,299.99999999999864
0.15151515151515152,0.018585858585858588,299.99999999999864
0.15151515151515152,0.019393939393939394,299.99999999999864
0.15151515151515152,0.0202020202020202,299.99999999999864
0.15151515151515152,0.02101010101010101,299.99999999999864
0.15151515151515152,0.02181818181818182,299.99999999999864
0.15151515151515152,0.022626262626262626,299.99999999999864
0.15151515151515152,0.023434343434343433,299.99999999999864
0.15151515151515152,0.024242424242424242,299.99999999999864
0.15151515151515152,0.025050505050505052,299.99999999999864
0.15151515151515152,0.02585858585858586,299.99999999999864
0.15151515151515152,0.026666666666666665,299.99999999999864
0.15151515151515152,0.027474747474747475,299.99999999999864
0.15151515151515152,0.028282828282828285,299.99999999999864
0.15151515151515152,0.02909090909090909,299.99999999999864
0.15151515151515152,0.029898989898989897,299.99999999999864
0.15151515151515152,0.030707070707070707,299.99999999999864
0.15151515151515152,0.03151515151515151,299.99999999999864
0.15151515151515152,0.03232323232323232,299.99999999999864
0.15151515151515152,0.03313131313131313,299.99999999999864
0.15151515151515152,0.033939393939393936,299.99999999999864
0.15151515151515152,0.03474747474747475,299.99999999999864
0.15151515151515152,0.035555555555555556,299.99999999999864
0.15151515151515152,0.03636363636363636,299.99999999999864
0.15151515151515152,0.037171717171717175,299.99999999999864
0.15151515151515152,0.03797979797979798,299.99999999999864
0.15151515151515152,0.03878787878787879,299.99999999999864
0.15151515151515152,0.039595959595959594,299.99999999999864
0.15151515151515152,0.0404040404040404,299.99999999999864
0.15151515151515152,0.041212121212121214,299.99999999999864
0.15151515151515152,0.04202020202020202,299.99999999999864
0.15151515151515152,0.042828282828282827,299.99999999999864
0.15151515151515152,0.04363636363636364,299.99999999999864
0.15151515151515152,0.044444444444444446,299.99999999999864
0.15151515151515152,0.04525252525252525,299.99999999999864
0.15151515151515152,0.04606060606060606,299.99999999999864
0.15151515151515152,0.046868686868686865,299.99999999999864
0.15151515151515152,0.04767676767676768,299.99999999999864
0.15151515151515152,0.048484848484848485,299.99999999999864
0.15151515151515152,0.04929292929292929,299.99999999999864
0.15151515151515152,0.050101010101010104,299.99999999999864
0.15151515151515152,0.05090909090909091,299.99999999999864
0.15151515151515152,0.05171717171717172,299.99999999999864
0.15151515151515152,0.052525252525252523,299.99999999999864
0.15151515151515152,0.05333333333333333,299.99999999999864
0.15151515151515152,0.05414141414141414,299.99999999999864
0.15151515151515152,0.05494949494949495,299.99999999999864
0.15151515151515152,0.055757575757575756,299.99999999999864
0.15151515151515152,0.05656565656565657,299.99999999999864
0.15151515151515152,0.057373737373737375,299.99999999999864
0.15151515151515152,0.05818181818181818,299.99999999999864
0.15151515151515152,0.05898989898989899,299.99999999999864
0.15151515151515152,0.059797979797979794,299.99999999999864
0.15151515151515152,0.06060606060606061,299.99999999999864
0.15151515151515152,0.061414141414141414,299.99999999999864
0.15151515151515152,0.06222222222222222,299.99999999999864
0.15151515151515152,0.06303030303030302,299.99999999999864
0.15151515151515152,0.06383838383838383,299.99999999999864
0.15151515151515152,0.06464646464646465,299.99999999999864
0.15151515151515152,0.06545454545454546,299.99999999999864
0.15151515151515152,0.06626262626262627,299.99999999999864
0.15151515151515152,0.06707070707070706,299.99999999999864
0.15151515151515152,0.06787878787878787,299.99999999999864
0.15151515151515152,0.06868686868686869,299.99999999999864
0.15151515151515152,0.0694949494949495,299.99999999999864
0.15151515151515152,0.07030303030303031,299.99999999999864
0.15151515151515152,0.07111111111111111,299.99999999999864
0.15151515151515152,0.07191919191919191,299.99999999999864
0.15151515151515152,0.07272727272727272,299.99999999999864
0.15151515151515152,0.07353535353535354,299.99999999999864
0.15151515151515152,0.07434343434343435,299.99999999999864
0.15151515151515152,0.07515151515151516,299.99999999999864
0.15151515151515152,0.07595959595959595,299.99999999999864
0.15151515151515152,0.07676767676767676,299.99999999999864
0.15151515151515152,0.07757575757575758,299.99999999999864
0.15151515151515152,0.07838383838383839,299.99999999999864
0.15151515151515152,0.0791919191919192,299.9999999999631
0.15151515151515152,0.07979818813131313,300.0000000000008
0.15151515151515152,0.08000088465770044,300.0000000000008
0.15151515151515152,0.0800019359326174,300.0000000000008
0.15151515151515152,0.08000324619642925,300.0000000000008
0.15151515151515152,0.08000487925285339,300.0000000000008
0.15151515151515152,0.08000691462409718,300.0000000000008
0.15151515151515152,0.08000945142321741,300.0000000000008
0.15151515151515152,0.08001261318046245,300.0000000000008
0.15151515151515152,0.08001655385861739,300.0000000000008
0.15151515151515152,0.08002146535027135,300.0000000000008
0.15151515151515152,0.08002758682208874,300.0000000000008
0.15151515151515152,0.08003521636110686,300.0000000000008
0.15151515151515152,0.08004472549017998,300.0000000000008
0.15151515151515152,0.08005657725940413,300.0000000000008
0.15151515151515152,0.08007134879449027,300.0000000000008
0.15151515151515152,0.08008975940008634,300.0000000000008
0.15151515151515152,0.08011270558654815,300.0000000000008
0.15151515151515152,0.08014130472579933,300.0000000000008
0.15151515151515152,0.08017694946211615,300.0000000000008
0.15151515151515152,0.08022137552738813,300.0000000000008
0.15151515151515152,0.08027674626314021,300.0000000000008
0.15151515151515152,0.08034575796514344,300.0000000000008
0.15151515151515152,0.08043177118040407,300.0000000000008
0.15151515151515152,0.08053897435007991,300.0000000000008
0.15151515151515152,0.08067258776696852,300.0000000000008
0.15151515151515152,0.08083911777934251,300.0000000000008
0.15151515151515152,0.08104667361966954,300.0000000000008
0.15151515151515152,0.08130536228629326,300.0000000000008
0.15151515151515152,0.08162778070696558,300.0000000000008
0.15151515151515152,0.08202962915029163,300.0000000000008
0.15151515151515152,0.08237629432068608,300.00000000000074
0.15454545454545454,0.00020202020202020202,299.99999999999864
0.15454545454545454,0.0008080808080808081,299.99999999999864
0.15454545454545454,0.0016161616161616162,299.99999999999864
0.15454545454545454,0.0024242424242424242,299.99999999999864
0.15454545454545454,0.0032323232323232323,299.99999999999864
0.15454545454545454,0.00404040404040404,299.99999999999864
0.15454545454545454,0.0048484848484848485,299.99999999999864
0.15454545454545454,0.0056565656565656566,299.99999999999864
0.15454545454545454,0.006464646464646465,299.99999999999864
0.15454545454545454,0.007272727272727273,299.99999999999864
0.15454545454545454,0.00808080808080808,299.99999999999864
0.15454545454545454,0.008888888888888889,299.99999999999864
0.15454545454545454,0.009696969696969697,299.99999999999864
0.15454545454545454,0.010505050505050505,299.99999999999864
0.15454545454545454,0.011313131313131313,299.99999999999864
0.15454545454545454,0.012121212121212121,299.99999999999864
0.15454545454545454,0.01292929292929293,299.99999999999864
0.15454545454545454,0.013737373737373737,299.99999999999864
0.15454545454545454,0.014545454545454545,299.99999999999864
0.15454545454545454,0.015353535353535354,299.99999999999864
0.15454545454545454,0.01616161616161616,299.99999999999864
0.15454545454545454,0.016969696969696968,299.99999999999864
0.15454545454545454,0.017777777777777778,299.99999999999864
0.15454545454545454,0.018585858585858588,299.99999999999864
0.15454545454545454,0.019393939393939394,299.99999999999864
0.15454545454545454,0.0202020202020202,299.99999999999864
0.15454545454545454,0.02101010101010101,299.99999999999864
0.15454545454545454,0.02181818181818182,299.99999999999864
0.15454545454545454,0.022626262626262626,299.99999999999864
0.15454545454545454,0.023434343434343433,299.99999999999864
0.15454545454545454,0.024242424242424242,299.99999999999864
0.15454545454545454,0.025050505050505052,299.99999999999864
0.15454545454545454,0.02585858585858586,299.99999999999864
0.15454545454545454,0.026666666666666665,299.99999999999864
0.15454545454545454,0.027474747474747475,299.99999999999864
0.15454545454545454,0.028282828282828285,299.99999999999864
0.15454545454545454,0.02909090909090909,299.99999999999864
0.15454545454545454,0.029898989898989897,299.99999999999864
0.15454545454545454,0.030707070707070707,299.99999999999864
0.15454545454545454,0.03151515151515151,299.99999999999864
0.15454545454545454,0.03232323232323232,299.99999999999864
0.15454545454545454,0.03313131313131313,299.99999999999864
0.15454545454545454,0.033939393939393936,299.99999999999864
0.15454545454545454,0.03474747474747475,299.99999999999864
0.15454545454545454,0.035555555555555556,299.99999999999864
0.15454545454545454,0.03636363636363636,299.99999999999864
0.15454545454545454,0.037171717171717175,299.99999999999864
0.15454545454545454,0.03797979797979798,299.99999999999864
0.15454545454545454,0.03878787878787879,299.99999999999864
0.15454545454545454,0.039595959595959594,299.99999999999864
0.15454545454545454,0.0404040404040404,299.99999999999864
0.15454545454545454,0.041212121212121214,299.99999999999864
0.15454545454545454,0.04202020202020202,299.99999999999864
0.15454545454545454,0.042828282828282827,299.99999999999864
0.15454545454545454,0.04363636363636364,299.99999999999864
0.15454545454545454,0.044444444444444446,299.99999999999864
0.15454545454545454,0.04525252525252525,299.99999999999864
0.15454545454545454,0.04606060606060606,299.99999999999864
0.15454545454545454,0.046868686868686865,299.99999999999864
0.15454545454545454,0.04767676767676768,299.99999999999864
0.15454545454545454,0.048484848484848485,299.99999999999864
0.15454545454545454,0.04929292929292929,299.99999999999864
0.15454545454545454,0.050101010101010104,299.99999999999864
0.15454545454545454,0.05090909090909091,299.99999999999864
0.15454545454545454,0.05171717171717172,299.99999999999864
0.15454545454545454,0.052525252525252523,299.99999999999864
0.15454545454545454,0.05333333333333333,299.99999999999864
0.15454545454545454,0.05414141414141414,299.99999999999864
0.15454545454545454,0.05494949494949495,299.99999999999864
0.15454545454545454,0.055757575757575756,299.99999999999864
0.15454545454545454,0.05656565656565657,299.99999999999864
0.15454545454545454,0.057373737373737375,299.99999999999864
0.15454545454545454,0.05818181818181818,299.99999999999864
0.15454545454545454,0.05898989898989899,299.99999999999864
0.15454545454545454,0.059797979797979794,299.99999999999864
0.15454545454545454,0.06060606060606061,299.99999999999864
0.15454545454545454,0.061414141414141414,299.99999999999864
0.15454545454545454,0.06222222222222222,299.99999999999864
0.15454545454545454,0.06303030303030302,299.99999999999864
0.15454545454545454,0.06383838383838383,299.99999999999864
0.15454545454545454,0.06464646464646465,299.99999999999864
0.15454545454545454,0.06545454545454546,299.99999999999864
0.15454545454545454,0.06626262626262627,299.99999999999864
0.15454545454545454,0.06707070707070706,299.99999999999864
0.15454545454545454,0.06787878787878787,299.99999999999864
0.15454545454545454,0.06868686868686869,299.99999999999864
0.15454545454545454,0.0694949494949495,299.99999999999864
0.15454545454545454,0.07030303030303031,299.99999999999864
0.15454545454545454,0.07111111111111111,299.99999999999864
0.15454545454545454,0.07191919191919191,299.99999999999864
0.15454545454545454,0.07272727272727272,299.99999999999864
0.15454545454545454,0.07353535353535354,299.99999999999864
0.15454545454545454,0.07434343434343435,299.99999999999864
0.15454545454545454,0.07515151515151516,299.99999999999864
0.15454545454545454,0.07595959595959595,299.99999999999864
0.15454545454545454,0.07676767676767676,299.99999999999864
0.15454545454545454,0.07757575757575758,299.99999999999864
0.15454545454545454,0.07838383838383839,299.99999999999864
0.15454545454545454,0.0791919191919192,299.9999999999631
0.15454545454545454,0.07979818813131313,300.0000000000008
0.15454545454545454,0.08000088465770044,300.0000000000008
0.15454545454545454,0.0800019359326174,300.0000000000008
0.15454545454545454,0.08000324619642925,300.0000000000008
0.15454545454545454,0.08000487925285339,300.0000000000008
0.15454545454545454,0.08000691462409718,300.0000000000008
0.15454545454545454,0.08000945142321741,300.0000000000008
0.15454545454545454,0.08001261318046245,300.0000000000008
0.15454545454545454,0.08001655385861739,300.0000000000008
0.15454545454545454,0.08002146535027135,300.0000000000008
0.15454545454545454,0.08002758682208874,300.0000000000008
0.15454545454545454,0.08003521636110686,300.0000000000008
0.15454545454545454,0.08004472549017998,300.0000000000008
0.15454545454545454,0.08005657725940413,300.0000000000008
0.15454545454545454,0.08007134879449027,300.0000000000008
0.15454545454545454,0.08008975940008634,300.0000000000008
0.15454545454545454,0.08011270558654815,300.0000000000008
0.15454545454545454,0.08014130472579933,300.0000000000008
0.15454545454545454,0.08017694946211615,300.0000000000008
0.15454545454545454,0.08022137552738813,300.0000000000008
0.15454545454545454,0.08027674626314021,300.0000000000008
0.15454545454545454,0.08034575796514344,300.0000000000008
0.15454545454545454,0.08043177118040407,300.0000000000008
0.15454545454545454,0.08053897435007991,300.0000000000008
0.15454545454545454,0.08067258776696852,300.0000000000008
0.15454545454545454,0.08083911777934251,300.0000000000008
0.15454545454545454,0.08104667361966954,300.0000000000008
0.15454545454545454,0.08130536228629326,300.0000000000008
0.15454545454545454,0.08162778070696558,300.0000000000008
0.15454545454545454,0.08202962915029163,300.0000000000008
0.15454545454545454,0.08237629432068608,300.00000000000074
0.1575757575757576,0.00020202020202020202,299.99999999999864
0.1575757575757576,0.0008080808080808081,299.99999999999864
0.1575757575757576,0.0016161616161616162,299.99999999999864
0.1575757575757576,0.0024242424242424242,299.99999999999864
0.1575757575757576,0.0032323232323232323,299.99999999999864
0.1575757575757576,0.00404040404040404,299.99999999999864
0.1575757575757576,0.0048484848484848485,299.99999999999864
0.1575757575757576,0.0056565656565656566,299.99999999999864
0.1575757575757576,0.006464646464646465,299.99999999999864
0.1575757575757576,0.007272727272727273,299.99999999999864
0.1575757575757576,0.00808080808080808,299.99999999999864
0.1575757575757576,0.008888888888888889,299.99999999999864
0.1575757575757576,0.009696969696969697,299.99999999999864
0.1575757575757576,0.010505050505050505,299.99999999999864
0.1575757575757576,0.011313131313131313,299.99999999999864
0.1575757575757576,0.012121212121212121,299.99999999999864
0.1575757575757576,0.01292929292929293,299.99999999999864
0.1575757575757576,0.013737373737373737,299.99999999999864
0.1575757575757576,0.014545454545454545,299.99999999999864
0.1575757575757576,0.015353535353535354,299.99999999999864
0.1575757575757576,0.01616161616161616,299.99999999999864
0.1575757575757576,0.016969696969696968,299.99999999999864
0.1575757575757576,0.017777777777777778,299.99999999999864
0.1575757575757576,0.018585858585858588,299.99999999999864
0.1575757575757576,0.019393939393939394,299.99999999999864
0.1575757575757576,0.0202020202020202,299.99999999999864
0.1575757575757576,0.02101010101010101,299.99999999999864
0.1575757575757576,0.02181818181818182,299.99999999999864
0.1575757575757576,0.022626262626262626,299.99999999999864
0.1575757575757576,0.023434343434343433,299.99999999999864
0.1575757575757576,0.024242424242424242,299.99999999999864
0.1575757575757576,0.025050505050505052,299.99999999999864
0.1575757575757576,0.02585858585858586,299.99999999999864
0.1575757575757576,0.026666666666666665,299.99999999999864
0.1575757575757576,0.027474747474747475,299.99999999999864
0.1575757575757576,0.028282828282828285,299.99999999999864
0.1575757575757576,0.02909090909090909,299.99999999999864
0.1575757575757576,0.029898989898989897,299.99999999999864
0.1575757575757576,0.030707070707070707,299.99999999999864
0.1575757575757576,0.03151515151515151,299.99999999999864
0.1575757575757576,0.03232323232323232,299.99999999999864
0.1575757575757576,0.03313131313131313,299.99999999999864
0.1575757575757576,0.033939393939393936,299.99999999999864
0.1575757575757576,0.03474747474747475,299.99999999999864
0.1575757575757576,0.035555555555555556,299.99999999999864
0.1575757575757576,0.03636363636363636,299.99999999999864
0.1575757575757576,0.037171717171717175,299.99999999999864
0.1575757575757576,0.03797979797979798,299.99999999999864
0.1575757575757576,0.03878787878787879,299.99999999999864
0.1575757575757576,0.039595959595959594,299.99999999999864
0.1575757575757576,0.0404040404040404,299.99999999999864
0.1575757575757576,0.041212121212121214,299.99999999999864
0.1575757575757576,0.04202020202020202,299.99999999999864
0.1575757575757576,0.042828282828282827,299.99999999999864
0.1575757575757576,0.04363636363636364,299.99999999999864
0.1575757575757576,0.044444444444444446,299.99999999999864
0.1575757575757576,0.04525252525252525,299.99999999999864
0.1575757575757576,0.04606060606060606,299.99999999999864
0.1575757575757576,0.046868686868686865,299.99999999999864
0.1575757575757576,0.04767676767676768,299.99999999999864
0.1575757575757576,0.048484848484848485,299.99999999999864
0.1575757575757576,0.04929292929292929,299.99999999999864
0.1575757575757576,0.050101010101010104,299.99999999999864
0.1575757575757576,0.05090909090909091,299.99999999999864
0.1575757575757576,0.05171717171717172,299.99999999999864
0.1575757575757576,0.052525252525252523,299.99999999999864
0.1575757575757576,0.05333333333333333,299.99999999999864
0.1575757575757576,0.05414141414141414,299.99999999999864
0.1575757575757576,0.05494949494949495,299.99999999999864
0.1575757575757576,0.055757575757575756,299.99999999999864
0.1575757575757576,0.05656565656565657,299.99999999999864
0.1575757575757576,0.057373737373737375,299.99999999999864
0.1575757575757576,0.05818181818181818,299.99999999999864
0.1575757575757576,0.05898989898989899,299.99999999999864
0.1575757575757576,0.059797979797979794,299.99999999999864
0.1575757575757576,0.06060606060606061,299.99999999999864
0.1575757575757576,0.061414141414141414,299.99999999999864
0.1575757575757576,0.06222222222222222,299.99999999999864
0.1575757575757576,0.06303030303030302,299.99999999999864
0.1575757575757576,0.06383838383838383,299.99999999999864
0.1575757575757576,0.06464646464646465,299.99999999999864
0.1575757575757576,0.06545454545454546,299.99999999999864
0.1575757575757576,0.06626262626262627,299.99999999999864
0.1575757575757576,0.06707070707070706,299.99999999999864
0.1575757575757576,0.06787878787878787,299.99999999999864
0.1575757575757576,0.06868686868686869,299.99999999999864
0.1575757575757576,0.0694949494949495,299.99999999999864
0.1575757575757576,0.07030303030303031,299.99999999999864
0.1575757575757576,0.07111111111111111,299.99999999999864
0.1575757575757576,0.07191919191919191,299.99999999999864
0.1575757575757576,0.07272727272727272,299.99999999999864
0.1575757575757576,0.07353535353535354,299.99999999999864
0.1575757575757576,0.07434343434343435,299.99999999999864
0.1575757575757576,0.07515151515151516,299.99999999999864
0.1575757575757576,0.07595959595959595,299.99999999999864
0.1575757575757576,0.07676767676767676,299.99999999999864
0.1575757575757576,0.07757575757575758,299.99999999999864
0.1575757575757576,0.07838383838383839,299.99999999999864
0.1575757575757576,0.0791919191919192,299.9999999999631
0.1575757575757576,0.07979818813131313,300.0000000000008
0.1575757575757576,0.08000088465770044,300.0000000000008
0.1575757575757576,0.0800019359326174,300.0000000000008
0.1575757575757576,0.08000324619642925,300.0000000000008
0.1575757575757576,0.08000487925285339,300.0000000000008
0.1575757575757576,0.08000691462409718,300.0000000000008
0.1575757575757576,0.08000945142321741,300.0000000000008
0.1575757575757576,0.08001261318046245,300.0000000000008
0.1575757575757576,0.08001655385861739,300.0000000000008
0.1575757575757576,0.08002146535027135,300.0000000000008
0.1575757575757576,0.08002758682208874,300.0000000000008
0.1575757575757576,0.08003521636110686,300.0000000000008
0.1575757575757576,0.08004472549017998,300.0000000000008
0.1575757575757576,0.08005657725940413,300.0000000000008
0.1575757575757576,0.08007134879449027,300.0000000000008
0.1575757575757576,0.08008975940008634,300.0000000000008
0.1575757575757576,0.08011270558654815,300.0000000000008
0.1575757575757576,0.08014130472579933,300.0000000000008
0.1575757575757576,0.08017694946211615,300.0000000000008
0.1575757575757576,0.08022137552738813,300.0000000000008
0.1575757575757576,0.08027674626314021,300.0000000000008
0.1575757575757576,0.08034575796514344,300.0000000000008
0.1575757575757576,0.08043177118040407,300.0000000000008
0.1575757575757576,0.08053897435007991,300.0000000000008
0.1575757575757576,0.08067258776696852,300.0000000000008
0.1575757575757576,0.08083911777934251,300.0000000000008
0.1575757575757576,0.08104667361966954,300.0000000000008
0.1575757575757576,0.08130536228629326,300.0000000000008
0.1575757575757576,0.08162778070696558,300.0000000000008
0.1575757575757576,0.08202962915029163,300.0000000000008
0.1575757575757576,0.08237629432068608,300.00000000000074
0.16060606060606059,0.00020202020202020202,299.99999999999864
0.16060606060606059,0.0008080808080808081,299.99999999999864
0.16060606060606059,0.0016161616161616162,299.99999999999864
0.16060606060606059,0.0024242424242424242,299.99999999999864
0.16060606060606059,0.0032323232323232323,299.99999999999864
0.16060606060606059,0.00404040404040404,299.99999999999864
0.16060606060606059,0.0048484848484848485,299.99999999999864
0.16060606060606059,0.0056565656565656566,299.99999999999864
0.16060606060606059,0.006464646464646465,299.99999999999864
0.16060606060606059,0.007272727272727273,299.99999999999864
0.16060606060606059,0.00808080808080808,299.99999999999864
0.16060606060606059,0.008888888888888889,299.99999999999864
0.16060606060606059,0.009696969696969697,299.99999999999864
0.16060606060606059,0.010505050505050505,299.99999999999864
0.16060606060606059,0.011313131313131313,299.99999999999864
0.16060606060606059,0.012121212121212121,299.99999999999864
0.16060606060606059,0.01292929292929293,299.99999999999864
0.16060606060606059,0.013737373737373737,299.99999999999864
0.16060606060606059,0.014545454545454545,299.99999999999864
0.16060606060606059,0.015353535353535354,299.99999999999864
0.16060606060606059,0.01616161616161616,299.99999999999864
0.16060606060606059,0.016969696969696968,299.99999999999864
0.16060606060606059,0.017777777777777778,299.99999999999864
0.16060606060606059,0.018585858585858588,299.99999999999864
0.16060606060606059,0.019393939393939394,299.99999999999864
0.16060606060606059,0.0202020202020202,299.99999999999864
0.16060606060606059,0.02101010101010101,299.99999999999864
0.16060606060606059,0.02181818181818182,299.99999999999864
0.16060606060606059,0.022626262626262626,299.99999999999864
0.16060606060606059,0.023434343434343433,299.99999999999864
0.16060606060606059,0.024242424242424242,299.99999999999864
0.16060606060606059,0.025050505050505052,299.99999999999864
0.16060606060606059,0.02585858585858586,299.99999999999864
0.16060606060606059,0.026666666666666665,299.99999999999864
0.16060606060606059,0.027474747474747475,299.99999999999864
0.16060606060606059,0.028282828282828285,299.99999999999864
0.16060606060606059,0.02909090909090909,299.99999999999864
0.16060606060606059,0.029898989898989897,299.99999999999864
0.16060606060606059,0.030707070707070707,299.99999999999864
0.16060606060606059,0.03151515151515151,299.99999999999864
0.16060606060606059,0.03232323232323232,299.99999999999864
0.16060606060606059,0.03313131313131313,299.99999999999864
0.16060606060606059,0.033939393939393936,299.99999999999864
0.16060606060606059,0.03474747474747475,299.99999999999864
0.16060606060606059,0.035555555555555556,299.99999999999864
0.16060606060606059,0.03636363636363636,299.99999999999864
0.16060606060606059,0.037171717171717175,299.99999999999864
0.16060606060606059,0.03797979797979798,299.99999999999864
0.16060606060606059,0.03878787878787879,299.99999999999864
0.16060606060606059,0.039595959595959594,299.99999999999864
0.16060606060606059,0.0404040404040404,299.99999999999864
0.16060606060606059,0.041212121212121214,299.99999999999864
0.16060606060606059,0.04202020202020202,299.99999999999864
0.16060606060606059,0.042828282828282827,299.99999999999864
0.16060606060606059,0.04363636363636364,299.99999999999864
0.16060606060606059,0.044444444444444446,299.99999999999864
0.16060606060606059,0.04525252525252525,299.99999999999864
0.16060606060606059,0.04606060606060606,299.99999999999864
0.16060606060606059,0.046868686868686865,299.99999999999864
0.16060606060606059,0.04767676767676768,299.99999999999864
0.16060606060606059,0.048484848484848485,299.99999999999864
0.16060606060606059,0.04929292929292929,299.99999999999864
0.16060606060606059,0.050101010101010104,299.99999999999864
0.16060606060606059,0.05090909090909091,299.99999999999864
0.16060606060606059,0.05171717171717172,299.99999999999864
0.16060606060606059,0.052525252525252523,299.99999999999864
0.16060606060606059,0.05333333333333333,299.99999999999864
0.16060606060606059,0.05414141414141414,299.99999999999864
0.16060606060606059,0.05494949494949495,299.99999999999864
0.16060606060606059,0.055757575757575756,299.99999999999864
0.16060606060606059,0.05656565656565657,299.99999999999864
0.16060606060606059,0.057373737373737375,299.99999999999864
0.16060606060606059,0.05818181818181818,299.99999999999864
0.16060606060606059,0.05898989898989899,299.99999999999864
0.16060606060606059,0.059797979797979794,299.99999999999864
0.16060606060606059,0.06060606060606061,299.99999999999864
0.16060606060606059,0.061414141414141414,299.99999999999864
0.16060606060606059,0.06222222222222222,299.99999999999864
0.16060606060606059,0.06303030303030302,299.99999999999864
0.16060606060606059,0.06383838383838383,299.99999999999864
0.16060606060606059,0.06464646464646465,299.99999999999864
0.16060606060606059,0.06545454545454546,299.99999999999864
0.16060606060606059,0.06626262626262627,299.99999999999864
0.16060606060606059,0.06707070707070706,299.99999999999864
0.16060606060606059,0.06787878787878787,299.99999999999864
0.16060606060606059,0.06868686868686869,299.99999999999864
0.16060606060606059,0.0694949494949495,299.99999999999864
0.16060606060606059,0.07030303030303031,299.99999999999864
0.16060606060606059,0.07111111111111111,299.99999999999864
0.16060606060606059,0.07191919191919191,299.99999999999864
0.16060606060606059,0.07272727272727272,299.99999999999864
0.16060606060606059,0.07353535353535354,299.99999999999864
0.16060606060606059,0.07434343434343435,299.99999999999864
0.16060606060606059,0.07515151515151516,299.99999999999864
0.16060606060606059,0.07595959595959595,299.99999999999864
0.16060606060606059,0.07676767676767676,299.99999999999864
0.16060606060606059,0.07757575757575758,299.99999999999864
0.16060606060606059,0.07838383838383839,299.99999999999864
0.16060606060606059,0.0791919191919192,299.9999999999631
0.16060606060606059,0.07979818813131313,300.0000000000008
0.16060606060606059,0.08000088465770044,300.0000000000008
0.16060606060606059,0.0800019359326174,300.0000000000008
0.16060606060606059,0.08000324619642925,300.0000000000008
0.16060606060606059,0.08000487925285339,300.0000000000008
0.16060606060606059,0.08000691462409718,300.0000000000008
0.16060606060606059,0.08000945142321741,300.0000000000008
0.16060606060606059,0.08001261318046245,300.0000000000008
0.16060606060606059,0.08001655385861739,300.0000000000008
0.16060606060606059,0.08002146535027135,300.0000000000008
0.16060606060606059,0.08002758682208874,300.0000000000008
0.16060606060606059,0.08003521636110686,300.0000000000008
0.16060606060606059,0.08004472549017998,300.0000000000008
0.16060606060606059,0.08005657725940413,300.0000000000008
0.16060606060606059,0.08007134879449027,300.0000000000008
0.16060606060606059,0.08008975940008634,300.0000000000008
0.16060606060606059,0.08011270558654815,300.0000000000008
0.16060606060606059,0.08014130472579933,300.0000000000008
0.16060606060606059,0.08017694946211615,300.0000000000008
0.16060606060606059,0.08022137552738813,300.0000000000008
0.16060606060606059,0.08027674626314021,300.0000000000008
0.16060606060606059,0.08034575796514344,300.0000000000008
0.16060606060606059,0.08043177118040407,300.0000000000008
0.16060606060606059,0.08053897435007991,300.0000000000008
0.16060606060606059,0.08067258776696852,300.0000000000008
0.16060606060606059,0.08083911777934251,300.0000000000008
0.16060606060606059,0.08104667361966954,300.0000000000008
0.16060606060606059,0.08130536228629326,300.0000000000008
0.16060606060606059,0.08162778070696558,300.0000000000008
0.16060606060606059,0.08202962915029163,300.0000000000008
0.16060606060606059,0.08237629432068608,300.00000000000074
0.16363636363636364,0.00020202020202020202,299.99999999999864
0.16363636363636364,0.0008080808080808081,299.99999999999864
0.16363636363636364,0.0016161616161616162,299.99999999999864
0.16363636363636364,0.0024242424242424242,299.99999999999864
0.16363636363636364,0.0032323232323232323,299.99999999999864
0.16363636363636364,0.00404040404040404,299.99999999999864
0.16363636363636364,0.0048484848484848485,299.99999999999864
0.16363636363636364,0.0056565656565656566,299.99999999999864
0.16363636363636364,0.006464646464646465,299.99999999999864
0.16363636363636364,0.007272727272727273,299.99999999999864
0.16363636363636364,0.00808080808080808,299.99999999999864
0.16363636363636364,0.008888888888888889,299.99999999999864
0.16363636363636364,0.009696969696969697,299.99999999999864
0.16363636363636364,0.010505050505050505,299.99999999999864
0.16363636363636364,0.011313131313131313,299.99999999999864
0.16363636363636364,0.012121212121212121,299.99999999999864
0.16363636363636364,0.01292929292929293,299.99999999999864
0.16363636363636364,0.013737373737373737,299.99999999999864
0.16363636363636364,0.014545454545454545,299.99999999999864
0.16363636363636364,0.015353535353535354,299.99999999999864
0.16363636363636364,0.01616161616161616,299.99999999999864
0.16363636363636364,0.016969696969696968,299.99999999999864
0.16363636363636364,0.017777777777777778,299.99999999999864
0.16363636363636364,0.018585858585858588,299.99999999999864
0.16363636363636364,0.019393939393939394,299.99999999999864
0.16363636363636364,0.0202020202020202,299.99999999999864
0.16363636363636364,0.02101010101010101,299.99999999999864
0.16363636363636364,0.02181818181818182,299.99999999999864
0.16363636363636364,0.022626262626262626,299.99999999999864
0.16363636363636364,0.023434343434343433,299.99999999999864
0.16363636363636364,0.024242424242424242,299.99999999999864
0.16363636363636364,0.025050505050505052,299.99999999999864
0.16363636363636364,0.02585858585858586,299.99999999999864
0.16363636363636364,0.026666666666666665,299.99999999999864
0.16363636363636364,0.027474747474747475,299.99999999999864
0.16363636363636364,0.028282828282828285,299.99999999999864
0.16363636363636364,0.02909090909090909,299.99999999999864
0.16363636363636364,0.029898989898989897,299.99999999999864
0.16363636363636364,0.030707070707070707,299.99999999999864
0.16363636363636364,0.03151515151515151,299.99999999999864
0.16363636363636364,0.03232323232323232,299.99999999999864
0.16363636363636364,0.03313131313131313,299.99999999999864
0.16363636363636364,0.033939393939393936,299.99999999999864
0.16363636363636364,0.03474747474747475,299.99999999999864
0.16363636363636364,0.035555555555555556,299.99999999999864
0.16363636363636364,0.03636363636363636,299.99999999999864
0.16363636363636364,0.037171717171717175,299.99999999999864
0.16363636363636364,0.03797979797979798,299.99999999999864
0.16363636363636364,0.03878787878787879,299.99999999999864
0.16363636363636364,0.039595959595959594,299.99999999999864
0.16363636363636364,0.0404040404040404,299.99999999999864
0.16363636363636364,0.041212121212121214,299.99999999999864
0.16363636363636364,0.04202020202020202,299.99999999999864
0.16363636363636364,0.042828282828282827,299.99999999999864
0.16363636363636364,0.04363636363636364,299.99999999999864
0.16363636363636364,0.044444444444444446,299.99999999999864
0.16363636363636364,0.04525252525252525,299.99999999999864
0.16363636363636364,0.04606060606060606,299.99999999999864
0.16363636363636364,0.046868686868686865,299.99999999999864
0.16363636363636364,0.04767676767676768,299.99999999999864
0.16363636363636364,0.048484848484848485,299.99999999999864
0.16363636363636364,0.04929292929292929,299.99999999999864
0.16363636363636364,0.050101010101010104,299.99999999999864
0.16363636363636364,0.05090909090909091,299.99999999999864
0.16363636363636364,0.05171717171717172,299.99999999999864
0.16363636363636364,0.052525252525252523,299.99999999999864
0.16363636363636364,0.05333333333333333,299.99999999999864
0.16363636363636364,0.05414141414141414,299.99999999999864
0.16363636363636364,0.05494949494949495,299.99999999999864
0.16363636363636364,0.055757575757575756,299.99999999999864
0.16363636363636364,0.05656565656565657,299.99999999999864
0.16363636363636364,0.057373737373737375,299.99999999999864
0.16363636363636364,0.05818181818181818,299.99999999999864
0.16363636363636364,0.05898989898989899,299.99999999999864
0.16363636363636364,0.059797979797979794,299.99999999999864
0.16363636363636364,0.06060606060606061,299.99999999999864
0.16363636363636364,0.061414141414141414,299.99999999999864
0.16363636363636364,0.06222222222222222,299.99999999999864
0.16363636363636364,0.06303030303030302,299.99999999999864
0.16363636363636364,0.06383838383838383,299.99999999999864
0.16363636363636364,0.06464646464646465,299.99999999999864
0.16363636363636364,0.06545454545454546,299.99999999999864
0.16363636363636364,0.06626262626262627,299.99999999999864
0.16363636363636364,0.06707070707070706,299.99999999999864
0.16363636363636364,0.06787878787878787,299.99999999999864
0.16363636363636364,0.06868686868686869,299.99999999999864
0.16363636363636364,0.0694949494949495,299.99999999999864
0.16363636363636364,0.07030303030303031,299.99999999999864
0.16363636363636364,0.07111111111111111,299.99999999999864
0.16363636363636364,0.07191919191919191,299.99999999999864
0.16363636363636364,0.07272727272727272,299.99999999999864
0.16363636363636364,0.07353535353535354,299.99999999999864
0.16363636363636364,0.07434343434343435,299.99999999999864
0.16363636363636364,0.07515151515151516,299.99999999999864
0.16363636363636364,0.07595959595959595,299.99999999999864
0.16363636363636364,0.07676767676767676,299.99999999999864
0.16363636363636364,0.07757575757575758,299.99999999999864
0.16363636363636364,0.07838383838383839,299.99999999999864
0.16363636363636364,0.0791919191919192,299.9999999999631
0.16363636363636364,0.07979818813131313,300.0000000000008
0.16363636363636364,0.08000088465770044,300.0000000000008
0.16363636363636364,0.0800019359326174,300.0000000000008
0.16363636363636364,0.08000324619642925,300.0000000000008
0.16363636363636364,0.08000487925285339,300.0000000000008
0.16363636363636364,0.08000691462409718,300.0000000000008
0.16363636363636364,0.08000945142321741,300.0000000000008
0.16363636363636364,0.08001261318046245,300.0000000000008
0.16363636363636364,0.08001655385861739,300.0000000000008
0.16363636363636364,0.08002146535027135,300.0000000000008
0.16363636363636364,0.08002758682208874,300.0000000000008
0.16363636363636364,0.08003521636110686,300.0000000000008
0.16363636363636364,0.08004472549017998,300.0000000000008
0.16363636363636364,0.08005657725940413,300.0000000000008
0.16363636363636364,0.08007134879449027,300.0000000000008
0.16363636363636364,0.08008975940008634,300.0000000000008
0.16363636363636364,0.08011270558654815,300.0000000000008
0.16363636363636364,0.08014130472579933,300.0000000000008
0.16363636363636364,0.08017694946211615,300.0000000000008
0.16363636363636364,0.08022137552738813,300.0000000000008
0.16363636363636364,0.08027674626314021,300.0000000000008
0.16363636363636364,0.08034575796514344,300.0000000000008
0.16363636363636364,0.08043177118040407,300.0000000000008
0.16363636363636364,0.08053897435007991,300.0000000000008
0.16363636363636364,0.08067258776696852,300.0000000000008
0.16363636363636364,0.08083911777934251,300.0000000000008
0.16363636363636364,0.08104667361966954,300.0000000000008
0.16363636363636364,0.08130536228629326,300.0000000000008
0.16363636363636364,0.08162778070696558,300.0000000000008
0.16363636363636364,0.08202962915029163,300.0000000000008
0.16363636363636364,0.08237629432068608,300.00000000000074
0.16666666666666669,0.00020202020202020202,299.99999999999864
0.16666666666666669,0.0008080808080808081,299.99999999999864
0.16666666666666669,0.0016161616161616162,299.99999999999864
0.16666666666666669,0.0024242424242424242,299.99999999999864
0.16666666666666669,0.0032323232323232323,299.99999999999864
0.16666666666666669,0.00404040404040404,299.99999999999864
0.16666666666666669,0.0048484848484848485,299.99999999999864
0.16666666666666669,0.0056565656565656566,299.99999999999864
0.16666666666666669,0.006464646464646465,299.99999999999864
0.16666666666666669,0.007272727272727273,299.99999999999864
0.16666666666666669,0.00808080808080808,299.99999999999864
0.16666666666666669,0.008888888888888889,299.99999999999864
0.16666666666666669,0.009696969696969697,299.99999999999864
0.16666666666666669,0.010505050505050505,299.99999999999864
0.16666666666666669,0.011313131313131313,299.99999999999864
0.16666666666666669,0.012121212121212121,299.99999999999864
0.16666666666666669,0.01292929292929293,299.99999999999864
0.16666666666666669,0.013737373737373737,299.99999999999864
0.16666666666666669,0.014545454545454545,299.99999999999864
0.16666666666666669,0.015353535353535354,299.99999999999864
0.16666666666666669,0.01616161616161616,299.99999999999864
0.16666666666666669,0.016969696969696968,299.99999999999864
0.16666666666666669,0.017777777777777778,299.99999999999864
0.16666666666666669,0.018585858585858588,299.99999999999864
0.16666666666666669,0.019393939393939394,299.99999999999864
0.16666666666666669,0.0202020202020202,299.99999999999864
0.16666666666666669,0.02101010101010101,299.99999999999864
0.16666666666666669,0.02181818181818182,299.99999999999864
0.16666666666666669,0.022626262626262626,299.99999999999864
0.16666666666666669,0.023434343434343433,299.99999999999864
0.16666666666666669,0.024242424242424242,299.99999999999864
0.16666666666666669,0.025050505050505052,299.99999999999864
0.16666666666666669,0.02585858585858586,299.99999999999864
0.16666666666666669,0.026666666666666665,299.99999999999864
0.16666666666666669,0.027474747474747475,299.99999999999864
0.16666666666666669,0.028282828282828285,299.99999999999864
0.16666666666666669,0.02909090909090909,299.99999999999864
0.16666666666666669,0.029898989898989897,299.99999999999864
0.16666666666666669,0.030707070707070707,299.99999999999864
0.16666666666666669,0.03151515151515151,299.99999999999864
0.16666666666666669,0.03232323232323232,299.99999999999864
0.16666666666666669,0.03313131313131313,299.99999999999864
0.16666666666666669,0.033939393939393936,299.99999999999864
0.16666666666666669,0.03474747474747475,299.99999999999864
0.16666666666666669,0.035555555555555556,299.99999999999864
0.16666666666666669,0.03636363636363636,299.99999999999864
0.16666666666666669,0.037171717171717175,299.99999999999864
0.16666666666666669,0.03797979797979798,299.99999999999864
0.16666666666666669,0.03878787878787879,299.99999999999864
0.16666666666666669,0.039595959595959594,299.99999999999864
0.16666666666666669,0.0404040404040404,299.99999999999864
0.16666666666666669,0.041212121212121214,299.99999999999864
0.16666666666666669,0.04202020202020202,299.99999999999864
0.16666666666666669,0.042828282828282827,299.99999999999864
0.16666666666666669,0.04363636363636364,299.99999999999864
0.16666666666666669,0.044444444444444446,299.99999999999864
0.16666666666666669,0.04525252525252525,299.99999999999864
0.16666666666666669,0.04606060606060606,299.99999999999864
0.16666666666666669,0.046868686868686865,299.99999999999864
0.16666666666666669,0.04767676767676768,299.99999999999864
0.16666666666666669,0.048484848484848485,299.99999999999864
0.16666666666666669,0.04929292929292929,299.99999999999864
0.16666666666666669,0.050101010101010104,299.99999999999864
0.16666666666666669,0.05090909090909091,299.99999999999864
0.16666666666666669,0.05171717171717172,299.99999999999864
0.16666666666666669,0.052525252525252523,299.99999999999864
0.16666666666666669,0.05333333333333333,299.99999999999864
0.16666666666666669,0.05414141414141414,299.99999999999864
0.16666666666666669,0.05494949494949495,299.99999999999864
0.16666666666666669,0.055757575757575756,299.99999999999864
0.16666666666666669,0.05656565656565657,299.99999999999864
0.16666666666666669,0.057373737373737375,299.99999999999864
0.16666666666666669,0.05818181818181818,299.99999999999864
0.16666666666666669,0.05898989898989899,299.99999999999864
0.16666666666666669,0.059797979797979794,299.99999999999864
0.16666666666666669,0.06060606060606061,299.99999999999864
0.16666666666666669,0.061414141414141414,299.99999999999864
0.16666666666666669,0.06222222222222222,299.99999999999864
0.16666666666666669,0.06303030303030302,299.99999999999864
0.16666666666666669,0.06383838383838383,299.99999999999864
0.16666666666666669,0.06464646464646465,299.99999999999864
0.16666666666666669,0.06545454545454546,299.99999999999864
0.16666666666666669,0.06626262626262627,299.99999999999864
0.16666666666666669,0.06707070707070706,299.99999999999864
0.16666666666666669,0.06787878787878787,299.99999999999864
0.16666666666666669,0.06868686868686869,299.99999999999864
0.16666666666666669,0.0694949494949495,299.99999999999864
0.16666666666666669,0.07030303030303031,299.99999999999864
0.16666666666666669,0.07111111111111111,299.99999999999864
0.16666666666666669,0.07191919191919191,299.99999999999864
0.16666666666666669,0.07272727272727272,299.99999999999864
0.16666666666666669,0.07353535353535354,299.99999999999864
0.16666666666666669,0.07434343434343435,299.99999999999864
0.16666666666666669,0.07515151515151516,299.99999999999864
0.16666666666666669,0.07595959595959595,299.99999999999864
0.16666666666666669,0.07676767676767676,299.99999999999864
0.16666666666666669,0.07757575757575758,299.99999999999864
0.16666666666666669,0.07838383838383839,299.99999999999864
0.16666666666666669,0.0791919191919192,299.9999999999631
0.16666666666666669,0.07979818813131313,300.0000000000008
0.16666666666666669,0.08000088465770044,300.0000000000008
0.16666666666666669,0.0800019359326174,300.0000000000008
0.16666666666666669,0.08000324619642925,300.0000000000008
0.16666666666666669,0.08000487925285339,300.0000000000008
0.16666666666666669,0.08000691462409718,300.0000000000008
0.16666666666666669,0.08000945142321741,300.0000000000008
0.16666666666666669,0.08001261318046245,300.0000000000008
0.16666666666666669,0.08001655385861739,300.0000000000008
0.16666666666666669,0.08002146535027135,300.0000000000008
0.16666666666666669,0.08002758682208874,300.0000000000008
0.16666666666666669,0.08003521636110686,300.0000000000008
0.16666666666666669,0.08004472549017998,300.0000000000008
0.16666666666666669,0.08005657725940413,300.0000000000008
0.16666666666666669,0.08007134879449027,300.0000000000008
0.16666666666666669,0.08008975940008634,300.0000000000008
0.16666666666666669,0.08011270558654815,300.0000000000008
0.16666666666666669,0.08014130472579933,300.0000000000008
0.16666666666666669,0.08017694946211615,300.0000000000008
0.16666666666666669,0.08022137552738813,300.0000000000008
0.16666666666666669,0.08027674626314021,300.0000000000008
0.16666666666666669,0.08034575796514344,300.0000000000008
0.16666666666666669,0.08043177118040407,300.0000000000008
0.16666666666666669,0.08053897435007991,300.0000000000008
0.16666666666666669,0.08067258776696852,300.0000000000008
0.16666666666666669,0.08083911777934251,300.0000000000008
0.16666666666666669,0.08104667361966954,300.0000000000008
0.16666666666666669,0.08130536228629326,300.0000000000008
0.16666666666666669,0.08162778070696558,300.0000000000008
0.16666666666666669,0.08202962915029163,300.0000000000008
0.16666666666666669,0.08237629432068608,300.00000000000074
0.16969696969696968,0.00020202020202020202,299.99999999999864
0.16969696969696968,0.0008080808080808081,299.99999999999864
0.16969696969696968,0.0016161616161616162,299.99999999999864
0.16969696969696968,0.0024242424242424242,299.99999999999864
0.16969696969696968,0.0032323232323232323,299.99999999999864
0.16969696969696968,0.00404040404040404,299.99999999999864
0.16969696969696968,0.0048484848484848485,299.99999999999864
0.16969696969696968,0.0056565656565656566,299.99999999999864
0.16969696969696968,0.006464646464646465,299.99999999999864
0.16969696969696968,0.007272727272727273,299.99999999999864
0.16969696969696968,0.00808080808080808,299.99999999999864
0.16969696969696968,0.008888888888888889,299.99999999999864
0.16969696969696968,0.009696969696969697,299.99999999999864
0.16969696969696968,0.010505050505050505,299.99999999999864
0.16969696969696968,0.011313131313131313,299.99999999999864
0.16969696969696968,0.012121212121212121,299.99999999999864
0.16969696969696968,0.01292929292929293,299.99999999999864
0.16969696969696968,0.013737373737373737,299.99999999999864
0.16969696969696968,0.014545454545454545,299.99999999999864
0.16969696969696968,0.015353535353535354,299.99999999999864
0.16969696969696968,0.01616161616161616,299.99999999999864
0.16969696969696968,0.016969696969696968,299.99999999999864
0.16969696969696968,0.017777777777777778,299.99999999999864
0.16969696969696968,0.018585858585858588,299.99999999999864
0.16969696969696968,0.019393939393939394,299.99999999999864
0.16969696969696968,0.0202020202020202,299.99999999999864
0.16969696969696968,0.02101010101010101,299.99999999999864
0.16969696969696968,0.02181818181818182,299.99999999999864
0.16969696969696968,0.022626262626262626,299.99999999999864
0.16969696969696968,0.023434343434343433,299.99999999999864
0.16969696969696968,0.024242424242424242,299.99999999999864
0.16969696969696968,0.025050505050505052,299.99999999999864
0.16969696969696968,0.02585858585858586,299.99999999999864
0.16969696969696968,0.026666666666666665,299.99999999999864
0.16969696969696968,0.027474747474747475,299.99999999999864
0.16969696969696968,0.028282828282828285,299.99999999999864
0.16969696969696968,0.02909090909090909,299.99999999999864
0.16969696969696968,0.029898989898989897,299.99999999999864
0.16969696969696968,0.030707070707070707,299.99999999999864
0.16969696969696968,0.03151515151515151,299.99999999999864
0.16969696969696968,0.03232323232323232,299.99999999999864
0.16969696969696968,0.03313131313131313,299.99999999999864
0.16969696969696968,0.033939393939393936,299.99999999999864
0.16969696969696968,0.03474747474747475,299.99999999999864
0.16969696969696968,0.035555555555555556,299.99999999999864
0.16969696969696968,0.03636363636363636,299.99999999999864
0.16969696969696968,0.037171717171717175,299.99999999999864
0.16969696969696968,0.03797979797979798,299.99999999999864
0.16969696969696968,0.03878787878787879,299.99999999999864
0.16969696969696968,0.039595959595959594,299.99999999999864
0.16969696969696968,0.0404040404040404,299.99999999999864
0.16969696969696968,0.041212121212121214,299.99999999999864
0.16969696969696968,0.04202020202020202,299.99999999999864
0.16969696969696968,0.042828282828282827,299.99999999999864
0.16969696969696968,0.04363636363636364,299.99999999999864
0.16969696969696968,0.044444444444444446,299.99999999999864
0.16969696969696968,0.04525252525252525,299.99999999999864
0.16969696969696968,0.04606060606060606,299.99999999999864
0.16969696969696968,0.046868686868686865,299.99999999999864
0.16969696969696968,0.04767676767676768,299.99999999999864
0.16969696969696968,0.048484848484848485,299.99999999999864
0.16969696969696968,0.04929292929292929,299.99999999999864
0.16969696969696968,0.050101010101010104,299.99999999999864
0.16969696969696968,0.05090909090909091,299.99999999999864
0.16969696969696968,0.05171717171717172,299.99999999999864
0.16969696969696968,0.052525252525252523,299.99999999999864
0.16969696969696968,0.05333333333333333,299.99999999999864
0.16969696969696968,0.05414141414141414,299.99999999999864
0.16969696969696968,0.05494949494949495,299.99999999999864
0.16969696969696968,0.055757575757575756,299.99999999999864
0.16969696969696968,0.05656565656565657,299.99999999999864
0.16969696969696968,0.057373737373737375,299.99999999999864
0.16969696969696968,0.05818181818181818,299.99999999999864
0.16969696969696968,0.05898989898989899,299.99999999999864
0.16969696969696968,0.059797979797979794,299.99999999999864
0.16969696969696968,0.06060606060606061,299.99999999999864
0.16969696969696968,0.061414141414141414,299.99999999999864
0.16969696969696968,0.06222222222222222,299.99999999999864
0.16969696969696968,0.06303030303030302,299.99999999999864
0.16969696969696968,0.06383838383838383,299.99999999999864
0.16969696969696968,0.06464646464646465,299.99999999999864
0.16969696969696968,0.06545454545454546,299.99999999999864
0.16969696969696968,0.06626262626262627,299.99999999999864
0.16969696969696968,0.06707070707070706,299.99999999999864
0.16969696969696968,0.06787878787878787,299.99999999999864
0.16969696969696968,0.06868686868686869,299.99999999999864
0.16969696969696968,0.0694949494949495,299.99999999999864
0.16969696969696968,0.07030303030303031,299.99999999999864
0.16969696969696968,0.07111111111111111,299.99999999999864
0.16969696969696968,0.07191919191919191,299.99999999999864
0.16969696969696968,0.07272727272727272,299.99999999999864
0.16969696969696968,0.07353535353535354,299.99999999999864
0.16969696969696968,0.07434343434343435,299.99999999999864
0.16969696969696968,0.07515151515151516,299.99999999999864
0.16969696969696968,0.07595959595959595,299.99999999999864
0.16969696969696968,0.07676767676767676,299.99999999999864
0.16969696969696968,0.07757575757575758,299.99999999999864
0.16969696969696968,0.07838383838383839,299.99999999999864
0.16969696969696968,0.0791919191919192,299.9999999999631
0.16969696969696968,0.07979818813131313,300.0000000000008
0.16969696969696968,0.08000088465770044,300.0000000000008
0.16969696969696968,0.0800019359326174,300.0000000000008
0.16969696969696968,0.08000324619642925,300.0000000000008
0.16969696969696968,0.08000487925285339,300.0000000000008
0.16969696969696968,0.08000691462409718,300.0000000000008
0.16969696969696968,0.08000945142321741,300.0000000000008
0.16969696969696968,0.08001261318046245,300.0000000000008
0.16969696969696968,0.08001655385861739,300.0000000000008
0.16969696969696968,0.08002146535027135,300.0000000000008
0.16969696969696968,0.08002758682208874,300.0000000000008
0.16969696969696968,0.08003521636110686,300.0000000000008
0.16969696969696968,0.08004472549017998,300.0000000000008
0.16969696969696968,0.08005657725940413,300.0000000000008
0.16969696969696968,0.08007134879449027,300.0000000000008
0.16969696969696968,0.08008975940008634,300.0000000000008
0.16969696969696968,0.08011270558654815,300.0000000000008
0.16969696969696968,0.08014130472579933,300.0000000000008
0.16969696969696968,0.08017694946211615,300.0000000000008
0.16969696969696968,0.08022137552738813,300.0000000000008
0.16969696969696968,0.08027674626314021,300.0000000000008
0.16969696969696968,0.08034575796514344,300.0000000000008
0.16969696969696968,0.08043177118040407,300.0000000000008
0.16969696969696968,0.08053897435007991,300.0000000000008
0.16969696969696968,0.08067258776696852,300.0000000000008
0.16969696969696968,0.08083911777934251,300.0000000000008
0.16969696969696968,0.08104667361966954,300.0000000000008
0.16969696969696968,0.08130536228629326,300.0000000000008
0.16969696969696968,0.08162778070696558,300.0000000000008
0.16969696969696968,0.08202962915029163,300.0000000000008
0.16969696969696968,0.08237629432068608,300.00000000000074
0.17272727272727273,0.00020202020202020202,299.99999999999864
0.17272727272727273,0.0008080808080808081,299.99999999999864
0.17272727272727273,0.0016161616161616162,299.99999999999864
0.17272727272727273,0.0024242424242424242,299.99999999999864
0.17272727272727273,0.0032323232323232323,299.99999999999864
0.17272727272727273,0.00404040404040404,299.99999999999864
0.17272727272727273,0.0048484848484848485,299.99999999999864
0.17272727272727273,0.0056565656565656566,299.99999999999864
0.17272727272727273,0.006464646464646465,299.99999999999864
0.17272727272727273,0.007272727272727273,299.99999999999864
0.17272727272727273,0.00808080808080808,299.99999999999864
0.17272727272727273,0.008888888888888889,299.99999999999864
0.17272727272727273,0.009696969696969697,299.99999999999864
0.17272727272727273,0.010505050505050505,299.99999999999864
0.17272727272727273,0.011313131313131313,299.99999999999864
0.17272727272727273,0.012121212121212121,299.99999999999864
0.17272727272727273,0.01292929292929293,299.99999999999864
0.17272727272727273,0.013737373737373737,299.99999999999864
0.17272727272727273,0.014545454545454545,299.99999999999864
0.17272727272727273,0.015353535353535354,299.99999999999864
0.17272727272727273,0.01616161616161616,299.99999999999864
0.17272727272727273,0.016969696969696968,299.99999999999864
0.17272727272727273,0.017777777777777778,299.99999999999864
0.17272727272727273,0.018585858585858588,299.99999999999864
0.17272727272727273,0.019393939393939394,299.99999999999864
0.17272727272727273,0.0202020202020202,299.99999999999864
0.17272727272727273,0.02101010101010101,299.99999999999864
0.17272727272727273,0.02181818181818182,299.99999999999864
0.17272727272727273,0.022626262626262626,299.99999999999864
0.17272727272727273,0.023434343434343433,299.99999999999864
0.17272727272727273,0.024242424242424242,299.99999999999864
0.17272727272727273,0.025050505050505052,299.99999999999864
0.17272727272727273,0.02585858585858586,299.99999999999864
0.17272727272727273,0.026666666666666665,299.99999999999864
0.17272727272727273,0.027474747474747475,299.99999999999864
0.17272727272727273,0.028282828282828285,299.99999999999864
0.17272727272727273,0.02909090909090909,299.99999999999864
0.17272727272727273,0.029898989898989897,299.99999999999864
0.17272727272727273,0.030707070707070707,299.99999999999864
0.17272727272727273,0.03151515151515151,299.99999999999864
0.17272727272727273,0.03232323232323232,299.99999999999864
0.17272727272727273,0.03313131313131313,299.99999999999864
0.17272727272727273,0.033939393939393936,299.99999999999864
0.17272727272727273,0.03474747474747475,299.99999999999864
0.17272727272727273,0.035555555555555556,299.99999999999864
0.17272727272727273,0.03636363636363636,299.99999999999864
0.17272727272727273,0.037171717171717175,299.99999999999864
0.17272727272727273,0.03797979797979798,299.99999999999864
0.17272727272727273,0.03878787878787879,299.99999999999864
0.17272727272727273,0.039595959595959594,299.99999999999864
0.17272727272727273,0.0404040404040404,299.99999999999864
0.17272727272727273,0.041212121212121214,299.99999999999864
0.17272727272727273,0.04202020202020202,299.99999999999864
0.17272727272727273,0.042828282828282827,299.99999999999864
0.17272727272727273,0.04363636363636364,299.99999999999864
0.17272727272727273,0.044444444444444446,299.99999999999864
0.17272727272727273,0.04525252525252525,299.99999999999864
0.17272727272727273,0.04606060606060606,299.99999999999864
0.17272727272727273,0.046868686868686865,299.99999999999864
0.17272727272727273,0.04767676767676768,299.99999999999864
0.17272727272727273,0.048484848484848485,299.99999999999864
0.17272727272727273,0.04929292929292929,299.99999999999864
0.17272727272727273,0.050101010101010104,299.99999999999864
0.17272727272727273,0.05090909090909091,299.99999999999864
0.17272727272727273,0.05171717171717172,299.99999999999864
0.17272727272727273,0.052525252525252523,299.99999999999864
0.17272727272727273,0.05333333333333333,299.99999999999864
0.17272727272727273,0.05414141414141414,299.99999999999864
0.17272727272727273,0.05494949494949495,299.99999999999864
0.17272727272727273,0.055757575757575756,299.99999999999864
0.17272727272727273,0.05656565656565657,299.99999999999864
0.17272727272727273,0.057373737373737375,299.99999999999864
0.17272727272727273,0.05818181818181818,299.99999999999864
0.17272727272727273,0.05898989898989899,299.99999999999864
0.17272727272727273,0.059797979797979794,299.99999999999864
0.17272727272727273,0.06060606060606061,299.99999999999864
0.17272727272727273,0.061414141414141414,299.99999999999864
0.17272727272727273,0.06222222222222222,299.99999999999864
0.17272727272727273,0.06303030303030302,299.99999999999864
0.17272727272727273,0.06383838383838383,299.99999999999864
0.17272727272727273,0.06464646464646465,299.99999999999864
0.17272727272727273,0.06545454545454546,299.99999999999864
0.17272727272727273,0.06626262626262627,299.99999999999864
0.17272727272727273,0.06707070707070706,299.99999999999864
0.17272727272727273,0.06787878787878787,299.99999999999864
0.17272727272727273,0.06868686868686869,299.99999999999864
0.17272727272727273,0.0694949494949495,299.99999999999864
0.17272727272727273,0.07030303030303031,299.99999999999864
0.17272727272727273,0.07111111111111111,299.99999999999864
0.17272727272727273,0.07191919191919191,299.99999999999864
0.17272727272727273,0.07272727272727272,299.99999999999864
0.17272727272727273,0.07353535353535354,299.99999999999864
0.17272727272727273,0.07434343434343435,299.99999999999864
0.17272727272727273,0.07515151515151516,299.99999999999864
0.17272727272727273,0.07595959595959595,299.99999999999864
0.17272727272727273,0.07676767676767676,299.99999999999864
0.17272727272727273,0.07757575757575758,299.99999999999864
0.17272727272727273,0.07838383838383839,299.99999999999864
0.17272727272727273,0.0791919191919192,299.99999999999864
0.17272727272727273,0.07979818813131313,300.0000000000008
0.17272727272727273,0.08000088465770044,300.0000000000008
0.17272727272727273,0.0800019359326174,300.0000000000008
0.17272727272727273,0.08000324619642925,300.0000000000008
0.17272727272727273,0.08000487925285339,300.0000000000008
0.17272727272727273,0.08000691462409718,300.0000000000008
0.17272727272727273,0.08000945142321741,300.0000000000008
0.17272727272727273,0.08001261318046245,300.0000000000008
0.17272727272727273,0.08001655385861739,300.0000000000008
0.17272727272727273,0.08002146535027135,300.0000000000008
0.17272727272727273,0.08002758682208874,300.0000000000008
0.17272727272727273,0.08003521636110686,300.0000000000008
0.17272727272727273,0.08004472549017998,300.0000000000008
0.17272727272727273,0.08005657725940413,300.0000000000008
0.17272727272727273,0.08007134879449027,300.0000000000008
0.17272727272727273,0.08008975940008634,300.0000000000008
0.17272727272727273,0.08011270558654815,300.0000000000008
0.17272727272727273,0.08014130472579933,300.0000000000008
0.17272727272727273,0.08017694946211615,300.0000000000008
0.17272727272727273,0.08022137552738813,300.0000000000008
0.17272727272727273,0.08027674626314021,300.0000000000008
0.17272727272727273,0.08034575796514344,300.0000000000008
0.17272727272727273,0.08043177118040407,300.0000000000008
0.17272727272727273,0.08053897435007991,300.0000000000008
0.17272727272727273,0.08067258776696852,300.0000000000008
0.17272727272727273,0.08083911777934251,300.0000000000008
0.17272727272727273,0.08104667361966954,300.0000000000008
0.17272727272727273,0.08130536228629326,300.0000000000008
0.17272727272727273,0.08162778070696558,300.0000000000008
0.17272727272727273,0.08202962915029163,300.0000000000008
0.17272727272727273,0.08237629432068608,300.00000000000074
0.17575757575757578,0.00020202020202020202,299.99999999999864
0.17575757575757578,0.0008080808080808081,299.99999999999864
0.17575757575757578,0.0016161616161616162,299.99999999999864
0.17575757575757578,0.0024242424242424242,299.99999999999864
0.17575757575757578,0.0032323232323232323,299.99999999999864
0.17575757575757578,0.00404040404040404,299.99999999999864
0.17575757575757578,0.0048484848484848485,299.99999999999864
0.17575757575757578,0.0056565656565656566,299.99999999999864
0.17575757575757578,0.006464646464646465,299.99999999999864
0.17575757575757578,0.007272727272727273,299.99999999999864
0.17575757575757578,0.00808080808080808,299.99999999999864
0.17575757575757578,0.008888888888888889,299.99999999999864
0.17575757575757578,0.009696969696969697,299.99999999999864
0.17575757575757578,0.010505050505050505,299.99999999999864
0.17575757575757578,0.011313131313131313,299.99999999999864
0.17575757575757578,0.012121212121212121,299.99999999999864
0.17575757575757578,0.01292929292929293,299.99999999999864
0.17575757575757578,0.013737373737373737,299.99999999999864
0.17575757575757578,0.014545454545454545,299.99999999999864
0.17575757575757578,0.015353535353535354,299.99999999999864
0.17575757575757578,0.01616161616161616,299.99999999999864
0.17575757575757578,0.016969696969696968,299.99999999999864
0.17575757575757578,0.017777777777777778,299.99999999999864
0.17575757575757578,0.018585858585858588,299.99999999999864
0.17575757575757578,0.019393939393939394,299.99999999999864
0.17575757575757578,0.0202020202020202,299.99999999999864
0.17575757575757578,0.02101010101010101,299.99999999999864
0.17575757575757578,0.02181818181818182,299.99999999999864
0.17575757575757578,0.022626262626262626,299.99999999999864
0.17575757575757578,0.023434343434343433,299.99999999999864
0.17575757575757578,0.024242424242424242,299.99999999999864
0.17575757575757578,0.025050505050505052,299.99999999999864
0.17575757575757578,0.02585858585858586,299.99999999999864
0.17575757575757578,0.026666666666666665,299.99999999999864
0.17575757575757578,0.027474747474747475,299.99999999999864
0.17575757575757578,0.028282828282828285,299.99999999999864
0.17575757575757578,0.02909090909090909,299.99999999999864
0.17575757575757578,0.029898989898989897,299.99999999999864
0.17575757575757578,0.030707070707070707,299.99999999999864
0.17575757575757578,0.03151515151515151,299.99999999999864
0.17575757575757578,0.03232323232323232,299.99999999999864
0.17575757575757578,0.03313131313131313,299.99999999999864
0.17575757575757578,0.033939393939393936,299.99999999999864
0.17575757575757578,0.03474747474747475,299.99999999999864
0.17575757575757578,0.035555555555555556,299.99999999999864
0.17575757575757578,0.03636363636363636,299.99999999999864
0.17575757575757578,0.037171717171717175,299.99999999999864
0.17575757575757578,0.03797979797979798,299.99999999999864
0.17575757575757578,0.03878787878787879,299.99999999999864
0.17575757575757578,0.039595959595959594,299.99999999999864
0.17575757575757578,0.0404040404040404,299.99999999999864
0.17575757575757578,0.041212121212121214,299.99999999999864
0.17575757575757578,0.04202020202020202,299.99999999999864
0.17575757575757578,0.042828282828282827,299.99999999999864
0.17575757575757578,0.04363636363636364,299.99999999999864
0.17575757575757578,0.044444444444444446,299.99999999999864
0.17575757575757578,0.04525252525252525,299.99999999999864
0.17575757575757578,0.04606060606060606,299.99999999999864
0.17575757575757578,0.046868686868686865,299.99999999999864
0.17575757575757578,0.04767676767676768,299.99999999999864
0.17575757575757578,0.048484848484848485,299.99999999999864
0.17575757575757578,0.04929292929292929,299.99999999999864
0.17575757575757578,0.050101010101010104,299.99999999999864
0.17575757575757578,0.05090909090909091,299.99999999999864
0.17575757575757578,0.05171717171717172,299.99999999999864
0.17575757575757578,0.052525252525252523,299.99999999999864
0.17575757575757578,0.05333333333333333,299.99999999999864
0.17575757575757578,0.05414141414141414,299.99999999999864
0.17575757575757578,0.05494949494949495,299.99999999999864
0.17575757575757578,0.055757575757575756,299.99999999999864
0.17575757575757578,0.05656565656565657,299.99999999999864
0.17575757575757578,0.057373737373737375,299.99999999999864
0.17575757575757578,0.05818181818181818,299.99999999999864
0.17575757575757578,0.05898989898989899,299.99999999999864
0.17575757575757578,0.059797979797979794,299.99999999999864
0.17575757575757578,0.06060606060606061,299.99999999999864
0.17575757575757578,0.061414141414141414,299.99999999999864
0.17575757575757578,0.06222222222222222,299.99999999999864
0.17575757575757578,0.06303030303030302,299.99999999999864
0.17575757575757578,0.06383838383838383,299.99999999999864
0.17575757575757578,0.06464646464646465,299.99999999999864
0.17575757575757578,0.06545454545454546,299.99999999999864
0.17575757575757578,0.06626262626262627,299.99999999999864
0.17575757575757578,0.06707070707070706,299.99999999999864
0.17575757575757578,0.06787878787878787,299.99999999999864
0.17575757575757578,0.06868686868686869,299.99999999999864
0.17575757575757578,0.0694949494949495,299.99999999999864
0.17575757575757578,0.07030303030303031,299.99999999999864
0.17575757575757578,0.07111111111111111,299.99999999999864
0.17575757575757578,0.07191919191919191,299.99999999999864
0.17575757575757578,0.07272727272727272,299.99999999999864
0.17575757575757578,0.07353535353535354,299.99999999999864
0.17575757575757578,0.07434343434343435,299.99999999999864
0.17575757575757578,0.07515151515151516,299.99999999999864
0.17575757575757578,0.07595959595959595,299.99999999999864
0.17575757575757578,0.07676767676767676,299.99999999999864
0.17575757575757578,0.07757575757575758,299.99999999999864
0.17575757575757578,0.07838383838383839,299.99999999999864
0.17575757575757578,0.0791919191919192,299.9999999999631
0.17575757575757578,0.07979818813131313,300.0000000000008
0.17575757575757578,0.08000088465770044,300.0000000000008
0.17575757575757578,0.0800019359326174,300.0000000000008
0.17575757575757578,0.08000324619642925,300.0000000000008
0.17575757575757578,0.08000487925285339,300.0000000000008
0.17575757575757578,0.08000691462409718,300.0000000000008
0.17575757575757578,0.08000945142321741,300.0000000000008
0.17575757575757578,0.08001261318046245,300.0000000000008
0.17575757575757578,0.08001655385861739,300.0000000000008
0.17575757575757578,0.08002146535027135,300.0000000000008
0.17575757575757578,0.08002758682208874,300.0000000000008
0.17575757575757578,0.08003521636110686,300.0000000000008
0.17575757575757578,0.08004472549017998,300.0000000000008
0.17575757575757578,0.08005657725940413,300.0000000000008
0.17575757575757578,0.08007134879449027,300.0000000000008
0.17575757575757578,0.08008975940008634,300.0000000000008
0.17575757575757578,0.08011270558654815,300.0000000000008
0.17575757575757578,0.08014130472579933,300.0000000000008
0.17575757575757578,0.08017694946211615,300.0000000000008
0.17575757575757578,0.08022137552738813,300.0000000000008
0.17575757575757578,0.08027674626314021,300.0000000000008
0.17575757575757578,0.08034575796514344,300.0000000000008
0.17575757575757578,0.08043177118040407,300.0000000000008
0.17575757575757578,0.08053897435007991,300.0000000000008
0.17575757575757578,0.08067258776696852,300.0000000000008
0.17575757575757578,0.08083911777934251,300.0000000000008
0.17575757575757578,0.08104667361966954,300.0000000000008
0.17575757575757578,0.08130536228629326,300.0000000000008
0.17575757575757578,0.08162778070696558,300.0000000000008
0.17575757575757578,0.08202962915029163,300.0000000000008
0.17575757575757578,0.08237629432068608,300.00000000000074
0.17878787878787877,0.00020202020202020202,299.99999999999864
0.17878787878787877,0.0008080808080808081,299.99999999999864
0.17878787878787877,0.0016161616161616162,299.99999999999864
0.17878787878787877,0.0024242424242424242,299.99999999999864
0.17878787878787877,0.0032323232323232323,299.99999999999864
0.17878787878787877,0.00404040404040404,299.99999999999864
0.17878787878787877,0.0048484848484848485,299.99999999999864
0.17878787878787877,0.0056565656565656566,299.99999999999864
0.17878787878787877,0.006464646464646465,299.99999999999864
0.17878787878787877,0.007272727272727273,299.99999999999864
0.17878787878787877,0.00808080808080808,299.99999999999864
0.17878787878787877,0.008888888888888889,299.99999999999864
0.17878787878787877,0.009696969696969697,299.99999999999864
0.17878787878787877,0.010505050505050505,299.99999999999864
0.17878787878787877,0.011313131313131313,299.99999999999864
0.17878787878787877,0.012121212121212121,299.99999999999864
0.17878787878787877,0.01292929292929293,299.99999999999864
0.17878787878787877,0.013737373737373737,299.99999999999864
0.17878787878787877,0.014545454545454545,299.99999999999864
0.17878787878787877,0.015353535353535354,299.99999999999864
0.17878787878787877,0.01616161616161616,299.99999999999864
0.17878787878787877,0.016969696969696968,299.99999999999864
0.17878787878787877,0.017777777777777778,299.99999999999864
0.17878787878787877,0.018585858585858588,299.99999999999864
0.17878787878787877,0.019393939393939394,299.99999999999864
0.17878787878787877,0.0202020202020202,299.99999999999864
0.17878787878787877,0.02101010101010101,299.99999999999864
0.17878787878787877,0.02181818181818182,299.99999999999864
0.17878787878787877,0.022626262626262626,299.99999999999864
0.17878787878787877,0.023434343434343433,299.99999999999864
0.17878787878787877,0.024242424242424242,299.99999999999864
0.17878787878787877,0.025050505050505052,299.99999999999864
0.17878787878787877,0.02585858585858586,299.99999999999864
0.17878787878787877,0.026666666666666665,299.99999999999864
0.17878787878787877,0.027474747474747475,299.99999999999864
0.17878787878787877,0.028282828282828285,299.99999999999864
0.17878787878787877,0.02909090909090909,299.99999999999864
0.17878787878787877,0.029898989898989897,299.99999999999864
0.17878787878787877,0.030707070707070707,299.99999999999864
0.17878787878787877,0.03151515151515151,299.99999999999864
0.17878787878787877,0.03232323232323232,299.99999999999864
0.17878787878787877,0.03313131313131313,299.99999999999864
0.17878787878787877,0.033939393939393936,299.99999999999864
0.17878787878787877,0.03474747474747475,299.99999999999864
0.17878787878787877,0.035555555555555556,299.99999999999864
0.17878787878787877,0.03636363636363636,299.99999999999864
0.17878787878787877,0.037171717171717175,299.99999999999864
0.17878787878787877,0.03797979797979798,299.99999999999864
0.17878787878787877,0.03878787878787879,299.99999999999864
0.17878787878787877,0.039595959595959594,299.99999999999864
0.17878787878787877,0.0404040404040404,299.99999999999864
0.17878787878787877,0.041212121212121214,299.99999999999864
0.17878787878787877,0.04202020202020202,299.99999999999864
0.17878787878787877,0.042828282828282827,299.99999999999864
0.17878787878787877,0.04363636363636364,299.99999999999864
0.17878787878787877,0.044444444444444446,299.99999999999864
0.17878787878787877,0.04525252525252525,299.99999999999864
0.17878787878787877,0.04606060606060606,299.99999999999864
0.17878787878787877,0.046868686868686865,299.99999999999864
0.17878787878787877,0.04767676767676768,299.99999999999864
0.17878787878787877,0.048484848484848485,299.99999999999864
0.17878787878787877,0.04929292929292929,299.99999999999864
0.17878787878787877,0.050101010101010104,299.99999999999864
0.17878787878787877,0.05090909090909091,299.99999999999864
0.17878787878787877,0.05171717171717172,299.99999999999864
0.17878787878787877,0.052525252525252523,299.99999999999864
0.17878787878787877,0.05333333333333333,299.99999999999864
0.17878787878787877,0.05414141414141414,299.99999999999864
0.17878787878787877,0.05494949494949495,299.99999999999864
0.17878787878787877,0.055757575757575756,299.99999999999864
0.17878787878787877,0.05656565656565657,299.99999999999864
0.17878787878787877,0.057373737373737375,299.99999999999864
0.17878787878787877,0.05818181818181818,299.99999999999864
0.17878787878787877,0.05898989898989899,299.99999999999864
0.17878787878787877,0.059797979797979794,299.99999999999864
0.17878787878787877,0.06060606060606061,299.99999999999864
0.17878787878787877,0.061414141414141414,299.99999999999864
0.17878787878787877,0.06222222222222222,299.99999999999864
0.17878787878787877,0.06303030303030302,299.99999999999864
0.17878787878787877,0.06383838383838383,299.99999999999864
0.17878787878787877,0.06464646464646465,299.99999999999864
0.17878787878787877,0.06545454545454546,299.99999999999864
0.17878787878787877,0.06626262626262627,299.99999999999864
0.17878787878787877,0.06707070707070706,299.99999999999864
0.17878787878787877,0.06787878787878787,299.99999999999864
0.17878787878787877,0.06868686868686869,299.99999999999864
0.17878787878787877,0.0694949494949495,299.99999999999864
0.17878787878787877,0.07030303030303031,299.99999999999864
0.17878787878787877,0.07111111111111111,299.99999999999864
0.17878787878787877,0.07191919191919191,299.99999999999864
0.17878787878787877,0.07272727272727272,299.99999999999864
0.17878787878787877,0.07353535353535354,299.99999999999864
0.17878787878787877,0.07434343434343435,299.99999999999864
0.17878787878787877,0.07515151515151516,299.99999999999864
0.17878787878787877,0.07595959595959595,299.99999999999864
0.17878787878787877,0.07676767676767676,299.99999999999864
0.17878787878787877,0.07757575757575758,299.99999999999864
0.17878787878787877,0.07838383838383839,299.99999999999864
0.17878787878787877,0.0791919191919192,299.9999999999631
0.17878787878787877,0.07979818813131313,300.0000000000008
0.17878787878787877,0.08000088465770044,300.0000000000008
0.17878787878787877,0.0800019359326174,300.0000000000008
0.17878787878787877,0.08000324619642925,300.0000000000008
0.17878787878787877,0.08000487925285339,300.0000000000008
0.17878787878787877,0.08000691462409718,300.0000000000008
0.17878787878787877,0.08000945142321741,300.0000000000008
0.17878787878787877,0.08001261318046245,300.0000000000008
0.17878787878787877,0.08001655385861739,300.0000000000008
0.17878787878787877,0.08002146535027135,300.0000000000008
0.17878787878787877,0.08002758682208874,300.0000000000008
0.17878787878787877,0.08003521636110686,300.0000000000008
0.17878787878787877,0.08004472549017998,300.0000000000008
0.17878787878787877,0.08005657725940413,300.0000000000008
0.17878787878787877,0.08007134879449027,300.0000000000008
0.17878787878787877,0.08008975940008634,300.0000000000008
0.17878787878787877,0.08011270558654815,300.0000000000008
0.17878787878787877,0.08014130472579933,300.0000000000008
0.17878787878787877,0.08017694946211615,300.0000000000008
0.17878787878787877,0.08022137552738813,300.0000000000008
0.17878787878787877,0.08027674626314021,300.0000000000008
0.17878787878787877,0.08034575796514344,300.0000000000008
0.17878787878787877,0.08043177118040407,300.0000000000008
0.17878787878787877,0.08053897435007991,300.0000000000008
0.17878787878787877,0.08067258776696852,300.0000000000008
0.17878787878787877,0.08083911777934251,300.0000000000008
0.17878787878787877,0.08104667361966954,300.0000000000008
0.17878787878787877,0.08130536228629326,300.0000000000008
0.17878787878787877,0.08162778070696558,300.0000000000008
0.17878787878787877,0.08202962915029163,300.0000000000008
0.17878787878787877,0.08237629432068608,300.00000000000074
0.18181818181818182,0.00020202020202020202,299.99999999999864
0.18181818181818182,0.0008080808080808081,299.99999999999864
0.18181818181818182,0.0016161616161616162,299.99999999999864
0.18181818181818182,0.0024242424242424242,299.99999999999864
0.18181818181818182,0.0032323232323232323,299.99999999999864
0.18181818181818182,0.00404040404040404,299.99999999999864
0.18181818181818182,0.0048484848484848485,299.99999999999864
0.18181818181818182,0.0056565656565656566,299.99999999999864
0.18181818181818182,0.006464646464646465,299.99999999999864
0.18181818181818182,0.007272727272727273,299.99999999999864
0.18181818181818182,0.00808080808080808,299.99999999999864
0.18181818181818182,0.008888888888888889,299.99999999999864
0.18181818181818182,0.009696969696969697,299.99999999999864
0.18181818181818182,0.010505050505050505,299.99999999999864
0.18181818181818182,0.011313131313131313,299.99999999999864
0.18181818181818182,0.012121212121212121,299.99999999999864
0.18181818181818182,0.01292929292929293,299.99999999999864
0.18181818181818182,0.013737373737373737,299.99999999999864
0.18181818181818182,0.014545454545454545,299.99999999999864
0.18181818181818182,0.015353535353535354,299.99999999999864
0.18181818181818182,0.01616161616161616,299.99999999999864
0.18181818181818182,0.016969696969696968,299.99999999999864
0.18181818181818182,0.017777777777777778,299.99999999999864
0.18181818181818182,0.018585858585858588,299.99999999999864
0.18181818181818182,0.019393939393939394,299.99999999999864
0.18181818181818182,0.0202020202020202,299.99999999999864
0.18181818181818182,0.02101010101010101,299.99999999999864
0.18181818181818182,0.02181818181818182,299.99999999999864
0.18181818181818182,0.022626262626262626,299.99999999999864
0.18181818181818182,0.023434343434343433,299.99999999999864
0.18181818181818182,0.024242424242424242,299.99999999999864
0.18181818181818182,0.025050505050505052,299.99999999999864
0.18181818181818182,0.02585858585858586,299.99999999999864
0.18181818181818182,0.026666666666666665,299.99999999999864
0.18181818181818182,0.027474747474747475,299.99999999999864
0.18181818181818182,0.028282828282828285,299.99999999999864
0.18181818181818182,0.02909090909090909,299.99999999999864
0.18181818181818182,0.029898989898989897,299.99999999999864
0.18181818181818182,0.030707070707070707,299.99999999999864
0.18181818181818182,0.03151515151515151,299.99999999999864
0.18181818181818182,0.03232323232323232,299.99999999999864
0.18181818181818182,0.03313131313131313,299.99999999999864
0.18181818181818182,0.033939393939393936,299.99999999999864
0.18181818181818182,0.03474747474747475,299.99999999999864
0.18181818181818182,0.035555555555555556,299.99999999999864
0.18181818181818182,0.03636363636363636,299.99999999999864
0.18181818181818182,0.037171717171717175,299.99999999999864
0.18181818181818182,0.03797979797979798,299.99999999999864
0.18181818181818182,0.03878787878787879,299.99999999999864
0.18181818181818182,0.039595959595959594,299.99999999999864
0.18181818181818182,0.0404040404040404,299.99999999999864
0.18181818181818182,0.041212121212121214,299.99999999999864
0.18181818181818182,0.04202020202020202,299.99999999999864
0.18181818181818182,0.042828282828282827,299.99999999999864
0.18181818181818182,0.04363636363636364,299.99999999999864
0.18181818181818182,0.044444444444444446,299.99999999999864
0.18181818181818182,0.04525252525252525,299.99999999999864
0.18181818181818182,0.04606060606060606,299.99999999999864
0.18181818181818182,0.046868686868686865,299.99999999999864
0.18181818181818182,0.04767676767676768,299.99999999999864
0.18181818181818182,0.048484848484848485,299.99999999999864
0.18181818181818182,0.04929292929292929,299.99999999999864
0.18181818181818182,0.050101010101010104,299.99999999999864
0.18181818181818182,0.05090909090909091,299.99999999999864
0.18181818181818182,0.05171717171717172,299.99999999999864
0.18181818181818182,0.052525252525252523,299.99999999999864
0.18181818181818182,0.05333333333333333,299.99999999999864
0.18181818181818182,0.05414141414141414,299.99999999999864
0.18181818181818182,0.05494949494949495,299.99999999999864
0.18181818181818182,0.055757575757575756,299.99999999999864
0.18181818181818182,0.05656565656565657,299.99999999999864
0.18181818181818182,0.057373737373737375,299.99999999999864
0.18181818181818182,0.05818181818181818,299.99999999999864
0.18181818181818182,0.05898989898989899,299.99999999999864
0.18181818181818182,0.059797979797979794,299.99999999999864
0.18181818181818182,0.06060606060606061,299.99999999999864
0.18181818181818182,0.061414141414141414,299.99999999999864
0.18181818181818182,0.06222222222222222,299.99999999999864
0.18181818181818182,0.06303030303030302,299.99999999999864
0.18181818181818182,0.06383838383838383,299.99999999999864
0.18181818181818182,0.06464646464646465,299.99999999999864
0.18181818181818182,0.06545454545454546,299.99999999999864
0.18181818181818182,0.06626262626262627,299.99999999999864
0.18181818181818182,0.06707070707070706,299.99999999999864
0.18181818181818182,0.06787878787878787,299.99999999999864
0.18181818181818182,0.06868686868686869,299.99999999999864
0.18181818181818182,0.0694949494949495,299.99999999999864
0.18181818181818182,0.07030303030303031,299.99999999999864
0.18181818181818182,0.07111111111111111,299.99999999999864
0.18181818181818182,0.07191919191919191,299.99999999999864
0.18181818181818182,0.07272727272727272,299.99999999999864
0.18181818181818182,0.07353535353535354,299.99999999999864
0.18181818181818182,0.07434343434343435,299.99999999999864
0.18181818181818182,0.07515151515151516,299.99999999999864
0.18181818181818182,0.07595959595959595,299.99999999999864
0.18181818181818182,0.07676767676767676,299.99999999999864
0.18181818181818182,0.07757575757575758,299.99999999999864
0.18181818181818182,0.07838383838383839,299.99999999999864
0.18181818181818182,0.0791919191919192,299.99999999999864
0.18181818181818182,0.07979818813131313,300.0000000000008
0.18181818181818182,0.08000088465770044,300.0000000000008
0.18181818181818182,0.0800019359326174,300.0000000000008
0.18181818181818182,0.08000324619642925,300.0000000000008
0.18181818181818182,0.08000487925285339,300.0000000000008
0.18181818181818182,0.08000691462409718,300.0000000000008
0.18181818181818182,0.08000945142321741,300.0000000000008
0.18181818181818182,0.08001261318046245,300.0000000000008
0.18181818181818182,0.08001655385861739,300.0000000000008
0.18181818181818182,0.08002146535027135,300.0000000000008
0.18181818181818182,0.08002758682208874,300.0000000000008
0.18181818181818182,0.08003521636110686,300.0000000000008
0.18181818181818182,0.08004472549017998,300.0000000000008
0.18181818181818182,0.08005657725940413,300.0000000000008
0.18181818181818182,0.08007134879449027,300.0000000000008
0.18181818181818182,0.08008975940008634,300.0000000000008
0.18181818181818182,0.08011270558654815,300.0000000000008
0.18181818181818182,0.08014130472579933,300.0000000000008
0.18181818181818182,0.08017694946211615,300.0000000000008
0.18181818181818182,0.08022137552738813,300.0000000000008
0.18181818181818182,0.08027674626314021,300.0000000000008
0.18181818181818182,0.08034575796514344,300.0000000000008
0.18181818181818182,0.08043177118040407,300.0000000000008
0.18181818181818182,0.08053897435007991,300.0000000000008
0.18181818181818182,0.08067258776696852,300.0000000000008
0.18181818181818182,0.08083911777934251,300.0000000000008
0.18181818181818182,0.08104667361966954,300.0000000000008
0.18181818181818182,0.08130536228629326,300.0000000000008
0.18181818181818182,0.08162778070696558,300.0000000000008
0.18181818181818182,0.08202962915029163,300.0000000000008
0.18181818181818182,0.08237629432068608,300.00000000000074
0.18484848484848485,0.00020202020202020202,299.99999999999864
0.18484848484848485,0.0008080808080808081,299.99999999999864
0.18484848484848485,0.0016161616161616162,299.99999999999864
0.18484848484848485,0.0024242424242424242,299.99999999999864
0.18484848484848485,0.0032323232323232323,299.99999999999864
0.18484848484848485,0.00404040404040404,299.99999999999864
0.18484848484848485,0.0048484848484848485,299.99999999999864
0.18484848484848485,0.0056565656565656566,299.99999999999864
0.18484848484848485,0.006464646464646465,299.99999999999864
0.18484848484848485,0.007272727272727273,299.99999999999864
0.18484848484848485,0.00808080808080808,299.99999999999864
0.18484848484848485,0.008888888888888889,299.99999999999864
0.18484848484848485,0.009696969696969697,299.99999999999864
0.18484848484848485,0.010505050505050505,299.99999999999864
0.18484848484848485,0.011313131313131313,299.99999999999864
0.18484848484848485,0.012121212121212121,299.99999999999864
0.18484848484848485,0.01292929292929293,299.99999999999864
0.18484848484848485,0.013737373737373737,299.99999999999864
0.18484848484848485,0.014545454545454545,299.99999999999864
0.18484848484848485,0.015353535353535354,299.99999999999864
0.18484848484848485,0.01616161616161616,299.99999999999864
0.18484848484848485,0.016969696969696968,299.99999999999864
0.18484848484848485,0.017777777777777778,299.99999999999864
0.18484848484848485,0.018585858585858588,299.99999999999864
0.18484848484848485,0.019393939393939394,299.99999999999864
0.18484848484848485,0.0202020202020202,299.99999999999864
0.18484848484848485,0.02101010101010101,299.99999999999864
0.18484848484848485,0.02181818181818182,299.99999999999864
0.18484848484848485,0.022626262626262626,299.99999999999864
0.18484848484848485,0.023434343434343433,299.99999999999864
0.18484848484848485,0.024242424242424242,299.99999999999864
0.18484848484848485,0.025050505050505052,299.99999999999864
0.18484848484848485,0.02585858585858586,299.99999999999864
0.18484848484848485,0.026666666666666665,299.99999999999864
0.18484848484848485,0.027474747474747475,299.99999999999864
0.18484848484848485,0.028282828282828285,299.99999999999864
0.18484848484848485,0.02909090909090909,299.99999999999864
0.18484848484848485,0.029898989898989897,299.99999999999864
0.18484848484848485,0.030707070707070707,299.99999999999864
0.18484848484848485,0.03151515151515151,299.99999999999864
0.18484848484848485,0.03232323232323232,299.99999999999864
0.18484848484848485,0.03313131313131313,299.99999999999864
0.18484848484848485,0.033939393939393936,299.99999999999864
0.18484848484848485,0.03474747474747475,299.99999999999864
0.18484848484848485,0.035555555555555556,299.99999999999864
0.18484848484848485,0.03636363636363636,299.99999999999864
0.18484848484848485,0.037171717171717175,299.99999999999864
0.18484848484848485,0.03797979797979798,299.99999999999864
0.18484848484848485,0.03878787878787879,299.99999999999864
0.18484848484848485,0.039595959595959594,299.99999999999864
0.18484848484848485,0.0404040404040404,299.99999999999864
0.18484848484848485,0.041212121212121214,299.99999999999864
0.18484848484848485,0.04202020202020202,299.99999999999864
0.18484848484848485,0.042828282828282827,299.99999999999864
0.18484848484848485,0.04363636363636364,299.99999999999864
0.18484848484848485,0.044444444444444446,299.99999999999864
0.18484848484848485,0.04525252525252525,299.99999999999864
0.18484848484848485,0.04606060606060606,299.99999999999864
0.18484848484848485,0.046868686868686865,299.99999999999864
0.18484848484848485,0.04767676767676768,299.99999999999864
0.18484848484848485,0.048484848484848485,299.99999999999864
0.18484848484848485,0.04929292929292929,299.99999999999864
0.18484848484848485,0.050101010101010104,299.99999999999864
0.18484848484848485,0.05090909090909091,299.99999999999864
0.18484848484848485,0.05171717171717172,299.99999999999864
0.18484848484848485,0.052525252525252523,299.99999999999864
0.18484848484848485,0.05333333333333333,299.99999999999864
0.18484848484848485,0.05414141414141414,299.99999999999864
0.18484848484848485,0.05494949494949495,299.99999999999864
0.18484848484848485,0.055757575757575756,299.99999999999864
0.18484848484848485,0.05656565656565657,299.99999999999864
0.18484848484848485,0.057373737373737375,299.99999999999864
0.18484848484848485,0.05818181818181818,299.99999999999864
0.18484848484848485,0.05898989898989899,299.99999999999864
0.18484848484848485,0.059797979797979794,299.99999999999864
0.18484848484848485,0.06060606060606061,299.99999999999864
0.18484848484848485,0.061414141414141414,299.99999999999864
0.18484848484848485,0.06222222222222222,299.99999999999864
0.18484848484848485,0.06303030303030302,299.99999999999864
0.18484848484848485,0.06383838383838383,299.99999999999864
0.18484848484848485,0.06464646464646465,299.99999999999864
0.18484848484848485,0.06545454545454546,299.99999999999864
0.18484848484848485,0.06626262626262627,299.99999999999864
0.18484848484848485,0.06707070707070706,299.99999999999864
0.18484848484848485,0.06787878787878787,299.99999999999864
0.18484848484848485,0.06868686868686869,299.99999999999864
0.18484848484848485,0.0694949494949495,299.99999999999864
0.18484848484848485,0.07030303030303031,299.99999999999864
0.18484848484848485,0.07111111111111111,299.99999999999864
0.18484848484848485,0.07191919191919191,299.99999999999864
0.18484848484848485,0.07272727272727272,299.99999999999864
0.18484848484848485,0.07353535353535354,299.99999999999864
0.18484848484848485,0.07434343434343435,299.99999999999864
0.18484848484848485,0.07515151515151516,299.99999999999864
0.18484848484848485,0.07595959595959595,299.99999999999864
0.18484848484848485,0.07676767676767676,299.99999999999864
0.18484848484848485,0.07757575757575758,299.99999999999864
0.18484848484848485,0.07838383838383839,299.99999999999864
0.18484848484848485,0.0791919191919192,299.9999999999631
0.18484848484848485,0.07979818813131313,300.0000000000008
0.18484848484848485,0.08000088465770044,300.0000000000008
0.18484848484848485,0.0800019359326174,300.0000000000008
0.18484848484848485,0.08000324619642925,300.0000000000008
0.18484848484848485,0.08000487925285339,300.0000000000008
0.18484848484848485,0.08000691462409718,300.0000000000008
0.18484848484848485,0.08000945142321741,300.0000000000008
0.18484848484848485,0.08001261318046245,300.0000000000008
0.18484848484848485,0.08001655385861739,300.0000000000008
0.18484848484848485,0.08002146535027135,300.0000000000008
0.18484848484848485,0.08002758682208874,300.0000000000008
0.18484848484848485,0.08003521636110686,300.0000000000008
0.18484848484848485,0.08004472549017998,300.0000000000008
0.18484848484848485,0.08005657725940413,300.0000000000008
0.18484848484848485,0.08007134879449027,300.0000000000008
0.18484848484848485,0.08008975940008634,300.0000000000008
0.18484848484848485,0.08011270558654815,300.0000000000008
0.18484848484848485,0.08014130472579933,300.0000000000008
0.18484848484848485,0.08017694946211615,300.0000000000008
0.18484848484848485,0.08022137552738813,300.0000000000008
0.18484848484848485,0.08027674626314021,300.0000000000008
0.18484848484848485,0.08034575796514344,300.0000000000008
0.18484848484848485,0.08043177118040407,300.0000000000008
0.18484848484848485,0.08053897435007991,300.0000000000008
0.18484848484848485,0.08067258776696852,300.0000000000008
0.18484848484848485,0.08083911777934251,300.0000000000008
0.18484848484848485,0.08104667361966954,300.0000000000008
0.18484848484848485,0.08130536228629326,300.0000000000008
0.18484848484848485,0.08162778070696558,300.0000000000008
0.18484848484848485,0.08202962915029163,300.0000000000008
0.18484848484848485,0.08237629432068608,300.00000000000074
0.18787878787878787,0.00020202020202020202,299.99999999999864
0.18787878787878787,0.0008080808080808081,299.99999999999864
0.18787878787878787,0.0016161616161616162,299.99999999999864
0.18787878787878787,0.0024242424242424242,299.99999999999864
0.18787878787878787,0.0032323232323232323,299.99999999999864
0.18787878787878787,0.00404040404040404,299.99999999999864
0.18787878787878787,0.0048484848484848485,299.99999999999864
0.18787878787878787,0.0056565656565656566,299.99999999999864
0.18787878787878787,0.006464646464646465,299.99999999999864
0.18787878787878787,0.007272727272727273,299.99999999999864
0.18787878787878787,0.00808080808080808,299.99999999999864
0.18787878787878787,0.008888888888888889,299.99999999999864
0.18787878787878787,0.009696969696969697,299.99999999999864
0.18787878787878787,0.010505050505050505,299.99999999999864
0.18787878787878787,0.011313131313131313,299.99999999999864
0.18787878787878787,0.012121212121212121,299.99999999999864
0.18787878787878787,0.01292929292929293,299.99999999999864
0.18787878787878787,0.013737373737373737,299.99999999999864
0.18787878787878787,0.014545454545454545,299.99999999999864
0.18787878787878787,0.015353535353535354,299.99999999999864
0.18787878787878787,0.01616161616161616,299.99999999999864
0.18787878787878787,0.016969696969696968,299.99999999999864
0.18787878787878787,0.017777777777777778,299.99999999999864
0.18787878787878787,0.018585858585858588,299.99999999999864
0.18787878787878787,0.019393939393939394,299.99999999999864
0.18787878787878787,0.0202020202020202,299.99999999999864
0.18787878787878787,0.02101010101010101,299.99999999999864
0.18787878787878787,0.02181818181818182,299.99999999999864
0.18787878787878787,0.022626262626262626,299.99999999999864
0.18787878787878787,0.023434343434343433,299.99999999999864
0.18787878787878787,0.024242424242424242,299.99999999999864
0.18787878787878787,0.025050505050505052,299.99999999999864
0.18787878787878787,0.02585858585858586,299.99999999999864
0.18787878787878787,0.026666666666666665,299.99999999999864
0.18787878787878787,0.027474747474747475,299.99999999999864
0.18787878787878787,0.028282828282828285,299.99999999999864
0.18787878787878787,0.02909090909090909,299.99999999999864
0.18787878787878787,0.029898989898989897,299.99999999999864
0.18787878787878787,0.030707070707070707,299.99999999999864
0.18787878787878787,0.03151515151515151,299.99999999999864
0.18787878787878787,0.03232323232323232,299.99999999999864
0.18787878787878787,0.03313131313131313,299.99999999999864
0.18787878787878787,0.033939393939393936,299.99999999999864
0.18787878787878787,0.03474747474747475,299.99999999999864
0.18787878787878787,0.035555555555555556,299.99999999999864
0.18787878787878787,0.03636363636363636,299.99999999999864
0.18787878787878787,0.037171717171717175,299.99999999999864
0.18787878787878787,0.03797979797979798,299.99999999999864
0.18787878787878787,0.03878787878787879,299.99999999999864
0.18787878787878787,0.039595959595959594,299.99999999999864
0.18787878787878787,0.0404040404040404,299.99999999999864
0.18787878787878787,0.041212121212121214,299.99999999999864
0.18787878787878787,0.04202020202020202,299.99999999999864
0.18787878787878787,0.042828282828282827,299.99999999999864
0.18787878787878787,0.04363636363636364,299.99999999999864
0.18787878787878787,0.044444444444444446,299.99999999999864
0.18787878787878787,0.04525252525252525,299.99999999999864
0.18787878787878787,0.04606060606060606,299.99999999999864
0.18787878787878787,0.046868686868686865,299.99999999999864
0.18787878787878787,0.04767676767676768,299.99999999999864
0.18787878787878787,0.048484848484848485,299.99999999999864
0.18787878787878787,0.04929292929292929,299.99999999999864
0.18787878787878787,0.050101010101010104,299.99999999999864
0.18787878787878787,0.05090909090909091,299.99999999999864
0.18787878787878787,0.05171717171717172,299.99999999999864
0.18787878787878787,0.052525252525252523,299.99999999999864
0.18787878787878787,0.05333333333333333,299.99999999999864
0.18787878787878787,0.05414141414141414,299.99999999999864
0.18787878787878787,0.05494949494949495,299.99999999999864
0.18787878787878787,0.055757575757575756,299.99999999999864
0.18787878787878787,0.05656565656565657,299.99999999999864
0.18787878787878787,0.057373737373737375,299.99999999999864
0.18787878787878787,0.05818181818181818,299.99999999999864
0.18787878787878787,0.05898989898989899,299.99999999999864
0.18787878787878787,0.059797979797979794,299.99999999999864
0.18787878787878787,0.06060606060606061,299.99999999999864
0.18787878787878787,0.061414141414141414,299.99999999999864
0.18787878787878787,0.06222222222222222,299.99999999999864
0.18787878787878787,0.06303030303030302,299.99999999999864
0.18787878787878787,0.06383838383838383,299.99999999999864
0.18787878787878787,0.06464646464646465,299.99999999999864
0.18787878787878787,0.06545454545454546,299.99999999999864
0.18787878787878787,0.06626262626262627,299.99999999999864
0.18787878787878787,0.06707070707070706,299.99999999999864
0.18787878787878787,0.06787878787878787,299.99999999999864
0.18787878787878787,0.06868686868686869,299.99999999999864
0.18787878787878787,0.0694949494949495,299.99999999999864
0.18787878787878787,0.07030303030303031,299.99999999999864
0.18787878787878787,0.07111111111111111,299.99999999999864
0.18787878787878787,0.07191919191919191,299.99999999999864
0.18787878787878787,0.07272727272727272,299.99999999999864
0.18787878787878787,0.07353535353535354,299.99999999999864
0.18787878787878787,0.07434343434343435,299.99999999999864
0.18787878787878787,0.07515151515151516,299.99999999999864
0.18787878787878787,0.07595959595959595,299.99999999999864
0.18787878787878787,0.07676767676767676,299.99999999999864
0.18787878787878787,0.07757575757575758,299.99999999999864
0.18787878787878787,0.07838383838383839,299.99999999999864
0.18787878787878787,0.0791919191919192,299.9999999999631
0.18787878787878787,0.07979818813131313,300.0000000000008
0.18787878787878787,0.08000088465770044,300.0000000000008
0.18787878787878787,0.0800019359326174,300.0000000000008
0.18787878787878787,0.08000324619642925,300.0000000000008
0.18787878787878787,0.08000487925285339,300.0000000000008
0.18787878787878787,0.08000691462409718,300.0000000000008
0.18787878787878787,0.08000945142321741,300.0000000000008
0.18787878787878787,0.08001261318046245,300.0000000000008
0.18787878787878787,0.08001655385861739,300.0000000000008
0.18787878787878787,0.08002146535027135,300.0000000000008
0.18787878787878787,0.08002758682208874,300.0000000000008
0.18787878787878787,0.08003521636110686,300.0000000000008
0.18787878787878787,0.08004472549017998,300.0000000000008
0.18787878787878787,0.08005657725940413,300.0000000000008
0.18787878787878787,0.08007134879449027,300.0000000000008
0.18787878787878787,0.08008975940008634,300.0000000000008
0.18787878787878787,0.08011270558654815,300.0000000000008
0.18787878787878787,0.08014130472579933,300.0000000000008
0.18787878787878787,0.08017694946211615,300.0000000000008
0.18787878787878787,0.08022137552738813,300.0000000000008
0.18787878787878787,0.08027674626314021,300.0000000000008
0.18787878787878787,0.08034575796514344,300.0000000000008
0.18787878787878787,0.08043177118040407,300.0000000000008
0.18787878787878787,0.08053897435007991,300.0000000000008
0.18787878787878787,0.08067258776696852,300.0000000000008
0.18787878787878787,0.08083911777934251,300.0000000000008
0.18787878787878787,0.08104667361966954,300.0000000000008
0.18787878787878787,0.08130536228629326,300.0000000000008
0.18787878787878787,0.08162778070696558,300.0000000000008
0.18787878787878787,0.08202962915029163,300.0000000000008
0.18787878787878787,0.08237629432068608,300.00000000000074
0.19090909090909092,0.00020202020202020202,299.99999999999864
0.19090909090909092,0.0008080808080808081,299.99999999999864
0.19090909090909092,0.0016161616161616162,299.99999999999864
0.19090909090909092,0.0024242424242424242,299.99999999999864
0.19090909090909092,0.0032323232323232323,299.99999999999864
0.19090909090909092,0.00404040404040404,299.99999999999864
0.19090909090909092,0.0048484848484848485,299.99999999999864
0.19090909090909092,0.0056565656565656566,299.99999999999864
0.19090909090909092,0.006464646464646465,299.99999999999864
0.19090909090909092,0.007272727272727273,299.99999999999864
0.19090909090909092,0.00808080808080808,299.99999999999864
0.19090909090909092,0.008888888888888889,299.99999999999864
0.19090909090909092,0.009696969696969697,299.99999999999864
0.19090909090909092,0.010505050505050505,299.99999999999864
0.19090909090909092,0.011313131313131313,299.99999999999864
0.19090909090909092,0.012121212121212121,299.99999999999864
0.19090909090909092,0.01292929292929293,299.99999999999864
0.19090909090909092,0.013737373737373737,299.99999999999864
0.19090909090909092,0.014545454545454545,299.99999999999864
0.19090909090909092,0.015353535353535354,299.99999999999864
0.19090909090909092,0.01616161616161616,299.99999999999864
0.19090909090909092,0.016969696969696968,299.99999999999864
0.19090909090909092,0.017777777777777778,299.99999999999864
0.19090909090909092,0.018585858585858588,299.99999999999864
0.19090909090909092,0.019393939393939394,299.99999999999864
0.19090909090909092,0.0202020202020202,299.99999999999864
0.19090909090909092,0.02101010101010101,299.99999999999864
0.19090909090909092,0.02181818181818182,299.99999999999864
0.19090909090909092,0.022626262626262626,299.99999999999864
0.19090909090909092,0.023434343434343433,299.99999999999864
0.19090909090909092,0.024242424242424242,299.99999999999864
0.19090909090909092,0.025050505050505052,299.99999999999864
0.19090909090909092,0.02585858585858586,299.99999999999864
0.19090909090909092,0.026666666666666665,299.99999999999864
0.19090909090909092,0.027474747474747475,299.99999999999864
0.19090909090909092,0.028282828282828285,299.99999999999864
0.19090909090909092,0.02909090909090909,299.99999999999864
0.19090909090909092,0.029898989898989897,299.99999999999864
0.19090909090909092,0.030707070707070707,299.99999999999864
0.19090909090909092,0.03151515151515151,299.99999999999864
0.19090909090909092,0.03232323232323232,299.99999999999864
0.19090909090909092,0.03313131313131313,299.99999999999864
0.19090909090909092,0.033939393939393936,299.99999999999864
0.19090909090909092,0.03474747474747475,299.99999999999864
0.19090909090909092,0.035555555555555556,299.99999999999864
0.19090909090909092,0.03636363636363636,299.99999999999864
0.19090909090909092,0.037171717171717175,299.99999999999864
0.19090909090909092,0.03797979797979798,299.99999999999864
0.19090909090909092,0.03878787878787879,299.99999999999864
0.19090909090909092,0.039595959595959594,299.99999999999864
0.19090909090909092,0.0404040404040404,299.99999999999864
0.19090909090909092,0.041212121212121214,299.99999999999864
0.19090909090909092,0.04202020202020202,299.99999999999864
0.19090909090909092,0.042828282828282827,299.99999999999864
0.19090909090909092,0.04363636363636364,299.99999999999864
0.19090909090909092,0.044444444444444446,299.99999999999864
0.19090909090909092,0.04525252525252525,299.99999999999864
0.19090909090909092,0.04606060606060606,299.99999999999864
0.19090909090909092,0.046868686868686865,299.99999999999864
0.19090909090909092,0.04767676767676768,299.99999999999864
0.19090909090909092,0.048484848484848485,299.99999999999864
0.19090909090909092,0.04929292929292929,299.99999999999864
0.19090909090909092,0.050101010101010104,299.99999999999864
0.19090909090909092,0.05090909090909091,299.99999999999864
0.19090909090909092,0.05171717171717172,299.99999999999864
0.19090909090909092,0.052525252525252523,299.99999999999864
0.19090909090909092,0.05333333333333333,299.99999999999864
0.19090909090909092,0.05414141414141414,299.99999999999864
0.19090909090909092,0.05494949494949495,299.99999999999864
0.19090909090909092,0.055757575757575756,299.99999999999864
0.19090909090909092,0.05656565656565657,299.99999999999864
0.19090909090909092,0.057373737373737375,299.99999999999864
0.19090909090909092,0.05818181818181818,299.99999999999864
0.19090909090909092,0.05898989898989899,299.99999999999864
0.19090909090909092,0.059797979797979794,299.99999999999864
0.19090909090909092,0.06060606060606061,299.99999999999864
0.19090909090909092,0.061414141414141414,299.99999999999864
0.19090909090909092,0.06222222222222222,299.99999999999864
0.19090909090909092,0.06303030303030302,299.99999999999864
0.19090909090909092,0.06383838383838383,299.99999999999864
0.19090909090909092,0.06464646464646465,299.99999999999864
0.19090909090909092,0.06545454545454546,299.99999999999864
0.19090909090909092,0.06626262626262627,299.99999999999864
0.19090909090909092,0.06707070707070706,299.99999999999864
0.19090909090909092,0.06787878787878787,299.99999999999864
0.19090909090909092,0.06868686868686869,299.99999999999864
0.19090909090909092,0.0694949494949495,299.99999999999864
0.19090909090909092,0.07030303030303031,299.99999999999864
0.19090909090909092,0.07111111111111111,299.99999999999864
0.19090909090909092,0.07191919191919191,299.99999999999864
0.19090909090909092,0.07272727272727272,299.99999999999864
0.19090909090909092,0.07353535353535354,299.99999999999864
0.19090909090909092,0.07434343434343435,299.99999999999864
0.19090909090909092,0.07515151515151516,299.99999999999864
0.19090909090909092,0.07595959595959595,299.99999999999864
0.19090909090909092,0.07676767676767676,299.99999999999864
0.19090909090909092,0.07757575757575758,299.99999999999864
0.19090909090909092,0.07838383838383839,299.99999999999864
0.19090909090909092,0.0791919191919192,299.99999999999864
0.19090909090909092,0.07979818813131313,300.0000000000008
0.19090909090909092,0.08000088465770044,300.0000000000008
0.19090909090909092,0.0800019359326174,300.0000000000008
0.19090909090909092,0.08000324619642925,300.0000000000008
0.19090909090909092,0.08000487925285339,300.0000000000008
0.19090909090909092,0.08000691462409718,300.0000000000008
0.19090909090909092,0.08000945142321741,300.0000000000008
0.19090909090909092,0.08001261318046245,300.0000000000008
0.19090909090909092,0.08001655385861739,300.0000000000008
0.19090909090909092,0.08002146535027135,300.0000000000008
0.19090909090909092,0.08002758682208874,300.0000000000008
0.19090909090909092,0.08003521636110686,300.0000000000008
0.19090909090909092,0.08004472549017998,300.0000000000008
0.19090909090909092,0.08005657725940413,300.0000000000008
0.19090909090909092,0.08007134879449027,300.0000000000008
0.19090909090909092,0.08008975940008634,300.0000000000008
0.19090909090909092,0.08011270558654815,300.0000000000008
0.19090909090909092,0.08014130472579933,300.0000000000008
0.19090909090909092,0.08017694946211615,300.0000000000008
0.19090909090909092,0.08022137552738813,300.0000000000008
0.19090909090909092,0.08027674626314021,300.0000000000008
0.19090909090909092,0.08034575796514344,300.0000000000008
0.19090909090909092,0.08043177118040407,300.0000000000008
0.19090909090909092,0.08053897435007991,300.0000000000008
0.19090909090909092,0.08067258776696852,300.0000000000008
0.19090909090909092,0.08083911777934251,300.0000000000008
0.19090909090909092,0.08104667361966954,300.0000000000008
0.19090909090909092,0.08130536228629326,300.0000000000008
0.19090909090909092,0.08162778070696558,300.0000000000008
0.19090909090909092,0.08202962915029163,300.0000000000008
0.19090909090909092,0.08237629432068608,300.00000000000074
0.19393939393939394,0.00020202020202020202,299.99999999999864
0.19393939393939394,0.0008080808080808081,299.99999999999864
0.19393939393939394,0.0016161616161616162,299.99999999999864
0.19393939393939394,0.0024242424242424242,299.99999999999864
0.19393939393939394,0.0032323232323232323,299.99999999999864
0.19393939393939394,0.00404040404040404,299.99999999999864
0.19393939393939394,0.0048484848484848485,299.99999999999864
0.19393939393939394,0.0056565656565656566,299.99999999999864
0.19393939393939394,0.006464646464646465,299.99999999999864
0.19393939393939394,0.007272727272727273,299.99999999999864
0.19393939393939394,0.00808080808080808,299.99999999999864
0.19393939393939394,0.008888888888888889,299.99999999999864
0.19393939393939394,0.009696969696969697,299.99999999999864
0.19393939393939394,0.010505050505050505,299.99999999999864
0.19393939393939394,0.011313131313131313,299.99999999999864
0.19393939393939394,0.012121212121212121,299.99999999999864
0.19393939393939394,0.01292929292929293,299.99999999999864
0.19393939393939394,0.013737373737373737,299.99999999999864
0.19393939393939394,0.014545454545454545,299.99999999999864
0.19393939393939394,0.015353535353535354,299.99999999999864
0.19393939393939394,0.01616161616161616,299.99999999999864
0.19393939393939394,0.016969696969696968,299.99999999999864
0.19393939393939394,0.017777777777777778,299.99999999999864
0.19393939393939394,0.018585858585858588,299.99999999999864
0.19393939393939394,0.019393939393939394,299.99999999999864
0.19393939393939394,0.0202020202020202,299.99999999999864
0.19393939393939394,0.02101010101010101,299.99999999999864
0.19393939393939394,0.02181818181818182,299.99999999999864
0.19393939393939394,0.022626262626262626,299.99999999999864
0.19393939393939394,0.023434343434343433,299.99999999999864
0.19393939393939394,0.024242424242424242,299.99999999999864
0.19393939393939394,0.025050505050505052,299.99999999999864
0.19393939393939394,0.02585858585858586,299.99999999999864
0.19393939393939394,0.026666666666666665,299.99999999999864
0.19393939393939394,0.027474747474747475,299.99999999999864
0.19393939393939394,0.028282828282828285,299.99999999999864
0.19393939393939394,0.02909090909090909,299.99999999999864
0.19393939393939394,0.029898989898989897,299.99999999999864
0.19393939393939394,0.030707070707070707,299.99999999999864
0.19393939393939394,0.03151515151515151,299.99999999999864
0.19393939393939394,0.03232323232323232,299.99999999999864
0.19393939393939394,0.03313131313131313,299.99999999999864
0.19393939393939394,0.033939393939393936,299.99999999999864
0.19393939393939394,0.03474747474747475,299.99999999999864
0.19393939393939394,0.035555555555555556,299.99999999999864
0.19393939393939394,0.03636363636363636,299.99999999999864
0.19393939393939394,0.037171717171717175,299.99999999999864
0.19393939393939394,0.03797979797979798,299.99999999999864
0.19393939393939394,0.03878787878787879,299.99999999999864
0.19393939393939394,0.039595959595959594,299.99999999999864
0.19393939393939394,0.0404040404040404,299.99999999999864
0.19393939393939394,0.041212121212121214,299.99999999999864
0.19393939393939394,0.04202020202020202,299.99999999999864
0.19393939393939394,0.042828282828282827,299.99999999999864
0.19393939393939394,0.04363636363636364,299.99999999999864
0.19393939393939394,0.044444444444444446,299.99999999999864
0.19393939393939394,0.04525252525252525,299.99999999999864
0.19393939393939394,0.04606060606060606,299.99999999999864
0.19393939393939394,0.046868686868686865,299.99999999999864
0.19393939393939394,0.04767676767676768,299.99999999999864
0.19393939393939394,0.048484848484848485,299.99999999999864
0.19393939393939394,0.04929292929292929,299.99999999999864
0.19393939393939394,0.050101010101010104,299.99999999999864
0.19393939393939394,0.05090909090909091,299.99999999999864
0.19393939393939394,0.05171717171717172,299.99999999999864
0.19393939393939394,0.052525252525252523,299.99999999999864
0.19393939393939394,0.05333333333333333,299.99999999999864
0.19393939393939394,0.05414141414141414,299.99999999999864
0.19393939393939394,0.05494949494949495,299.99999999999864
0.19393939393939394,0.055757575757575756,299.99999999999864
0.19393939393939394,0.05656565656565657,299.99999999999864
0.19393939393939394,0.057373737373737375,299.99999999999864
0.19393939393939394,0.05818181818181818,299.99999999999864
0.19393939393939394,0.05898989898989899,299.99999999999864
0.19393939393939394,0.059797979797979794,299.99999999999864
0.19393939393939394,0.06060606060606061,299.99999999999864
0.19393939393939394,0.061414141414141414,299.99999999999864
0.19393939393939394,0.06222222222222222,299.99999999999864
0.19393939393939394,0.06303030303030302,299.99999999999864
0.19393939393939394,0.06383838383838383,299.99999999999864
0.19393939393939394,0.06464646464646465,299.99999999999864
0.19393939393939394,0.06545454545454546,299.99999999999864
0.19393939393939394,0.06626262626262627,299.99999999999864
0.19393939393939394,0.06707070707070706,299.99999999999864
0.19393939393939394,0.06787878787878787,299.99999999999864
0.19393939393939394,0.06868686868686869,299.99999999999864
0.19393939393939394,0.0694949494949495,299.99999999999864
0.19393939393939394,0.07030303030303031,299.99999999999864
0.19393939393939394,0.07111111111111111,299.99999999999864
0.19393939393939394,0.07191919191919191,299.99999999999864
0.19393939393939394,0.07272727272727272,299.99999999999864
0.19393939393939394,0.07353535353535354,299.99999999999864
0.19393939393939394,0.07434343434343435,299.99999999999864
0.19393939393939394,0.07515151515151516,299.99999999999864
0.19393939393939394,0.07595959595959595,299.99999999999864
0.19393939393939394,0.07676767676767676,299.99999999999864
0.19393939393939394,0.07757575757575758,299.99999999999864
0.19393939393939394,0.07838383838383839,299.99999999999864
0.19393939393939394,0.0791919191919192,299.99999999999864
0.19393939393939394,0.07979818813131313,300.0000000000008
0.19393939393939394,0.08000088465770044,300.0000000000008
0.19393939393939394,0.0800019359326174,300.0000000000008
0.19393939393939394,0.08000324619642925,300.0000000000008
0.19393939393939394,0.08000487925285339,300.0000000000008
0.19393939393939394,0.08000691462409718,300.0000000000008
0.19393939393939394,0.08000945142321741,300.0000000000008
0.19393939393939394,0.08001261318046245,300.0000000000008
0.19393939393939394,0.08001655385861739,300.0000000000008
0.19393939393939394,0.08002146535027135,300.0000000000008
0.19393939393939394,0.08002758682208874,300.0000000000008
0.19393939393939394,0.08003521636110686,300.0000000000008
0.19393939393939394,0.08004472549017998,300.0000000000008
0.19393939393939394,0.08005657725940413,300.0000000000008
0.19393939393939394,0.08007134879449027,300.0000000000008
0.19393939393939394,0.08008975940008634,300.0000000000008
0.19393939393939394,0.08011270558654815,300.0000000000008
0.19393939393939394,0.08014130472579933,300.0000000000008
0.19393939393939394,0.08017694946211615,300.0000000000008
0.19393939393939394,0.08022137552738813,300.0000000000008
0.19393939393939394,0.08027674626314021,300.0000000000008
0.19393939393939394,0.08034575796514344,300.0000000000008
0.19393939393939394,0.08043177118040407,300.0000000000008
0.19393939393939394,0.08053897435007991,300.0000000000008
0.19393939393939394,0.08067258776696852,300.0000000000008
0.19393939393939394,0.08083911777934251,300.0000000000008
0.19393939393939394,0.08104667361966954,300.0000000000008
0.19393939393939394,0.08130536228629326,300.0000000000008
0.19393939393939394,0.08162778070696558,300.0000000000008
0.19393939393939394,0.08202962915029163,300.0000000000008
0.19393939393939394,0.08237629432068608,300.00000000000074
0.19696969696969696,0.00020202020202020202,299.99999999999864
0.19696969696969696,0.0008080808080808081,299.99999999999864
0.19696969696969696,0.0016161616161616162,299.99999999999864
0.19696969696969696,0.0024242424242424242,299.99999999999864
0.19696969696969696,0.0032323232323232323,299.99999999999864
0.19696969696969696,0.00404040404040404,299.99999999999864
0.19696969696969696,0.0048484848484848485,299.99999999999864
0.19696969696969696,0.0056565656565656566,299.99999999999864
0.19696969696969696,0.006464646464646465,299.99999999999864
0.19696969696969696,0.007272727272727273,299.99999999999864
0.19696969696969696,0.00808080808080808,299.99999999999864
0.19696969696969696,0.008888888888888889,299.99999999999864
0.19696969696969696,0.009696969696969697,299.99999999999864
0.19696969696969696,0.010505050505050505,299.99999999999864
0.19696969696969696,0.011313131313131313,299.99999999999864
0.19696969696969696,0.012121212121212121,299.99999999999864
0.19696969696969696,0.01292929292929293,299.99999999999864
0.19696969696969696,0.013737373737373737,299.99999999999864
0.19696969696969696,0.014545454545454545,299.99999999999864
0.19696969696969696,0.015353535353535354,299.99999999999864
0.19696969696969696,0.01616161616161616,299.99999999999864
0.19696969696969696,0.016969696969696968,299.99999999999864
0.19696969696969696,0.017777777777777778,299.99999999999864
0.19696969696969696,0.018585858585858588,299.99999999999864
0.19696969696969696,0.019393939393939394,299.99999999999864
0.19696969696969696,0.0202020202020202,299.99999999999864
0.19696969696969696,0.02101010101010101,299.99999999999864
0.19696969696969696,0.02181818181818182,299.99999999999864
0.19696969696969696,0.022626262626262626,299.99999999999864
0.19696969696969696,0.023434343434343433,299.99999999999864
0.19696969696969696,0.024242424242424242,299.99999999999864
0.19696969696969696,0.025050505050505052,299.99999999999864
0.19696969696969696,0.02585858585858586,299.99999999999864
0.19696969696969696,0.026666666666666665,299.99999999999864
0.19696969696969696,0.027474747474747475,299.99999999999864
0.19696969696969696,0.028282828282828285,299.99999999999864
0.19696969696969696,0.02909090909090909,299.99999999999864
0.19696969696969696,0.029898989898989897,299.99999999999864
0.19696969696969696,0.030707070707070707,299.99999999999864
0.19696969696969696,0.03151515151515151,299.99999999999864
0.19696969696969696,0.03232323232323232,299.99999999999864
0.19696969696969696,0.03313131313131313,299.99999999999864
0.19696969696969696,0.033939393939393936,299.99999999999864
0.19696969696969696,0.03474747474747475,299.99999999999864
0.19696969696969696,0.035555555555555556,299.99999999999864
0.19696969696969696,0.03636363636363636,299.99999999999864
0.19696969696969696,0.037171717171717175,299.99999999999864
0.19696969696969696,0.03797979797979798,299.99999999999864
0.19696969696969696,0.03878787878787879,299.99999999999864
0.19696969696969696,0.039595959595959594,299.99999999999864
0.19696969696969696,0.0404040404040404,299.99999999999864
0.19696969696969696,0.041212121212121214,299.99999999999864
0.19696969696969696,0.04202020202020202,299.99999999999864
0.19696969696969696,0.042828282828282827,299.99999999999864
0.19696969696969696,0.04363636363636364,299.99999999999864
0.19696969696969696,0.044444444444444446,299.99999999999864
0.19696969696969696,0.04525252525252525,299.99999999999864
0.19696969696969696,0.04606060606060606,299.99999999999864
0.19696969696969696,0.046868686868686865,299.99999999999864
0.19696969696969696,0.04767676767676768,299.99999999999864
0.19696969696969696,0.048484848484848485,299.99999999999864
0.19696969696969696,0.04929292929292929,299.99999999999864
0.19696969696969696,0.050101010101010104,299.99999999999864
0.19696969696969696,0.05090909090909091,299.99999999999864
0.19696969696969696,0.05171717171717172,299.99999999999864
0.19696969696969696,0.052525252525252523,299.99999999999864
0.19696969696969696,0.05333333333333333,299.99999999999864
0.19696969696969696,0.05414141414141414,299.99999999999864
0.19696969696969696,0.05494949494949495,299.99999999999864
0.19696969696969696,0.055757575757575756,299.99999999999864
0.19696969696969696,0.05656565656565657,299.99999999999864
0.19696969696969696,0.057373737373737375,299.99999999999864
0.19696969696969696,0.05818181818181818,299.99999999999864
0.19696969696969696,0.05898989898989899,299.99999999999864
0.19696969696969696,0.059797979797979794,299.99999999999864
0.19696969696969696,0.06060606060606061,299.99999999999864
0.19696969696969696,0.061414141414141414,299.99999999999864
0.19696969696969696,0.06222222222222222,299.99999999999864
0.19696969696969696,0.06303030303030302,299.99999999999864
0.19696969696969696,0.06383838383838383,299.99999999999864
0.19696969696969696,0.06464646464646465,299.99999999999864
0.19696969696969696,0.06545454545454546,299.99999999999864
0.19696969696969696,0.06626262626262627,299.99999999999864
0.19696969696969696,0.06707070707070706,299.99999999999864
0.19696969696969696,0.06787878787878787,299.99999999999864
0.19696969696969696,0.06868686868686869,299.99999999999864
0.19696969696969696,0.0694949494949495,299.99999999999864
0.19696969696969696,0.07030303030303031,299.99999999999864
0.19696969696969696,0.07111111111111111,299.99999999999864
0.19696969696969696,0.07191919191919191,299.99999999999864
0.19696969696969696,0.07272727272727272,299.99999999999864
0.19696969696969696,0.07353535353535354,299.99999999999864
0.19696969696969696,0.07434343434343435,299.99999999999864
0.19696969696969696,0.07515151515151516,299.99999999999864
0.19696969696969696,0.07595959595959595,299.99999999999864
0.19696969696969696,0.07676767676767676,299.99999999999864
0.19696969696969696,0.07757575757575758,299.99999999999864
0.19696969696969696,0.07838383838383839,299.99999999999864
0.19696969696969696,0.0791919191919192,299.9999999999631
0.19696969696969696,0.07979818813131313,300.0000000000008
0.19696969696969696,0.08000088465770044,300.0000000000008
0.19696969696969696,0.0800019359326174,300.0000000000008
0.19696969696969696,0.08000324619642925,300.0000000000008
0.19696969696969696,0.08000487925285339,300.0000000000008
0.19696969696969696,0.08000691462409718,300.0000000000008
0.19696969696969696,0.08000945142321741,300.0000000000008
0.19696969696969696,0.08001261318046245,300.0000000000008
0.19696969696969696,0.08001655385861739,300.0000000000008
0.19696969696969696,0.08002146535027135,300.0000000000008
0.19696969696969696,0.08002758682208874,300.0000000000008
0.19696969696969696,0.08003521636110686,300.0000000000008
0.19696969696969696,0.08004472549017998,300.0000000000008
0.19696969696969696,0.08005657725940413,300.0000000000008
0.19696969696969696,0.08007134879449027,300.0000000000008
0.19696969696969696,0.08008975940008634,300.0000000000008
0.19696969696969696,0.08011270558654815,300.0000000000008
0.19696969696969696,0.08014130472579933,300.0000000000008
0.19696969696969696,0.08017694946211615,300.0000000000008
0.19696969696969696,0.08022137552738813,300.0000000000008
0.19696969696969696,0.08027674626314021,300.0000000000008
0.19696969696969696,0.08034575796514344,300.0000000000008
0.19696969696969696,0.08043177118040407,300.0000000000008
0.19696969696969696,0.08053897435007991,300.0000000000008
0.19696969696969696,0.08067258776696852,300.0000000000008
0.19696969696969696,0.08083911777934251,300.0000000000008
0.19696969696969696,0.08104667361966954,300.0000000000008
0.19696969696969696,0.08130536228629326,300.0000000000008
0.19696969696969696,0.08162778070696558,300.0000000000008
0.19696969696969696,0.08202962915029163,300.0000000000008
0.19696969696969696,0.08237629432068608,300.00000000000074
0.2,0.00020202020202020202,299.99999999999864
0.2,0.0008080808080808081,299.99999999999864
0.2,0.0016161616161616162,299.99999999999864
0.2,0.0024242424242424242,299.99999999999864
0.2,0.0032323232323232323,299.99999999999864
0.2,0.00404040404040404,299.99999999999864
0.2,0.0048484848484848485,299.99999999999864
0.2,0.0056565656565656566,299.99999999999864
0.2,0.006464646464646465,299.99999999999864
0.2,0.007272727272727273,299.99999999999864
0.2,0.00808080808080808,299.99999999999864
0.2,0.008888888888888889,299.99999999999864
0.2,0.009696969696969697,299.99999999999864
0.2,0.010505050505050505,299.99999999999864
0.2,0.011313131313131313,299.99999999999864
0.2,0.012121212121212121,299.99999999999864
0.2,0.01292929292929293,299.99999999999864
0.2,0.013737373737373737,299.99999999999864
0.2,0.014545454545454545,299.99999999999864
0.2,0.015353535353535354,299.99999999999864
0.2,0.01616161616161616,299.99999999999864
0.2,0.016969696969696968,299.99999999999864
0.2,0.017777777777777778,299.99999999999864
0.2,0.018585858585858588,299.99999999999864
0.2,0.019393939393939394,299.99999999999864
0.2,0.0202020202020202,299.99999999999864
0.2,0.02101010101010101,299.99999999999864
0.2,0.02181818181818182,299.99999999999864
0.2,0.022626262626262626,299.99999999999864
0.2,0.023434343434343433,299.99999999999864
0.2,0.024242424242424242,299.99999999999864
0.2,0.025050505050505052,299.99999999999864
0.2,0.02585858585858586,299.99999999999864
0.2,0.026666666666666665,299.99999999999864
0.2,0.027474747474747475,299.99999999999864
0.2,0.028282828282828285,299.99999999999864
0.2,0.02909090909090909,299.99999999999864
0.2,0.029898989898989897,299.99999999999864
0.2,0.030707070707070707,299.99999999999864
0.2,0.03151515151515151,299.99999999999864
0.2,0.03232323232323232,299.99999999999864
0.2,0.03313131313131313,299.99999999999864
0.2,0.033939393939393936,299.99999999999864
0.2,0.03474747474747475,299.99999999999864
0.2,0.035555555555555556,299.99999999999864
0.2,0.03636363636363636,299.99999999999864
0.2,0.037171717171717175,299.99999999999864
0.2,0.03797979797979798,299.99999999999864
0.2,0.03878787878787879,299.99999999999864
0.2,0.039595959595959594,299.99999999999864
0.2,0.0404040404040404,299.99999999999864
0.2,0.041212121212121214,299.99999999999864
0.2,0.04202020202020202,299.99999999999864
0.2,0.042828282828282827,299.99999999999864
0.2,0.04363636363636364,299.99999999999864
0.2,0.044444444444444446,299.99999999999864
0.2,0.04525252525252525,299.99999999999864
0.2,0.04606060606060606,299.99999999999864
0.2,0.046868686868686865,299.99999999999864
0.2,0.04767676767676768,299.99999999999864
0.2,0.048484848484848485,299.99999999999864
0.2,0.04929292929292929,299.99999999999864
0.2,0.050101010101010104,299.99999999999864
0.2,0.05090909090909091,299.99999999999864
0.2,0.05171717171717172,299.99999999999864
0.2,0.052525252525252523,299.99999999999864
0.2,0.05333333333333333,299.99999999999864
0.2,0.05414141414141414,299.99999999999864
0.2,0.05494949494949495,299.99999999999864
0.2,0.055757575757575756,299.99999999999864
0.2,0.05656565656565657,299.99999999999864
0.2,0.057373737373737375,299.99999999999864
0.2,0.05818181818181818,299.99999999999864
0.2,0.05898989898989899,299.99999999999864
0.2,0.059797979797979794,299.99999999999864
0.2,0.06060606060606061,299.99999999999864
0.2,0.061414141414141414,299.99999999999864
0.2,0.06222222222222222,299.99999999999864
0.2,0.06303030303030302,299.99999999999864
0.2,0.06383838383838383,299.99999999999864
0.2,0.06464646464646465,299.99999999999864
0.2,0.06545454545454546,299.99999999999864
0.2,0.06626262626262627,299.99999999999864
0.2,0.06707070707070706,299.99999999999864
0.2,0.06787878787878787,299.99999999999864
0.2,0.06868686868686869,299.99999999999864
0.2,0.0694949494949495,299.99999999999864
0.2,0.07030303030303031,299.99999999999864
0.2,0.07111111111111111,299.99999999999864
0.2,0.07191919191919191,299.99999999999864
0.2,0.07272727272727272,299.99999999999864
0.2,0.07353535353535354,299.99999999999864
0.2,0.07434343434343435,299.99999999999864
0.2,0.07515151515151516,299.99999999999864
0.2,0.07595959595959595,299.99999999999864
0.2,0.07676767676767676,299.99999999999864
0.2,0.07757575757575758,299.99999999999864
0.2,0.07838383838383839,299.99999999999864
0.2,0.0791919191919192,299.9999999999631
0.2,0.07979818813131313,300.0000000000008
0.2,0.08000088465770044,300.0000000000008
0.2,0.0800019359326174,300.0000000000008
0.2,0.08000324619642925,300.0000000000008
0.2,0.08000487925285339,300.0000000000008
0.2,0.08000691462409718,300.0000000000008
0.2,0.08000945142321741,300.0000000000008
0.2,0.08001261318046245,300.0000000000008
0.2,0.08001655385861739,300.0000000000008
0.2,0.08002146535027135,300.0000000000008
0.2,0.08002758682208874,300.0000000000008
0.2,0.08003521636110686,300.0000000000008
0.2,0.08004472549017998,300.0000000000008
0.2,0.08005657725940413,300.0000000000008
0.2,0.08007134879449027,300.0000000000008
0.2,0.08008975940008634,300.0000000000008
0.2,0.08011270558654815,300.0000000000008
0.2,0.08014130472579933,300.0000000000008
0.2,0.08017694946211615,300.0000000000008
0.2,0.08022137552738813,300.0000000000008
0.2,0.08027674626314021,300.0000000000008
0.2,0.08034575796514344,300.0000000000008
0.2,0.08043177118040407,300.0000000000008
0.2,0.08053897435007991,300.0000000000008
0.2,0.08067258776696852,300.0000000000008
0.2,0.08083911777934251,300.0000000000008
0.2,0.08104667361966954,300.0000000000008
0.2,0.08130536228629326,300.0000000000008
0.2,0.08162778070696558,300.0000000000008
0.2,0.08202962915029163,300.0000000000008
0.2,0.08237629432068608,300.00000000000074
0.20303030303030303,0.00020202020202020202,299.99999999999864
0.20303030303030303,0.0008080808080808081,299.99999999999864
0.20303030303030303,0.0016161616161616162,299.99999999999864
0.20303030303030303,0.0024242424242424242,299.99999999999864
0.20303030303030303,0.0032323232323232323,299.99999999999864
0.20303030303030303,0.00404040404040404,299.99999999999864
0.20303030303030303,0.0048484848484848485,299.99999999999864
0.20303030303030303,0.0056565656565656566,299.99999999999864
0.20303030303030303,0.006464646464646465,299.99999999999864
0.20303030303030303,0.007272727272727273,299.99999999999864
0.20303030303030303,0.00808080808080808,299.99999999999864
0.20303030303030303,0.008888888888888889,299.99999999999864
0.20303030303030303,0.009696969696969697,299.99999999999864
0.20303030303030303,0.010505050505050505,299.99999999999864
0.20303030303030303,0.011313131313131313,299.99999999999864
0.20303030303030303,0.012121212121212121,299.99999999999864
0.20303030303030303,0.01292929292929293,299.99999999999864
0.20303030303030303,0.013737373737373737,299.99999999999864
0.20303030303030303,0.014545454545454545,299.99999999999864
0.20303030303030303,0.015353535353535354,299.99999999999864
0.20303030303030303,0.01616161616161616,299.99999999999864
0.20303030303030303,0.016969696969696968,299.99999999999864
0.20303030303030303,0.017777777777777778,299.99999999999864
0.20303030303030303,0.018585858585858588,299.99999999999864
0.20303030303030303,0.019393939393939394,299.99999999999864
0.20303030303030303,0.0202020202020202,299.99999999999864
0.20303030303030303,0.02101010101010101,299.99999999999864
0.20303030303030303,0.02181818181818182,299.99999999999864
0.20303030303030303,0.022626262626262626,299.99999999999864
0.20303030303030303,0.023434343434343433,299.99999999999864
0.20303030303030303,0.024242424242424242,299.99999999999864
0.20303030303030303,0.025050505050505052,299.99999999999864
0.20303030303030303,0.02585858585858586,299.99999999999864
0.20303030303030303,0.026666666666666665,299.99999999999864
0.20303030303030303,0.027474747474747475,299.99999999999864
0.20303030303030303,0.028282828282828285,299.99999999999864
0.20303030303030303,0.02909090909090909,299.99999999999864
0.20303030303030303,0.029898989898989897,299.99999999999864
0.20303030303030303,0.030707070707070707,299.99999999999864
0.20303030303030303,0.03151515151515151,299.99999999999864
0.20303030303030303,0.03232323232323232,299.99999999999864
0.20303030303030303,0.03313131313131313,299.99999999999864
0.20303030303030303,0.033939393939393936,299.99999999999864
0.20303030303030303,0.03474747474747475,299.99999999999864
0.20303030303030303,0.035555555555555556,299.99999999999864
0.20303030303030303,0.03636363636363636,299.99999999999864
0.20303030303030303,0.037171717171717175,299.99999999999864
0.20303030303030303,0.03797979797979798,299.99999999999864
0.20303030303030303,0.03878787878787879,299.99999999999864
0.20303030303030303,0.039595959595959594,299.99999999999864
0.20303030303030303,0.0404040404040404,299.99999999999864
0.20303030303030303,0.041212121212121214,299.99999999999864
0.20303030303030303,0.04202020202020202,299.99999999999864
0.20303030303030303,0.042828282828282827,299.99999999999864
0.20303030303030303,0.04363636363636364,299.99999999999864
0.20303030303030303,0.044444444444444446,299.99999999999864
0.20303030303030303,0.04525252525252525,299.99999999999864
0.20303030303030303,0.04606060606060606,299.99999999999864
0.20303030303030303,0.046868686868686865,299.99999999999864
0.20303030303030303,0.04767676767676768,299.99999999999864
0.20303030303030303,0.048484848484848485,299.99999999999864
0.20303030303030303,0.04929292929292929,299.99999999999864
0.20303030303030303,0.050101010101010104,299.99999999999864
0.20303030303030303,0.05090909090909091,299.99999999999864
0.20303030303030303,0.05171717171717172,299.99999999999864
0.20303030303030303,0.052525252525252523,299.99999999999864
0.20303030303030303,0.05333333333333333,299.99999999999864
0.20303030303030303,0.05414141414141414,299.99999999999864
0.20303030303030303,0.05494949494949495,299.99999999999864
0.20303030303030303,0.055757575757575756,299.99999999999864
0.20303030303030303,0.05656565656565657,299.99999999999864
0.20303030303030303,0.057373737373737375,299.99999999999864
0.20303030303030303,0.05818181818181818,299.99999999999864
0.20303030303030303,0.05898989898989899,299.99999999999864
0.20303030303030303,0.059797979797979794,299.99999999999864
0.20303030303030303,0.06060606060606061,299.99999999999864
0.20303030303030303,0.061414141414141414,299.99999999999864
0.20303030303030303,0.06222222222222222,299.99999999999864
0.20303030303030303,0.06303030303030302,299.99999999999864
0.20303030303030303,0.06383838383838383,299.99999999999864
0.20303030303030303,0.06464646464646465,299.99999999999864
0.20303030303030303,0.06545454545454546,299.99999999999864
0.20303030303030303,0.06626262626262627,299.99999999999864
0.20303030303030303,0.06707070707070706,299.99999999999864
0.20303030303030303,0.06787878787878787,299.99999999999864
0.20303030303030303,0.06868686868686869,299.99999999999864
0.20303030303030303,0.0694949494949495,299.99999999999864
0.20303030303030303,0.07030303030303031,299.99999999999864
0.20303030303030303,0.07111111111111111,299.99999999999864
0.20303030303030303,0.07191919191919191,299.99999999999864
0.20303030303030303,0.07272727272727272,299.99999999999864
0.20303030303030303,0.07353535353535354,299.99999999999864
0.20303030303030303,0.07434343434343435,299.99999999999864
0.20303030303030303,0.07515151515151516,299.99999999999864
0.20303030303030303,0.07595959595959595,299.99999999999864
0.20303030303030303,0.07676767676767676,299.99999999999864
0.20303030303030303,0.07757575757575758,299.99999999999864
0.20303030303030303,0.07838383838383839,299.99999999999864
0.20303030303030303,0.0791919191919192,299.9999999999631
0.20303030303030303,0.07979818813131313,300.0000000000008
0.20303030303030303,0.08000088465770044,300.0000000000008
0.20303030303030303,0.0800019359326174,300.0000000000008
0.20303030303030303,0.08000324619642925,300.0000000000008
0.20303030303030303,0.08000487925285339,300.0000000000008
0.20303030303030303,0.08000691462409718,300.0000000000008
0.20303030303030303,0.08000945142321741,300.0000000000008
0.20303030303030303,0.08001261318046245,300.0000000000008
0.20303030303030303,0.08001655385861739,300.0000000000008
0.20303030303030303,0.08002146535027135,300.0000000000008
0.20303030303030303,0.08002758682208874,300.0000000000008
0.20303030303030303,0.08003521636110686,300.0000000000008
0.20303030303030303,0.08004472549017998,300.0000000000008
0.20303030303030303,0.08005657725940413,300.0000000000008
0.20303030303030303,0.08007134879449027,300.0000000000008
0.20303030303030303,0.08008975940008634,300.0000000000008
0.20303030303030303,0.08011270558654815,300.0000000000008
0.20303030303030303,0.08014130472579933,300.0000000000008
0.20303030303030303,0.08017694946211615,300.0000000000008
0.20303030303030303,0.08022137552738813,300.0000000000008
0.20303030303030303,0.08027674626314021,300.0000000000008
0.20303030303030303,0.08034575796514344,300.0000000000008
0.20303030303030303,0.08043177118040407,300.0000000000008
0.20303030303030303,0.08053897435007991,300.0000000000008
0.20303030303030303,0.08067258776696852,300.0000000000008
0.20303030303030303,0.08083911777934251,300.0000000000008
0.20303030303030303,0.08104667361966954,300.0000000000008
0.20303030303030303,0.08130536228629326,300.0000000000008
0.20303030303030303,0.08162778070696558,300.0000000000008
0.20303030303030303,0.08202962915029163,300.0000000000008
0.20303030303030303,0.08237629432068608,300.00000000000074
0.20606060606060606,0.00020202020202020202,299.99999999999864
0.20606060606060606,0.0008080808080808081,299.99999999999864
0.20606060606060606,0.0016161616161616162,299.99999999999864
0.20606060606060606,0.0024242424242424242,299.99999999999864
0.20606060606060606,0.0032323232323232323,299.99999999999864
0.20606060606060606,0.00404040404040404,299.99999999999864
0.20606060606060606,0.0048484848484848485,299.99999999999864
0.20606060606060606,0.0056565656565656566,299.99999999999864
0.20606060606060606,0.006464646464646465,299.99999999999864
0.20606060606060606,0.007272727272727273,299.99999999999864
0.20606060606060606,0.00808080808080808,299.99999999999864
0.20606060606060606,0.008888888888888889,299.99999999999864
0.20606060606060606,0.009696969696969697,299.99999999999864
0.20606060606060606,0.010505050505050505,299.99999999999864
0.20606060606060606,0.011313131313131313,299.99999999999864
0.20606060606060606,0.012121212121212121,299.99999999999864
0.20606060606060606,0.01292929292929293,299.99999999999864
0.20606060606060606,0.013737373737373737,299.99999999999864
0.20606060606060606,0.014545454545454545,299.99999999999864
0.20606060606060606,0.015353535353535354,299.99999999999864
0.20606060606060606,0.01616161616161616,299.99999999999864
0.20606060606060606,0.016969696969696968,299.99999999999864
0.20606060606060606,0.017777777777777778,299.99999999999864
0.20606060606060606,0.018585858585858588,299.99999999999864
0.20606060606060606,0.019393939393939394,299.99999999999864
0.20606060606060606,0.0202020202020202,299.99999999999864
0.20606060606060606,0.02101010101010101,299.99999999999864
0.20606060606060606,0.02181818181818182,299.99999999999864
0.20606060606060606,0.022626262626262626,299.99999999999864
0.20606060606060606,0.023434343434343433,299.99999999999864
0.20606060606060606,0.024242424242424242,299.99999999999864
0.20606060606060606,0.025050505050505052,299.99999999999864
0.20606060606060606,0.02585858585858586,299.99999999999864
0.20606060606060606,0.026666666666666665,299.99999999999864
0.20606060606060606,0.027474747474747475,299.99999999999864
0.20606060606060606,0.028282828282828285,299.99999999999864
0.20606060606060606,0.02909090909090909,299.99999999999864
0.20606060606060606,0.029898989898989897,299.99999999999864
0.20606060606060606,0.030707070707070707,299.99999999999864
0.20606060606060606,0.03151515151515151,299.99999999999864
0.20606060606060606,0.03232323232323232,299.99999999999864
0.20606060606060606,0.03313131313131313,299.99999999999864
0.20606060606060606,0.033939393939393936,299.99999999999864
0.20606060606060606,0.03474747474747475,299.99999999999864
0.20606060606060606,0.035555555555555556,299.99999999999864
0.20606060606060606,0.03636363636363636,299.99999999999864
0.20606060606060606,0.037171717171717175,299.99999999999864
0.20606060606060606,0.03797979797979798,299.99999999999864
0.20606060606060606,0.03878787878787879,299.99999999999864
0.20606060606060606,0.039595959595959594,299.99999999999864
0.20606060606060606,0.0404040404040404,299.99999999999864
0.20606060606060606,0.041212121212121214,299.99999999999864
0.20606060606060606,0.04202020202020202,299.99999999999864
0.20606060606060606,0.042828282828282827,299.99999999999864
0.20606060606060606,0.04363636363636364,299.99999999999864
0.20606060606060606,0.044444444444444446,299.99999999999864
0.20606060606060606,0.04525252525252525,299.99999999999864
0.20606060606060606,0.04606060606060606,299.99999999999864
0.20606060606060606,0.046868686868686865,299.99999999999864
0.20606060606060606,0.04767676767676768,299.99999999999864
0.20606060606060606,0.048484848484848485,299.99999999999864
0.20606060606060606,0.04929292929292929,299.99999999999864
0.20606060606060606,0.050101010101010104,299.99999999999864
0.20606060606060606,0.05090909090909091,299.99999999999864
0.20606060606060606,0.05171717171717172,299.99999999999864
0.20606060606060606,0.052525252525252523,299.99999999999864
0.20606060606060606,0.05333333333333333,299.99999999999864
0.20606060606060606,0.05414141414141414,299.99999999999864
0.20606060606060606,0.05494949494949495,299.99999999999864
0.20606060606060606,0.055757575757575756,299.99999999999864
0.20606060606060606,0.05656565656565657,299.99999999999864
0.20606060606060606,0.057373737373737375,299.99999999999864
0.20606060606060606,0.05818181818181818,299.99999999999864
0.20606060606060606,0.05898989898989899,299.99999999999864
0.20606060606060606,0.059797979797979794,299.99999999999864
0.20606060606060606,0.06060606060606061,299.99999999999864
0.20606060606060606,0.061414141414141414,299.99999999999864
0.20606060606060606,0.06222222222222222,299.99999999999864
0.20606060606060606,0.06303030303030302,299.99999999999864
0.20606060606060606,0.06383838383838383,299.99999999999864
0.20606060606060606,0.06464646464646465,299.99999999999864
0.20606060606060606,0.06545454545454546,299.99999999999864
0.20606060606060606,0.06626262626262627,299.99999999999864
0.20606060606060606,0.06707070707070706,299.99999999999864
0.20606060606060606,0.06787878787878787,299.99999999999864
0.20606060606060606,0.06868686868686869,299.99999999999864
0.20606060606060606,0.0694949494949495,299.99999999999864
0.20606060606060606,0.07030303030303031,299.99999999999864
0.20606060606060606,0.07111111111111111,299.99999999999864
0.20606060606060606,0.07191919191919191,299.99999999999864
0.20606060606060606,0.07272727272727272,299.99999999999864
0.20606060606060606,0.07353535353535354,299.99999999999864
0.20606060606060606,0.07434343434343435,299.99999999999864
0.20606060606060606,0.07515151515151516,299.99999999999864
0.20606060606060606,0.07595959595959595,299.99999999999864
0.20606060606060606,0.07676767676767676,299.99999999999864
0.20606060606060606,0.07757575757575758,299.99999999999864
0.20606060606060606,0.07838383838383839,299.99999999999864
0.20606060606060606,0.0791919191919192,299.99999999999864
0.20606060606060606,0.07979818813131313,300.0000000000008
0.20606060606060606,0.08000088465770044,300.0000000000008
0.20606060606060606,0.0800019359326174,300.0000000000008
0.20606060606060606,0.08000324619642925,300.0000000000008
0.20606060606060606,0.08000487925285339,300.0000000000008
0.20606060606060606,0.08000691462409718,300.0000000000008
0.20606060606060606,0.08000945142321741,300.0000000000008
0.20606060606060606,0.08001261318046245,300.0000000000008
0.20606060606060606,0.08001655385861739,300.0000000000008
0.20606060606060606,0.08002146535027135,300.0000000000008
0.20606060606060606,0.08002758682208874,300.0000000000008
0.20606060606060606,0.08003521636110686,300.0000000000008
0.20606060606060606,0.08004472549017998,300.0000000000008
0.20606060606060606,0.08005657725940413,300.0000000000008
0.20606060606060606,0.08007134879449027,300.0000000000008
0.20606060606060606,0.08008975940008634,300.0000000000008
0.20606060606060606,0.08011270558654815,300.0000000000008
0.20606060606060606,0.08014130472579933,300.0000000000008
0.20606060606060606,0.08017694946211615,300.0000000000008
0.20606060606060606,0.08022137552738813,300.0000000000008
0.20606060606060606,0.08027674626314021,300.0000000000008
0.20606060606060606,0.08034575796514344,300.0000000000008
0.20606060606060606,0.08043177118040407,300.0000000000008
0.20606060606060606,0.08053897435007991,300.0000000000008
0.20606060606060606,0.08067258776696852,300.0000000000008
0.20606060606060606,0.08083911777934251,300.0000000000008
0.20606060606060606,0.08104667361966954,300.0000000000008
0.20606060606060606,0.08130536228629326,300.0000000000008
0.20606060606060606,0.08162778070696558,300.0000000000008
0.20606060606060606,0.08202962915029163,300.0000000000008
0.20606060606060606,0.08237629432068608,300.00000000000074
0.2090909090909091,0.00020202020202020202,299.99999999999864
0.2090909090909091,0.0008080808080808081,299.99999999999864
0.2090909090909091,0.0016161616161616162,299.99999999999864
0.2090909090909091,0.0024242424242424242,299.99999999999864
0.2090909090909091,0.0032323232323232323,299.99999999999864
0.2090909090909091,0.00404040404040404,299.99999999999864
0.2090909090909091,0.0048484848484848485,299.99999999999864
0.2090909090909091,0.0056565656565656566,299.99999999999864
0.2090909090909091,0.006464646464646465,299.99999999999864
0.2090909090909091,0.007272727272727273,299.99999999999864
0.2090909090909091,0.00808080808080808,299.99999999999864
0.2090909090909091,0.008888888888888889,299.99999999999864
0.2090909090909091,0.009696969696969697,299.99999999999864
0.2090909090909091,0.010505050505050505,299.99999999999864
0.2090909090909091,0.011313131313131313,299.99999999999864
0.2090909090909091,0.012121212121212121,299.99999999999864
0.2090909090909091,0.01292929292929293,299.99999999999864
0.2090909090909091,0.013737373737373737,299.99999999999864
0.2090909090909091,0.014545454545454545,299.99999999999864
0.2090909090909091,0.015353535353535354,299.99999999999864
0.2090909090909091,0.01616161616161616,299.99999999999864
0.2090909090909091,0.016969696969696968,299.99999999999864
0.2090909090909091,0.017777777777777778,299.99999999999864
0.2090909090909091,0.018585858585858588,299.99999999999864
0.2090909090909091,0.019393939393939394,299.99999999999864
0.2090909090909091,0.0202020202020202,299.99999999999864
0.2090909090909091,0.02101010101010101,299.99999999999864
0.2090909090909091,0.02181818181818182,299.99999999999864
0.2090909090909091,0.022626262626262626,299.99999999999864
0.2090909090909091,0.023434343434343433,299.99999999999864
0.2090909090909091,0.024242424242424242,299.99999999999864
0.2090909090909091,0.025050505050505052,299.99999999999864
0.2090909090909091,0.02585858585858586,299.99999999999864
0.2090909090909091,0.026666666666666665,299.99999999999864
0.2090909090909091,0.027474747474747475,299.99999999999864
0.2090909090909091,0.028282828282828285,299.99999999999864
0.2090909090909091,0.02909090909090909,299.99999999999864
0.2090909090909091,0.029898989898989897,299.99999999999864
0.2090909090909091,0.030707070707070707,299.99999999999864
0.2090909090909091,0.03151515151515151,299.99999999999864
0.2090909090909091,0.03232323232323232,299.99999999999864
0.2090909090909091,0.03313131313131313,299.99999999999864
0.2090909090909091,0.033939393939393936,299.99999999999864
0.2090909090909091,0.03474747474747475,299.99999999999864
0.2090909090909091,0.035555555555555556,299.99999999999864
0.2090909090909091,0.03636363636363636,299.99999999999864
0.2090909090909091,0.037171717171717175,299.99999999999864
0.2090909090909091,0.03797979797979798,299.99999999999864
0.2090909090909091,0.03878787878787879,299.99999999999864
0.2090909090909091,0.039595959595959594,299.99999999999864
0.2090909090909091,0.0404040404040404,299.99999999999864
0.2090909090909091,0.041212121212121214,299.99999999999864
0.2090909090909091,0.04202020202020202,299.99999999999864
0.2090909090909091,0.042828282828282827,299.99999999999864
0.2090909090909091,0.04363636363636364,299.99999999999864
0.2090909090909091,0.044444444444444446,299.99999999999864
0.2090909090909091,0.04525252525252525,299.99999999999864
0.2090909090909091,0.04606060606060606,299.99999999999864
0.2090909090909091,0.046868686868686865,299.99999999999864
0.2090909090909091,0.04767676767676768,299.99999999999864
0.2090909090909091,0.048484848484848485,299.99999999999864
0.2090909090909091,0.04929292929292929,299.99999999999864
0.2090909090909091,0.050101010101010104,299.99999999999864
0.2090909090909091,0.05090909090909091,299.99999999999864
0.2090909090909091,0.05171717171717172,299.99999999999864
0.2090909090909091,0.052525252525252523,299.99999999999864
0.2090909090909091,0.05333333333333333,299.99999999999864
0.2090909090909091,0.05414141414141414,299.99999999999864
0.2090909090909091,0.05494949494949495,299.99999999999864
0.2090909090909091,0.055757575757575756,299.99999999999864
0.2090909090909091,0.05656565656565657,299.99999999999864
0.2090909090909091,0.057373737373737375,299.99999999999864
0.2090909090909091,0.05818181818181818,299.99999999999864
0.2090909090909091,0.05898989898989899,299.99999999999864
0.2090909090909091,0.059797979797979794,299.99999999999864
0.2090909090909091,0.06060606060606061,299.99999999999864
0.2090909090909091,0.061414141414141414,299.99999999999864
0.2090909090909091,0.06222222222222222,299.99999999999864
0.2090909090909091,0.06303030303030302,299.99999999999864
0.2090909090909091,0.06383838383838383,299.99999999999864
0.2090909090909091,0.06464646464646465,299.99999999999864
0.2090909090909091,0.06545454545454546,299.99999999999864
0.2090909090909091,0.06626262626262627,299.99999999999864
0.2090909090909091,0.06707070707070706,299.99999999999864
0.2090909090909091,0.06787878787878787,299.99999999999864
0.2090909090909091,0.06868686868686869,299.99999999999864
0.2090909090909091,0.0694949494949495,299.99999999999864
0.2090909090909091,0.07030303030303031,299.99999999999864
0.2090909090909091,0.07111111111111111,299.99999999999864
0.2090909090909091,0.07191919191919191,299.99999999999864
0.2090909090909091,0.07272727272727272,299.99999999999864
0.2090909090909091,0.07353535353535354,299.99999999999864
0.2090909090909091,0.07434343434343435,299.99999999999864
0.2090909090909091,0.07515151515151516,299.99999999999864
0.2090909090909091,0.07595959595959595,299.99999999999864
0.2090909090909091,0.07676767676767676,299.99999999999864
0.2090909090909091,0.07757575757575758,299.99999999999864
0.2090909090909091,0.07838383838383839,299.99999999999864
0.2090909090909091,0.0791919191919192,299.99999999999864
0.2090909090909091,0.07979818813131313,300.0000000000008
0.2090909090909091,0.08000088465770044,300.0000000000008
0.2090909090909091,0.0800019359326174,300.0000000000008
0.2090909090909091,0.08000324619642925,300.0000000000008
0.2090909090909091,0.08000487925285339,300.0000000000008
0.2090909090909091,0.08000691462409718,300.0000000000008
0.2090909090909091,0.08000945142321741,300.0000000000008
0.2090909090909091,0.08001261318046245,300.0000000000008
0.2090909090909091,0.08001655385861739,300.0000000000008
0.2090909090909091,0.08002146535027135,300.0000000000008
0.2090909090909091,0.08002758682208874,300.0000000000008
0.2090909090909091,0.08003521636110686,300.0000000000008
0.2090909090909091,0.08004472549017998,300.0000000000008
0.2090909090909091,0.08005657725940413,300.0000000000008
0.2090909090909091,0.08007134879449027,300.0000000000008
0.2090909090909091,0.08008975940008634,300.0000000000008
0.2090909090909091,0.08011270558654815,300.0000000000008
0.2090909090909091,0.08014130472579933,300.0000000000008
0.2090909090909091,0.08017694946211615,300.0000000000008
0.2090909090909091,0.08022137552738813,300.0000000000008
0.2090909090909091,0.08027674626314021,300.0000000000008
0.2090909090909091,0.08034575796514344,300.0000000000008
0.2090909090909091,0.08043177118040407,300.0000000000008
0.2090909090909091,0.08053897435007991,300.0000000000008
0.2090909090909091,0.08067258776696852,300.0000000000008
0.2090909090909091,0.08083911777934251,300.0000000000008
0.2090909090909091,0.08104667361966954,300.0000000000008
0.2090909090909091,0.08130536228629326,300.0000000000008
0.2090909090909091,0.08162778070696558,300.0000000000008
0.2090909090909091,0.08202962915029163,300.0000000000008
0.2090909090909091,0.08237629432068608,300.00000000000074
0.2121212121212121,0.00020202020202020202,299.99999999999864
0.2121212121212121,0.0008080808080808081,299.99999999999864
0.2121212121212121,0.0016161616161616162,299.99999999999864
0.2121212121212121,0.0024242424242424242,299.99999999999864
0.2121212121212121,0.0032323232323232323,299.99999999999864
0.2121212121212121,0.00404040404040404,299.99999999999864
0.2121212121212121,0.0048484848484848485,299.99999999999864
0.2121212121212121,0.0056565656565656566,299.99999999999864
0.2121212121212121,0.006464646464646465,299.99999999999864
0.2121212121212121,0.007272727272727273,299.99999999999864
0.2121212121212121,0.00808080808080808,299.99999999999864
0.2121212121212121,0.008888888888888889,299.99999999999864
0.2121212121212121,0.009696969696969697,299.99999999999864
0.2121212121212121,0.010505050505050505,299.99999999999864
0.2121212121212121,0.011313131313131313,299.99999999999864
0.2121212121212121,0.012121212121212121,299.99999999999864
0.2121212121212121,0.01292929292929293,299.99999999999864
0.2121212121212121,0.013737373737373737,299.99999999999864
0.2121212121212121,0.014545454545454545,299.99999999999864
0.2121212121212121,0.015353535353535354,299.99999999999864
0.2121212121212121,0.01616161616161616,299.99999999999864
0.2121212121212121,0.016969696969696968,299.99999999999864
0.2121212121212121,0.017777777777777778,299.99999999999864
0.2121212121212121,0.018585858585858588,299.99999999999864
0.2121212121212121,0.019393939393939394,299.99999999999864
0.2121212121212121,0.0202020202020202,299.99999999999864
0.2121212121212121,0.02101010101010101,299.99999999999864
0.2121212121212121,0.02181818181818182,299.99999999999864
0.2121212121212121,0.022626262626262626,299.99999999999864
0.2121212121212121,0.023434343434343433,299.99999999999864
0.2121212121212121,0.024242424242424242,299.99999999999864
0.2121212121212121,0.025050505050505052,299.99999999999864
0.2121212121212121,0.02585858585858586,299.99999999999864
0.2121212121212121,0.026666666666666665,299.99999999999864
0.2121212121212121,0.027474747474747475,299.99999999999864
0.2121212121212121,0.028282828282828285,299.99999999999864
0.2121212121212121,0.02909090909090909,299.99999999999864
0.2121212121212121,0.029898989898989897,299.99999999999864
0.2121212121212121,0.030707070707070707,299.99999999999864
0.2121212121212121,0.03151515151515151,299.99999999999864
0.2121212121212121,0.03232323232323232,299.99999999999864
0.2121212121212121,0.03313131313131313,299.99999999999864
0.2121212121212121,0.033939393939393936,299.99999999999864
0.2121212121212121,0.03474747474747475,299.99999999999864
0.2121212121212121,0.035555555555555556,299.99999999999864
0.2121212121212121,0.03636363636363636,299.99999999999864
0.2121212121212121,0.037171717171717175,299.99999999999864
0.2121212121212121,0.03797979797979798,299.99999999999864
0.2121212121212121,0.03878787878787879,299.99999999999864
0.2121212121212121,0.039595959595959594,299.99999999999864
0.2121212121212121,0.0404040404040404,299.99999999999864
0.2121212121212121,0.041212121212121214,299.99999999999864
0.2121212121212121,0.04202020202020202,299.99999999999864
0.2121212121212121,0.042828282828282827,299.99999999999864
0.2121212121212121,0.04363636363636364,299.99999999999864
0.2121212121212121,0.044444444444444446,299.99999999999864
0.2121212121212121,0.04525252525252525,299.99999999999864
0.2121212121212121,0.04606060606060606,299.99999999999864
0.2121212121212121,0.046868686868686865,299.99999999999864
0.2121212121212121,0.04767676767676768,299.99999999999864
0.2121212121212121,0.048484848484848485,299.99999999999864
0.2121212121212121,0.04929292929292929,299.99999999999864
0.2121212121212121,0.050101010101010104,299.99999999999864
0.2121212121212121,0.05090909090909091,299.99999999999864
0.2121212121212121,0.05171717171717172,299.99999999999864
0.2121212121212121,0.052525252525252523,299.99999999999864
0.2121212121212121,0.05333333333333333,299.99999999999864
0.2121212121212121,0.05414141414141414,299.99999999999864
0.2121212121212121,0.05494949494949495,299.99999999999864
0.2121212121212121,0.055757575757575756,299.99999999999864
0.2121212121212121,0.05656565656565657,299.99999999999864
0.2121212121212121,0.057373737373737375,299.99999999999864
0.2121212121212121,0.05818181818181818,299.99999999999864
0.2121212121212121,0.05898989898989899,299.99999999999864
0.2121212121212121,0.059797979797979794,299.99999999999864
0.2121212121212121,0.06060606060606061,299.99999999999864
0.2121212121212121,0.061414141414141414,299.99999999999864
0.2121212121212121,0.06222222222222222,299.99999999999864
0.2121212121212121,0.06303030303030302,299.99999999999864
0.2121212121212121,0.06383838383838383,299.99999999999864
0.2121212121212121,0.06464646464646465,299.99999999999864
0.2121212121212121,0.06545454545454546,299.99999999999864
0.2121212121212121,0.06626262626262627,299.99999999999864
0.2121212121212121,0.06707070707070706,299.99999999999864
0.2121212121212121,0.06787878787878787,299.99999999999864
0.2121212121212121,0.06868686868686869,299.99999999999864
0.2121212121212121,0.0694949494949495,299.99999999999864
0.2121212121212121,0.07030303030303031,299.99999999999864
0.2121212121212121,0.07111111111111111,299.99999999999864
0.2121212121212121,0.07191919191919191,299.99999999999864
0.2121212121212121,0.07272727272727272,299.99999999999864
0.2121212121212121,0.07353535353535354,299.99999999999864
0.2121212121212121,0.07434343434343435,299.99999999999864
0.2121212121212121,0.07515151515151516,299.99999999999864
0.2121212121212121,0.07595959595959595,299.99999999999864
0.2121212121212121,0.07676767676767676,299.99999999999864
0.2121212121212121,0.07757575757575758,299.99999999999864
0.2121212121212121,0.07838383838383839,299.99999999999864
0.2121212121212121,0.0791919191919192,299.99999999999864
0.2121212121212121,0.07979818813131313,300.0000000000008
0.2121212121212121,0.08000088465770044,300.0000000000008
0.2121212121212121,0.0800019359326174,300.0000000000008
0.2121212121212121,0.08000324619642925,300.0000000000008
0.2121212121212121,0.08000487925285339,300.0000000000008
0.2121212121212121,0.08000691462409718,300.0000000000008
0.2121212121212121,0.08000945142321741,300.0000000000008
0.2121212121212121,0.08001261318046245,300.0000000000008
0.2121212121212121,0.08001655385861739,300.0000000000008
0.2121212121212121,0.08002146535027135,300.0000000000008
0.2121212121212121,0.08002758682208874,300.0000000000008
0.2121212121212121,0.08003521636110686,300.0000000000008
0.2121212121212121,0.08004472549017998,300.0000000000008
0.2121212121212121,0.08005657725940413,300.0000000000008
0.2121212121212121,0.08007134879449027,300.0000000000008
0.2121212121212121,0.08008975940008634,300.0000000000008
0.2121212121212121,0.08011270558654815,300.0000000000008
0.2121212121212121,0.08014130472579933,300.0000000000008
0.2121212121212121,0.08017694946211615,300.0000000000008
0.2121212121212121,0.08022137552738813,300.0000000000008
0.2121212121212121,0.08027674626314021,300.0000000000008
0.2121212121212121,0.08034575796514344,300.0000000000008
0.2121212121212121,0.08043177118040407,300.0000000000008
0.2121212121212121,0.08053897435007991,300.0000000000008
0.2121212121212121,0.08067258776696852,300.0000000000008
0.2121212121212121,0.08083911777934251,300.0000000000008
0.2121212121212121,0.08104667361966954,300.0000000000008
0.2121212121212121,0.08130536228629326,300.0000000000008
0.2121212121212121,0.08162778070696558,300.0000000000008
0.2121212121212121,0.08202962915029163,300.0000000000008
0.2121212121212121,0.08237629432068608,300.00000000000074
0.21515151515151515,0.00020202020202020202,299.99999999999864
0.21515151515151515,0.0008080808080808081,299.99999999999864
0.21515151515151515,0.0016161616161616162,299.99999999999864
0.21515151515151515,0.0024242424242424242,299.99999999999864
0.21515151515151515,0.0032323232323232323,299.99999999999864
0.21515151515151515,0.00404040404040404,299.99999999999864
0.21515151515151515,0.0048484848484848485,299.99999999999864
0.21515151515151515,0.0056565656565656566,299.99999999999864
0.21515151515151515,0.006464646464646465,299.99999999999864
0.21515151515151515,0.007272727272727273,299.99999999999864
0.21515151515151515,0.00808080808080808,299.99999999999864
0.21515151515151515,0.008888888888888889,299.99999999999864
0.21515151515151515,0.009696969696969697,299.99999999999864
0.21515151515151515,0.010505050505050505,299.99999999999864
0.21515151515151515,0.011313131313131313,299.99999999999864
0.21515151515151515,0.012121212121212121,299.99999999999864
0.21515151515151515,0.01292929292929293,299.99999999999864
0.21515151515151515,0.013737373737373737,299.99999999999864
0.21515151515151515,0.014545454545454545,299.99999999999864
0.21515151515151515,0.015353535353535354,299.99999999999864
0.21515151515151515,0.01616161616161616,299.99999999999864
0.21515151515151515,0.016969696969696968,299.99999999999864
0.21515151515151515,0.017777777777777778,299.99999999999864
0.21515151515151515,0.018585858585858588,299.99999999999864
0.21515151515151515,0.019393939393939394,299.99999999999864
0.21515151515151515,0.0202020202020202,299.99999999999864
0.21515151515151515,0.02101010101010101,299.99999999999864
0.21515151515151515,0.02181818181818182,299.99999999999864
0.21515151515151515,0.022626262626262626,299.99999999999864
0.21515151515151515,0.023434343434343433,299.99999999999864
0.21515151515151515,0.024242424242424242,299.99999999999864
0.21515151515151515,0.025050505050505052,299.99999999999864
0.21515151515151515,0.02585858585858586,299.99999999999864
0.21515151515151515,0.026666666666666665,299.99999999999864
0.21515151515151515,0.027474747474747475,299.99999999999864
0.21515151515151515,0.028282828282828285,299.99999999999864
0.21515151515151515,0.02909090909090909,299.99999999999864
0.21515151515151515,0.029898989898989897,299.99999999999864
0.21515151515151515,0.030707070707070707,299.99999999999864
0.21515151515151515,0.03151515151515151,299.99999999999864
0.21515151515151515,0.03232323232323232,299.99999999999864
0.21515151515151515,0.03313131313131313,299.99999999999864
0.21515151515151515,0.033939393939393936,299.99999999999864
0.21515151515151515,0.03474747474747475,299.99999999999864
0.21515151515151515,0.035555555555555556,299.99999999999864
0.21515151515151515,0.03636363636363636,299.99999999999864
0.21515151515151515,0.037171717171717175,299.99999999999864
0.21515151515151515,0.03797979797979798,299.99999999999864
0.21515151515151515,0.03878787878787879,299.99999999999864
0.21515151515151515,0.039595959595959594,299.99999999999864
0.21515151515151515,0.0404040404040404,299.99999999999864
0.21515151515151515,0.041212121212121214,299.99999999999864
0.21515151515151515,0.04202020202020202,299.99999999999864
0.21515151515151515,0.042828282828282827,299.99999999999864
0.21515151515151515,0.04363636363636364,299.99999999999864
0.21515151515151515,0.044444444444444446,299.99999999999864
0.21515151515151515,0.04525252525252525,299.99999999999864
0.21515151515151515,0.04606060606060606,299.99999999999864
0.21515151515151515,0.046868686868686865,299.99999999999864
0.21515151515151515,0.04767676767676768,299.99999999999864
0.21515151515151515,0.048484848484848485,299.99999999999864
0.21515151515151515,0.04929292929292929,299.99999999999864
0.21515151515151515,0.050101010101010104,299.99999999999864
0.21515151515151515,0.05090909090909091,299.99999999999864
0.21515151515151515,0.05171717171717172,299.99999999999864
0.21515151515151515,0.052525252525252523,299.99999999999864
0.21515151515151515,0.05333333333333333,299.99999999999864
0.21515151515151515,0.05414141414141414,299.99999999999864
0.21515151515151515,0.05494949494949495,299.99999999999864
0.21515151515151515,0.055757575757575756,299.99999999999864
0.21515151515151515,0.05656565656565657,299.99999999999864
0.21515151515151515,0.057373737373737375,299.99999999999864
0.21515151515151515,0.05818181818181818,299.99999999999864
0.21515151515151515,0.05898989898989899,299.99999999999864
0.21515151515151515,0.059797979797979794,299.99999999999864
0.21515151515151515,0.06060606060606061,299.99999999999864
0.21515151515151515,0.061414141414141414,299.99999999999864
0.21515151515151515,0.06222222222222222,299.99999999999864
0.21515151515151515,0.06303030303030302,299.99999999999864
0.21515151515151515,0.06383838383838383,299.99999999999864
0.21515151515151515,0.06464646464646465,299.99999999999864
0.21515151515151515,0.06545454545454546,299.99999999999864
0.21515151515151515,0.06626262626262627,299.99999999999864
0.21515151515151515,0.06707070707070706,299.99999999999864
0.21515151515151515,0.06787878787878787,299.99999999999864
0.21515151515151515,0.06868686868686869,299.99999999999864
0.21515151515151515,0.0694949494949495,299.99999999999864
0.21515151515151515,0.07030303030303031,299.99999999999864
0.21515151515151515,0.07111111111111111,299.99999999999864
0.21515151515151515,0.07191919191919191,299.99999999999864
0.21515151515151515,0.07272727272727272,299.99999999999864
0.21515151515151515,0.07353535353535354,299.99999999999864
0.21515151515151515,0.07434343434343435,299.99999999999864
0.21515151515151515,0.07515151515151516,299.99999999999864
0.21515151515151515,0.07595959595959595,299.99999999999864
0.21515151515151515,0.07676767676767676,299.99999999999864
0.21515151515151515,0.07757575757575758,299.99999999999864
0.21515151515151515,0.07838383838383839,299.99999999999864
0.21515151515151515,0.0791919191919192,299.9999999999631
0.21515151515151515,0.07979818813131313,300.0000000000008
0.21515151515151515,0.08000088465770044,300.0000000000008
0.21515151515151515,0.0800019359326174,300.0000000000008
0.21515151515151515,0.08000324619642925,300.0000000000008
0.21515151515151515,0.08000487925285339,300.0000000000008
0.21515151515151515,0.08000691462409718,300.0000000000008
0.21515151515151515,0.08000945142321741,300.0000000000008
0.21515151515151515,0.08001261318046245,300.0000000000008
0.21515151515151515,0.08001655385861739,300.0000000000008
0.21515151515151515,0.08002146535027135,300.0000000000008
0.21515151515151515,0.08002758682208874,300.0000000000008
0.21515151515151515,0.08003521636110686,300.0000000000008
0.21515151515151515,0.08004472549017998,300.0000000000008
0.21515151515151515,0.08005657725940413,300.0000000000008
0.21515151515151515,0.08007134879449027,300.0000000000008
0.21515151515151515,0.08008975940008634,300.0000000000008
0.21515151515151515,0.08011270558654815,300.0000000000008
0.21515151515151515,0.08014130472579933,300.0000000000008
0.21515151515151515,0.08017694946211615,300.0000000000008
0.21515151515151515,0.08022137552738813,300.0000000000008
0.21515151515151515,0.08027674626314021,300.0000000000008
0.21515151515151515,0.08034575796514344,300.0000000000008
0.21515151515151515,0.08043177118040407,300.0000000000008
0.21515151515151515,0.08053897435007991,300.0000000000008
0.21515151515151515,0.08067258776696852,300.0000000000008
0.21515151515151515,0.08083911777934251,300.0000000000008
0.21515151515151515,0.08104667361966954,300.0000000000008
0.21515151515151515,0.08130536228629326,300.0000000000008
0.21515151515151515,0.08162778070696558,300.0000000000008
0.21515151515151515,0.08202962915029163,300.0000000000008
0.21515151515151515,0.08237629432068608,300.00000000000074
0.2181818181818182,0.00020202020202020202,299.99999999999864
0.2181818181818182,0.0008080808080808081,299.99999999999864
0.2181818181818182,0.0016161616161616162,299.99999999999864
0.2181818181818182,0.0024242424242424242,299.99999999999864
0.2181818181818182,0.0032323232323232323,299.99999999999864
0.2181818181818182,0.00404040404040404,299.99999999999864
0.2181818181818182,0.0048484848484848485,299.99999999999864
0.2181818181818182,0.0056565656565656566,299.99999999999864
0.2181818181818182,0.006464646464646465,299.99999999999864
0.2181818181818182,0.007272727272727273,299.99999999999864
0.2181818181818182,0.00808080808080808,299.99999999999864
0.2181818181818182,0.008888888888888889,299.99999999999864
0.2181818181818182,0.009696969696969697,299.99999999999864
0.2181818181818182,0.010505050505050505,299.99999999999864
0.2181818181818182,0.011313131313131313,299.99999999999864
0.2181818181818182,0.012121212121212121,299.99999999999864
0.2181818181818182,0.01292929292929293,299.99999999999864
0.2181818181818182,0.013737373737373737,299.99999999999864
0.2181818181818182,0.014545454545454545,299.99999999999864
0.2181818181818182,0.015353535353535354,299.99999999999864
0.2181818181818182,0.01616161616161616,299.99999999999864
0.2181818181818182,0.016969696969696968,299.99999999999864
0.2181818181818182,0.017777777777777778,299.99999999999864
0.2181818181818182,0.018585858585858588,299.99999999999864
0.2181818181818182,0.019393939393939394,299.99999999999864
0.2181818181818182,0.0202020202020202,299.99999999999864
0.2181818181818182,0.02101010101010101,299.99999999999864
0.2181818181818182,0.02181818181818182,299.99999999999864
0.2181818181818182,0.022626262626262626,299.99999999999864
0.2181818181818182,0.023434343434343433,299.99999999999864
0.2181818181818182,0.024242424242424242,299.99999999999864
0.2181818181818182,0.025050505050505052,299.99999999999864
0.2181818181818182,0.02585858585858586,299.99999999999864
0.2181818181818182,0.026666666666666665,299.99999999999864
0.2181818181818182,0.027474747474747475,299.99999999999864
0.2181818181818182,0.028282828282828285,299.99999999999864
0.2181818181818182,0.02909090909090909,299.99999999999864
0.2181818181818182,0.029898989898989897,299.99999999999864
0.2181818181818182,0.030707070707070707,299.99999999999864
0.2181818181818182,0.03151515151515151,299.99999999999864
0.2181818181818182,0.03232323232323232,299.99999999999864
0.2181818181818182,0.03313131313131313,299.99999999999864
0.2181818181818182,0.033939393939393936,299.99999999999864
0.2181818181818182,0.03474747474747475,299.99999999999864
0.2181818181818182,0.035555555555555556,299.99999999999864
0.2181818181818182,0.03636363636363636,299.99999999999864
0.2181818181818182,0.037171717171717175,299.99999999999864
0.2181818181818182,0.03797979797979798,299.99999999999864
0.2181818181818182,0.03878787878787879,299.99999999999864
0.2181818181818182,0.039595959595959594,299.99999999999864
0.2181818181818182,0.0404040404040404,299.99999999999864
0.2181818181818182,0.041212121212121214,299.99999999999864
0.2181818181818182,0.04202020202020202,299.99999999999864
0.2181818181818182,0.042828282828282827,299.99999999999864
0.2181818181818182,0.04363636363636364,299.99999999999864
0.2181818181818182,0.044444444444444446,299.99999999999864
0.2181818181818182,0.04525252525252525,299.99999999999864
0.2181818181818182,0.04606060606060606,299.99999999999864
0.2181818181818182,0.046868686868686865,299.99999999999864
0.2181818181818182,0.04767676767676768,299.99999999999864
0.2181818181818182,0.048484848484848485,299.99999999999864
0.2181818181818182,0.04929292929292929,299.99999999999864
0.2181818181818182,0.050101010101010104,299.99999999999864
0.2181818181818182,0.05090909090909091,299.99999999999864
0.2181818181818182,0.05171717171717172,299.99999999999864
0.2181818181818182,0.052525252525252523,299.99999999999864
0.2181818181818182,0.05333333333333333,299.99999999999864
0.2181818181818182,0.05414141414141414,299.99999999999864
0.2181818181818182,0.05494949494949495,299.99999999999864
0.2181818181818182,0.055757575757575756,299.99999999999864
0.2181818181818182,0.05656565656565657,299.99999999999864
0.2181818181818182,0.057373737373737375,299.99999999999864
0.2181818181818182,0.05818181818181818,299.99999999999864
0.2181818181818182,0.05898989898989899,299.99999999999864
0.2181818181818182,0.059797979797979794,299.99999999999864
0.2181818181818182,0.06060606060606061,299.99999999999864
0.2181818181818182,0.061414141414141414,299.99999999999864
0.2181818181818182,0.06222222222222222,299.99999999999864
0.2181818181818182,0.06303030303030302,299.99999999999864
0.2181818181818182,0.06383838383838383,299.99999999999864
0.2181818181818182,0.06464646464646465,299.99999999999864
0.2181818181818182,0.06545454545454546,299.99999999999864
0.2181818181818182,0.06626262626262627,299.99999999999864
0.2181818181818182,0.06707070707070706,299.99999999999864
0.2181818181818182,0.06787878787878787,299.99999999999864
0.2181818181818182,0.06868686868686869,299.99999999999864
0.2181818181818182,0.0694949494949495,299.99999999999864
0.2181818181818182,0.07030303030303031,299.99999999999864
0.2181818181818182,0.07111111111111111,299.99999999999864
0.2181818181818182,0.07191919191919191,299.99999999999864
0.2181818181818182,0.07272727272727272,299.99999999999864
0.2181818181818182,0.07353535353535354,299.99999999999864
0.2181818181818182,0.07434343434343435,299.99999999999864
0.2181818181818182,0.07515151515151516,299.99999999999864
0.2181818181818182,0.07595959595959595,299.99999999999864
0.2181818181818182,0.07676767676767676,299.99999999999864
0.2181818181818182,0.07757575757575758,299.99999999999864
0.2181818181818182,0.07838383838383839,299.99999999999864
0.2181818181818182,0.0791919191919192,299.9999999999631
0.2181818181818182,0.07979818813131313,300.0000000000008
0.2181818181818182,0.08000088465770044,300.0000000000008
0.2181818181818182,0.0800019359326174,300.0000000000008
0.2181818181818182,0.08000324619642925,300.0000000000008
0.2181818181818182,0.08000487925285339,300.0000000000008
0.2181818181818182,0.08000691462409718,300.0000000000008
0.2181818181818182,0.08000945142321741,300.0000000000008
0.2181818181818182,0.08001261318046245,300.0000000000008
0.2181818181818182,0.08001655385861739,300.0000000000008
0.2181818181818182,0.08002146535027135,300.0000000000008
0.2181818181818182,0.08002758682208874,300.0000000000008
0.2181818181818182,0.08003521636110686,300.0000000000008
0.2181818181818182,0.08004472549017998,300.0000000000008
0.2181818181818182,0.08005657725940413,300.0000000000008
0.2181818181818182,0.08007134879449027,300.0000000000008
0.2181818181818182,0.08008975940008634,300.0000000000008
0.2181818181818182,0.08011270558654815,300.0000000000008
0.2181818181818182,0.08014130472579933,300.0000000000008
0.2181818181818182,0.08017694946211615,300.0000000000008
0.2181818181818182,0.08022137552738813,300.0000000000008
0.2181818181818182,0.08027674626314021,300.0000000000008
0.2181818181818182,0.08034575796514344,300.0000000000008
0.2181818181818182,0.08043177118040407,300.0000000000008
0.2181818181818182,0.08053897435007991,300.0000000000008
0.2181818181818182,0.08067258776696852,300.0000000000008
0.2181818181818182,0.08083911777934251,300.0000000000008
0.2181818181818182,0.08104667361966954,300.0000000000008
0.2181818181818182,0.08130536228629326,300.0000000000008
0.2181818181818182,0.08162778070696558,300.0000000000008
0.2181818181818182,0.08202962915029163,300.0000000000008
0.2181818181818182,0.08237629432068608,300.00000000000074
0.2212121212121212,0.00020202020202020202,299.99999999999864
0.2212121212121212,0.0008080808080808081,299.99999999999864
0.2212121212121212,0.0016161616161616162,299.99999999999864
0.2212121212121212,0.0024242424242424242,299.99999999999864
0.2212121212121212,0.0032323232323232323,299.99999999999864
0.2212121212121212,0.00404040404040404,299.99999999999864
0.2212121212121212,0.0048484848484848485,299.99999999999864
0.2212121212121212,0.0056565656565656566,299.99999999999864
0.2212121212121212,0.006464646464646465,299.99999999999864
0.2212121212121212,0.007272727272727273,299.99999999999864
0.2212121212121212,0.00808080808080808,299.99999999999864
0.2212121212121212,0.008888888888888889,299.99999999999864
0.2212121212121212,0.009696969696969697,299.99999999999864
0.2212121212121212,0.010505050505050505,299.99999999999864
0.2212121212121212,0.011313131313131313,299.99999999999864
0.2212121212121212,0.012121212121212121,299.99999999999864
0.2212121212121212,0.01292929292929293,299.99999999999864
0.2212121212121212,0.013737373737373737,299.99999999999864
0.2212121212121212,0.014545454545454545,299.99999999999864
0.2212121212121212,0.015353535353535354,299.99999999999864
0.2212121212121212,0.01616161616161616,299.99999999999864
0.2212121212121212,0.016969696969696968,299.99999999999864
0.2212121212121212,0.017777777777777778,299.99999999999864
0.2212121212121212,0.018585858585858588,299.99999999999864
0.2212121212121212,0.019393939393939394,299.99999999999864
0.2212121212121212,0.0202020202020202,299.99999999999864
0.2212121212121212,0.02101010101010101,299.99999999999864
0.2212121212121212,0.02181818181818182,299.99999999999864
0.2212121212121212,0.022626262626262626,299.99999999999864
0.2212121212121212,0.023434343434343433,299.99999999999864
0.2212121212121212,0.024242424242424242,299.99999999999864
0.2212121212121212,0.025050505050505052,299.99999999999864
0.2212121212121212,0.02585858585858586,299.99999999999864
0.2212121212121212,0.026666666666666665,299.99999999999864
0.2212121212121212,0.027474747474747475,299.99999999999864
0.2212121212121212,0.028282828282828285,299.99999999999864
0.2212121212121212,0.02909090909090909,299.99999999999864
0.2212121212121212,0.029898989898989897,299.99999999999864
0.2212121212121212,0.030707070707070707,299.99999999999864
0.2212121212121212,0.03151515151515151,299.99999999999864
0.2212121212121212,0.03232323232323232,299.99999999999864
0.2212121212121212,0.03313131313131313,299.99999999999864
0.2212121212121212,0.033939393939393936,299.99999999999864
0.2212121212121212,0.03474747474747475,299.99999999999864
0.2212121212121212,0.035555555555555556,299.99999999999864
0.2212121212121212,0.03636363636363636,299.99999999999864
0.2212121212121212,0.037171717171717175,299.99999999999864
0.2212121212121212,0.03797979797979798,299.99999999999864
0.2212121212121212,0.03878787878787879,299.99999999999864
0.2212121212121212,0.039595959595959594,299.99999999999864
0.2212121212121212,0.0404040404040404,299.99999999999864
0.2212121212121212,0.041212121212121214,299.99999999999864
0.2212121212121212,0.04202020202020202,299.99999999999864
0.2212121212121212,0.042828282828282827,299.99999999999864
0.2212121212121212,0.04363636363636364,299.99999999999864
0.2212121212121212,0.044444444444444446,299.99999999999864
0.2212121212121212,0.04525252525252525,299.99999999999864
0.2212121212121212,0.04606060606060606,299.99999999999864
0.2212121212121212,0.046868686868686865,299.99999999999864
0.2212121212121212,0.04767676767676768,299.99999999999864
0.2212121212121212,0.048484848484848485,299.99999999999864
0.2212121212121212,0.04929292929292929,299.99999999999864
0.2212121212121212,0.050101010101010104,299.99999999999864
0.2212121212121212,0.05090909090909091,299.99999999999864
0.2212121212121212,0.05171717171717172,299.99999999999864
0.2212121212121212,0.052525252525252523,299.99999999999864
0.2212121212121212,0.05333333333333333,299.99999999999864
0.2212121212121212,0.05414141414141414,299.99999999999864
0.2212121212121212,0.05494949494949495,299.99999999999864
0.2212121212121212,0.055757575757575756,299.99999999999864
0.2212121212121212,0.05656565656565657,299.99999999999864
0.2212121212121212,0.057373737373737375,299.99999999999864
0.2212121212121212,0.05818181818181818,299.99999999999864
0.2212121212121212,0.05898989898989899,299.99999999999864
0.2212121212121212,0.059797979797979794,299.99999999999864
0.2212121212121212,0.06060606060606061,299.99999999999864
0.2212121212121212,0.061414141414141414,299.99999999999864
0.2212121212121212,0.06222222222222222,299.99999999999864
0.2212121212121212,0.06303030303030302,299.99999999999864
0.2212121212121212,0.06383838383838383,299.99999999999864
0.2212121212121212,0.06464646464646465,299.99999999999864
0.2212121212121212,0.06545454545454546,299.99999999999864
0.2212121212121212,0.06626262626262627,299.99999999999864
0.2212121212121212,0.06707070707070706,299.99999999999864
0.2212121212121212,0.06787878787878787,299.99999999999864
0.2212121212121212,0.06868686868686869,299.99999999999864
0.2212121212121212,0.0694949494949495,299.99999999999864
0.2212121212121212,0.07030303030303031,299.99999999999864
0.2212121212121212,0.07111111111111111,299.99999999999864
0.2212121212121212,0.07191919191919191,299.99999999999864
0.2212121212121212,0.07272727272727272,299.99999999999864
0.2212121212121212,0.07353535353535354,299.99999999999864
0.2212121212121212,0.07434343434343435,299.99999999999864
0.2212121212121212,0.07515151515151516,299.99999999999864
0.2212121212121212,0.07595959595959595,299.99999999999864
0.2212121212121212,0.07676767676767676,299.99999999999864
0.2212121212121212,0.07757575757575758,299.99999999999864
0.2212121212121212,0.07838383838383839,299.99999999999864
0.2212121212121212,0.0791919191919192,299.9999999999631
0.2212121212121212,0.07979818813131313,300.0000000000008
0.2212121212121212,0.08000088465770044,300.0000000000008
0.2212121212121212,0.0800019359326174,300.0000000000008
0.2212121212121212,0.08000324619642925,300.0000000000008
0.2212121212121212,0.08000487925285339,300.0000000000008
0.2212121212121212,0.08000691462409718,300.0000000000008
0.2212121212121212,0.08000945142321741,300.0000000000008
0.2212121212121212,0.08001261318046245,300.0000000000008
0.2212121212121212,0.08001655385861739,300.0000000000008
0.2212121212121212,0.08002146535027135,300.0000000000008
0.2212121212121212,0.08002758682208874,300.0000000000008
0.2212121212121212,0.08003521636110686,300.0000000000008
0.2212121212121212,0.08004472549017998,300.0000000000008
0.2212121212121212,0.08005657725940413,300.0000000000008
0.2212121212121212,0.08007134879449027,300.0000000000008
0.2212121212121212,0.08008975940008634,300.0000000000008
0.2212121212121212,0.08011270558654815,300.0000000000008
0.2212121212121212,0.08014130472579933,300.0000000000008
0.2212121212121212,0.08017694946211615,300.0000000000008
0.2212121212121212,0.08022137552738813,300.0000000000008
0.2212121212121212,0.08027674626314021,300.0000000000008
0.2212121212121212,0.08034575796514344,300.0000000000008
0.2212121212121212,0.08043177118040407,300.0000000000008
0.2212121212121212,0.08053897435007991,300.0000000000008
0.2212121212121212,0.08067258776696852,300.0000000000008
0.2212121212121212,0.08083911777934251,300.0000000000008
0.2212121212121212,0.08104667361966954,300.0000000000008
0.2212121212121212,0.08130536228629326,300.0000000000008
0.2212121212121212,0.08162778070696558,300.0000000000008
0.2212121212121212,0.08202962915029163,300.0000000000008
0.2212121212121212,0.08237629432068608,300.00000000000074
0.22424242424242424,0.00020202020202020202,299.99999999999864
0.22424242424242424,0.0008080808080808081,299.99999999999864
0.22424242424242424,0.0016161616161616162,299.99999999999864
0.22424242424242424,0.0024242424242424242,299.99999999999864
0.22424242424242424,0.0032323232323232323,299.99999999999864
0.22424242424242424,0.00404040404040404,299.99999999999864
0.22424242424242424,0.0048484848484848485,299.99999999999864
0.22424242424242424,0.0056565656565656566,299.99999999999864
0.22424242424242424,0.006464646464646465,299.99999999999864
0.22424242424242424,0.007272727272727273,299.99999999999864
0.22424242424242424,0.00808080808080808,299.99999999999864
0.22424242424242424,0.008888888888888889,299.99999999999864
0.22424242424242424,0.009696969696969697,299.99999999999864
0.22424242424242424,0.010505050505050505,299.99999999999864
0.22424242424242424,0.011313131313131313,299.99999999999864
0.22424242424242424,0.012121212121212121,299.99999999999864
0.22424242424242424,0.01292929292929293,299.99999999999864
0.22424242424242424,0.013737373737373737,299.99999999999864
0.22424242424242424,0.014545454545454545,299.99999999999864
0.22424242424242424,0.015353535353535354,299.99999999999864
0.22424242424242424,0.01616161616161616,299.99999999999864
0.22424242424242424,0.016969696969696968,299.99999999999864
0.22424242424242424,0.017777777777777778,299.99999999999864
0.22424242424242424,0.018585858585858588,299.99999999999864
0.22424242424242424,0.019393939393939394,299.99999999999864
0.22424242424242424,0.0202020202020202,299.99999999999864
0.22424242424242424,0.02101010101010101,299.99999999999864
0.22424242424242424,0.02181818181818182,299.99999999999864
0.22424242424242424,0.022626262626262626,299.99999999999864
0.22424242424242424,0.023434343434343433,299.99999999999864
0.22424242424242424,0.024242424242424242,299.99999999999864
0.22424242424242424,0.025050505050505052,299.99999999999864
0.22424242424242424,0.02585858585858586,299.99999999999864
0.22424242424242424,0.026666666666666665,299.99999999999864
0.22424242424242424,0.027474747474747475,299.99999999999864
0.22424242424242424,0.028282828282828285,299.99999999999864
0.22424242424242424,0.02909090909090909,299.99999999999864
0.22424242424242424,0.029898989898989897,299.99999999999864
0.22424242424242424,0.030707070707070707,299.99999999999864
0.22424242424242424,0.03151515151515151,299.99999999999864
0.22424242424242424,0.03232323232323232,299.99999999999864
0.22424242424242424,0.03313131313131313,299.99999999999864
0.22424242424242424,0.033939393939393936,299.99999999999864
0.22424242424242424,0.03474747474747475,299.99999999999864
0.22424242424242424,0.035555555555555556,299.99999999999864
0.22424242424242424,0.03636363636363636,299.99999999999864
0.22424242424242424,0.037171717171717175,299.99999999999864
0.22424242424242424,0.03797979797979798,299.99999999999864
0.22424242424242424,0.03878787878787879,299.99999999999864
0.22424242424242424,0.039595959595959594,299.99999999999864
0.22424242424242424,0.0404040404040404,299.99999999999864
0.22424242424242424,0.041212121212121214,299.99999999999864
0.22424242424242424,0.04202020202020202,299.99999999999864
0.22424242424242424,0.042828282828282827,299.99999999999864
0.22424242424242424,0.04363636363636364,299.99999999999864
0.22424242424242424,0.044444444444444446,299.99999999999864
0.22424242424242424,0.04525252525252525,299.99999999999864
0.22424242424242424,0.04606060606060606,299.99999999999864
0.22424242424242424,0.046868686868686865,299.99999999999864
0.22424242424242424,0.04767676767676768,299.99999999999864
0.22424242424242424,0.048484848484848485,299.99999999999864
0.22424242424242424,0.04929292929292929,299.99999999999864
0.22424242424242424,0.050101010101010104,299.99999999999864
0.22424242424242424,0.05090909090909091,299.99999999999864
0.22424242424242424,0.05171717171717172,299.99999999999864
0.22424242424242424,0.052525252525252523,299.99999999999864
0.22424242424242424,0.05333333333333333,299.99999999999864
0.22424242424242424,0.05414141414141414,299.99999999999864
0.22424242424242424,0.05494949494949495,299.99999999999864
0.22424242424242424,0.055757575757575756,299.99999999999864
0.22424242424242424,0.05656565656565657,299.99999999999864
0.22424242424242424,0.057373737373737375,299.99999999999864
0.22424242424242424,0.05818181818181818,299.99999999999864
0.22424242424242424,0.05898989898989899,299.99999999999864
0.22424242424242424,0.059797979797979794,299.99999999999864
0.22424242424242424,0.06060606060606061,299.99999999999864
0.22424242424242424,0.061414141414141414,299.99999999999864
0.22424242424242424,0.06222222222222222,299.99999999999864
0.22424242424242424,0.06303030303030302,299.99999999999864
0.22424242424242424,0.06383838383838383,299.99999999999864
0.22424242424242424,0.06464646464646465,299.99999999999864
0.22424242424242424,0.06545454545454546,299.99999999999864
0.22424242424242424,0.06626262626262627,299.99999999999864
0.22424242424242424,0.06707070707070706,299.99999999999864
0.22424242424242424,0.06787878787878787,299.99999999999864
0.22424242424242424,0.06868686868686869,299.99999999999864
0.22424242424242424,0.0694949494949495,299.99999999999864
0.22424242424242424,0.07030303030303031,299.99999999999864
0.22424242424242424,0.07111111111111111,299.99999999999864
0.22424242424242424,0.07191919191919191,299.99999999999864
0.22424242424242424,0.07272727272727272,299.99999999999864
0.22424242424242424,0.07353535353535354,299.99999999999864
0.22424242424242424,0.07434343434343435,299.99999999999864
0.22424242424242424,0.07515151515151516,299.99999999999864
0.22424242424242424,0.07595959595959595,299.99999999999864
0.22424242424242424,0.07676767676767676,299.99999999999864
0.22424242424242424,0.07757575757575758,299.99999999999864
0.22424242424242424,0.07838383838383839,299.99999999999864
0.22424242424242424,0.0791919191919192,299.9999999999631
0.22424242424242424,0.07979818813131313,300.0000000000008
0.22424242424242424,0.08000088465770044,300.0000000000008
0.22424242424242424,0.0800019359326174,300.0000000000008
0.22424242424242424,0.08000324619642925,300.0000000000008
0.22424242424242424,0.08000487925285339,300.0000000000008
0.22424242424242424,0.08000691462409718,300.0000000000008
0.22424242424242424,0.08000945142321741,300.0000000000008
0.22424242424242424,0.08001261318046245,300.0000000000008
0.22424242424242424,0.08001655385861739,300.0000000000008
0.22424242424242424,0.08002146535027135,300.0000000000008
0.22424242424242424,0.08002758682208874,300.0000000000008
0.22424242424242424,0.08003521636110686,300.0000000000008
0.22424242424242424,0.08004472549017998,300.0000000000008
0.22424242424242424,0.08005657725940413,300.0000000000008
0.22424242424242424,0.08007134879449027,300.0000000000008
0.22424242424242424,0.08008975940008634,300.0000000000008
0.22424242424242424,0.08011270558654815,300.0000000000008
0.22424242424242424,0.08014130472579933,300.0000000000008
0.22424242424242424,0.08017694946211615,300.0000000000008
0.22424242424242424,0.08022137552738813,300.0000000000008
0.22424242424242424,0.08027674626314021,300.0000000000008
0.22424242424242424,0.08034575796514344,300.0000000000008
0.22424242424242424,0.08043177118040407,300.0000000000008
0.22424242424242424,0.08053897435007991,300.0000000000008
0.22424242424242424,0.08067258776696852,300.0000000000008
0.22424242424242424,0.08083911777934251,300.0000000000008
0.22424242424242424,0.08104667361966954,300.0000000000008
0.22424242424242424,0.08130536228629326,300.0000000000008
0.22424242424242424,0.08162778070696558,300.0000000000008
0.22424242424242424,0.08202962915029163,300.0000000000008
0.22424242424242424,0.08237629432068608,300.00000000000074
0.2272727272727273,0.00020202020202020202,299.99999999999864
0.2272727272727273,0.0008080808080808081,299.99999999999864
0.2272727272727273,0.0016161616161616162,299.99999999999864
0.2272727272727273,0.0024242424242424242,299.99999999999864
0.2272727272727273,0.0032323232323232323,299.99999999999864
0.2272727272727273,0.00404040404040404,299.99999999999864
0.2272727272727273,0.0048484848484848485,299.99999999999864
0.2272727272727273,0.0056565656565656566,299.99999999999864
0.2272727272727273,0.006464646464646465,299.99999999999864
0.2272727272727273,0.007272727272727273,299.99999999999864
0.2272727272727273,0.00808080808080808,299.99999999999864
0.2272727272727273,0.008888888888888889,299.99999999999864
0.2272727272727273,0.009696969696969697,299.99999999999864
0.2272727272727273,0.010505050505050505,299.99999999999864
0.2272727272727273,0.011313131313131313,299.99999999999864
0.2272727272727273,0.012121212121212121,299.99999999999864
0.2272727272727273,0.01292929292929293,299.99999999999864
0.2272727272727273,0.013737373737373737,299.99999999999864
0.2272727272727273,0.014545454545454545,299.99999999999864
0.2272727272727273,0.015353535353535354,299.99999999999864
0.2272727272727273,0.01616161616161616,299.99999999999864
0.2272727272727273,0.016969696969696968,299.99999999999864
0.2272727272727273,0.017777777777777778,299.99999999999864
0.2272727272727273,0.018585858585858588,299.99999999999864
0.2272727272727273,0.019393939393939394,299.99999999999864
0.2272727272727273,0.0202020202020202,299.99999999999864
0.2272727272727273,0.02101010101010101,299.99999999999864
0.2272727272727273,0.02181818181818182,299.99999999999864
0.2272727272727273,0.022626262626262626,299.99999999999864
0.2272727272727273,0.023434343434343433,299.99999999999864
0.2272727272727273,0.024242424242424242,299.99999999999864
0.2272727272727273,0.025050505050505052,299.99999999999864
0.2272727272727273,0.02585858585858586,299.99999999999864
0.2272727272727273,0.026666666666666665,299.99999999999864
0.2272727272727273,0.027474747474747475,299.99999999999864
0.2272727272727273,0.028282828282828285,299.99999999999864
0.2272727272727273,0.02909090909090909,299.99999999999864
0.2272727272727273,0.029898989898989897,299.99999999999864
0.2272727272727273,0.030707070707070707,299.99999999999864
0.2272727272727273,0.03151515151515151,299.99999999999864
0.2272727272727273,0.03232323232323232,299.99999999999864
0.2272727272727273,0.03313131313131313,299.99999999999864
0.2272727272727273,0.033939393939393936,299.99999999999864
0.2272727272727273,0.03474747474747475,299.99999999999864
0.2272727272727273,0.035555555555555556,299.99999999999864
0.2272727272727273,0.03636363636363636,299.99999999999864
0.2272727272727273,0.037171717171717175,299.99999999999864
0.2272727272727273,0.03797979797979798,299.99999999999864
0.2272727272727273,0.03878787878787879,299.99999999999864
0.2272727272727273,0.039595959595959594,299.99999999999864
0.2272727272727273,0.0404040404040404,299.99999999999864
0.2272727272727273,0.041212121212121214,299.99999999999864
0.2272727272727273,0.04202020202020202,299.99999999999864
0.2272727272727273,0.042828282828282827,299.99999999999864
0.2272727272727273,0.04363636363636364,299.99999999999864
0.2272727272727273,0.044444444444444446,299.99999999999864
0.2272727272727273,0.04525252525252525,299.99999999999864
0.2272727272727273,0.04606060606060606,299.99999999999864
0.2272727272727273,0.046868686868686865,299.99999999999864
0.2272727272727273,0.04767676767676768,299.99999999999864
0.2272727272727273,0.048484848484848485,299.99999999999864
0.2272727272727273,0.04929292929292929,299.99999999999864
0.2272727272727273,0.050101010101010104,299.99999999999864
0.2272727272727273,0.05090909090909091,299.99999999999864
0.2272727272727273,0.05171717171717172,299.99999999999864
0.2272727272727273,0.052525252525252523,299.99999999999864
0.2272727272727273,0.05333333333333333,299.99999999999864
0.2272727272727273,0.05414141414141414,299.99999999999864
0.2272727272727273,0.05494949494949495,299.99999999999864
0.2272727272727273,0.055757575757575756,299.99999999999864
0.2272727272727273,0.05656565656565657,299.99999999999864
0.2272727272727273,0.057373737373737375,299.99999999999864
0.2272727272727273,0.05818181818181818,299.99999999999864
0.2272727272727273,0.05898989898989899,299.99999999999864
0.2272727272727273,0.059797979797979794,299.99999999999864
0.2272727272727273,0.06060606060606061,299.99999999999864
0.2272727272727273,0.061414141414141414,299.99999999999864
0.2272727272727273,0.06222222222222222,299.99999999999864
0.2272727272727273,0.06303030303030302,299.99999999999864
0.2272727272727273,0.06383838383838383,299.99999999999864
0.2272727272727273,0.06464646464646465,299.99999999999864
0.2272727272727273,0.06545454545454546,299.99999999999864
0.2272727272727273,0.06626262626262627,299.99999999999864
0.2272727272727273,0.06707070707070706,299.99999999999864
0.2272727272727273,0.06787878787878787,299.99999999999864
0.2272727272727273,0.06868686868686869,299.99999999999864
0.2272727272727273,0.0694949494949495,299.99999999999864
0.2272727272727273,0.07030303030303031,299.99999999999864
0.2272727272727273,0.07111111111111111,299.99999999999864
0.2272727272727273,0.07191919191919191,299.99999999999864
0.2272727272727273,0.07272727272727272,299.99999999999864
0.2272727272727273,0.07353535353535354,299.99999999999864
0.2272727272727273,0.07434343434343435,299.99999999999864
0.2272727272727273,0.07515151515151516,299.99999999999864
0.2272727272727273,0.07595959595959595,299.99999999999864
0.2272727272727273,0.07676767676767676,299.99999999999864
0.2272727272727273,0.07757575757575758,299.99999999999864
0.2272727272727273,0.07838383838383839,299.99999999999864
0.2272727272727273,0.0791919191919192,299.99999999999864
0.2272727272727273,0.07979818813131313,300.0000000000008
0.2272727272727273,0.08000088465770044,300.0000000000008
0.2272727272727273,0.0800019359326174,300.0000000000008
0.2272727272727273,0.08000324619642925,300.0000000000008
0.2272727272727273,0.08000487925285339,300.0000000000008
0.2272727272727273,0.08000691462409718,300.0000000000008
0.2272727272727273,0.08000945142321741,300.0000000000008
0.2272727272727273,0.08001261318046245,300.0000000000008
0.2272727272727273,0.08001655385861739,300.0000000000008
0.2272727272727273,0.08002146535027135,300.0000000000008
0.2272727272727273,0.08002758682208874,300.0000000000008
0.2272727272727273,0.08003521636110686,300.0000000000008
0.2272727272727273,0.08004472549017998,300.0000000000008
0.2272727272727273,0.08005657725940413,300.0000000000008
0.2272727272727273,0.08007134879449027,300.0000000000008
0.2272727272727273,0.08008975940008634,300.0000000000008
0.2272727272727273,0.08011270558654815,300.0000000000008
0.2272727272727273,0.08014130472579933,300.0000000000008
0.2272727272727273,0.08017694946211615,300.0000000000008
0.2272727272727273,0.08022137552738813,300.0000000000008
0.2272727272727273,0.08027674626314021,300.0000000000008
0.2272727272727273,0.08034575796514344,300.0000000000008
0.2272727272727273,0.08043177118040407,300.0000000000008
0.2272727272727273,0.08053897435007991,300.0000000000008
0.2272727272727273,0.08067258776696852,300.0000000000008
0.2272727272727273,0.08083911777934251,300.0000000000008
0.2272727272727273,0.08104667361966954,300.0000000000008
0.2272727272727273,0.08130536228629326,300.0000000000008
0.2272727272727273,0.08162778070696558,300.0000000000008
0.2272727272727273,0.08202962915029163,300.0000000000008
0.2272727272727273,0.08237629432068608,300.00000000000074
0.2303030303030303,0.00020202020202020202,299.99999999999864
0.2303030303030303,0.0008080808080808081,299.99999999999864
0.2303030303030303,0.0016161616161616162,299.99999999999864
0.2303030303030303,0.0024242424242424242,299.99999999999864
0.2303030303030303,0.0032323232323232323,299.99999999999864
0.2303030303030303,0.00404040404040404,299.99999999999864
0.2303030303030303,0.0048484848484848485,299.99999999999864
0.2303030303030303,0.0056565656565656566,299.99999999999864
0.2303030303030303,0.006464646464646465,299.99999999999864
0.2303030303030303,0.007272727272727273,299.99999999999864
0.2303030303030303,0.00808080808080808,299.99999999999864
0.2303030303030303,0.008888888888888889,299.99999999999864
0.2303030303030303,0.009696969696969697,299.99999999999864
0.2303030303030303,0.010505050505050505,299.99999999999864
0.2303030303030303,0.011313131313131313,299.99999999999864
0.2303030303030303,0.012121212121212121,299.99999999999864
0.2303030303030303,0.01292929292929293,299.99999999999864
0.2303030303030303,0.013737373737373737,299.99999999999864
0.2303030303030303,0.014545454545454545,299.99999999999864
0.2303030303030303,0.015353535353535354,299.99999999999864
0.2303030303030303,0.01616161616161616,299.99999999999864
0.2303030303030303,0.016969696969696968,299.99999999999864
0.2303030303030303,0.017777777777777778,299.99999999999864
0.2303030303030303,0.018585858585858588,299.99999999999864
0.2303030303030303,0.019393939393939394,299.99999999999864
0.2303030303030303,0.0202020202020202,299.99999999999864
0.2303030303030303,0.02101010101010101,299.99999999999864
0.2303030303030303,0.02181818181818182,299.99999999999864
0.2303030303030303,0.022626262626262626,299.99999999999864
0.2303030303030303,0.023434343434343433,299.99999999999864
0.2303030303030303,0.024242424242424242,299.99999999999864
0.2303030303030303,0.025050505050505052,299.99999999999864
0.2303030303030303,0.02585858585858586,299.99999999999864
0.2303030303030303,0.026666666666666665,299.99999999999864
0.2303030303030303,0.027474747474747475,299.99999999999864
0.2303030303030303,0.028282828282828285,299.99999999999864
0.2303030303030303,0.02909090909090909,299.99999999999864
0.2303030303030303,0.029898989898989897,299.99999999999864
0.2303030303030303,0.030707070707070707,299.99999999999864
0.2303030303030303,0.03151515151515151,299.99999999999864
0.2303030303030303,0.03232323232323232,299.99999999999864
0.2303030303030303,0.03313131313131313,299.99999999999864
0.2303030303030303,0.033939393939393936,299.99999999999864
0.2303030303030303,0.03474747474747475,299.99999999999864
0.2303030303030303,0.035555555555555556,299.99999999999864
0.2303030303030303,0.03636363636363636,299.99999999999864
0.2303030303030303,0.037171717171717175,299.99999999999864
0.2303030303030303,0.03797979797979798,299.99999999999864
0.2303030303030303,0.03878787878787879,299.99999999999864
0.2303030303030303,0.039595959595959594,299.99999999999864
0.2303030303030303,0.0404040404040404,299.99999999999864
0.2303030303030303,0.041212121212121214,299.99999999999864
0.2303030303030303,0.04202020202020202,299.99999999999864
0.2303030303030303,0.042828282828282827,299.99999999999864
0.2303030303030303,0.04363636363636364,299.99999999999864
0.2303030303030303,0.044444444444444446,299.99999999999864
0.2303030303030303,0.04525252525252525,299.99999999999864
0.2303030303030303,0.04606060606060606,299.99999999999864
0.2303030303030303,0.046868686868686865,299.99999999999864
0.2303030303030303,0.04767676767676768,299.99999999999864
0.2303030303030303,0.048484848484848485,299.99999999999864
0.2303030303030303,0.04929292929292929,299.99999999999864
0.2303030303030303,0.050101010101010104,299.99999999999864
0.2303030303030303,0.05090909090909091,299.99999999999864
0.2303030303030303,0.05171717171717172,299.99999999999864
0.2303030303030303,0.052525252525252523,299.99999999999864
0.2303030303030303,0.05333333333333333,299.99999999999864
0.2303030303030303,0.05414141414141414,299.99999999999864
0.2303030303030303,0.05494949494949495,299.99999999999864
0.2303030303030303,0.055757575757575756,299.99999999999864
0.2303030303030303,0.05656565656565657,299.99999999999864
0.2303030303030303,0.057373737373737375,299.99999999999864
0.2303030303030303,0.05818181818181818,299.99999999999864
0.2303030303030303,0.05898989898989899,299.99999999999864
0.2303030303030303,0.059797979797979794,299.99999999999864
0.2303030303030303,0.06060606060606061,299.99999999999864
0.2303030303030303,0.061414141414141414,299.99999999999864
0.2303030303030303,0.06222222222222222,299.99999999999864
0.2303030303030303,0.06303030303030302,299.99999999999864
0.2303030303030303,0.06383838383838383,299.99999999999864
0.2303030303030303,0.06464646464646465,299.99999999999864
0.2303030303030303,0.06545454545454546,299.99999999999864
0.2303030303030303,0.06626262626262627,299.99999999999864
0.2303030303030303,0.06707070707070706,299.99999999999864
0.2303030303030303,0.06787878787878787,299.99999999999864
0.2303030303030303,0.06868686868686869,299.99999999999864
0.2303030303030303,0.0694949494949495,299.99999999999864
0.2303030303030303,0.07030303030303031,299.99999999999864
0.2303030303030303,0.07111111111111111,299.99999999999864
0.2303030303030303,0.07191919191919191,299.99999999999864
0.2303030303030303,0.07272727272727272,299.99999999999864
0.2303030303030303,0.07353535353535354,299.99999999999864
0.2303030303030303,0.07434343434343435,299.99999999999864
0.2303030303030303,0.07515151515151516,299.99999999999864
0.2303030303030303,0.07595959595959595,299.99999999999864
0.2303030303030303,0.07676767676767676,299.99999999999864
0.2303030303030303,0.07757575757575758,299.99999999999864
0.2303030303030303,0.07838383838383839,299.99999999999864
0.2303030303030303,0.0791919191919192,299.99999999999864
0.2303030303030303,0.07979818813131313,300.0000000000008
0.2303030303030303,0.08000088465770044,300.0000000000008
0.2303030303030303,0.0800019359326174,300.0000000000008
0.2303030303030303,0.08000324619642925,300.0000000000008
0.2303030303030303,0.08000487925285339,300.0000000000008
0.2303030303030303,0.08000691462409718,300.0000000000008
0.2303030303030303,0.08000945142321741,300.0000000000008
0.2303030303030303,0.08001261318046245,300.0000000000008
0.2303030303030303,0.08001655385861739,300.0000000000008
0.2303030303030303,0.08002146535027135,300.0000000000008
0.2303030303030303,0.08002758682208874,300.0000000000008
0.2303030303030303,0.08003521636110686,300.0000000000008
0.2303030303030303,0.08004472549017998,300.0000000000008
0.2303030303030303,0.08005657725940413,300.0000000000008
0.2303030303030303,0.08007134879449027,300.0000000000008
0.2303030303030303,0.08008975940008634,300.0000000000008
0.2303030303030303,0.08011270558654815,300.0000000000008
0.2303030303030303,0.08014130472579933,300.0000000000008
0.2303030303030303,0.08017694946211615,300.0000000000008
0.2303030303030303,0.08022137552738813,300.0000000000008
0.2303030303030303,0.08027674626314021,300.0000000000008
0.2303030303030303,0.08034575796514344,300.0000000000008
0.2303030303030303,0.08043177118040407,300.0000000000008
0.2303030303030303,0.08053897435007991,300.0000000000008
0.2303030303030303,0.08067258776696852,300.0000000000008
0.2303030303030303,0.08083911777934251,300.0000000000008
0.2303030303030303,0.08104667361966954,300.0000000000008
0.2303030303030303,0.08130536228629326,300.0000000000008
0.2303030303030303,0.08162778070696558,300.0000000000008
0.2303030303030303,0.08202962915029163,300.0000000000008
0.2303030303030303,0.08237629432068608,300.00000000000074
0.23333333333333334,0.00020202020202020202,299.99999999999864
0.23333333333333334,0.0008080808080808081,299.99999999999864
0.23333333333333334,0.0016161616161616162,299.99999999999864
0.23333333333333334,0.0024242424242424242,299.99999999999864
0.23333333333333334,0.0032323232323232323,299.99999999999864
0.23333333333333334,0.00404040404040404,299.99999999999864
0.23333333333333334,0.0048484848484848485,299.99999999999864
0.23333333333333334,0.0056565656565656566,299.99999999999864
0.23333333333333334,0.006464646464646465,299.99999999999864
0.23333333333333334,0.007272727272727273,299.99999999999864
0.23333333333333334,0.00808080808080808,299.99999999999864
0.23333333333333334,0.008888888888888889,299.99999999999864
0.23333333333333334,0.009696969696969697,299.99999999999864
0.23333333333333334,0.010505050505050505,299.99999999999864
0.23333333333333334,0.011313131313131313,299.99999999999864
0.23333333333333334,0.012121212121212121,299.99999999999864
0.23333333333333334,0.01292929292929293,299.99999999999864
0.23333333333333334,0.013737373737373737,299.99999999999864
0.23333333333333334,0.014545454545454545,299.99999999999864
0.23333333333333334,0.015353535353535354,299.99999999999864
0.23333333333333334,0.01616161616161616,299.99999999999864
0.23333333333333334,0.016969696969696968,299.99999999999864
0.23333333333333334,0.017777777777777778,299.99999999999864
0.23333333333333334,0.018585858585858588,299.99999999999864
0.23333333333333334,0.019393939393939394,299.99999999999864
0.23333333333333334,0.0202020202020202,299.99999999999864
0.23333333333333334,0.02101010101010101,299.99999999999864
0.23333333333333334,0.02181818181818182,299.99999999999864
0.23333333333333334,0.022626262626262626,299.99999999999864
0.23333333333333334,0.023434343434343433,299.99999999999864
0.23333333333333334,0.024242424242424242,299.99999999999864
0.23333333333333334,0.025050505050505052,299.99999999999864
0.23333333333333334,0.02585858585858586,299.99999999999864
0.23333333333333334,0.026666666666666665,299.99999999999864
0.23333333333333334,0.027474747474747475,299.99999999999864
0.23333333333333334,0.028282828282828285,299.99999999999864
0.23333333333333334,0.02909090909090909,299.99999999999864
0.23333333333333334,0.029898989898989897,299.99999999999864
0.23333333333333334,0.030707070707070707,299.99999999999864
0.23333333333333334,0.03151515151515151,299.99999999999864
0.23333333333333334,0.03232323232323232,299.99999999999864
0.23333333333333334,0.03313131313131313,299.99999999999864
0.23333333333333334,0.033939393939393936,299.99999999999864
0.23333333333333334,0.03474747474747475,299.99999999999864
0.23333333333333334,0.035555555555555556,299.99999999999864
0.23333333333333334,0.03636363636363636,299.99999999999864
0.23333333333333334,0.037171717171717175,299.99999999999864
0.23333333333333334,0.03797979797979798,299.99999999999864
0.23333333333333334,0.03878787878787879,299.99999999999864
0.23333333333333334,0.039595959595959594,299.99999999999864
0.23333333333333334,0.0404040404040404,299.99999999999864
0.23333333333333334,0.041212121212121214,299.99999999999864
0.23333333333333334,0.04202020202020202,299.99999999999864
0.23333333333333334,0.042828282828282827,299.99999999999864
0.23333333333333334,0.04363636363636364,299.99999999999864
0.23333333333333334,0.044444444444444446,299.99999999999864
0.23333333333333334,0.04525252525252525,299.99999999999864
0.23333333333333334,0.04606060606060606,299.99999999999864
0.23333333333333334,0.046868686868686865,299.99999999999864
0.23333333333333334,0.04767676767676768,299.99999999999864
0.23333333333333334,0.048484848484848485,299.99999999999864
0.23333333333333334,0.04929292929292929,299.99999999999864
0.23333333333333334,0.050101010101010104,299.99999999999864
0.23333333333333334,0.05090909090909091,299.99999999999864
0.23333333333333334,0.05171717171717172,299.99999999999864
0.23333333333333334,0.052525252525252523,299.99999999999864
0.23333333333333334,0.05333333333333333,299.99999999999864
0.23333333333333334,0.05414141414141414,299.99999999999864
0.23333333333333334,0.05494949494949495,299.99999999999864
0.23333333333333334,0.055757575757575756,299.99999999999864
0.23333333333333334,0.05656565656565657,299.99999999999864
0.23333333333333334,0.057373737373737375,299.99999999999864
0.23333333333333334,0.05818181818181818,299.99999999999864
0.23333333333333334,0.05898989898989899,299.99999999999864
0.23333333333333334,0.059797979797979794,299.99999999999864
0.23333333333333334,0.06060606060606061,299.99999999999864
0.23333333333333334,0.061414141414141414,299.99999999999864
0.23333333333333334,0.06222222222222222,299.99999999999864
0.23333333333333334,0.06303030303030302,299.99999999999864
0.23333333333333334,0.06383838383838383,299.99999999999864
0.23333333333333334,0.06464646464646465,299.99999999999864
0.23333333333333334,0.06545454545454546,299.99999999999864
0.23333333333333334,0.06626262626262627,299.99999999999864
0.23333333333333334,0.06707070707070706,299.99999999999864
0.23333333333333334,0.06787878787878787,299.99999999999864
0.23333333333333334,0.06868686868686869,299.99999999999864
0.23333333333333334,0.0694949494949495,299.99999999999864
0.23333333333333334,0.07030303030303031,299.99999999999864
0.23333333333333334,0.07111111111111111,299.99999999999864
0.23333333333333334,0.07191919191919191,299.99999999999864
0.23333333333333334,0.07272727272727272,299.99999999999864
0.23333333333333334,0.07353535353535354,299.99999999999864
0.23333333333333334,0.07434343434343435,299.99999999999864
0.23333333333333334,0.07515151515151516,299.99999999999864
0.23333333333333334,0.07595959595959595,299.99999999999864
0.23333333333333334,0.07676767676767676,299.99999999999864
0.23333333333333334,0.07757575757575758,299.99999999999864
0.23333333333333334,0.07838383838383839,299.99999999999864
0.23333333333333334,0.0791919191919192,299.9999999999631
0.23333333333333334,0.07979818813131313,300.0000000000008
0.23333333333333334,0.08000088465770044,300.0000000000008
0.23333333333333334,0.0800019359326174,300.0000000000008
0.23333333333333334,0.08000324619642925,300.0000000000008
0.23333333333333334,0.08000487925285339,300.0000000000008
0.23333333333333334,0.08000691462409718,300.0000000000008
0.23333333333333334,0.08000945142321741,300.0000000000008
0.23333333333333334,0.08001261318046245,300.0000000000008
0.23333333333333334,0.08001655385861739,300.0000000000008
0.23333333333333334,0.08002146535027135,300.0000000000008
0.23333333333333334,0.08002758682208874,300.0000000000008
0.23333333333333334,0.08003521636110686,300.0000000000008
0.23333333333333334,0.08004472549017998,300.0000000000008
0.23333333333333334,0.08005657725940413,300.0000000000008
0.23333333333333334,0.08007134879449027,300.0000000000008
0.23333333333333334,0.08008975940008634,300.0000000000008
0.23333333333333334,0.08011270558654815,300.0000000000008
0.23333333333333334,0.08014130472579933,300.0000000000008
0.23333333333333334,0.08017694946211615,300.0000000000008
0.23333333333333334,0.08022137552738813,300.0000000000008
0.23333333333333334,0.08027674626314021,300.0000000000008
0.23333333333333334,0.08034575796514344,300.0000000000008
0.23333333333333334,0.08043177118040407,300.0000000000008
0.23333333333333334,0.08053897435007991,300.0000000000008
0.23333333333333334,0.08067258776696852,300.0000000000008
0.23333333333333334,0.08083911777934251,300.0000000000008
0.23333333333333334,0.08104667361966954,300.0000000000008
0.23333333333333334,0.08130536228629326,300.0000000000008
0.23333333333333334,0.08162778070696558,300.0000000000008
0.23333333333333334,0.08202962915029163,300.0000000000008
0.23333333333333334,0.08237629432068608,300.00000000000074
0.23636363636363636,0.00020202020202020202,299.99999999999864
0.23636363636363636,0.0008080808080808081,299.99999999999864
0.23636363636363636,0.0016161616161616162,299.99999999999864
0.23636363636363636,0.0024242424242424242,299.99999999999864
0.23636363636363636,0.0032323232323232323,299.99999999999864
0.23636363636363636,0.00404040404040404,299.99999999999864
0.23636363636363636,0.0048484848484848485,299.99999999999864
0.23636363636363636,0.0056565656565656566,299.99999999999864
0.23636363636363636,0.006464646464646465,299.99999999999864
0.23636363636363636,0.007272727272727273,299.99999999999864
0.23636363636363636,0.00808080808080808,299.99999999999864
0.23636363636363636,0.008888888888888889,299.99999999999864
0.23636363636363636,0.009696969696969697,299.99999999999864
0.23636363636363636,0.010505050505050505,299.99999999999864
0.23636363636363636,0.011313131313131313,299.99999999999864
0.23636363636363636,0.012121212121212121,299.99999999999864
0.23636363636363636,0.01292929292929293,299.99999999999864
0.23636363636363636,0.013737373737373737,299.99999999999864
0.23636363636363636,0.014545454545454545,299.99999999999864
0.23636363636363636,0.015353535353535354,299.99999999999864
0.23636363636363636,0.01616161616161616,299.99999999999864
0.23636363636363636,0.016969696969696968,299.99999999999864
0.23636363636363636,0.017777777777777778,299.99999999999864
0.23636363636363636,0.018585858585858588,299.99999999999864
0.23636363636363636,0.019393939393939394,299.99999999999864
0.23636363636363636,0.0202020202020202,299.99999999999864
0.23636363636363636,0.02101010101010101,299.99999999999864
0.23636363636363636,0.02181818181818182,299.99999999999864
0.23636363636363636,0.022626262626262626,299.99999999999864
0.23636363636363636,0.023434343434343433,299.99999999999864
0.23636363636363636,0.024242424242424242,299.99999999999864
0.23636363636363636,0.025050505050505052,299.99999999999864
0.23636363636363636,0.02585858585858586,299.99999999999864
0.23636363636363636,0.026666666666666665,299.99999999999864
0.23636363636363636,0.027474747474747475,299.99999999999864
0.23636363636363636,0.028282828282828285,299.99999999999864
0.23636363636363636,0.02909090909090909,299.99999999999864
0.23636363636363636,0.029898989898989897,299.99999999999864
0.23636363636363636,0.030707070707070707,299.99999999999864
0.23636363636363636,0.03151515151515151,299.99999999999864
0.23636363636363636,0.03232323232323232,299.99999999999864
0.23636363636363636,0.03313131313131313,299.99999999999864
0.23636363636363636,0.033939393939393936,299.99999999999864
0.23636363636363636,0.03474747474747475,299.99999999999864
0.23636363636363636,0.035555555555555556,299.99999999999864
0.23636363636363636,0.03636363636363636,299.99999999999864
0.23636363636363636,0.037171717171717175,299.99999999999864
0.23636363636363636,0.03797979797979798,299.99999999999864
0.23636363636363636,0.03878787878787879,299.99999999999864
0.23636363636363636,0.039595959595959594,299.99999999999864
0.23636363636363636,0.0404040404040404,299.99999999999864
0.23636363636363636,0.041212121212121214,299.99999999999864
0.23636363636363636,0.04202020202020202,299.99999999999864
0.23636363636363636,0.042828282828282827,299.99999999999864
0.23636363636363636,0.04363636363636364,299.99999999999864
0.23636363636363636,0.044444444444444446,299.99999999999864
0.23636363636363636,0.04525252525252525,299.99999999999864
0.23636363636363636,0.04606060606060606,299.99999999999864
0.23636363636363636,0.046868686868686865,299.99999999999864
0.23636363636363636,0.04767676767676768,299.99999999999864
0.23636363636363636,0.048484848484848485,299.99999999999864
0.23636363636363636,0.04929292929292929,299.99999999999864
0.23636363636363636,0.050101010101010104,299.99999999999864
0.23636363636363636,0.05090909090909091,299.99999999999864
0.23636363636363636,0.05171717171717172,299.99999999999864
0.23636363636363636,0.052525252525252523,299.99999999999864
0.23636363636363636,0.05333333333333333,299.99999999999864
0.23636363636363636,0.05414141414141414,299.99999999999864
0.23636363636363636,0.05494949494949495,299.99999999999864
0.23636363636363636,0.055757575757575756,299.99999999999864
0.23636363636363636,0.05656565656565657,299.99999999999864
0.23636363636363636,0.057373737373737375,299.99999999999864
0.23636363636363636,0.05818181818181818,299.99999999999864
0.23636363636363636,0.05898989898989899,299.99999999999864
0.23636363636363636,0.059797979797979794,299.99999999999864
0.23636363636363636,0.06060606060606061,299.99999999999864
0.23636363636363636,0.061414141414141414,299.99999999999864
0.23636363636363636,0.06222222222222222,299.99999999999864
0.23636363636363636,0.06303030303030302,299.99999999999864
0.23636363636363636,0.06383838383838383,299.99999999999864
0.23636363636363636,0.06464646464646465,299.99999999999864
0.23636363636363636,0.06545454545454546,299.99999999999864
0.23636363636363636,0.06626262626262627,299.99999999999864
0.23636363636363636,0.06707070707070706,299.99999999999864
0.23636363636363636,0.06787878787878787,299.99999999999864
0.23636363636363636,0.06868686868686869,299.99999999999864
0.23636363636363636,0.0694949494949495,299.99999999999864
0.23636363636363636,0.07030303030303031,299.99999999999864
0.23636363636363636,0.07111111111111111,299.99999999999864
0.23636363636363636,0.07191919191919191,299.99999999999864
0.23636363636363636,0.07272727272727272,299.99999999999864
0.23636363636363636,0.07353535353535354,299.99999999999864
0.23636363636363636,0.07434343434343435,299.99999999999864
0.23636363636363636,0.07515151515151516,299.99999999999864
0.23636363636363636,0.07595959595959595,299.99999999999864
0.23636363636363636,0.07676767676767676,299.99999999999864
0.23636363636363636,0.07757575757575758,299.99999999999864
0.23636363636363636,0.07838383838383839,299.99999999999864
0.23636363636363636,0.0791919191919192,299.9999999999631
0.23636363636363636,0.07979818813131313,300.0000000000008
0.23636363636363636,0.08000088465770044,300.0000000000008
0.23636363636363636,0.0800019359326174,300.0000000000008
0.23636363636363636,0.08000324619642925,300.0000000000008
0.23636363636363636,0.08000487925285339,300.0000000000008
0.23636363636363636,0.08000691462409718,300.0000000000008
0.23636363636363636,0.08000945142321741,300.0000000000008
0.23636363636363636,0.08001261318046245,300.0000000000008
0.23636363636363636,0.08001655385861739,300.0000000000008
0.23636363636363636,0.08002146535027135,300.0000000000008
0.23636363636363636,0.08002758682208874,300.0000000000008
0.23636363636363636,0.08003521636110686,300.0000000000008
0.23636363636363636,0.08004472549017998,300.0000000000008
0.23636363636363636,0.08005657725940413,300.0000000000008
0.23636363636363636,0.08007134879449027,300.0000000000008
0.23636363636363636,0.08008975940008634,300.0000000000008
0.23636363636363636,0.08011270558654815,300.0000000000008
0.23636363636363636,0.08014130472579933,300.0000000000008
0.23636363636363636,0.08017694946211615,300.0000000000008
0.23636363636363636,0.08022137552738813,300.0000000000008
0.23636363636363636,0.08027674626314021,300.0000000000008
0.23636363636363636,0.08034575796514344,300.0000000000008
0.23636363636363636,0.08043177118040407,300.0000000000008
0.23636363636363636,0.08053897435007991,300.0000000000008
0.23636363636363636,0.08067258776696852,300.0000000000008
0.23636363636363636,0.08083911777934251,300.0000000000008
0.23636363636363636,0.08104667361966954,300.0000000000008
0.23636363636363636,0.08130536228629326,300.0000000000008
0.23636363636363636,0.08162778070696558,300.0000000000008
0.23636363636363636,0.08202962915029163,300.0000000000008
0.23636363636363636,0.08237629432068608,300.00000000000074
0.23939393939393938,0.00020202020202020202,299.99999999999864
0.23939393939393938,0.0008080808080808081,299.99999999999864
0.23939393939393938,0.0016161616161616162,299.99999999999864
0.23939393939393938,0.0024242424242424242,299.99999999999864
0.23939393939393938,0.0032323232323232323,299.99999999999864
0.23939393939393938,0.00404040404040404,299.99999999999864
0.23939393939393938,0.0048484848484848485,299.99999999999864
0.23939393939393938,0.0056565656565656566,299.99999999999864
0.23939393939393938,0.006464646464646465,299.99999999999864
0.23939393939393938,0.007272727272727273,299.99999999999864
0.23939393939393938,0.00808080808080808,299.99999999999864
0.23939393939393938,0.008888888888888889,299.99999999999864
0.23939393939393938,0.009696969696969697,299.99999999999864
0.23939393939393938,0.010505050505050505,299.99999999999864
0.23939393939393938,0.011313131313131313,299.99999999999864
0.23939393939393938,0.012121212121212121,299.99999999999864
0.23939393939393938,0.01292929292929293,299.99999999999864
0.23939393939393938,0.013737373737373737,299.99999999999864
0.23939393939393938,0.014545454545454545,299.99999999999864
0.23939393939393938,0.015353535353535354,299.99999999999864
0.23939393939393938,0.01616161616161616,299.99999999999864
0.23939393939393938,0.016969696969696968,299.99999999999864
0.23939393939393938,0.017777777777777778,299.99999999999864
0.23939393939393938,0.018585858585858588,299.99999999999864
0.23939393939393938,0.019393939393939394,299.99999999999864
0.23939393939393938,0.0202020202020202,299.99999999999864
0.23939393939393938,0.02101010101010101,299.99999999999864
0.23939393939393938,0.02181818181818182,299.99999999999864
0.23939393939393938,0.022626262626262626,299.99999999999864
0.23939393939393938,0.023434343434343433,299.99999999999864
0.23939393939393938,0.024242424242424242,299.99999999999864
0.23939393939393938,0.025050505050505052,299.99999999999864
0.23939393939393938,0.02585858585858586,299.99999999999864
0.23939393939393938,0.026666666666666665,299.99999999999864
0.23939393939393938,0.027474747474747475,299.99999999999864
0.23939393939393938,0.028282828282828285,299.99999999999864
0.23939393939393938,0.02909090909090909,299.99999999999864
0.23939393939393938,0.029898989898989897,299.99999999999864
0.23939393939393938,0.030707070707070707,299.99999999999864
0.23939393939393938,0.03151515151515151,299.99999999999864
0.23939393939393938,0.03232323232323232,299.99999999999864
0.23939393939393938,0.03313131313131313,299.99999999999864
0.23939393939393938,0.033939393939393936,299.99999999999864
0.23939393939393938,0.03474747474747475,299.99999999999864
0.23939393939393938,0.035555555555555556,299.99999999999864
0.23939393939393938,0.03636363636363636,299.99999999999864
0.23939393939393938,0.037171717171717175,299.99999999999864
0.23939393939393938,0.03797979797979798,299.99999999999864
0.23939393939393938,0.03878787878787879,299.99999999999864
0.23939393939393938,0.039595959595959594,299.99999999999864
0.23939393939393938,0.0404040404040404,299.99999999999864
0.23939393939393938,0.041212121212121214,299.99999999999864
0.23939393939393938,0.04202020202020202,299.99999999999864
0.23939393939393938,0.042828282828282827,299.99999999999864
0.23939393939393938,0.04363636363636364,299.99999999999864
0.23939393939393938,0.044444444444444446,299.99999999999864
0.23939393939393938,0.04525252525252525,299.99999999999864
0.23939393939393938,0.04606060606060606,299.99999999999864
0.23939393939393938,0.046868686868686865,299.99999999999864
0.23939393939393938,0.04767676767676768,299.99999999999864
0.23939393939393938,0.048484848484848485,299.99999999999864
0.23939393939393938,0.04929292929292929,299.99999999999864
0.23939393939393938,0.050101010101010104,299.99999999999864
0.23939393939393938,0.05090909090909091,299.99999999999864
0.23939393939393938,0.05171717171717172,299.99999999999864
0.23939393939393938,0.052525252525252523,299.99999999999864
0.23939393939393938,0.05333333333333333,299.99999999999864
0.23939393939393938,0.05414141414141414,299.99999999999864
0.23939393939393938,0.05494949494949495,299.99999999999864
0.23939393939393938,0.055757575757575756,299.99999999999864
0.23939393939393938,0.05656565656565657,299.99999999999864
0.23939393939393938,0.057373737373737375,299.99999999999864
0.23939393939393938,0.05818181818181818,299.99999999999864
0.23939393939393938,0.05898989898989899,299.99999999999864
0.23939393939393938,0.059797979797979794,299.99999999999864
0.23939393939393938,0.06060606060606061,299.99999999999864
0.23939393939393938,0.061414141414141414,299.99999999999864
0.23939393939393938,0.06222222222222222,299.99999999999864
0.23939393939393938,0.06303030303030302,299.99999999999864
0.23939393939393938,0.06383838383838383,299.99999999999864
0.23939393939393938,0.06464646464646465,299.99999999999864
0.23939393939393938,0.06545454545454546,299.99999999999864
0.23939393939393938,0.06626262626262627,299.99999999999864
0.23939393939393938,0.06707070707070706,299.99999999999864
0.23939393939393938,0.06787878787878787,299.99999999999864
0.23939393939393938,0.06868686868686869,299.99999999999864
0.23939393939393938,0.0694949494949495,299.99999999999864
0.23939393939393938,0.07030303030303031,299.99999999999864
0.23939393939393938,0.07111111111111111,299.99999999999864
0.23939393939393938,0.07191919191919191,299.99999999999864
0.23939393939393938,0.07272727272727272,299.99999999999864
0.23939393939393938,0.07353535353535354,299.99999999999864
0.23939393939393938,0.07434343434343435,299.99999999999864
0.23939393939393938,0.07515151515151516,299.99999999999864
0.23939393939393938,0.07595959595959595,299.99999999999864
0.23939393939393938,0.07676767676767676,299.99999999999864
0.23939393939393938,0.07757575757575758,299.99999999999864
0.23939393939393938,0.07838383838383839,299.99999999999864
0.23939393939393938,0.0791919191919192,299.99999999999864
0.23939393939393938,0.07979818813131313,300.0000000000008
0.23939393939393938,0.08000088465770044,300.0000000000008
0.23939393939393938,0.0800019359326174,300.0000000000008
0.23939393939393938,0.08000324619642925,300.0000000000008
0.23939393939393938,0.08000487925285339,300.0000000000008
0.23939393939393938,0.08000691462409718,300.0000000000008
0.23939393939393938,0.08000945142321741,300.0000000000008
0.23939393939393938,0.08001261318046245,300.0000000000008
0.23939393939393938,0.08001655385861739,300.0000000000008
0.23939393939393938,0.08002146535027135,300.0000000000008
0.23939393939393938,0.08002758682208874,300.0000000000008
0.23939393939393938,0.08003521636110686,300.0000000000008
0.23939393939393938,0.08004472549017998,300.0000000000008
0.23939393939393938,0.08005657725940413,300.0000000000008
0.23939393939393938,0.08007134879449027,300.0000000000008
0.23939393939393938,0.08008975940008634,300.0000000000008
0.23939393939393938,0.08011270558654815,300.0000000000008
0.23939393939393938,0.08014130472579933,300.0000000000008
0.23939393939393938,0.08017694946211615,300.0000000000008
0.23939393939393938,0.08022137552738813,300.0000000000008
0.23939393939393938,0.08027674626314021,300.0000000000008
0.23939393939393938,0.08034575796514344,300.0000000000008
0.23939393939393938,0.08043177118040407,300.0000000000008
0.23939393939393938,0.08053897435007991,300.0000000000008
0.23939393939393938,0.08067258776696852,300.0000000000008
0.23939393939393938,0.08083911777934251,300.0000000000008
0.23939393939393938,0.08104667361966954,300.0000000000008
0.23939393939393938,0.08130536228629326,300.0000000000008
0.23939393939393938,0.08162778070696558,300.0000000000008
0.23939393939393938,0.08202962915029163,300.0000000000008
0.23939393939393938,0.08237629432068608,300.00000000000074
0.24242424242424243,0.00020202020202020202,299.99999999999864
0.24242424242424243,0.0008080808080808081,299.99999999999864
0.24242424242424243,0.0016161616161616162,299.99999999999864
0.24242424242424243,0.0024242424242424242,299.99999999999864
0.24242424242424243,0.0032323232323232323,299.99999999999864
0.24242424242424243,0.00404040404040404,299.99999999999864
0.24242424242424243,0.0048484848484848485,299.99999999999864
0.24242424242424243,0.0056565656565656566,299.99999999999864
0.24242424242424243,0.006464646464646465,299.99999999999864
0.24242424242424243,0.007272727272727273,299.99999999999864
0.24242424242424243,0.00808080808080808,299.99999999999864
0.24242424242424243,0.008888888888888889,299.99999999999864
0.24242424242424243,0.009696969696969697,299.99999999999864
0.24242424242424243,0.010505050505050505,299.99999999999864
0.24242424242424243,0.011313131313131313,299.99999999999864
0.24242424242424243,0.012121212121212121,299.99999999999864
0.24242424242424243,0.01292929292929293,299.99999999999864
0.24242424242424243,0.013737373737373737,299.99999999999864
0.24242424242424243,0.014545454545454545,299.99999999999864
0.24242424242424243,0.015353535353535354,299.99999999999864
0.24242424242424243,0.01616161616161616,299.99999999999864
0.24242424242424243,0.016969696969696968,299.99999999999864
0.24242424242424243,0.017777777777777778,299.99999999999864
0.24242424242424243,0.018585858585858588,299.99999999999864
0.24242424242424243,0.019393939393939394,299.99999999999864
0.24242424242424243,0.0202020202020202,299.99999999999864
0.24242424242424243,0.02101010101010101,299.99999999999864
0.24242424242424243,0.02181818181818182,299.99999999999864
0.24242424242424243,0.022626262626262626,299.99999999999864
0.24242424242424243,0.023434343434343433,299.99999999999864
0.24242424242424243,0.024242424242424242,299.99999999999864
0.24242424242424243,0.025050505050505052,299.99999999999864
0.24242424242424243,0.02585858585858586,299.99999999999864
0.24242424242424243,0.026666666666666665,299.99999999999864
0.24242424242424243,0.027474747474747475,299.99999999999864
0.24242424242424243,0.028282828282828285,299.99999999999864
0.24242424242424243,0.02909090909090909,299.99999999999864
0.24242424242424243,0.029898989898989897,299.99999999999864
0.24242424242424243,0.030707070707070707,299.99999999999864
0.24242424242424243,0.03151515151515151,299.99999999999864
0.24242424242424243,0.03232323232323232,299.99999999999864
0.24242424242424243,0.03313131313131313,299.99999999999864
0.24242424242424243,0.033939393939393936,299.99999999999864
0.24242424242424243,0.03474747474747475,299.99999999999864
0.24242424242424243,0.035555555555555556,299.99999999999864
0.24242424242424243,0.03636363636363636,299.99999999999864
0.24242424242424243,0.037171717171717175,299.99999999999864
0.24242424242424243,0.03797979797979798,299.99999999999864
0.24242424242424243,0.03878787878787879,299.99999999999864
0.24242424242424243,0.039595959595959594,299.99999999999864
0.24242424242424243,0.0404040404040404,299.99999999999864
0.24242424242424243,0.041212121212121214,299.99999999999864
0.24242424242424243,0.04202020202020202,299.99999999999864
0.24242424242424243,0.042828282828282827,299.99999999999864
0.24242424242424243,0.04363636363636364,299.99999999999864
0.24242424242424243,0.044444444444444446,299.99999999999864
0.24242424242424243,0.04525252525252525,299.99999999999864
0.24242424242424243,0.04606060606060606,299.99999999999864
0.24242424242424243,0.046868686868686865,299.99999999999864
0.24242424242424243,0.04767676767676768,299.99999999999864
0.24242424242424243,0.048484848484848485,299.99999999999864
0.24242424242424243,0.04929292929292929,299.99999999999864
0.24242424242424243,0.050101010101010104,299.99999999999864
0.24242424242424243,0.05090909090909091,299.99999999999864
0.24242424242424243,0.05171717171717172,299.99999999999864
0.24242424242424243,0.052525252525252523,299.99999999999864
0.24242424242424243,0.05333333333333333,299.99999999999864
0.24242424242424243,0.05414141414141414,299.99999999999864
0.24242424242424243,0.05494949494949495,299.99999999999864
0.24242424242424243,0.055757575757575756,299.99999999999864
0.24242424242424243,0.05656565656565657,299.99999999999864
0.24242424242424243,0.057373737373737375,299.99999999999864
0.24242424242424243,0.05818181818181818,299.99999999999864
0.24242424242424243,0.05898989898989899,299.99999999999864
0.24242424242424243,0.059797979797979794,299.99999999999864
0.24242424242424243,0.06060606060606061,299.99999999999864
0.24242424242424243,0.061414141414141414,299.99999999999864
0.24242424242424243,0.06222222222222222,299.99999999999864
0.24242424242424243,0.06303030303030302,299.99999999999864
0.24242424242424243,0.06383838383838383,299.99999999999864
0.24242424242424243,0.06464646464646465,299.99999999999864
0.24242424242424243,0.06545454545454546,299.99999999999864
0.24242424242424243,0.06626262626262627,299.99999999999864
0.24242424242424243,0.06707070707070706,299.99999999999864
0.24242424242424243,0.06787878787878787,299.99999999999864
0.24242424242424243,0.06868686868686869,299.99999999999864
0.24242424242424243,0.0694949494949495,299.99999999999864
0.24242424242424243,0.07030303030303031,299.99999999999864
0.24242424242424243,0.07111111111111111,299.99999999999864
0.24242424242424243,0.07191919191919191,299.99999999999864
0.24242424242424243,0.07272727272727272,299.99999999999864
0.24242424242424243,0.07353535353535354,299.99999999999864
0.24242424242424243,0.07434343434343435,299.99999999999864
0.24242424242424243,0.07515151515151516,299.99999999999864
0.24242424242424243,0.07595959595959595,299.99999999999864
0.24242424242424243,0.07676767676767676,299.99999999999864
0.24242424242424243,0.07757575757575758,299.99999999999864
0.24242424242424243,0.07838383838383839,299.99999999999864
0.24242424242424243,0.0791919191919192,299.9999999999631
0.24242424242424243,0.07979818813131313,300.0000000000008
0.24242424242424243,0.08000088465770044,300.0000000000008
0.24242424242424243,0.0800019359326174,300.0000000000008
0.24242424242424243,0.08000324619642925,300.0000000000008
0.24242424242424243,0.08000487925285339,300.0000000000008
0.24242424242424243,0.08000691462409718,300.0000000000008
0.24242424242424243,0.08000945142321741,300.0000000000008
0.24242424242424243,0.08001261318046245,300.0000000000008
0.24242424242424243,0.08001655385861739,300.0000000000008
0.24242424242424243,0.08002146535027135,300.0000000000008
0.24242424242424243,0.08002758682208874,300.0000000000008
0.24242424242424243,0.08003521636110686,300.0000000000008
0.24242424242424243,0.08004472549017998,300.0000000000008
0.24242424242424243,0.08005657725940413,300.0000000000008
0.24242424242424243,0.08007134879449027,300.0000000000008
0.24242424242424243,0.08008975940008634,300.0000000000008
0.24242424242424243,0.08011270558654815,300.0000000000008
0.24242424242424243,0.08014130472579933,300.0000000000008
0.24242424242424243,0.08017694946211615,300.0000000000008
0.24242424242424243,0.08022137552738813,300.0000000000008
0.24242424242424243,0.08027674626314021,300.0000000000008
0.24242424242424243,0.08034575796514344,300.0000000000008
0.24242424242424243,0.08043177118040407,300.0000000000008
0.24242424242424243,0.08053897435007991,300.0000000000008
0.24242424242424243,0.08067258776696852,300.0000000000008
0.24242424242424243,0.08083911777934251,300.0000000000008
0.24242424242424243,0.08104667361966954,300.0000000000008
0.24242424242424243,0.08130536228629326,300.0000000000008
0.24242424242424243,0.08162778070696558,300.0000000000008
0.24242424242424243,0.08202962915029163,300.0000000000008
0.24242424242424243,0.08237629432068608,300.00000000000074
0.24545454545454545,0.00020202020202020202,299.99999999999864
0.24545454545454545,0.0008080808080808081,299.99999999999864
0.24545454545454545,0.0016161616161616162,299.99999999999864
0.24545454545454545,0.0024242424242424242,299.99999999999864
0.24545454545454545,0.0032323232323232323,299.99999999999864
0.24545454545454545,0.00404040404040404,299.99999999999864
0.24545454545454545,0.0048484848484848485,299.99999999999864
0.24545454545454545,0.0056565656565656566,299.99999999999864
0.24545454545454545,0.006464646464646465,299.99999999999864
0.24545454545454545,0.007272727272727273,299.99999999999864
0.24545454545454545,0.00808080808080808,299.99999999999864
0.24545454545454545,0.008888888888888889,299.99999999999864
0.24545454545454545,0.009696969696969697,299.99999999999864
0.24545454545454545,0.010505050505050505,299.99999999999864
0.24545454545454545,0.011313131313131313,299.99999999999864
0.24545454545454545,0.012121212121212121,299.99999999999864
0.24545454545454545,0.01292929292929293,299.99999999999864
0.24545454545454545,0.013737373737373737,299.99999999999864
0.24545454545454545,0.014545454545454545,299.99999999999864
0.24545454545454545,0.015353535353535354,299.99999999999864
0.24545454545454545,0.01616161616161616,299.99999999999864
0.24545454545454545,0.016969696969696968,299.99999999999864
0.24545454545454545,0.017777777777777778,299.99999999999864
0.24545454545454545,0.018585858585858588,299.99999999999864
0.24545454545454545,0.019393939393939394,299.99999999999864
0.24545454545454545,0.0202020202020202,299.99999999999864
0.24545454545454545,0.02101010101010101,299.99999999999864
0.24545454545454545,0.02181818181818182,299.99999999999864
0.24545454545454545,0.022626262626262626,299.99999999999864
0.24545454545454545,0.023434343434343433,299.99999999999864
0.24545454545454545,0.024242424242424242,299.99999999999864
0.24545454545454545,0.025050505050505052,299.99999999999864
0.24545454545454545,0.02585858585858586,299.99999999999864
0.24545454545454545,0.026666666666666665,299.99999999999864
0.24545454545454545,0.027474747474747475,299.99999999999864
0.24545454545454545,0.028282828282828285,299.99999999999864
0.24545454545454545,0.02909090909090909,299.99999999999864
0.24545454545454545,0.029898989898989897,299.99999999999864
0.24545454545454545,0.030707070707070707,299.99999999999864
0.24545454545454545,0.03151515151515151,299.99999999999864
0.24545454545454545,0.03232323232323232,299.99999999999864
0.24545454545454545,0.03313131313131313,299.99999999999864
0.24545454545454545,0.033939393939393936,299.99999999999864
0.24545454545454545,0.03474747474747475,299.99999999999864
0.24545454545454545,0.035555555555555556,299.99999999999864
0.24545454545454545,0.03636363636363636,299.99999999999864
0.24545454545454545,0.037171717171717175,299.99999999999864
0.24545454545454545,0.03797979797979798,299.99999999999864
0.24545454545454545,0.03878787878787879,299.99999999999864
0.24545454545454545,0.039595959595959594,299.99999999999864
0.24545454545454545,0.0404040404040404,299.99999999999864
0.24545454545454545,0.041212121212121214,299.99999999999864
0.24545454545454545,0.04202020202020202,299.99999999999864
0.24545454545454545,0.042828282828282827,299.99999999999864
0.24545454545454545,0.04363636363636364,299.99999999999864
0.24545454545454545,0.044444444444444446,299.99999999999864
0.24545454545454545,0.04525252525252525,299.99999999999864
0.24545454545454545,0.04606060606060606,299.99999999999864
0.24545454545454545,0.046868686868686865,299.99999999999864
0.24545454545454545,0.04767676767676768,299.99999999999864
0.24545454545454545,0.048484848484848485,299.99999999999864
0.24545454545454545,0.04929292929292929,299.99999999999864
0.24545454545454545,0.050101010101010104,299.99999999999864
0.24545454545454545,0.05090909090909091,299.99999999999864
0.24545454545454545,0.05171717171717172,299.99999999999864
0.24545454545454545,0.052525252525252523,299.99999999999864
0.24545454545454545,0.05333333333333333,299.99999999999864
0.24545454545454545,0.05414141414141414,299.99999999999864
0.24545454545454545,0.05494949494949495,299.99999999999864
0.24545454545454545,0.055757575757575756,299.99999999999864
0.24545454545454545,0.05656565656565657,299.99999999999864
0.24545454545454545,0.057373737373737375,299.99999999999864
0.24545454545454545,0.05818181818181818,299.99999999999864
0.24545454545454545,0.05898989898989899,299.99999999999864
0.24545454545454545,0.059797979797979794,299.99999999999864
0.24545454545454545,0.06060606060606061,299.99999999999864
0.24545454545454545,0.061414141414141414,299.99999999999864
0.24545454545454545,0.06222222222222222,299.99999999999864
0.24545454545454545,0.06303030303030302,299.99999999999864
0.24545454545454545,0.06383838383838383,299.99999999999864
0.24545454545454545,0.06464646464646465,299.99999999999864
0.24545454545454545,0.06545454545454546,299.99999999999864
0.24545454545454545,0.06626262626262627,299.99999999999864
0.24545454545454545,0.06707070707070706,299.99999999999864
0.24545454545454545,0.06787878787878787,299.99999999999864
0.24545454545454545,0.06868686868686869,299.99999999999864
0.24545454545454545,0.0694949494949495,299.99999999999864
0.24545454545454545,0.07030303030303031,299.99999999999864
0.24545454545454545,0.07111111111111111,299.99999999999864
0.24545454545454545,0.07191919191919191,299.99999999999864
0.24545454545454545,0.07272727272727272,299.99999999999864
0.24545454545454545,0.07353535353535354,299.99999999999864
0.24545454545454545,0.07434343434343435,299.99999999999864
0.24545454545454545,0.07515151515151516,299.99999999999864
0.24545454545454545,0.07595959595959595,299.99999999999864
0.24545454545454545,0.07676767676767676,299.99999999999864
0.24545454545454545,0.07757575757575758,299.99999999999864
0.24545454545454545,0.07838383838383839,299.99999999999864
0.24545454545454545,0.0791919191919192,299.9999999999631
0.24545454545454545,0.07979818813131313,300.0000000000008
0.24545454545454545,0.08000088465770044,300.0000000000008
0.24545454545454545,0.0800019359326174,300.0000000000008
0.24545454545454545,0.08000324619642925,300.0000000000008
0.24545454545454545,0.08000487925285339,300.0000000000008
0.24545454545454545,0.08000691462409718,300.0000000000008
0.24545454545454545,0.08000945142321741,300.0000000000008
0.24545454545454545,0.08001261318046245,300.0000000000008
0.24545454545454545,0.08001655385861739,300.0000000000008
0.24545454545454545,0.08002146535027135,300.0000000000008
0.24545454545454545,0.08002758682208874,300.0000000000008
0.24545454545454545,0.08003521636110686,300.0000000000008
0.24545454545454545,0.08004472549017998,300.0000000000008
0.24545454545454545,0.08005657725940413,300.0000000000008
0.24545454545454545,0.08007134879449027,300.0000000000008
0.24545454545454545,0.08008975940008634,300.0000000000008
0.24545454545454545,0.08011270558654815,300.0000000000008
0.24545454545454545,0.08014130472579933,300.0000000000008
0.24545454545454545,0.08017694946211615,300.0000000000008
0.24545454545454545,0.08022137552738813,300.0000000000008
0.24545454545454545,0.08027674626314021,300.0000000000008
0.24545454545454545,0.08034575796514344,300.0000000000008
0.24545454545454545,0.08043177118040407,300.0000000000008
0.24545454545454545,0.08053897435007991,300.0000000000008
0.24545454545454545,0.08067258776696852,300.0000000000008
0.24545454545454545,0.08083911777934251,300.0000000000008
0.24545454545454545,0.08104667361966954,300.0000000000008
0.24545454545454545,0.08130536228629326,300.0000000000008
0.24545454545454545,0.08162778070696558,300.0000000000008
0.24545454545454545,0.08202962915029163,300.0000000000008
0.24545454545454545,0.08237629432068608,300.00000000000074
0.24848484848484848,0.00020202020202020202,299.99999999999864
0.24848484848484848,0.0008080808080808081,299.99999999999864
0.24848484848484848,0.0016161616161616162,299.99999999999864
0.24848484848484848,0.0024242424242424242,299.99999999999864
0.24848484848484848,0.0032323232323232323,299.99999999999864
0.24848484848484848,0.00404040404040404,299.99999999999864
0.24848484848484848,0.0048484848484848485,299.99999999999864
0.24848484848484848,0.0056565656565656566,299.99999999999864
0.24848484848484848,0.006464646464646465,299.99999999999864
0.24848484848484848,0.007272727272727273,299.99999999999864
0.24848484848484848,0.00808080808080808,299.99999999999864
0.24848484848484848,0.008888888888888889,299.99999999999864
0.24848484848484848,0.009696969696969697,299.99999999999864
0.24848484848484848,0.010505050505050505,299.99999999999864
0.24848484848484848,0.011313131313131313,299.99999999999864
0.24848484848484848,0.012121212121212121,299.99999999999864
0.24848484848484848,0.01292929292929293,299.99999999999864
0.24848484848484848,0.013737373737373737,299.99999999999864
0.24848484848484848,0.014545454545454545,299.99999999999864
0.24848484848484848,0.015353535353535354,299.99999999999864
0.24848484848484848,0.01616161616161616,299.99999999999864
0.24848484848484848,0.016969696969696968,299.99999999999864
0.24848484848484848,0.017777777777777778,299.99999999999864
0.24848484848484848,0.018585858585858588,299.99999999999864
0.24848484848484848,0.019393939393939394,299.99999999999864
0.24848484848484848,0.0202020202020202,299.99999999999864
0.24848484848484848,0.02101010101010101,299.99999999999864
0.24848484848484848,0.02181818181818182,299.99999999999864
0.24848484848484848,0.022626262626262626,299.99999999999864
0.24848484848484848,0.023434343434343433,299.99999999999864
0.24848484848484848,0.024242424242424242,299.99999999999864
0.24848484848484848,0.025050505050505052,299.99999999999864
0.24848484848484848,0.02585858585858586,299.99999999999864
0.24848484848484848,0.026666666666666665,299.99999999999864
0.24848484848484848,0.027474747474747475,299.99999999999864
0.24848484848484848,0.028282828282828285,299.99999999999864
0.24848484848484848,0.02909090909090909,299.99999999999864
0.24848484848484848,0.029898989898989897,299.99999999999864
0.24848484848484848,0.030707070707070707,299.99999999999864
0.24848484848484848,0.03151515151515151,299.99999999999864
0.24848484848484848,0.03232323232323232,299.99999999999864
0.24848484848484848,0.03313131313131313,299.99999999999864
0.24848484848484848,0.033939393939393936,299.99999999999864
0.24848484848484848,0.03474747474747475,299.99999999999864
0.24848484848484848,0.035555555555555556,299.99999999999864
0.24848484848484848,0.03636363636363636,299.99999999999864
0.24848484848484848,0.037171717171717175,299.99999999999864
0.24848484848484848,0.03797979797979798,299.99999999999864
0.24848484848484848,0.03878787878787879,299.99999999999864
0.24848484848484848,0.039595959595959594,299.99999999999864
0.24848484848484848,0.0404040404040404,299.99999999999864
0.24848484848484848,0.041212121212121214,299.99999999999864
0.24848484848484848,0.04202020202020202,299.99999999999864
0.24848484848484848,0.042828282828282827,299.99999999999864
0.24848484848484848,0.04363636363636364,299.99999999999864
0.24848484848484848,0.044444444444444446,299.99999999999864
0.24848484848484848,0.04525252525252525,299.99999999999864
0.24848484848484848,0.04606060606060606,299.99999999999864
0.24848484848484848,0.046868686868686865,299.99999999999864
0.24848484848484848,0.04767676767676768,299.99999999999864
0.24848484848484848,0.048484848484848485,299.99999999999864
0.24848484848484848,0.04929292929292929,299.99999999999864
0.24848484848484848,0.050101010101010104,299.99999999999864
0.24848484848484848,0.05090909090909091,299.99999999999864
0.24848484848484848,0.05171717171717172,299.99999999999864
0.24848484848484848,0.052525252525252523,299.99999999999864
0.24848484848484848,0.05333333333333333,299.99999999999864
0.24848484848484848,0.05414141414141414,299.99999999999864
0.24848484848484848,0.05494949494949495,299.99999999999864
0.24848484848484848,0.055757575757575756,299.99999999999864
0.24848484848484848,0.05656565656565657,299.99999999999864
0.24848484848484848,0.057373737373737375,299.99999999999864
0.24848484848484848,0.05818181818181818,299.99999999999864
0.24848484848484848,0.05898989898989899,299.99999999999864
0.24848484848484848,0.059797979797979794,299.99999999999864
0.24848484848484848,0.06060606060606061,299.99999999999864
0.24848484848484848,0.061414141414141414,299.99999999999864
0.24848484848484848,0.06222222222222222,299.99999999999864
0.24848484848484848,0.06303030303030302,299.99999999999864
0.24848484848484848,0.06383838383838383,299.99999999999864
0.24848484848484848,0.06464646464646465,299.99999999999864
0.24848484848484848,0.06545454545454546,299.99999999999864
0.24848484848484848,0.06626262626262627,299.99999999999864
0.24848484848484848,0.06707070707070706,299.99999999999864
0.24848484848484848,0.06787878787878787,299.99999999999864
0.24848484848484848,0.06868686868686869,299.99999999999864
0.24848484848484848,0.0694949494949495,299.99999999999864
0.24848484848484848,0.07030303030303031,299.99999999999864
0.24848484848484848,0.07111111111111111,299.99999999999864
0.24848484848484848,0.07191919191919191,299.99999999999864
0.24848484848484848,0.07272727272727272,299.99999999999864
0.24848484848484848,0.07353535353535354,299.99999999999864
0.24848484848484848,0.07434343434343435,299.99999999999864
0.24848484848484848,0.07515151515151516,299.99999999999864
0.24848484848484848,0.07595959595959595,299.99999999999864
0.24848484848484848,0.07676767676767676,299.99999999999864
0.24848484848484848,0.07757575757575758,299.99999999999864
0.24848484848484848,0.07838383838383839,299.99999999999864
0.24848484848484848,0.0791919191919192,299.9999999999631
0.24848484848484848,0.07979818813131313,300.0000000000008
0.24848484848484848,0.08000088465770044,300.0000000000008
0.24848484848484848,0.0800019359326174,300.0000000000008
0.24848484848484848,0.08000324619642925,300.0000000000008
0.24848484848484848,0.08000487925285339,300.0000000000008
0.24848484848484848,0.08000691462409718,300.0000000000008
0.24848484848484848,0.08000945142321741,300.0000000000008
0.24848484848484848,0.08001261318046245,300.0000000000008
0.24848484848484848,0.08001655385861739,300.0000000000008
0.24848484848484848,0.08002146535027135,300.0000000000008
0.24848484848484848,0.08002758682208874,300.0000000000008
0.24848484848484848,0.08003521636110686,300.0000000000008
0.24848484848484848,0.08004472549017998,300.0000000000008
0.24848484848484848,0.08005657725940413,300.0000000000008
0.24848484848484848,0.08007134879449027,300.0000000000008
0.24848484848484848,0.08008975940008634,300.0000000000008
0.24848484848484848,0.08011270558654815,300.0000000000008
0.24848484848484848,0.08014130472579933,300.0000000000008
0.24848484848484848,0.08017694946211615,300.0000000000008
0.24848484848484848,0.08022137552738813,300.0000000000008
0.24848484848484848,0.08027674626314021,300.0000000000008
0.24848484848484848,0.08034575796514344,300.0000000000008
0.24848484848484848,0.08043177118040407,300.0000000000008
0.24848484848484848,0.08053897435007991,300.0000000000008
0.24848484848484848,0.08067258776696852,300.0000000000008
0.24848484848484848,0.08083911777934251,300.0000000000008
0.24848484848484848,0.08104667361966954,300.0000000000008
0.24848484848484848,0.08130536228629326,300.0000000000008
0.24848484848484848,0.08162778070696558,300.0000000000008
0.24848484848484848,0.08202962915029163,300.0000000000008
0.24848484848484848,0.08237629432068608,300.00000000000074
0.2515151515151515,0.00020202020202020202,299.99999999999864
0.2515151515151515,0.0008080808080808081,299.99999999999864
0.2515151515151515,0.0016161616161616162,299.99999999999864
0.2515151515151515,0.0024242424242424242,299.99999999999864
0.2515151515151515,0.0032323232323232323,299.99999999999864
0.2515151515151515,0.00404040404040404,299.99999999999864
0.2515151515151515,0.0048484848484848485,299.99999999999864
0.2515151515151515,0.0056565656565656566,299.99999999999864
0.2515151515151515,0.006464646464646465,299.99999999999864
0.2515151515151515,0.007272727272727273,299.99999999999864
0.2515151515151515,0.00808080808080808,299.99999999999864
0.2515151515151515,0.008888888888888889,299.99999999999864
0.2515151515151515,0.009696969696969697,299.99999999999864
0.2515151515151515,0.010505050505050505,299.99999999999864
0.2515151515151515,0.011313131313131313,299.99999999999864
0.2515151515151515,0.012121212121212121,299.99999999999864
0.2515151515151515,0.01292929292929293,299.99999999999864
0.2515151515151515,0.013737373737373737,299.99999999999864
0.2515151515151515,0.014545454545454545,299.99999999999864
0.2515151515151515,0.015353535353535354,299.99999999999864
0.2515151515151515,0.01616161616161616,299.99999999999864
0.2515151515151515,0.016969696969696968,299.99999999999864
0.2515151515151515,0.017777777777777778,299.99999999999864
0.2515151515151515,0.018585858585858588,299.99999999999864
0.2515151515151515,0.019393939393939394,299.99999999999864
0.2515151515151515,0.0202020202020202,299.99999999999864
0.2515151515151515,0.02101010101010101,299.99999999999864
0.2515151515151515,0.02181818181818182,299.99999999999864
0.2515151515151515,0.022626262626262626,299.99999999999864
0.2515151515151515,0.023434343434343433,299.99999999999864
0.2515151515151515,0.024242424242424242,299.99999999999864
0.2515151515151515,0.025050505050505052,299.99999999999864
0.2515151515151515,0.02585858585858586,299.99999999999864
0.2515151515151515,0.026666666666666665,299.99999999999864
0.2515151515151515,0.027474747474747475,299.99999999999864
0.2515151515151515,0.028282828282828285,299.99999999999864
0.2515151515151515,0.02909090909090909,299.99999999999864
0.2515151515151515,0.029898989898989897,299.99999999999864
0.2515151515151515,0.030707070707070707,299.99999999999864
0.2515151515151515,0.03151515151515151,299.99999999999864
0.2515151515151515,0.03232323232323232,299.99999999999864
0.2515151515151515,0.03313131313131313,299.99999999999864
0.2515151515151515,0.033939393939393936,299.99999999999864
0.2515151515151515,0.03474747474747475,299.99999999999864
0.2515151515151515,0.035555555555555556,299.99999999999864
0.2515151515151515,0.03636363636363636,299.99999999999864
0.2515151515151515,0.037171717171717175,299.99999999999864
0.2515151515151515,0.03797979797979798,299.99999999999864
0.2515151515151515,0.03878787878787879,299.99999999999864
0.2515151515151515,0.039595959595959594,299.99999999999864
0.2515151515151515,0.0404040404040404,299.99999999999864
0.2515151515151515,0.041212121212121214,299.99999999999864
0.2515151515151515,0.04202020202020202,299.99999999999864
0.2515151515151515,0.042828282828282827,299.99999999999864
0.2515151515151515,0.04363636363636364,299.99999999999864
0.2515151515151515,0.044444444444444446,299.99999999999864
0.2515151515151515,0.04525252525252525,299.99999999999864
0.2515151515151515,0.04606060606060606,299.99999999999864
0.2515151515151515,0.046868686868686865,299.99999999999864
0.2515151515151515,0.04767676767676768,299.99999999999864
0.2515151515151515,0.048484848484848485,299.99999999999864
0.2515151515151515,0.04929292929292929,299.99999999999864
0.2515151515151515,0.050101010101010104,299.99999999999864
0.2515151515151515,0.05090909090909091,299.99999999999864
0.2515151515151515,0.05171717171717172,299.99999999999864
0.2515151515151515,0.052525252525252523,299.99999999999864
0.2515151515151515,0.05333333333333333,299.99999999999864
0.2515151515151515,0.05414141414141414,299.99999999999864
0.2515151515151515,0.05494949494949495,299.99999999999864
0.2515151515151515,0.055757575757575756,299.99999999999864
0.2515151515151515,0.05656565656565657,299.99999999999864
0.2515151515151515,0.057373737373737375,299.99999999999864
0.2515151515151515,0.05818181818181818,299.99999999999864
0.2515151515151515,0.05898989898989899,299.99999999999864
0.2515151515151515,0.059797979797979794,299.99999999999864
0.2515151515151515,0.06060606060606061,299.99999999999864
0.2515151515151515,0.061414141414141414,299.99999999999864
0.2515151515151515,0.06222222222222222,299.99999999999864
0.2515151515151515,0.06303030303030302,299.99999999999864
0.2515151515151515,0.06383838383838383,299.99999999999864
0.2515151515151515,0.06464646464646465,299.99999999999864
0.2515151515151515,0.06545454545454546,299.99999999999864
0.2515151515151515,0.06626262626262627,299.99999999999864
0.2515151515151515,0.06707070707070706,299.99999999999864
0.2515151515151515,0.06787878787878787,299.99999999999864
0.2515151515151515,0.06868686868686869,299.99999999999864
0.2515151515151515,0.0694949494949495,299.99999999999864
0.2515151515151515,0.07030303030303031,299.99999999999864
0.2515151515151515,0.07111111111111111,299.99999999999864
0.2515151515151515,0.07191919191919191,299.99999999999864
0.2515151515151515,0.07272727272727272,299.99999999999864
0.2515151515151515,0.07353535353535354,299.99999999999864
0.2515151515151515,0.07434343434343435,299.99999999999864
0.2515151515151515,0.07515151515151516,299.99999999999864
0.2515151515151515,0.07595959595959595,299.99999999999864
0.2515151515151515,0.07676767676767676,299.99999999999864
0.2515151515151515,0.07757575757575758,299.99999999999864
0.2515151515151515,0.07838383838383839,299.99999999999864
0.2515151515151515,0.0791919191919192,299.9999999999631
0.2515151515151515,0.07979818813131313,300.0000000000008
0.2515151515151515,0.08000088465770044,300.0000000000008
0.2515151515151515,0.0800019359326174,300.0000000000008
0.2515151515151515,0.08000324619642925,300.0000000000008
0.2515151515151515,0.08000487925285339,300.0000000000008
0.2515151515151515,0.08000691462409718,300.0000000000008
0.2515151515151515,0.08000945142321741,300.0000000000008
0.2515151515151515,0.08001261318046245,300.0000000000008
0.2515151515151515,0.08001655385861739,300.0000000000008
0.2515151515151515,0.08002146535027135,300.0000000000008
0.2515151515151515,0.08002758682208874,300.0000000000008
0.2515151515151515,0.08003521636110686,300.0000000000008
0.2515151515151515,0.08004472549017998,300.0000000000008
0.2515151515151515,0.08005657725940413,300.0000000000008
0.2515151515151515,0.08007134879449027,300.0000000000008
0.2515151515151515,0.08008975940008634,300.0000000000008
0.2515151515151515,0.08011270558654815,300.0000000000008
0.2515151515151515,0.08014130472579933,300.0000000000008
0.2515151515151515,0.08017694946211615,300.0000000000008
0.2515151515151515,0.08022137552738813,300.0000000000008
0.2515151515151515,0.08027674626314021,300.0000000000008
0.2515151515151515,0.08034575796514344,300.0000000000008
0.2515151515151515,0.08043177118040407,300.0000000000008
0.2515151515151515,0.08053897435007991,300.0000000000008
0.2515151515151515,0.08067258776696852,300.0000000000008
0.2515151515151515,0.08083911777934251,300.0000000000008
0.2515151515151515,0.08104667361966954,300.0000000000008
0.2515151515151515,0.08130536228629326,300.0000000000008
0.2515151515151515,0.08162778070696558,300.0000000000008
0.2515151515151515,0.08202962915029163,300.0000000000008
0.2515151515151515,0.08237629432068608,300.00000000000074
0.2545454545454545,0.00020202020202020202,299.99999999999864
0.2545454545454545,0.0008080808080808081,299.99999999999864
0.2545454545454545,0.0016161616161616162,299.99999999999864
0.2545454545454545,0.0024242424242424242,299.99999999999864
0.2545454545454545,0.0032323232323232323,299.99999999999864
0.2545454545454545,0.00404040404040404,299.99999999999864
0.2545454545454545,0.0048484848484848485,299.99999999999864
0.2545454545454545,0.0056565656565656566,299.99999999999864
0.2545454545454545,0.006464646464646465,299.99999999999864
0.2545454545454545,0.007272727272727273,299.99999999999864
0.2545454545454545,0.00808080808080808,299.99999999999864
0.2545454545454545,0.008888888888888889,299.99999999999864
0.2545454545454545,0.009696969696969697,299.99999999999864
0.2545454545454545,0.010505050505050505,299.99999999999864
0.2545454545454545,0.011313131313131313,299.99999999999864
0.2545454545454545,0.012121212121212121,299.99999999999864
0.2545454545454545,0.01292929292929293,299.99999999999864
0.2545454545454545,0.013737373737373737,299.99999999999864
0.2545454545454545,0.014545454545454545,299.99999999999864
0.2545454545454545,0.015353535353535354,299.99999999999864
0.2545454545454545,0.01616161616161616,299.99999999999864
0.2545454545454545,0.016969696969696968,299.99999999999864
0.2545454545454545,0.017777777777777778,299.99999999999864
0.2545454545454545,0.018585858585858588,299.99999999999864
0.2545454545454545,0.019393939393939394,299.99999999999864
0.2545454545454545,0.0202020202020202,299.99999999999864
0.2545454545454545,0.02101010101010101,299.99999999999864
0.2545454545454545,0.02181818181818182,299.99999999999864
0.2545454545454545,0.022626262626262626,299.99999999999864
0.2545454545454545,0.023434343434343433,299.99999999999864
0.2545454545454545,0.024242424242424242,299.99999999999864
0.2545454545454545,0.025050505050505052,299.99999999999864
0.2545454545454545,0.02585858585858586,299.99999999999864
0.2545454545454545,0.026666666666666665,299.99999999999864
0.2545454545454545,0.027474747474747475,299.99999999999864
0.2545454545454545,0.028282828282828285,299.99999999999864
0.2545454545454545,0.02909090909090909,299.99999999999864
0.2545454545454545,0.029898989898989897,299.99999999999864
0.2545454545454545,0.030707070707070707,299.99999999999864
0.2545454545454545,0.03151515151515151,299.99999999999864
0.2545454545454545,0.03232323232323232,299.99999999999864
0.2545454545454545,0.03313131313131313,299.99999999999864
0.2545454545454545,0.033939393939393936,299.99999999999864
0.2545454545454545,0.03474747474747475,299.99999999999864
0.2545454545454545,0.035555555555555556,299.99999999999864
0.2545454545454545,0.03636363636363636,299.99999999999864
0.2545454545454545,0.037171717171717175,299.99999999999864
0.2545454545454545,0.03797979797979798,299.99999999999864
0.2545454545454545,0.03878787878787879,299.99999999999864
0.2545454545454545,0.039595959595959594,299.99999999999864
0.2545454545454545,0.0404040404040404,299.99999999999864
0.2545454545454545,0.041212121212121214,299.99999999999864
0.2545454545454545,0.04202020202020202,299.99999999999864
0.2545454545454545,0.042828282828282827,299.99999999999864
0.2545454545454545,0.04363636363636364,299.99999999999864
0.2545454545454545,0.044444444444444446,299.99999999999864
0.2545454545454545,0.04525252525252525,299.99999999999864
0.2545454545454545,0.04606060606060606,299.99999999999864
0.2545454545454545,0.046868686868686865,299.99999999999864
0.2545454545454545,0.04767676767676768,299.99999999999864
0.2545454545454545,0.048484848484848485,299.99999999999864
0.2545454545454545,0.04929292929292929,299.99999999999864
0.2545454545454545,0.050101010101010104,299.99999999999864
0.2545454545454545,0.05090909090909091,299.99999999999864
0.2545454545454545,0.05171717171717172,299.99999999999864
0.2545454545454545,0.052525252525252523,299.99999999999864
0.2545454545454545,0.05333333333333333,299.99999999999864
0.2545454545454545,0.05414141414141414,299.99999999999864
0.2545454545454545,0.05494949494949495,299.99999999999864
0.2545454545454545,0.055757575757575756,299.99999999999864
0.2545454545454545,0.05656565656565657,299.99999999999864
0.2545454545454545,0.057373737373737375,299.99999999999864
0.2545454545454545,0.05818181818181818,299.99999999999864
0.2545454545454545,0.05898989898989899,299.99999999999864
0.2545454545454545,0.059797979797979794,299.99999999999864
0.2545454545454545,0.06060606060606061,299.99999999999864
0.2545454545454545,0.061414141414141414,299.99999999999864
0.2545454545454545,0.06222222222222222,299.99999999999864
0.2545454545454545,0.06303030303030302,299.99999999999864
0.2545454545454545,0.06383838383838383,299.99999999999864
0.2545454545454545,0.06464646464646465,299.99999999999864
0.2545454545454545,0.06545454545454546,299.99999999999864
0.2545454545454545,0.06626262626262627,299.99999999999864
0.2545454545454545,0.06707070707070706,299.99999999999864
0.2545454545454545,0.06787878787878787,299.99999999999864
0.2545454545454545,0.06868686868686869,299.99999999999864
0.2545454545454545,0.0694949494949495,299.99999999999864
0.2545454545454545,0.07030303030303031,299.99999999999864
0.2545454545454545,0.07111111111111111,299.99999999999864
0.2545454545454545,0.07191919191919191,299.99999999999864
0.2545454545454545,0.07272727272727272,299.99999999999864
0.2545454545454545,0.07353535353535354,299.99999999999864
0.2545454545454545,0.07434343434343435,299.99999999999864
0.2545454545454545,0.07515151515151516,299.99999999999864
0.2545454545454545,0.07595959595959595,299.99999999999864
0.2545454545454545,0.07676767676767676,299.99999999999864
0.2545454545454545,0.07757575757575758,299.99999999999864
0.2545454545454545,0.07838383838383839,299.99999999999864
0.2545454545454545,0.0791919191919192,299.9999999999631
0.2545454545454545,0.07979818813131313,300.0000000000008
0.2545454545454545,0.08000088465770044,300.0000000000008
0.2545454545454545,0.0800019359326174,300.0000000000008
0.2545454545454545,0.08000324619642925,300.0000000000008
0.2545454545454545,0.08000487925285339,300.0000000000008
0.2545454545454545,0.08000691462409718,300.0000000000008
0.2545454545454545,0.08000945142321741,300.0000000000008
0.2545454545454545,0.08001261318046245,300.0000000000008
0.2545454545454545,0.08001655385861739,300.0000000000008
0.2545454545454545,0.08002146535027135,300.0000000000008
0.2545454545454545,0.08002758682208874,300.0000000000008
0.2545454545454545,0.08003521636110686,300.0000000000008
0.2545454545454545,0.08004472549017998,300.0000000000008
0.2545454545454545,0.08005657725940413,300.0000000000008
0.2545454545454545,0.08007134879449027,300.0000000000008
0.2545454545454545,0.08008975940008634,300.0000000000008
0.2545454545454545,0.08011270558654815,300.0000000000008
0.2545454545454545,0.08014130472579933,300.0000000000008
0.2545454545454545,0.08017694946211615,300.0000000000008
0.2545454545454545,0.08022137552738813,300.0000000000008
0.2545454545454545,0.08027674626314021,300.0000000000008
0.2545454545454545,0.08034575796514344,300.0000000000008
0.2545454545454545,0.08043177118040407,300.0000000000008
0.2545454545454545,0.08053897435007991,300.0000000000008
0.2545454545454545,0.08067258776696852,300.0000000000008
0.2545454545454545,0.08083911777934251,300.0000000000008
0.2545454545454545,0.08104667361966954,300.0000000000008
0.2545454545454545,0.08130536228629326,300.0000000000008
0.2545454545454545,0.08162778070696558,300.0000000000008
0.2545454545454545,0.08202962915029163,300.0000000000008
0.2545454545454545,0.08237629432068608,300.00000000000074
0.25757575757575757,0.00020202020202020202,299.99999999999864
0.25757575757575757,0.0008080808080808081,299.99999999999864
0.25757575757575757,0.0016161616161616162,299.99999999999864
0.25757575757575757,0.0024242424242424242,299.99999999999864
0.25757575757575757,0.0032323232323232323,299.99999999999864
0.25757575757575757,0.00404040404040404,299.99999999999864
0.25757575757575757,0.0048484848484848485,299.99999999999864
0.25757575757575757,0.0056565656565656566,299.99999999999864
0.25757575757575757,0.006464646464646465,299.99999999999864
0.25757575757575757,0.007272727272727273,299.99999999999864
0.25757575757575757,0.00808080808080808,299.99999999999864
0.25757575757575757,0.008888888888888889,299.99999999999864
0.25757575757575757,0.009696969696969697,299.99999999999864
0.25757575757575757,0.010505050505050505,299.99999999999864
0.25757575757575757,0.011313131313131313,299.99999999999864
0.25757575757575757,0.012121212121212121,299.99999999999864
0.25757575757575757,0.01292929292929293,299.99999999999864
0.25757575757575757,0.013737373737373737,299.99999999999864
0.25757575757575757,0.014545454545454545,299.99999999999864
0.25757575757575757,0.015353535353535354,299.99999999999864
0.25757575757575757,0.01616161616161616,299.99999999999864
0.25757575757575757,0.016969696969696968,299.99999999999864
0.25757575757575757,0.017777777777777778,299.99999999999864
0.25757575757575757,0.018585858585858588,299.99999999999864
0.25757575757575757,0.019393939393939394,299.99999999999864
0.25757575757575757,0.0202020202020202,299.99999999999864
0.25757575757575757,0.02101010101010101,299.99999999999864
0.25757575757575757,0.02181818181818182,299.99999999999864
0.25757575757575757,0.022626262626262626,299.99999999999864
0.25757575757575757,0.023434343434343433,299.99999999999864
0.25757575757575757,0.024242424242424242,299.99999999999864
0.25757575757575757,0.025050505050505052,299.99999999999864
0.25757575757575757,0.02585858585858586,299.99999999999864
0.25757575757575757,0.026666666666666665,299.99999999999864
0.25757575757575757,0.027474747474747475,299.99999999999864
0.25757575757575757,0.028282828282828285,299.99999999999864
0.25757575757575757,0.02909090909090909,299.99999999999864
0.25757575757575757,0.029898989898989897,299.99999999999864
0.25757575757575757,0.030707070707070707,299.99999999999864
0.25757575757575757,0.03151515151515151,299.99999999999864
0.25757575757575757,0.03232323232323232,299.99999999999864
0.25757575757575757,0.03313131313131313,299.99999999999864
0.25757575757575757,0.033939393939393936,299.99999999999864
0.25757575757575757,0.03474747474747475,299.99999999999864
0.25757575757575757,0.035555555555555556,299.99999999999864
0.25757575757575757,0.03636363636363636,299.99999999999864
0.25757575757575757,0.037171717171717175,299.99999999999864
0.25757575757575757,0.03797979797979798,299.99999999999864
0.25757575757575757,0.03878787878787879,299.99999999999864
0.25757575757575757,0.039595959595959594,299.99999999999864
0.25757575757575757,0.0404040404040404,299.99999999999864
0.25757575757575757,0.041212121212121214,299.99999999999864
0.25757575757575757,0.04202020202020202,299.99999999999864
0.25757575757575757,0.042828282828282827,299.99999999999864
0.25757575757575757,0.04363636363636364,299.99999999999864
0.25757575757575757,0.044444444444444446,299.99999999999864
0.25757575757575757,0.04525252525252525,299.99999999999864
0.25757575757575757,0.04606060606060606,299.99999999999864
0.25757575757575757,0.046868686868686865,299.99999999999864
0.25757575757575757,0.04767676767676768,299.99999999999864
0.25757575757575757,0.048484848484848485,299.99999999999864
0.25757575757575757,0.04929292929292929,299.99999999999864
0.25757575757575757,0.050101010101010104,299.99999999999864
0.25757575757575757,0.05090909090909091,299.99999999999864
0.25757575757575757,0.05171717171717172,299.99999999999864
0.25757575757575757,0.052525252525252523,299.99999999999864
0.25757575757575757,0.05333333333333333,299.99999999999864
0.25757575757575757,0.05414141414141414,299.99999999999864
0.25757575757575757,0.05494949494949495,299.99999999999864
0.25757575757575757,0.055757575757575756,299.99999999999864
0.25757575757575757,0.05656565656565657,299.99999999999864
0.25757575757575757,0.057373737373737375,299.99999999999864
0.25757575757575757,0.05818181818181818,299.99999999999864
0.25757575757575757,0.05898989898989899,299.99999999999864
0.25757575757575757,0.059797979797979794,299.99999999999864
0.25757575757575757,0.06060606060606061,299.99999999999864
0.25757575757575757,0.061414141414141414,299.99999999999864
0.25757575757575757,0.06222222222222222,299.99999999999864
0.25757575757575757,0.06303030303030302,299.99999999999864
0.25757575757575757,0.06383838383838383,299.99999999999864
0.25757575757575757,0.06464646464646465,299.99999999999864
0.25757575757575757,0.06545454545454546,299.99999999999864
0.25757575757575757,0.06626262626262627,299.99999999999864
0.25757575757575757,0.06707070707070706,299.99999999999864
0.25757575757575757,0.06787878787878787,299.99999999999864
0.25757575757575757,0.06868686868686869,299.99999999999864
0.25757575757575757,0.0694949494949495,299.99999999999864
0.25757575757575757,0.07030303030303031,299.99999999999864
0.25757575757575757,0.07111111111111111,299.99999999999864
0.25757575757575757,0.07191919191919191,299.99999999999864
0.25757575757575757,0.07272727272727272,299.99999999999864
0.25757575757575757,0.07353535353535354,299.99999999999864
0.25757575757575757,0.07434343434343435,299.99999999999864
0.25757575757575757,0.07515151515151516,299.99999999999864
0.25757575757575757,0.07595959595959595,299.99999999999864
0.25757575757575757,0.07676767676767676,299.99999999999864
0.25757575757575757,0.07757575757575758,299.99999999999864
0.25757575757575757,0.07838383838383839,299.99999999999864
0.25757575757575757,0.0791919191919192,299.9999999999631
0.25757575757575757,0.07979818813131313,300.0000000000008
0.25757575757575757,0.08000088465770044,300.0000000000008
0.25757575757575757,0.0800019359326174,300.0000000000008
0.25757575757575757,0.08000324619642925,300.0000000000008
0.25757575757575757,0.08000487925285339,300.0000000000008
0.25757575757575757,0.08000691462409718,300.0000000000008
0.25757575757575757,0.08000945142321741,300.0000000000008
0.25757575757575757,0.08001261318046245,300.0000000000008
0.25757575757575757,0.08001655385861739,300.0000000000008
0.25757575757575757,0.08002146535027135,300.0000000000008
0.25757575757575757,0.08002758682208874,300.0000000000008
0.25757575757575757,0.08003521636110686,300.0000000000008
0.25757575757575757,0.08004472549017998,300.0000000000008
0.25757575757575757,0.08005657725940413,300.0000000000008
0.25757575757575757,0.08007134879449027,300.0000000000008
0.25757575757575757,0.08008975940008634,300.0000000000008
0.25757575757575757,0.08011270558654815,300.0000000000008
0.25757575757575757,0.08014130472579933,300.0000000000008
0.25757575757575757,0.08017694946211615,300.0000000000008
0.25757575757575757,0.08022137552738813,300.0000000000008
0.25757575757575757,0.08027674626314021,300.0000000000008
0.25757575757575757,0.08034575796514344,300.0000000000008
0.25757575757575757,0.08043177118040407,300.0000000000008
0.25757575757575757,0.08053897435007991,300.0000000000008
0.25757575757575757,0.08067258776696852,300.0000000000008
0.25757575757575757,0.08083911777934251,300.0000000000008
0.25757575757575757,0.08104667361966954,300.0000000000008
0.25757575757575757,0.08130536228629326,300.0000000000008
0.25757575757575757,0.08162778070696558,300.0000000000008
0.25757575757575757,0.08202962915029163,300.0000000000008
0.25757575757575757,0.08237629432068608,300.00000000000074
0.2606060606060606,0.00020202020202020202,299.99999999999864
0.2606060606060606,0.0008080808080808081,299.99999999999864
0.2606060606060606,0.0016161616161616162,299.99999999999864
0.2606060606060606,0.0024242424242424242,299.99999999999864
0.2606060606060606,0.0032323232323232323,299.99999999999864
0.2606060606060606,0.00404040404040404,299.99999999999864
0.2606060606060606,0.0048484848484848485,299.99999999999864
0.2606060606060606,0.0056565656565656566,299.99999999999864
0.2606060606060606,0.006464646464646465,299.99999999999864
0.2606060606060606,0.007272727272727273,299.99999999999864
0.2606060606060606,0.00808080808080808,299.99999999999864
0.2606060606060606,0.008888888888888889,299.99999999999864
0.2606060606060606,0.009696969696969697,299.99999999999864
0.2606060606060606,0.010505050505050505,299.99999999999864
0.2606060606060606,0.011313131313131313,299.99999999999864
0.2606060606060606,0.012121212121212121,299.99999999999864
0.2606060606060606,0.01292929292929293,299.99999999999864
0.2606060606060606,0.013737373737373737,299.99999999999864
0.2606060606060606,0.014545454545454545,299.99999999999864
0.2606060606060606,0.015353535353535354,299.99999999999864
0.2606060606060606,0.01616161616161616,299.99999999999864
0.2606060606060606,0.016969696969696968,299.99999999999864
0.2606060606060606,0.017777777777777778,299.99999999999864
0.2606060606060606,0.018585858585858588,299.99999999999864
0.2606060606060606,0.019393939393939394,299.99999999999864
0.2606060606060606,0.0202020202020202,299.99999999999864
0.2606060606060606,0.02101010101010101,299.99999999999864
0.2606060606060606,0.02181818181818182,299.99999999999864
0.2606060606060606,0.022626262626262626,299.99999999999864
0.2606060606060606,0.023434343434343433,299.99999999999864
0.2606060606060606,0.024242424242424242,299.99999999999864
0.2606060606060606,0.025050505050505052,299.99999999999864
0.2606060606060606,0.02585858585858586,299.99999999999864
0.2606060606060606,0.026666666666666665,299.99999999999864
0.2606060606060606,0.027474747474747475,299.99999999999864
0.2606060606060606,0.028282828282828285,299.99999999999864
0.2606060606060606,0.02909090909090909,299.99999999999864
0.2606060606060606,0.029898989898989897,299.99999999999864
0.2606060606060606,0.030707070707070707,299.99999999999864
0.2606060606060606,0.03151515151515151,299.99999999999864
0.2606060606060606,0.03232323232323232,299.99999999999864
0.2606060606060606,0.03313131313131313,299.99999999999864
0.2606060606060606,0.033939393939393936,299.99999999999864
0.2606060606060606,0.03474747474747475,299.99999999999864
0.2606060606060606,0.035555555555555556,299.99999999999864
0.2606060606060606,0.03636363636363636,299.99999999999864
0.2606060606060606,0.037171717171717175,299.99999999999864
0.2606060606060606,0.03797979797979798,299.99999999999864
0.2606060606060606,0.03878787878787879,299.99999999999864
0.2606060606060606,0.039595959595959594,299.99999999999864
0.2606060606060606,0.0404040404040404,299.99999999999864
0.2606060606060606,0.041212121212121214,299.99999999999864
0.2606060606060606,0.04202020202020202,299.99999999999864
0.2606060606060606,0.042828282828282827,299.99999999999864
0.2606060606060606,0.04363636363636364,299.99999999999864
0.2606060606060606,0.044444444444444446,299.99999999999864
0.2606060606060606,0.04525252525252525,299.99999999999864
0.2606060606060606,0.04606060606060606,299.99999999999864
0.2606060606060606,0.046868686868686865,299.99999999999864
0.2606060606060606,0.04767676767676768,299.99999999999864
0.2606060606060606,0.048484848484848485,299.99999999999864
0.2606060606060606,0.04929292929292929,299.99999999999864
0.2606060606060606,0.050101010101010104,299.99999999999864
0.2606060606060606,0.05090909090909091,299.99999999999864
0.2606060606060606,0.05171717171717172,299.99999999999864
0.2606060606060606,0.052525252525252523,299.99999999999864
0.2606060606060606,0.05333333333333333,299.99999999999864
0.2606060606060606,0.05414141414141414,299.99999999999864
0.2606060606060606,0.05494949494949495,299.99999999999864
0.2606060606060606,0.055757575757575756,299.99999999999864
0.2606060606060606,0.05656565656565657,299.99999999999864
0.2606060606060606,0.057373737373737375,299.99999999999864
0.2606060606060606,0.05818181818181818,299.99999999999864
0.2606060606060606,0.05898989898989899,299.99999999999864
0.2606060606060606,0.059797979797979794,299.99999999999864
0.2606060606060606,0.06060606060606061,299.99999999999864
0.2606060606060606,0.061414141414141414,299.99999999999864
0.2606060606060606,0.06222222222222222,299.99999999999864
0.2606060606060606,0.06303030303030302,299.99999999999864
0.2606060606060606,0.06383838383838383,299.99999999999864
0.2606060606060606,0.06464646464646465,299.99999999999864
0.2606060606060606,0.06545454545454546,299.99999999999864
0.2606060606060606,0.06626262626262627,299.99999999999864
0.2606060606060606,0.06707070707070706,299.99999999999864
0.2606060606060606,0.06787878787878787,299.99999999999864
0.2606060606060606,0.06868686868686869,299.99999999999864
0.2606060606060606,0.0694949494949495,299.99999999999864
0.2606060606060606,0.07030303030303031,299.99999999999864
0.2606060606060606,0.07111111111111111,299.99999999999864
0.2606060606060606,0.07191919191919191,299.99999999999864
0.2606060606060606,0.07272727272727272,299.99999999999864
0.2606060606060606,0.07353535353535354,299.99999999999864
0.2606060606060606,0.07434343434343435,299.99999999999864
0.2606060606060606,0.07515151515151516,299.99999999999864
0.2606060606060606,0.07595959595959595,299.99999999999864
0.2606060606060606,0.07676767676767676,299.99999999999864
0.2606060606060606,0.07757575757575758,299.99999999999864
0.2606060606060606,0.07838383838383839,299.99999999999864
0.2606060606060606,0.0791919191919192,299.9999999999631
0.2606060606060606,0.07979818813131313,300.0000000000008
0.2606060606060606,0.08000088465770044,300.0000000000008
0.2606060606060606,0.0800019359326174,300.0000000000008
0.2606060606060606,0.08000324619642925,300.0000000000008
0.2606060606060606,0.08000487925285339,300.0000000000008
0.2606060606060606,0.08000691462409718,300.0000000000008
0.2606060606060606,0.08000945142321741,300.0000000000008
0.2606060606060606,0.08001261318046245,300.0000000000008
0.2606060606060606,0.08001655385861739,300.0000000000008
0.2606060606060606,0.08002146535027135,300.0000000000008
0.2606060606060606,0.08002758682208874,300.0000000000008
0.2606060606060606,0.08003521636110686,300.0000000000008
0.2606060606060606,0.08004472549017998,300.0000000000008
0.2606060606060606,0.08005657725940413,300.0000000000008
0.2606060606060606,0.08007134879449027,300.0000000000008
0.2606060606060606,0.08008975940008634,300.0000000000008
0.2606060606060606,0.08011270558654815,300.0000000000008
0.2606060606060606,0.08014130472579933,300.0000000000008
0.2606060606060606,0.08017694946211615,300.0000000000008
0.2606060606060606,0.08022137552738813,300.0000000000008
0.2606060606060606,0.08027674626314021,300.0000000000008
0.2606060606060606,0.08034575796514344,300.0000000000008
0.2606060606060606,0.08043177118040407,300.0000000000008
0.2606060606060606,0.08053897435007991,300.0000000000008
0.2606060606060606,0.08067258776696852,300.0000000000008
0.2606060606060606,0.08083911777934251,300.0000000000008
0.2606060606060606,0.08104667361966954,300.0000000000008
0.2606060606060606,0.08130536228629326,300.0000000000008
0.2606060606060606,0.08162778070696558,300.0000000000008
0.2606060606060606,0.08202962915029163,300.0000000000008
0.2606060606060606,0.08237629432068608,300.00000000000074
0.2636363636363636,0.00020202020202020202,299.99999999999864
0.2636363636363636,0.0008080808080808081,299.99999999999864
0.2636363636363636,0.0016161616161616162,299.99999999999864
0.2636363636363636,0.0024242424242424242,299.99999999999864
0.2636363636363636,0.0032323232323232323,299.99999999999864
0.2636363636363636,0.00404040404040404,299.99999999999864
0.2636363636363636,0.0048484848484848485,299.99999999999864
0.2636363636363636,0.0056565656565656566,299.99999999999864
0.2636363636363636,0.006464646464646465,299.99999999999864
0.2636363636363636,0.007272727272727273,299.99999999999864
0.2636363636363636,0.00808080808080808,299.99999999999864
0.2636363636363636,0.008888888888888889,299.99999999999864
0.2636363636363636,0.009696969696969697,299.99999999999864
0.2636363636363636,0.010505050505050505,299.99999999999864
0.2636363636363636,0.011313131313131313,299.99999999999864
0.2636363636363636,0.012121212121212121,299.99999999999864
0.2636363636363636,0.01292929292929293,299.99999999999864
0.2636363636363636,0.013737373737373737,299.99999999999864
0.2636363636363636,0.014545454545454545,299.99999999999864
0.2636363636363636,0.015353535353535354,299.99999999999864
0.2636363636363636,0.01616161616161616,299.99999999999864
0.2636363636363636,0.016969696969696968,299.99999999999864
0.2636363636363636,0.017777777777777778,299.99999999999864
0.2636363636363636,0.018585858585858588,299.99999999999864
0.2636363636363636,0.019393939393939394,299.99999999999864
0.2636363636363636,0.0202020202020202,299.99999999999864
0.2636363636363636,0.02101010101010101,299.99999999999864
0.2636363636363636,0.02181818181818182,299.99999999999864
0.2636363636363636,0.022626262626262626,299.99999999999864
0.2636363636363636,0.023434343434343433,299.99999999999864
0.2636363636363636,0.024242424242424242,299.99999999999864
0.2636363636363636,0.025050505050505052,299.99999999999864
0.2636363636363636,0.02585858585858586,299.99999999999864
0.2636363636363636,0.026666666666666665,299.99999999999864
0.2636363636363636,0.027474747474747475,299.99999999999864
0.2636363636363636,0.028282828282828285,299.99999999999864
0.2636363636363636,0.02909090909090909,299.99999999999864
0.2636363636363636,0.029898989898989897,299.99999999999864
0.2636363636363636,0.030707070707070707,299.99999999999864
0.2636363636363636,0.03151515151515151,299.99999999999864
0.2636363636363636,0.03232323232323232,299.99999999999864
0.2636363636363636,0.03313131313131313,299.99999999999864
0.2636363636363636,0.033939393939393936,299.99999999999864
0.2636363636363636,0.03474747474747475,299.99999999999864
0.2636363636363636,0.035555555555555556,299.99999999999864
0.2636363636363636,0.03636363636363636,299.99999999999864
0.2636363636363636,0.037171717171717175,299.99999999999864
0.2636363636363636,0.03797979797979798,299.99999999999864
0.2636363636363636,0.03878787878787879,299.99999999999864
0.2636363636363636,0.039595959595959594,299.99999999999864
0.2636363636363636,0.0404040404040404,299.99999999999864
0.2636363636363636,0.041212121212121214,299.99999999999864
0.2636363636363636,0.04202020202020202,299.99999999999864
0.2636363636363636,0.042828282828282827,299.99999999999864
0.2636363636363636,0.04363636363636364,299.99999999999864
0.2636363636363636,0.044444444444444446,299.99999999999864
0.2636363636363636,0.04525252525252525,299.99999999999864
0.2636363636363636,0.04606060606060606,299.99999999999864
0.2636363636363636,0.046868686868686865,299.99999999999864
0.2636363636363636,0.04767676767676768,299.99999999999864
0.2636363636363636,0.048484848484848485,299.99999999999864
0.2636363636363636,0.04929292929292929,299.99999999999864
0.2636363636363636,0.050101010101010104,299.99999999999864
0.2636363636363636,0.05090909090909091,299.99999999999864
0.2636363636363636,0.05171717171717172,299.99999999999864
0.2636363636363636,0.052525252525252523,299.99999999999864
0.2636363636363636,0.05333333333333333,299.99999999999864
0.2636363636363636,0.05414141414141414,299.99999999999864
0.2636363636363636,0.05494949494949495,299.99999999999864
0.2636363636363636,0.055757575757575756,299.99999999999864
0.2636363636363636,0.05656565656565657,299.99999999999864
0.2636363636363636,0.057373737373737375,299.99999999999864
0.2636363636363636,0.05818181818181818,299.99999999999864
0.2636363636363636,0.05898989898989899,299.99999999999864
0.2636363636363636,0.059797979797979794,299.99999999999864
0.2636363636363636,0.06060606060606061,299.99999999999864
0.2636363636363636,0.061414141414141414,299.99999999999864
0.2636363636363636,0.06222222222222222,299.99999999999864
0.2636363636363636,0.06303030303030302,299.99999999999864
0.2636363636363636,0.06383838383838383,299.99999999999864
0.2636363636363636,0.06464646464646465,299.99999999999864
0.2636363636363636,0.06545454545454546,299.99999999999864
0.2636363636363636,0.06626262626262627,299.99999999999864
0.2636363636363636,0.06707070707070706,299.99999999999864
0.2636363636363636,0.06787878787878787,299.99999999999864
0.2636363636363636,0.06868686868686869,299.99999999999864
0.2636363636363636,0.0694949494949495,299.99999999999864
0.2636363636363636,0.07030303030303031,299.99999999999864
0.2636363636363636,0.07111111111111111,299.99999999999864
0.2636363636363636,0.07191919191919191,299.99999999999864
0.2636363636363636,0.07272727272727272,299.99999999999864
0.2636363636363636,0.07353535353535354,299.99999999999864
0.2636363636363636,0.07434343434343435,299.99999999999864
0.2636363636363636,0.07515151515151516,299.99999999999864
0.2636363636363636,0.07595959595959595,299.99999999999864
0.2636363636363636,0.07676767676767676,299.99999999999864
0.2636363636363636,0.07757575757575758,299.99999999999864
0.2636363636363636,0.07838383838383839,299.99999999999864
0.2636363636363636,0.0791919191919192,299.9999999999631
0.2636363636363636,0.07979818813131313,300.0000000000008
0.2636363636363636,0.08000088465770044,300.0000000000008
0.2636363636363636,0.0800019359326174,300.0000000000008
0.2636363636363636,0.08000324619642925,300.0000000000008
0.2636363636363636,0.08000487925285339,300.0000000000008
0.2636363636363636,0.08000691462409718,300.0000000000008
0.2636363636363636,0.08000945142321741,300.0000000000008
0.2636363636363636,0.08001261318046245,300.0000000000008
0.2636363636363636,0.08001655385861739,300.0000000000008
0.2636363636363636,0.08002146535027135,300.0000000000008
0.2636363636363636,0.08002758682208874,300.0000000000008
0.2636363636363636,0.08003521636110686,300.0000000000008
0.2636363636363636,0.08004472549017998,300.0000000000008
0.2636363636363636,0.08005657725940413,300.0000000000008
0.2636363636363636,0.08007134879449027,300.0000000000008
0.2636363636363636,0.08008975940008634,300.0000000000008
0.2636363636363636,0.08011270558654815,300.0000000000008
0.2636363636363636,0.08014130472579933,300.0000000000008
0.2636363636363636,0.08017694946211615,300.0000000000008
0.2636363636363636,0.08022137552738813,300.0000000000008
0.2636363636363636,0.08027674626314021,300.0000000000008
0.2636363636363636,0.08034575796514344,300.0000000000008
0.2636363636363636,0.08043177118040407,300.0000000000008
0.2636363636363636,0.08053897435007991,300.0000000000008
0.2636363636363636,0.08067258776696852,300.0000000000008
0.2636363636363636,0.08083911777934251,300.0000000000008
0.2636363636363636,0.08104667361966954,300.0000000000008
0.2636363636363636,0.08130536228629326,300.0000000000008
0.2636363636363636,0.08162778070696558,300.0000000000008
0.2636363636363636,0.08202962915029163,300.0000000000008
0.2636363636363636,0.08237629432068608,300.00000000000074
0.26666666666666666,0.00020202020202020202,299.99999999999864
0.26666666666666666,0.0008080808080808081,299.99999999999864
0.26666666666666666,0.0016161616161616162,299.99999999999864
0.26666666666666666,0.0024242424242424242,299.99999999999864
0.26666666666666666,0.0032323232323232323,299.99999999999864
0.26666666666666666,0.00404040404040404,299.99999999999864
0.26666666666666666,0.0048484848484848485,299.99999999999864
0.26666666666666666,0.0056565656565656566,299.99999999999864
0.26666666666666666,0.006464646464646465,299.99999999999864
0.26666666666666666,0.007272727272727273,299.99999999999864
0.26666666666666666,0.00808080808080808,299.99999999999864
0.26666666666666666,0.008888888888888889,299.99999999999864
0.26666666666666666,0.009696969696969697,299.99999999999864
0.26666666666666666,0.010505050505050505,299.99999999999864
0.26666666666666666,0.011313131313131313,299.99999999999864
0.26666666666666666,0.012121212121212121,299.99999999999864
0.26666666666666666,0.01292929292929293,299.99999999999864
0.26666666666666666,0.013737373737373737,299.99999999999864
0.26666666666666666,0.014545454545454545,299.99999999999864
0.26666666666666666,0.015353535353535354,299.99999999999864
0.26666666666666666,0.01616161616161616,299.99999999999864
0.26666666666666666,0.016969696969696968,299.99999999999864
0.26666666666666666,0.017777777777777778,299.99999999999864
0.26666666666666666,0.018585858585858588,299.99999999999864
0.26666666666666666,0.019393939393939394,299.99999999999864
0.26666666666666666,0.0202020202020202,299.99999999999864
0.26666666666666666,0.02101010101010101,299.99999999999864
0.26666666666666666,0.02181818181818182,299.99999999999864
0.26666666666666666,0.022626262626262626,299.99999999999864
0.26666666666666666,0.023434343434343433,299.99999999999864
0.26666666666666666,0.024242424242424242,299.99999999999864
0.26666666666666666,0.025050505050505052,299.99999999999864
0.26666666666666666,0.02585858585858586,299.99999999999864
0.26666666666666666,0.026666666666666665,299.99999999999864
0.26666666666666666,0.027474747474747475,299.99999999999864
0.26666666666666666,0.028282828282828285,299.99999999999864
0.26666666666666666,0.02909090909090909,299.99999999999864
0.26666666666666666,0.029898989898989897,299.99999999999864
0.26666666666666666,0.030707070707070707,299.99999999999864
0.26666666666666666,0.03151515151515151,299.99999999999864
0.26666666666666666,0.03232323232323232,299.99999999999864
0.26666666666666666,0.03313131313131313,299.99999999999864
0.26666666666666666,0.033939393939393936,299.99999999999864
0.26666666666666666,0.03474747474747475,299.99999999999864
0.26666666666666666,0.035555555555555556,299.99999999999864
0.26666666666666666,0.03636363636363636,299.99999999999864
0.26666666666666666,0.037171717171717175,299.99999999999864
0.26666666666666666,0.03797979797979798,299.99999999999864
0.26666666666666666,0.03878787878787879,299.99999999999864
0.26666666666666666,0.039595959595959594,299.99999999999864
0.26666666666666666,0.0404040404040404,299.99999999999864
0.26666666666666666,0.041212121212121214,299.99999999999864
0.26666666666666666,0.04202020202020202,299.99999999999864
0.26666666666666666,0.042828282828282827,299.99999999999864
0.26666666666666666,0.04363636363636364,299.99999999999864
0.26666666666666666,0.044444444444444446,299.99999999999864
0.26666666666666666,0.04525252525252525,299.99999999999864
0.26666666666666666,0.04606060606060606,299.99999999999864
0.26666666666666666,0.046868686868686865,299.99999999999864
0.26666666666666666,0.04767676767676768,299.99999999999864
0.26666666666666666,0.048484848484848485,299.99999999999864
0.26666666666666666,0.04929292929292929,299.99999999999864
0.26666666666666666,0.050101010101010104,299.99999999999864
0.26666666666666666,0.05090909090909091,299.99999999999864
0.26666666666666666,0.05171717171717172,299.99999999999864
0.26666666666666666,0.052525252525252523,299.99999999999864
0.26666666666666666,0.05333333333333333,299.99999999999864
0.26666666666666666,0.05414141414141414,299.99999999999864
0.26666666666666666,0.05494949494949495,299.99999999999864
0.26666666666666666,0.055757575757575756,299.99999999999864
0.26666666666666666,0.05656565656565657,299.99999999999864
0.26666666666666666,0.057373737373737375,299.99999999999864
0.26666666666666666,0.05818181818181818,299.99999999999864
0.26666666666666666,0.05898989898989899,299.99999999999864
0.26666666666666666,0.059797979797979794,299.99999999999864
0.26666666666666666,0.06060606060606061,299.99999999999864
0.26666666666666666,0.061414141414141414,299.99999999999864
0.26666666666666666,0.06222222222222222,299.99999999999864
0.26666666666666666,0.06303030303030302,299.99999999999864
0.26666666666666666,0.06383838383838383,299.99999999999864
0.26666666666666666,0.06464646464646465,299.99999999999864
0.26666666666666666,0.06545454545454546,299.99999999999864
0.26666666666666666,0.06626262626262627,299.99999999999864
0.26666666666666666,0.06707070707070706,299.99999999999864
0.26666666666666666,0.06787878787878787,299.99999999999864
0.26666666666666666,0.06868686868686869,299.99999999999864
0.26666666666666666,0.0694949494949495,299.99999999999864
0.26666666666666666,0.07030303030303031,299.99999999999864
0.26666666666666666,0.07111111111111111,299.99999999999864
0.26666666666666666,0.07191919191919191,299.99999999999864
0.26666666666666666,0.07272727272727272,299.99999999999864
0.26666666666666666,0.07353535353535354,299.99999999999864
0.26666666666666666,0.07434343434343435,299.99999999999864
0.26666666666666666,0.07515151515151516,299.99999999999864
0.26666666666666666,0.07595959595959595,299.99999999999864
0.26666666666666666,0.07676767676767676,299.99999999999864
0.26666666666666666,0.07757575757575758,299.99999999999864
0.26666666666666666,0.07838383838383839,299.99999999999864
0.26666666666666666,0.0791919191919192,299.99999999999864
0.26666666666666666,0.07979818813131313,300.0000000000008
0.26666666666666666,0.08000088465770044,300.0000000000008
0.26666666666666666,0.0800019359326174,300.0000000000008
0.26666666666666666,0.08000324619642925,300.0000000000008
0.26666666666666666,0.08000487925285339,300.0000000000008
0.26666666666666666,0.08000691462409718,300.0000000000008
0.26666666666666666,0.08000945142321741,300.0000000000008
0.26666666666666666,0.08001261318046245,300.0000000000008
0.26666666666666666,0.08001655385861739,300.0000000000008
0.26666666666666666,0.08002146535027135,300.0000000000008
0.26666666666666666,0.08002758682208874,300.0000000000008
0.26666666666666666,0.08003521636110686,300.0000000000008
0.26666666666666666,0.08004472549017998,300.0000000000008
0.26666666666666666,0.08005657725940413,300.0000000000008
0.26666666666666666,0.08007134879449027,300.0000000000008
0.26666666666666666,0.08008975940008634,300.0000000000008
0.26666666666666666,0.08011270558654815,300.0000000000008
0.26666666666666666,0.08014130472579933,300.0000000000008
0.26666666666666666,0.08017694946211615,300.0000000000008
0.26666666666666666,0.08022137552738813,300.0000000000008
0.26666666666666666,0.08027674626314021,300.0000000000008
0.26666666666666666,0.08034575796514344,300.0000000000008
0.26666666666666666,0.08043177118040407,300.0000000000008
0.26666666666666666,0.08053897435007991,300.0000000000008
0.26666666666666666,0.08067258776696852,300.0000000000008
0.26666666666666666,0.08083911777934251,300.0000000000008
0.26666666666666666,0.08104667361966954,300.0000000000008
0.26666666666666666,0.08130536228629326,300.0000000000008
0.26666666666666666,0.08162778070696558,300.0000000000008
0.26666666666666666,0.08202962915029163,300.0000000000008
0.26666666666666666,0.08237629432068608,300.00000000000074
0.2696969696969697,0.00020202020202020202,299.99999999999864
0.2696969696969697,0.0008080808080808081,299.99999999999864
0.2696969696969697,0.0016161616161616162,299.99999999999864
0.2696969696969697,0.0024242424242424242,299.99999999999864
0.2696969696969697,0.0032323232323232323,299.99999999999864
0.2696969696969697,0.00404040404040404,299.99999999999864
0.2696969696969697,0.0048484848484848485,299.99999999999864
0.2696969696969697,0.0056565656565656566,299.99999999999864
0.2696969696969697,0.006464646464646465,299.99999999999864
0.2696969696969697,0.007272727272727273,299.99999999999864
0.2696969696969697,0.00808080808080808,299.99999999999864
0.2696969696969697,0.008888888888888889,299.99999999999864
0.2696969696969697,0.009696969696969697,299.99999999999864
0.2696969696969697,0.010505050505050505,299.99999999999864
0.2696969696969697,0.011313131313131313,299.99999999999864
0.2696969696969697,0.012121212121212121,299.99999999999864
0.2696969696969697,0.01292929292929293,299.99999999999864
0.2696969696969697,0.013737373737373737,299.99999999999864
0.2696969696969697,0.014545454545454545,299.99999999999864
0.2696969696969697,0.015353535353535354,299.99999999999864
0.2696969696969697,0.01616161616161616,299.99999999999864
0.2696969696969697,0.016969696969696968,299.99999999999864
0.2696969696969697,0.017777777777777778,299.99999999999864
0.2696969696969697,0.018585858585858588,299.99999999999864
0.2696969696969697,0.019393939393939394,299.99999999999864
0.2696969696969697,0.0202020202020202,299.99999999999864
0.2696969696969697,0.02101010101010101,299.99999999999864
0.2696969696969697,0.02181818181818182,299.99999999999864
0.2696969696969697,0.022626262626262626,299.99999999999864
0.2696969696969697,0.023434343434343433,299.99999999999864
0.2696969696969697,0.024242424242424242,299.99999999999864
0.2696969696969697,0.025050505050505052,299.99999999999864
0.2696969696969697,0.02585858585858586,299.99999999999864
0.2696969696969697,0.026666666666666665,299.99999999999864
0.2696969696969697,0.027474747474747475,299.99999999999864
0.2696969696969697,0.028282828282828285,299.99999999999864
0.2696969696969697,0.02909090909090909,299.99999999999864
0.2696969696969697,0.029898989898989897,299.99999999999864
0.2696969696969697,0.030707070707070707,299.99999999999864
0.2696969696969697,0.03151515151515151,299.99999999999864
0.2696969696969697,0.03232323232323232,299.99999999999864
0.2696969696969697,0.03313131313131313,299.99999999999864
0.2696969696969697,0.033939393939393936,299.99999999999864
0.2696969696969697,0.03474747474747475,299.99999999999864
0.2696969696969697,0.035555555555555556,299.99999999999864
0.2696969696969697,0.03636363636363636,299.99999999999864
0.2696969696969697,0.037171717171717175,299.99999999999864
0.2696969696969697,0.03797979797979798,299.99999999999864
0.2696969696969697,0.03878787878787879,299.99999999999864
0.2696969696969697,0.039595959595959594,299.99999999999864
0.2696969696969697,0.0404040404040404,299.99999999999864
0.2696969696969697,0.041212121212121214,299.99999999999864
0.2696969696969697,0.04202020202020202,299.99999999999864
0.2696969696969697,0.042828282828282827,299.99999999999864
0.2696969696969697,0.04363636363636364,299.99999999999864
0.2696969696969697,0.044444444444444446,299.99999999999864
0.2696969696969697,0.04525252525252525,299.99999999999864
0.2696969696969697,0.04606060606060606,299.99999999999864
0.2696969696969697,0.046868686868686865,299.99999999999864
0.2696969696969697,0.04767676767676768,299.99999999999864
0.2696969696969697,0.048484848484848485,299.99999999999864
0.2696969696969697,0.04929292929292929,299.99999999999864
0.2696969696969697,0.050101010101010104,299.99999999999864
0.2696969696969697,0.05090909090909091,299.99999999999864
0.2696969696969697,0.05171717171717172,299.99999999999864
0.2696969696969697,0.052525252525252523,299.99999999999864
0.2696969696969697,0.05333333333333333,299.99999999999864
0.2696969696969697,0.05414141414141414,299.99999999999864
0.2696969696969697,0.05494949494949495,299.99999999999864
0.2696969696969697,0.055757575757575756,299.99999999999864
0.2696969696969697,0.05656565656565657,299.99999999999864
0.2696969696969697,0.057373737373737375,299.99999999999864
0.2696969696969697,0.05818181818181818,299.99999999999864
0.2696969696969697,0.05898989898989899,299.99999999999864
0.2696969696969697,0.059797979797979794,299.99999999999864
0.2696969696969697,0.06060606060606061,299.99999999999864
0.2696969696969697,0.061414141414141414,299.99999999999864
0.2696969696969697,0.06222222222222222,299.99999999999864
0.2696969696969697,0.06303030303030302,299.99999999999864
0.2696969696969697,0.06383838383838383,299.99999999999864
0.2696969696969697,0.06464646464646465,299.99999999999864
0.2696969696969697,0.06545454545454546,299.99999999999864
0.2696969696969697,0.06626262626262627,299.99999999999864
0.2696969696969697,0.06707070707070706,299.99999999999864
0.2696969696969697,0.06787878787878787,299.99999999999864
0.2696969696969697,0.06868686868686869,299.99999999999864
0.2696969696969697,0.0694949494949495,299.99999999999864
0.2696969696969697,0.07030303030303031,299.99999999999864
0.2696969696969697,0.07111111111111111,299.99999999999864
0.2696969696969697,0.07191919191919191,299.99999999999864
0.2696969696969697,0.07272727272727272,299.99999999999864
0.2696969696969697,0.07353535353535354,299.99999999999864
0.2696969696969697,0.07434343434343435,299.99999999999864
0.2696969696969697,0.07515151515151516,299.99999999999864
0.2696969696969697,0.07595959595959595,299.99999999999864
0.2696969696969697,0.07676767676767676,299.99999999999864
0.2696969696969697,0.07757575757575758,299.99999999999864
0.2696969696969697,0.07838383838383839,299.99999999999864
0.2696969696969697,0.0791919191919192,299.99999999999864
0.2696969696969697,0.07979818813131313,300.0000000000008
0.2696969696969697,0.08000088465770044,300.0000000000008
0.2696969696969697,0.0800019359326174,300.0000000000008
0.2696969696969697,0.08000324619642925,300.0000000000008
0.2696969696969697,0.08000487925285339,300.0000000000008
0.2696969696969697,0.08000691462409718,300.0000000000008
0.2696969696969697,0.08000945142321741,300.0000000000008
0.2696969696969697,0.08001261318046245,300.0000000000008
0.2696969696969697,0.08001655385861739,300.0000000000008
0.2696969696969697,0.08002146535027135,300.0000000000008
0.2696969696969697,0.08002758682208874,300.0000000000008
0.2696969696969697,0.08003521636110686,300.0000000000008
0.2696969696969697,0.08004472549017998,300.0000000000008
0.2696969696969697,0.08005657725940413,300.0000000000008
0.2696969696969697,0.08007134879449027,300.0000000000008
0.2696969696969697,0.08008975940008634,300.0000000000008
0.2696969696969697,0.08011270558654815,300.0000000000008
0.2696969696969697,0.08014130472579933,300.0000000000008
0.2696969696969697,0.08017694946211615,300.0000000000008
0.2696969696969697,0.08022137552738813,300.0000000000008
0.2696969696969697,0.08027674626314021,300.0000000000008
0.2696969696969697,0.08034575796514344,300.0000000000008
0.2696969696969697,0.08043177118040407,300.0000000000008
0.2696969696969697,0.08053897435007991,300.0000000000008
0.2696969696969697,0.08067258776696852,300.0000000000008
0.2696969696969697,0.08083911777934251,300.0000000000008
0.2696969696969697,0.08104667361966954,300.0000000000008
0.2696969696969697,0.08130536228629326,300.0000000000008
0.2696969696969697,0.08162778070696558,300.0000000000008
0.2696969696969697,0.08202962915029163,300.0000000000008
0.2696969696969697,0.08237629432068608,300.00000000000074
0.2727272727272727,0.00020202020202020202,299.99999999999864
0.2727272727272727,0.0008080808080808081,299.99999999999864
0.2727272727272727,0.0016161616161616162,299.99999999999864
0.2727272727272727,0.0024242424242424242,299.99999999999864
0.2727272727272727,0.0032323232323232323,299.99999999999864
0.2727272727272727,0.00404040404040404,299.99999999999864
0.2727272727272727,0.0048484848484848485,299.99999999999864
0.2727272727272727,0.0056565656565656566,299.99999999999864
0.2727272727272727,0.006464646464646465,299.99999999999864
0.2727272727272727,0.007272727272727273,299.99999999999864
0.2727272727272727,0.00808080808080808,299.99999999999864
0.2727272727272727,0.008888888888888889,299.99999999999864
0.2727272727272727,0.009696969696969697,299.99999999999864
0.2727272727272727,0.010505050505050505,299.99999999999864
0.2727272727272727,0.011313131313131313,299.99999999999864
0.2727272727272727,0.012121212121212121,299.99999999999864
0.2727272727272727,0.01292929292929293,299.99999999999864
0.2727272727272727,0.013737373737373737,299.99999999999864
0.2727272727272727,0.014545454545454545,299.99999999999864
0.2727272727272727,0.015353535353535354,299.99999999999864
0.2727272727272727,0.01616161616161616,299.99999999999864
0.2727272727272727,0.016969696969696968,299.99999999999864
0.2727272727272727,0.017777777777777778,299.99999999999864
0.2727272727272727,0.018585858585858588,299.99999999999864
0.2727272727272727,0.019393939393939394,299.99999999999864
0.2727272727272727,0.0202020202020202,299.99999999999864
0.2727272727272727,0.02101010101010101,299.99999999999864
0.2727272727272727,0.02181818181818182,299.99999999999864
0.2727272727272727,0.022626262626262626,299.99999999999864
0.2727272727272727,0.023434343434343433,299.99999999999864
0.2727272727272727,0.024242424242424242,299.99999999999864
0.2727272727272727,0.025050505050505052,299.99999999999864
0.2727272727272727,0.02585858585858586,299.99999999999864
0.2727272727272727,0.026666666666666665,299.99999999999864
0.2727272727272727,0.027474747474747475,299.99999999999864
0.2727272727272727,0.028282828282828285,299.99999999999864
0.2727272727272727,0.02909090909090909,299.99999999999864
0.2727272727272727,0.029898989898989897,299.99999999999864
0.2727272727272727,0.030707070707070707,299.99999999999864
0.2727272727272727,0.03151515151515151,299.99999999999864
0.2727272727272727,0.03232323232323232,299.99999999999864
0.2727272727272727,0.03313131313131313,299.99999999999864
0.2727272727272727,0.033939393939393936,299.99999999999864
0.2727272727272727,0.03474747474747475,299.99999999999864
0.2727272727272727,0.035555555555555556,299.99999999999864
0.2727272727272727,0.03636363636363636,299.99999999999864
0.2727272727272727,0.037171717171717175,299.99999999999864
0.2727272727272727,0.03797979797979798,299.99999999999864
0.2727272727272727,0.03878787878787879,299.99999999999864
0.2727272727272727,0.039595959595959594,299.99999999999864
0.2727272727272727,0.0404040404040404,299.99999999999864
0.2727272727272727,0.041212121212121214,299.99999999999864
0.2727272727272727,0.04202020202020202,299.99999999999864
0.2727272727272727,0.042828282828282827,299.99999999999864
0.2727272727272727,0.04363636363636364,299.99999999999864
0.2727272727272727,0.044444444444444446,299.99999999999864
0.2727272727272727,0.04525252525252525,299.99999999999864
0.2727272727272727,0.04606060606060606,299.99999999999864
0.2727272727272727,0.046868686868686865,299.99999999999864
0.2727272727272727,0.04767676767676768,299.99999999999864
0.2727272727272727,0.048484848484848485,299.99999999999864
0.2727272727272727,0.04929292929292929,299.99999999999864
0.2727272727272727,0.050101010101010104,299.99999999999864
0.2727272727272727,0.05090909090909091,299.99999999999864
0.2727272727272727,0.05171717171717172,299.99999999999864
0.2727272727272727,0.052525252525252523,299.99999999999864
0.2727272727272727,0.05333333333333333,299.99999999999864
0.2727272727272727,0.05414141414141414,299.99999999999864
0.2727272727272727,0.05494949494949495,299.99999999999864
0.2727272727272727,0.055757575757575756,299.99999999999864
0.2727272727272727,0.05656565656565657,299.99999999999864
0.2727272727272727,0.057373737373737375,299.99999999999864
0.2727272727272727,0.05818181818181818,299.99999999999864
0.2727272727272727,0.05898989898989899,299.99999999999864
0.2727272727272727,0.059797979797979794,299.99999999999864
0.2727272727272727,0.06060606060606061,299.99999999999864
0.2727272727272727,0.061414141414141414,299.99999999999864
0.2727272727272727,0.06222222222222222,299.99999999999864
0.2727272727272727,0.06303030303030302,299.99999999999864
0.2727272727272727,0.06383838383838383,299.99999999999864
0.2727272727272727,0.06464646464646465,299.99999999999864
0.2727272727272727,0.06545454545454546,299.99999999999864
0.2727272727272727,0.06626262626262627,299.99999999999864
0.2727272727272727,0.06707070707070706,299.99999999999864
0.2727272727272727,0.06787878787878787,299.99999999999864
0.2727272727272727,0.06868686868686869,299.99999999999864
0.2727272727272727,0.0694949494949495,299.99999999999864
0.2727272727272727,0.07030303030303031,299.99999999999864
0.2727272727272727,0.07111111111111111,299.99999999999864
0.2727272727272727,0.07191919191919191,299.99999999999864
0.2727272727272727,0.07272727272727272,299.99999999999864
0.2727272727272727,0.07353535353535354,299.99999999999864
0.2727272727272727,0.07434343434343435,299.99999999999864
0.2727272727272727,0.07515151515151516,299.99999999999864
0.2727272727272727,0.07595959595959595,299.99999999999864
0.2727272727272727,0.07676767676767676,299.99999999999864
0.2727272727272727,0.07757575757575758,299.99999999999864
0.2727272727272727,0.07838383838383839,299.99999999999864
0.2727272727272727,0.0791919191919192,299.9999999999631
0.2727272727272727,0.07979818813131313,300.0000000000008
0.2727272727272727,0.08000088465770044,300.0000000000008
0.2727272727272727,0.0800019359326174,300.0000000000008
0.2727272727272727,0.08000324619642925,300.0000000000008
0.2727272727272727,0.08000487925285339,300.0000000000008
0.2727272727272727,0.08000691462409718,300.0000000000008
0.2727272727272727,0.08000945142321741,300.0000000000008
0.2727272727272727,0.08001261318046245,300.0000000000008
0.2727272727272727,0.08001655385861739,300.0000000000008
0.2727272727272727,0.08002146535027135,300.0000000000008
0.2727272727272727,0.08002758682208874,300.0000000000008
0.2727272727272727,0.08003521636110686,300.0000000000008
0.2727272727272727,0.08004472549017998,300.0000000000008
0.2727272727272727,0.08005657725940413,300.0000000000008
0.2727272727272727,0.08007134879449027,300.0000000000008
0.2727272727272727,0.08008975940008634,300.0000000000008
0.2727272727272727,0.08011270558654815,300.0000000000008
0.2727272727272727,0.08014130472579933,300.0000000000008
0.2727272727272727,0.08017694946211615,300.0000000000008
0.2727272727272727,0.08022137552738813,300.0000000000008
0.2727272727272727,0.08027674626314021,300.0000000000008
0.2727272727272727,0.08034575796514344,300.0000000000008
0.2727272727272727,0.08043177118040407,300.0000000000008
0.2727272727272727,0.08053897435007991,300.0000000000008
0.2727272727272727,0.08067258776696852,300.0000000000008
0.2727272727272727,0.08083911777934251,300.0000000000008
0.2727272727272727,0.08104667361966954,300.0000000000008
0.2727272727272727,0.08130536228629326,300.0000000000008
0.2727272727272727,0.08162778070696558,300.0000000000008
0.2727272727272727,0.08202962915029163,300.0000000000008
0.2727272727272727,0.08237629432068608,300.00000000000074
0.27575757575757576,0.00020202020202020202,299.99999999999864
0.27575757575757576,0.0008080808080808081,299.99999999999864
0.27575757575757576,0.0016161616161616162,299.99999999999864
0.27575757575757576,0.0024242424242424242,299.99999999999864
0.27575757575757576,0.0032323232323232323,299.99999999999864
0.27575757575757576,0.00404040404040404,299.99999999999864
0.27575757575757576,0.0048484848484848485,299.99999999999864
0.27575757575757576,0.0056565656565656566,299.99999999999864
0.27575757575757576,0.006464646464646465,299.99999999999864
0.27575757575757576,0.007272727272727273,299.99999999999864
0.27575757575757576,0.00808080808080808,299.99999999999864
0.27575757575757576,0.008888888888888889,299.99999999999864
0.27575757575757576,0.009696969696969697,299.99999999999864
0.27575757575757576,0.010505050505050505,299.99999999999864
0.27575757575757576,0.011313131313131313,299.99999999999864
0.27575757575757576,0.012121212121212121,299.99999999999864
0.27575757575757576,0.01292929292929293,299.99999999999864
0.27575757575757576,0.013737373737373737,299.99999999999864
0.27575757575757576,0.014545454545454545,299.99999999999864
0.27575757575757576,0.015353535353535354,299.99999999999864
0.27575757575757576,0.01616161616161616,299.99999999999864
0.27575757575757576,0.016969696969696968,299.99999999999864
0.27575757575757576,0.017777777777777778,299.99999999999864
0.27575757575757576,0.018585858585858588,299.99999999999864
0.27575757575757576,0.019393939393939394,299.99999999999864
0.27575757575757576,0.0202020202020202,299.99999999999864
0.27575757575757576,0.02101010101010101,299.99999999999864
0.27575757575757576,0.02181818181818182,299.99999999999864
0.27575757575757576,0.022626262626262626,299.99999999999864
0.27575757575757576,0.023434343434343433,299.99999999999864
0.27575757575757576,0.024242424242424242,299.99999999999864
0.27575757575757576,0.025050505050505052,299.99999999999864
0.27575757575757576,0.02585858585858586,299.99999999999864
0.27575757575757576,0.026666666666666665,299.99999999999864
0.27575757575757576,0.027474747474747475,299.99999999999864
0.27575757575757576,0.028282828282828285,299.99999999999864
0.27575757575757576,0.02909090909090909,299.99999999999864
0.27575757575757576,0.029898989898989897,299.99999999999864
0.27575757575757576,0.030707070707070707,299.99999999999864
0.27575757575757576,0.03151515151515151,299.99999999999864
0.27575757575757576,0.03232323232323232,299.99999999999864
0.27575757575757576,0.03313131313131313,299.99999999999864
0.27575757575757576,0.033939393939393936,299.99999999999864
0.27575757575757576,0.03474747474747475,299.99999999999864
0.27575757575757576,0.035555555555555556,299.99999999999864
0.27575757575757576,0.03636363636363636,299.99999999999864
0.27575757575757576,0.037171717171717175,299.99999999999864
0.27575757575757576,0.03797979797979798,299.99999999999864
0.27575757575757576,0.03878787878787879,299.99999999999864
0.27575757575757576,0.039595959595959594,299.99999999999864
0.27575757575757576,0.0404040404040404,299.99999999999864
0.27575757575757576,0.041212121212121214,299.99999999999864
0.27575757575757576,0.04202020202020202,299.99999999999864
0.27575757575757576,0.042828282828282827,299.99999999999864
0.27575757575757576,0.04363636363636364,299.99999999999864
0.27575757575757576,0.044444444444444446,299.99999999999864
0.27575757575757576,0.04525252525252525,299.99999999999864
0.27575757575757576,0.04606060606060606,299.99999999999864
0.27575757575757576,0.046868686868686865,299.99999999999864
0.27575757575757576,0.04767676767676768,299.99999999999864
0.27575757575757576,0.048484848484848485,299.99999999999864
0.27575757575757576,0.04929292929292929,299.99999999999864
0.27575757575757576,0.050101010101010104,299.99999999999864
0.27575757575757576,0.05090909090909091,299.99999999999864
0.27575757575757576,0.05171717171717172,299.99999999999864
0.27575757575757576,0.052525252525252523,299.99999999999864
0.27575757575757576,0.05333333333333333,299.99999999999864
0.27575757575757576,0.05414141414141414,299.99999999999864
0.27575757575757576,0.05494949494949495,299.99999999999864
0.27575757575757576,0.055757575757575756,299.99999999999864
0.27575757575757576,0.05656565656565657,299.99999999999864
0.27575757575757576,0.057373737373737375,299.99999999999864
0.27575757575757576,0.05818181818181818,299.99999999999864
0.27575757575757576,0.05898989898989899,299.99999999999864
0.27575757575757576,0.059797979797979794,299.99999999999864
0.27575757575757576,0.06060606060606061,299.99999999999864
0.27575757575757576,0.061414141414141414,299.99999999999864
0.27575757575757576,0.06222222222222222,299.99999999999864
0.27575757575757576,0.06303030303030302,299.99999999999864
0.27575757575757576,0.06383838383838383,299.99999999999864
0.27575757575757576,0.06464646464646465,299.99999999999864
0.27575757575757576,0.06545454545454546,299.99999999999864
0.27575757575757576,0.06626262626262627,299.99999999999864
0.27575757575757576,0.06707070707070706,299.99999999999864
0.27575757575757576,0.06787878787878787,299.99999999999864
0.27575757575757576,0.06868686868686869,299.99999999999864
0.27575757575757576,0.0694949494949495,299.99999999999864
0.27575757575757576,0.07030303030303031,299.99999999999864
0.27575757575757576,0.07111111111111111,299.99999999999864
0.27575757575757576,0.07191919191919191,299.99999999999864
0.27575757575757576,0.07272727272727272,299.99999999999864
0.27575757575757576,0.07353535353535354,299.99999999999864
0.27575757575757576,0.07434343434343435,299.99999999999864
0.27575757575757576,0.07515151515151516,299.99999999999864
0.27575757575757576,0.07595959595959595,299.99999999999864
0.27575757575757576,0.07676767676767676,299.99999999999864
0.27575757575757576,0.07757575757575758,299.99999999999864
0.27575757575757576,0.07838383838383839,299.99999999999864
0.27575757575757576,0.0791919191919192,299.9999999999631
0.27575757575757576,0.07979818813131313,300.0000000000008
0.27575757575757576,0.08000088465770044,300.0000000000008
0.27575757575757576,0.0800019359326174,300.0000000000008
0.27575757575757576,0.08000324619642925,300.0000000000008
0.27575757575757576,0.08000487925285339,300.0000000000008
0.27575757575757576,0.08000691462409718,300.0000000000008
0.27575757575757576,0.08000945142321741,300.0000000000008
0.27575757575757576,0.08001261318046245,300.0000000000008
0.27575757575757576,0.08001655385861739,300.0000000000008
0.27575757575757576,0.08002146535027135,300.0000000000008
0.27575757575757576,0.08002758682208874,300.0000000000008
0.27575757575757576,0.08003521636110686,300.0000000000008
0.27575757575757576,0.08004472549017998,300.0000000000008
0.27575757575757576,0.08005657725940413,300.0000000000008
0.27575757575757576,0.08007134879449027,300.0000000000008
0.27575757575757576,0.08008975940008634,300.0000000000008
0.27575757575757576,0.08011270558654815,300.0000000000008
0.27575757575757576,0.08014130472579933,300.0000000000008
0.27575757575757576,0.08017694946211615,300.0000000000008
0.27575757575757576,0.08022137552738813,300.0000000000008
0.27575757575757576,0.08027674626314021,300.0000000000008
0.27575757575757576,0.08034575796514344,300.0000000000008
0.27575757575757576,0.08043177118040407,300.0000000000008
0.27575757575757576,0.08053897435007991,300.0000000000008
0.27575757575757576,0.08067258776696852,300.0000000000008
0.27575757575757576,0.08083911777934251,300.0000000000008
0.27575757575757576,0.08104667361966954,300.0000000000008
0.27575757575757576,0.08130536228629326,300.0000000000008
0.27575757575757576,0.08162778070696558,300.0000000000008
0.27575757575757576,0.08202962915029163,300.0000000000008
0.27575757575757576,0.08237629432068608,300.00000000000074
0.2787878787878788,0.00020202020202020202,299.99999999999864
0.2787878787878788,0.0008080808080808081,299.99999999999864
0.2787878787878788,0.0016161616161616162,299.99999999999864
0.2787878787878788,0.0024242424242424242,299.99999999999864
0.2787878787878788,0.0032323232323232323,299.99999999999864
0.2787878787878788,0.00404040404040404,299.99999999999864
0.2787878787878788,0.0048484848484848485,299.99999999999864
0.2787878787878788,0.0056565656565656566,299.99999999999864
0.2787878787878788,0.006464646464646465,299.99999999999864
0.2787878787878788,0.007272727272727273,299.99999999999864
0.2787878787878788,0.00808080808080808,299.99999999999864
0.2787878787878788,0.008888888888888889,299.99999999999864
0.2787878787878788,0.009696969696969697,299.99999999999864
0.2787878787878788,0.010505050505050505,299.99999999999864
0.2787878787878788,0.011313131313131313,299.99999999999864
0.2787878787878788,0.012121212121212121,299.99999999999864
0.2787878787878788,0.01292929292929293,299.99999999999864
0.2787878787878788,0.013737373737373737,299.99999999999864
0.2787878787878788,0.014545454545454545,299.99999999999864
0.2787878787878788,0.015353535353535354,299.99999999999864
0.2787878787878788,0.01616161616161616,299.99999999999864
0.2787878787878788,0.016969696969696968,299.99999999999864
0.2787878787878788,0.017777777777777778,299.99999999999864
0.2787878787878788,0.018585858585858588,299.99999999999864
0.2787878787878788,0.019393939393939394,299.99999999999864
0.2787878787878788,0.0202020202020202,299.99999999999864
0.2787878787878788,0.02101010101010101,299.99999999999864
0.2787878787878788,0.02181818181818182,299.99999999999864
0.2787878787878788,0.022626262626262626,299.99999999999864
0.2787878787878788,0.023434343434343433,299.99999999999864
0.2787878787878788,0.024242424242424242,299.99999999999864
0.2787878787878788,0.025050505050505052,299.99999999999864
0.2787878787878788,0.02585858585858586,299.99999999999864
0.2787878787878788,0.026666666666666665,299.99999999999864
0.2787878787878788,0.027474747474747475,299.99999999999864
0.2787878787878788,0.028282828282828285,299.99999999999864
0.2787878787878788,0.02909090909090909,299.99999999999864
0.2787878787878788,0.029898989898989897,299.99999999999864
0.2787878787878788,0.030707070707070707,299.99999999999864
0.2787878787878788,0.03151515151515151,299.99999999999864
0.2787878787878788,0.03232323232323232,299.99999999999864
0.2787878787878788,0.03313131313131313,299.99999999999864
0.2787878787878788,0.033939393939393936,299.99999999999864
0.2787878787878788,0.03474747474747475,299.99999999999864
0.2787878787878788,0.035555555555555556,299.99999999999864
0.2787878787878788,0.03636363636363636,299.99999999999864
0.2787878787878788,0.037171717171717175,299.99999999999864
0.2787878787878788,0.03797979797979798,299.99999999999864
0.2787878787878788,0.03878787878787879,299.99999999999864
0.2787878787878788,0.039595959595959594,299.99999999999864
0.2787878787878788,0.0404040404040404,299.99999999999864
0.2787878787878788,0.041212121212121214,299.99999999999864
0.2787878787878788,0.04202020202020202,299.99999999999864
0.2787878787878788,0.042828282828282827,299.99999999999864
0.2787878787878788,0.04363636363636364,299.99999999999864
0.2787878787878788,0.044444444444444446,299.99999999999864
0.2787878787878788,0.04525252525252525,299.99999999999864
0.2787878787878788,0.04606060606060606,299.99999999999864
0.2787878787878788,0.046868686868686865,299.99999999999864
0.2787878787878788,0.04767676767676768,299.99999999999864
0.2787878787878788,0.048484848484848485,299.99999999999864
0.2787878787878788,0.04929292929292929,299.99999999999864
0.2787878787878788,0.050101010101010104,299.99999999999864
0.2787878787878788,0.05090909090909091,299.99999999999864
0.2787878787878788,0.05171717171717172,299.99999999999864
0.2787878787878788,0.052525252525252523,299.99999999999864
0.2787878787878788,0.05333333333333333,299.99999999999864
0.2787878787878788,0.05414141414141414,299.99999999999864
0.2787878787878788,0.05494949494949495,299.99999999999864
0.2787878787878788,0.055757575757575756,299.99999999999864
0.2787878787878788,0.05656565656565657,299.99999999999864
0.2787878787878788,0.057373737373737375,299.99999999999864
0.2787878787878788,0.05818181818181818,299.99999999999864
0.2787878787878788,0.05898989898989899,299.99999999999864
0.2787878787878788,0.059797979797979794,299.99999999999864
0.2787878787878788,0.06060606060606061,299.99999999999864
0.2787878787878788,0.061414141414141414,299.99999999999864
0.2787878787878788,0.06222222222222222,299.99999999999864
0.2787878787878788,0.06303030303030302,299.99999999999864
0.2787878787878788,0.06383838383838383,299.99999999999864
0.2787878787878788,0.06464646464646465,299.99999999999864
0.2787878787878788,0.06545454545454546,299.99999999999864
0.2787878787878788,0.06626262626262627,299.99999999999864
0.2787878787878788,0.06707070707070706,299.99999999999864
0.2787878787878788,0.06787878787878787,299.99999999999864
0.2787878787878788,0.06868686868686869,299.99999999999864
0.2787878787878788,0.0694949494949495,299.99999999999864
0.2787878787878788,0.07030303030303031,299.99999999999864
0.2787878787878788,0.07111111111111111,299.99999999999864
0.2787878787878788,0.07191919191919191,299.99999999999864
0.2787878787878788,0.07272727272727272,299.99999999999864
0.2787878787878788,0.07353535353535354,299.99999999999864
0.2787878787878788,0.07434343434343435,299.99999999999864
0.2787878787878788,0.07515151515151516,299.99999999999864
0.2787878787878788,0.07595959595959595,299.99999999999864
0.2787878787878788,0.07676767676767676,299.99999999999864
0.2787878787878788,0.07757575757575758,299.99999999999864
0.2787878787878788,0.07838383838383839,299.99999999999864
0.2787878787878788,0.0791919191919192,299.9999999999631
0.2787878787878788,0.07979818813131313,300.0000000000008
0.2787878787878788,0.08000088465770044,300.0000000000008
0.2787878787878788,0.0800019359326174,300.0000000000008
0.2787878787878788,0.08000324619642925,300.0000000000008
0.2787878787878788,0.08000487925285339,300.0000000000008
0.2787878787878788,0.08000691462409718,300.0000000000008
0.2787878787878788,0.08000945142321741,300.0000000000008
0.2787878787878788,0.08001261318046245,300.0000000000008
0.2787878787878788,0.08001655385861739,300.0000000000008
0.2787878787878788,0.08002146535027135,300.0000000000008
0.2787878787878788,0.08002758682208874,300.0000000000008
0.2787878787878788,0.08003521636110686,300.0000000000008
0.2787878787878788,0.08004472549017998,300.0000000000008
0.2787878787878788,0.08005657725940413,300.0000000000008
0.2787878787878788,0.08007134879449027,300.0000000000008
0.2787878787878788,0.08008975940008634,300.0000000000008
0.2787878787878788,0.08011270558654815,300.0000000000008
0.2787878787878788,0.08014130472579933,300.0000000000008
0.2787878787878788,0.08017694946211615,300.0000000000008
0.2787878787878788,0.08022137552738813,300.0000000000008
0.2787878787878788,0.08027674626314021,300.0000000000008
0.2787878787878788,0.08034575796514344,300.0000000000008
0.2787878787878788,0.08043177118040407,300.0000000000008
0.2787878787878788,0.08053897435007991,300.0000000000008
0.2787878787878788,0.08067258776696852,300.0000000000008
0.2787878787878788,0.08083911777934251,300.0000000000008
0.2787878787878788,0.08104667361966954,300.0000000000008
0.2787878787878788,0.08130536228629326,300.0000000000008
0.2787878787878788,0.08162778070696558,300.0000000000008
0.2787878787878788,0.08202962915029163,300.0000000000008
0.2787878787878788,0.08237629432068608,300.00000000000074
0.2818181818181818,0.00020202020202020202,299.99999999999864
0.2818181818181818,0.0008080808080808081,299.99999999999864
0.2818181818181818,0.0016161616161616162,299.99999999999864
0.2818181818181818,0.0024242424242424242,299.99999999999864
0.2818181818181818,0.0032323232323232323,299.99999999999864
0.2818181818181818,0.00404040404040404,299.99999999999864
0.2818181818181818,0.0048484848484848485,299.99999999999864
0.2818181818181818,0.0056565656565656566,299.99999999999864
0.2818181818181818,0.006464646464646465,299.99999999999864
0.2818181818181818,0.007272727272727273,299.99999999999864
0.2818181818181818,0.00808080808080808,299.99999999999864
0.2818181818181818,0.008888888888888889,299.99999999999864
0.2818181818181818,0.009696969696969697,299.99999999999864
0.2818181818181818,0.010505050505050505,299.99999999999864
0.2818181818181818,0.011313131313131313,299.99999999999864
0.2818181818181818,0.012121212121212121,299.99999999999864
0.2818181818181818,0.01292929292929293,299.99999999999864
0.2818181818181818,0.013737373737373737,299.99999999999864
0.2818181818181818,0.014545454545454545,299.99999999999864
0.2818181818181818,0.015353535353535354,299.99999999999864
0.2818181818181818,0.01616161616161616,299.99999999999864
0.2818181818181818,0.016969696969696968,299.99999999999864
0.2818181818181818,0.017777777777777778,299.99999999999864
0.2818181818181818,0.018585858585858588,299.99999999999864
0.2818181818181818,0.019393939393939394,299.99999999999864
0.2818181818181818,0.0202020202020202,299.99999999999864
0.2818181818181818,0.02101010101010101,299.99999999999864
0.2818181818181818,0.02181818181818182,299.99999999999864
0.2818181818181818,0.022626262626262626,299.99999999999864
0.2818181818181818,0.023434343434343433,299.99999999999864
0.2818181818181818,0.024242424242424242,299.99999999999864
0.2818181818181818,0.025050505050505052,299.99999999999864
0.2818181818181818,0.02585858585858586,299.99999999999864
0.2818181818181818,0.026666666666666665,299.99999999999864
0.2818181818181818,0.027474747474747475,299.99999999999864
0.2818181818181818,0.028282828282828285,299.99999999999864
0.2818181818181818,0.02909090909090909,299.99999999999864
0.2818181818181818,0.029898989898989897,299.99999999999864
0.2818181818181818,0.030707070707070707,299.99999999999864
0.2818181818181818,0.03151515151515151,299.99999999999864
0.2818181818181818,0.03232323232323232,299.99999999999864
0.2818181818181818,0.03313131313131313,299.99999999999864
0.2818181818181818,0.033939393939393936,299.99999999999864
0.2818181818181818,0.03474747474747475,299.99999999999864
0.2818181818181818,0.035555555555555556,299.99999999999864
0.2818181818181818,0.03636363636363636,299.99999999999864
0.2818181818181818,0.037171717171717175,299.99999999999864
0.2818181818181818,0.03797979797979798,299.99999999999864
0.2818181818181818,0.03878787878787879,299.99999999999864
0.2818181818181818,0.039595959595959594,299.99999999999864
0.2818181818181818,0.0404040404040404,299.99999999999864
0.2818181818181818,0.041212121212121214,299.99999999999864
0.2818181818181818,0.04202020202020202,299.99999999999864
0.2818181818181818,0.042828282828282827,299.99999999999864
0.2818181818181818,0.04363636363636364,299.99999999999864
0.2818181818181818,0.044444444444444446,299.99999999999864
0.2818181818181818,0.04525252525252525,299.99999999999864
0.2818181818181818,0.04606060606060606,299.99999999999864
0.2818181818181818,0.046868686868686865,299.99999999999864
0.2818181818181818,0.04767676767676768,299.99999999999864
0.2818181818181818,0.048484848484848485,299.99999999999864
0.2818181818181818,0.04929292929292929,299.99999999999864
0.2818181818181818,0.050101010101010104,299.99999999999864
0.2818181818181818,0.05090909090909091,299.99999999999864
0.2818181818181818,0.05171717171717172,299.99999999999864
0.2818181818181818,0.052525252525252523,299.99999999999864
0.2818181818181818,0.05333333333333333,299.99999999999864
0.2818181818181818,0.05414141414141414,299.99999999999864
0.2818181818181818,0.05494949494949495,299.99999999999864
0.2818181818181818,0.055757575757575756,299.99999999999864
0.2818181818181818,0.05656565656565657,299.99999999999864
0.2818181818181818,0.057373737373737375,299.99999999999864
0.2818181818181818,0.05818181818181818,299.99999999999864
0.2818181818181818,0.05898989898989899,299.99999999999864
0.2818181818181818,0.059797979797979794,299.99999999999864
0.2818181818181818,0.06060606060606061,299.99999999999864
0.2818181818181818,0.061414141414141414,299.99999999999864
0.2818181818181818,0.06222222222222222,299.99999999999864
0.2818181818181818,0.06303030303030302,299.99999999999864
0.2818181818181818,0.06383838383838383,299.99999999999864
0.2818181818181818,0.06464646464646465,299.99999999999864
0.2818181818181818,0.06545454545454546,299.99999999999864
0.2818181818181818,0.06626262626262627,299.99999999999864
0.2818181818181818,0.06707070707070706,299.99999999999864
0.2818181818181818,0.06787878787878787,299.99999999999864
0.2818181818181818,0.06868686868686869,299.99999999999864
0.2818181818181818,0.0694949494949495,299.99999999999864
0.2818181818181818,0.07030303030303031,299.99999999999864
0.2818181818181818,0.07111111111111111,299.99999999999864
0.2818181818181818,0.07191919191919191,299.99999999999864
0.2818181818181818,0.07272727272727272,299.99999999999864
0.2818181818181818,0.07353535353535354,299.99999999999864
0.2818181818181818,0.07434343434343435,299.99999999999864
0.2818181818181818,0.07515151515151516,299.99999999999864
0.2818181818181818,0.07595959595959595,299.99999999999864
0.2818181818181818,0.07676767676767676,299.99999999999864
0.2818181818181818,0.07757575757575758,299.99999999999864
0.2818181818181818,0.07838383838383839,299.99999999999864
0.2818181818181818,0.0791919191919192,299.99999999999864
0.2818181818181818,0.07979818813131313,300.0000000000008
0.2818181818181818,0.08000088465770044,300.0000000000008
0.2818181818181818,0.0800019359326174,300.0000000000008
0.2818181818181818,0.08000324619642925,300.0000000000008
0.2818181818181818,0.08000487925285339,300.0000000000008
0.2818181818181818,0.08000691462409718,300.0000000000008
0.2818181818181818,0.08000945142321741,300.0000000000008
0.2818181818181818,0.08001261318046245,300.0000000000008
0.2818181818181818,0.08001655385861739,300.0000000000008
0.2818181818181818,0.08002146535027135,300.0000000000008
0.2818181818181818,0.08002758682208874,300.0000000000008
0.2818181818181818,0.08003521636110686,300.0000000000008
0.2818181818181818,0.08004472549017998,300.0000000000008
0.2818181818181818,0.08005657725940413,300.0000000000008
0.2818181818181818,0.08007134879449027,300.0000000000008
0.2818181818181818,0.08008975940008634,300.0000000000008
0.2818181818181818,0.08011270558654815,300.0000000000008
0.2818181818181818,0.08014130472579933,300.0000000000008
0.2818181818181818,0.08017694946211615,300.0000000000008
0.2818181818181818,0.08022137552738813,300.0000000000008
0.2818181818181818,0.08027674626314021,300.0000000000008
0.2818181818181818,0.08034575796514344,300.0000000000008
0.2818181818181818,0.08043177118040407,300.0000000000008
0.2818181818181818,0.08053897435007991,300.0000000000008
0.2818181818181818,0.08067258776696852,300.0000000000008
0.2818181818181818,0.08083911777934251,300.0000000000008
0.2818181818181818,0.08104667361966954,300.0000000000008
0.2818181818181818,0.08130536228629326,300.0000000000008
0.2818181818181818,0.08162778070696558,300.0000000000008
0.2818181818181818,0.08202962915029163,300.0000000000008
0.2818181818181818,0.08237629432068608,300.00000000000074
0.28484848484848485,0.00020202020202020202,299.99999999999864
0.28484848484848485,0.0008080808080808081,299.99999999999864
0.28484848484848485,0.0016161616161616162,299.99999999999864
0.28484848484848485,0.0024242424242424242,299.99999999999864
0.28484848484848485,0.0032323232323232323,299.99999999999864
0.28484848484848485,0.00404040404040404,299.99999999999864
0.28484848484848485,0.0048484848484848485,299.99999999999864
0.28484848484848485,0.0056565656565656566,299.99999999999864
0.28484848484848485,0.006464646464646465,299.99999999999864
0.28484848484848485,0.007272727272727273,299.99999999999864
0.28484848484848485,0.00808080808080808,299.99999999999864
0.28484848484848485,0.008888888888888889,299.99999999999864
0.28484848484848485,0.009696969696969697,299.99999999999864
0.28484848484848485,0.010505050505050505,299.99999999999864
0.28484848484848485,0.011313131313131313,299.99999999999864
0.28484848484848485,0.012121212121212121,299.99999999999864
0.28484848484848485,0.01292929292929293,299.99999999999864
0.28484848484848485,0.013737373737373737,299.99999999999864
0.28484848484848485,0.014545454545454545,299.99999999999864
0.28484848484848485,0.015353535353535354,299.99999999999864
0.28484848484848485,0.01616161616161616,299.99999999999864
0.28484848484848485,0.016969696969696968,299.99999999999864
0.28484848484848485,0.017777777777777778,299.99999999999864
0.28484848484848485,0.018585858585858588,299.99999999999864
0.28484848484848485,0.019393939393939394,299.99999999999864
0.28484848484848485,0.0202020202020202,299.99999999999864
0.28484848484848485,0.02101010101010101,299.99999999999864
0.28484848484848485,0.02181818181818182,299.99999999999864
0.28484848484848485,0.022626262626262626,299.99999999999864
0.28484848484848485,0.023434343434343433,299.99999999999864
0.28484848484848485,0.024242424242424242,299.99999999999864
0.28484848484848485,0.025050505050505052,299.99999999999864
0.28484848484848485,0.02585858585858586,299.99999999999864
0.28484848484848485,0.026666666666666665,299.99999999999864
0.28484848484848485,0.027474747474747475,299.99999999999864
0.28484848484848485,0.028282828282828285,299.99999999999864
0.28484848484848485,0.02909090909090909,299.99999999999864
0.28484848484848485,0.029898989898989897,299.99999999999864
0.28484848484848485,0.030707070707070707,299.99999999999864
0.28484848484848485,0.03151515151515151,299.99999999999864
0.28484848484848485,0.03232323232323232,299.99999999999864
0.28484848484848485,0.03313131313131313,299.99999999999864
0.28484848484848485,0.033939393939393936,299.99999999999864
0.28484848484848485,0.03474747474747475,299.99999999999864
0.28484848484848485,0.035555555555555556,299.99999999999864
0.28484848484848485,0.03636363636363636,299.99999999999864
0.28484848484848485,0.037171717171717175,299.99999999999864
0.28484848484848485,0.03797979797979798,299.99999999999864
0.28484848484848485,0.03878787878787879,299.99999999999864
0.28484848484848485,0.039595959595959594,299.99999999999864
0.28484848484848485,0.0404040404040404,299.99999999999864
0.28484848484848485,0.041212121212121214,299.99999999999864
0.28484848484848485,0.04202020202020202,299.99999999999864
0.28484848484848485,0.042828282828282827,299.99999999999864
0.28484848484848485,0.04363636363636364,299.99999999999864
0.28484848484848485,0.044444444444444446,299.99999999999864
0.28484848484848485,0.04525252525252525,299.99999999999864
0.28484848484848485,0.04606060606060606,299.99999999999864
0.28484848484848485,0.046868686868686865,299.99999999999864
0.28484848484848485,0.04767676767676768,299.99999999999864
0.28484848484848485,0.048484848484848485,299.99999999999864
0.28484848484848485,0.04929292929292929,299.99999999999864
0.28484848484848485,0.050101010101010104,299.99999999999864
0.28484848484848485,0.05090909090909091,299.99999999999864
0.28484848484848485,0.05171717171717172,299.99999999999864
0.28484848484848485,0.052525252525252523,299.99999999999864
0.28484848484848485,0.05333333333333333,299.99999999999864
0.28484848484848485,0.05414141414141414,299.99999999999864
0.28484848484848485,0.05494949494949495,299.99999999999864
0.28484848484848485,0.055757575757575756,299.99999999999864
0.28484848484848485,0.05656565656565657,299.99999999999864
0.28484848484848485,0.057373737373737375,299.99999999999864
0.28484848484848485,0.05818181818181818,299.99999999999864
0.28484848484848485,0.05898989898989899,299.99999999999864
0.28484848484848485,0.059797979797979794,299.99999999999864
0.28484848484848485,0.06060606060606061,299.99999999999864
0.28484848484848485,0.061414141414141414,299.99999999999864
0.28484848484848485,0.06222222222222222,299.99999999999864
0.28484848484848485,0.06303030303030302,299.99999999999864
0.28484848484848485,0.06383838383838383,299.99999999999864
0.28484848484848485,0.06464646464646465,299.99999999999864
0.28484848484848485,0.06545454545454546,299.99999999999864
0.28484848484848485,0.06626262626262627,299.99999999999864
0.28484848484848485,0.06707070707070706,299.99999999999864
0.28484848484848485,0.06787878787878787,299.99999999999864
0.28484848484848485,0.06868686868686869,299.99999999999864
0.28484848484848485,0.0694949494949495,299.99999999999864
0.28484848484848485,0.07030303030303031,299.99999999999864
0.28484848484848485,0.07111111111111111,299.99999999999864
0.28484848484848485,0.07191919191919191,299.99999999999864
0.28484848484848485,0.07272727272727272,299.99999999999864
0.28484848484848485,0.07353535353535354,299.99999999999864
0.28484848484848485,0.07434343434343435,299.99999999999864
0.28484848484848485,0.07515151515151516,299.99999999999864
0.28484848484848485,0.07595959595959595,299.99999999999864
0.28484848484848485,0.07676767676767676,299.99999999999864
0.28484848484848485,0.07757575757575758,299.99999999999864
0.28484848484848485,0.07838383838383839,299.99999999999864
0.28484848484848485,0.0791919191919192,299.99999999999864
0.28484848484848485,0.07979818813131313,300.0000000000008
0.28484848484848485,0.08000088465770044,300.0000000000008
0.28484848484848485,0.0800019359326174,300.0000000000008
0.28484848484848485,0.08000324619642925,300.0000000000008
0.28484848484848485,0.08000487925285339,300.0000000000008
0.28484848484848485,0.08000691462409718,300.0000000000008
0.28484848484848485,0.08000945142321741,300.0000000000008
0.28484848484848485,0.08001261318046245,300.0000000000008
0.28484848484848485,0.08001655385861739,300.0000000000008
0.28484848484848485,0.08002146535027135,300.0000000000008
0.28484848484848485,0.08002758682208874,300.0000000000008
0.28484848484848485,0.08003521636110686,300.0000000000008
0.28484848484848485,0.08004472549017998,300.0000000000008
0.28484848484848485,0.08005657725940413,300.0000000000008
0.28484848484848485,0.08007134879449027,300.0000000000008
0.28484848484848485,0.08008975940008634,300.0000000000008
0.28484848484848485,0.08011270558654815,300.0000000000008
0.28484848484848485,0.08014130472579933,300.0000000000008
0.28484848484848485,0.08017694946211615,300.0000000000008
0.28484848484848485,0.08022137552738813,300.0000000000008
0.28484848484848485,0.08027674626314021,300.0000000000008
0.28484848484848485,0.08034575796514344,300.0000000000008
0.28484848484848485,0.08043177118040407,300.0000000000008
0.28484848484848485,0.08053897435007991,300.0000000000008
0.28484848484848485,0.08067258776696852,300.0000000000008
0.28484848484848485,0.08083911777934251,300.0000000000008
0.28484848484848485,0.08104667361966954,300.0000000000008
0.28484848484848485,0.08130536228629326,300.0000000000008
0.28484848484848485,0.08162778070696558,300.0000000000008
0.28484848484848485,0.08202962915029163,300.0000000000008
0.28484848484848485,0.08237629432068608,300.00000000000074
0.2878787878787879,0.00020202020202020202,299.99999999999864
0.2878787878787879,0.0008080808080808081,299.99999999999864
0.2878787878787879,0.0016161616161616162,299.99999999999864
0.2878787878787879,0.0024242424242424242,299.99999999999864
0.2878787878787879,0.0032323232323232323,299.99999999999864
0.2878787878787879,0.00404040404040404,299.99999999999864
0.2878787878787879,0.0048484848484848485,299.99999999999864
0.2878787878787879,0.0056565656565656566,299.99999999999864
0.2878787878787879,0.006464646464646465,299.99999999999864
0.2878787878787879,0.007272727272727273,299.99999999999864
0.2878787878787879,0.00808080808080808,299.99999999999864
0.2878787878787879,0.008888888888888889,299.99999999999864
0.2878787878787879,0.009696969696969697,299.99999999999864
0.2878787878787879,0.010505050505050505,299.99999999999864
0.2878787878787879,0.011313131313131313,299.99999999999864
0.2878787878787879,0.012121212121212121,299.99999999999864
0.2878787878787879,0.01292929292929293,299.99999999999864
0.2878787878787879,0.013737373737373737,299.99999999999864
0.2878787878787879,0.014545454545454545,299.99999999999864
0.2878787878787879,0.015353535353535354,299.99999999999864
0.2878787878787879,0.01616161616161616,299.99999999999864
0.2878787878787879,0.016969696969696968,299.99999999999864
0.2878787878787879,0.017777777777777778,299.99999999999864
0.2878787878787879,0.018585858585858588,299.99999999999864
0.2878787878787879,0.019393939393939394,299.99999999999864
0.2878787878787879,0.0202020202020202,299.99999999999864
0.2878787878787879,0.02101010101010101,299.99999999999864
0.2878787878787879,0.02181818181818182,299.99999999999864
0.2878787878787879,0.022626262626262626,299.99999999999864
0.2878787878787879,0.023434343434343433,299.99999999999864
0.2878787878787879,0.024242424242424242,299.99999999999864
0.2878787878787879,0.025050505050505052,299.99999999999864
0.2878787878787879,0.02585858585858586,299.99999999999864
0.2878787878787879,0.026666666666666665,299.99999999999864
0.2878787878787879,0.027474747474747475,299.99999999999864
0.2878787878787879,0.028282828282828285,299.99999999999864
0.2878787878787879,0.02909090909090909,299.99999999999864
0.2878787878787879,0.029898989898989897,299.99999999999864
0.2878787878787879,0.030707070707070707,299.99999999999864
0.2878787878787879,0.03151515151515151,299.99999999999864
0.2878787878787879,0.03232323232323232,299.99999999999864
0.2878787878787879,0.03313131313131313,299.99999999999864
0.2878787878787879,0.033939393939393936,299.99999999999864
0.2878787878787879,0.03474747474747475,299.99999999999864
0.2878787878787879,0.035555555555555556,299.99999999999864
0.2878787878787879,0.03636363636363636,299.99999999999864
0.2878787878787879,0.037171717171717175,299.99999999999864
0.2878787878787879,0.03797979797979798,299.99999999999864
0.2878787878787879,0.03878787878787879,299.99999999999864
0.2878787878787879,0.039595959595959594,299.99999999999864
0.2878787878787879,0.0404040404040404,299.99999999999864
0.2878787878787879,0.041212121212121214,299.99999999999864
0.2878787878787879,0.04202020202020202,299.99999999999864
0.2878787878787879,0.042828282828282827,299.99999999999864
0.2878787878787879,0.04363636363636364,299.99999999999864
0.2878787878787879,0.044444444444444446,299.99999999999864
0.2878787878787879,0.04525252525252525,299.99999999999864
0.2878787878787879,0.04606060606060606,299.99999999999864
0.2878787878787879,0.046868686868686865,299.99999999999864
0.2878787878787879,0.04767676767676768,299.99999999999864
0.2878787878787879,0.048484848484848485,299.99999999999864
0.2878787878787879,0.04929292929292929,299.99999999999864
0.2878787878787879,0.050101010101010104,299.99999999999864
0.2878787878787879,0.05090909090909091,299.99999999999864
0.2878787878787879,0.05171717171717172,299.99999999999864
0.2878787878787879,0.052525252525252523,299.99999999999864
0.2878787878787879,0.05333333333333333,299.99999999999864
0.2878787878787879,0.05414141414141414,299.99999999999864
0.2878787878787879,0.05494949494949495,299.99999999999864
0.2878787878787879,0.055757575757575756,299.99999999999864
0.2878787878787879,0.05656565656565657,299.99999999999864
0.2878787878787879,0.057373737373737375,299.99999999999864
0.2878787878787879,0.05818181818181818,299.99999999999864
0.2878787878787879,0.05898989898989899,299.99999999999864
0.2878787878787879,0.059797979797979794,299.99999999999864
0.2878787878787879,0.06060606060606061,299.99999999999864
0.2878787878787879,0.061414141414141414,299.99999999999864
0.2878787878787879,0.06222222222222222,299.99999999999864
0.2878787878787879,0.06303030303030302,299.99999999999864
0.2878787878787879,0.06383838383838383,299.99999999999864
0.2878787878787879,0.06464646464646465,299.99999999999864
0.2878787878787879,0.06545454545454546,299.99999999999864
0.2878787878787879,0.06626262626262627,299.99999999999864
0.2878787878787879,0.06707070707070706,299.99999999999864
0.2878787878787879,0.06787878787878787,299.99999999999864
0.2878787878787879,0.06868686868686869,299.99999999999864
0.2878787878787879,0.0694949494949495,299.99999999999864
0.2878787878787879,0.07030303030303031,299.99999999999864
0.2878787878787879,0.07111111111111111,299.99999999999864
0.2878787878787879,0.07191919191919191,299.99999999999864
0.2878787878787879,0.07272727272727272,299.99999999999864
0.2878787878787879,0.07353535353535354,299.99999999999864
0.2878787878787879,0.07434343434343435,299.99999999999864
0.2878787878787879,0.07515151515151516,299.99999999999864
0.2878787878787879,0.07595959595959595,299.99999999999864
0.2878787878787879,0.07676767676767676,299.99999999999864
0.2878787878787879,0.07757575757575758,299.99999999999864
0.2878787878787879,0.07838383838383839,299.99999999999864
0.2878787878787879,0.0791919191919192,299.99999999999864
0.2878787878787879,0.07979818813131313,300.0000000000008
0.2878787878787879,0.08000088465770044,300.0000000000008
0.2878787878787879,0.0800019359326174,300.0000000000008
0.2878787878787879,0.08000324619642925,300.0000000000008
0.2878787878787879,0.08000487925285339,300.0000000000008
0.2878787878787879,0.08000691462409718,300.0000000000008
0.2878787878787879,0.08000945142321741,300.0000000000008
0.2878787878787879,0.08001261318046245,300.0000000000008
0.2878787878787879,0.08001655385861739,300.0000000000008
0.2878787878787879,0.08002146535027135,300.0000000000008
0.2878787878787879,0.08002758682208874,300.0000000000008
0.2878787878787879,0.08003521636110686,300.0000000000008
0.2878787878787879,0.08004472549017998,300.0000000000008
0.2878787878787879,0.08005657725940413,300.0000000000008
0.2878787878787879,0.08007134879449027,300.0000000000008
0.2878787878787879,0.08008975940008634,300.0000000000008
0.2878787878787879,0.08011270558654815,300.0000000000008
0.2878787878787879,0.08014130472579933,300.0000000000008
0.2878787878787879,0.08017694946211615,300.0000000000008
0.2878787878787879,0.08022137552738813,300.0000000000008
0.2878787878787879,0.08027674626314021,300.0000000000008
0.2878787878787879,0.08034575796514344,300.0000000000008
0.2878787878787879,0.08043177118040407,300.0000000000008
0.2878787878787879,0.08053897435007991,300.0000000000008
0.2878787878787879,0.08067258776696852,300.0000000000008
0.2878787878787879,0.08083911777934251,300.0000000000008
0.2878787878787879,0.08104667361966954,300.0000000000008
0.2878787878787879,0.08130536228629326,300.0000000000008
0.2878787878787879,0.08162778070696558,300.0000000000008
0.2878787878787879,0.08202962915029163,300.0000000000008
0.2878787878787879,0.08237629432068608,300.00000000000074
0.2909090909090909,0.00020202020202020202,299.99999999999864
0.2909090909090909,0.0008080808080808081,299.99999999999864
0.2909090909090909,0.0016161616161616162,299.99999999999864
0.2909090909090909,0.0024242424242424242,299.99999999999864
0.2909090909090909,0.0032323232323232323,299.99999999999864
0.2909090909090909,0.00404040404040404,299.99999999999864
0.2909090909090909,0.0048484848484848485,299.99999999999864
0.2909090909090909,0.0056565656565656566,299.99999999999864
0.2909090909090909,0.006464646464646465,299.99999999999864
0.2909090909090909,0.007272727272727273,299.99999999999864
0.2909090909090909,0.00808080808080808,299.99999999999864
0.2909090909090909,0.008888888888888889,299.99999999999864
0.2909090909090909,0.009696969696969697,299.99999999999864
0.2909090909090909,0.010505050505050505,299.99999999999864
0.2909090909090909,0.011313131313131313,299.99999999999864
0.2909090909090909,0.012121212121212121,299.99999999999864
0.2909090909090909,0.01292929292929293,299.99999999999864
0.2909090909090909,0.013737373737373737,299.99999999999864
0.2909090909090909,0.014545454545454545,299.99999999999864
0.2909090909090909,0.015353535353535354,299.99999999999864
0.2909090909090909,0.01616161616161616,299.99999999999864
0.2909090909090909,0.016969696969696968,299.99999999999864
0.2909090909090909,0.017777777777777778,299.99999999999864
0.2909090909090909,0.018585858585858588,299.99999999999864
0.2909090909090909,0.019393939393939394,299.99999999999864
0.2909090909090909,0.0202020202020202,299.99999999999864
0.2909090909090909,0.02101010101010101,299.99999999999864
0.2909090909090909,0.02181818181818182,299.99999999999864
0.2909090909090909,0.022626262626262626,299.99999999999864
0.2909090909090909,0.023434343434343433,299.99999999999864
0.2909090909090909,0.024242424242424242,299.99999999999864
0.2909090909090909,0.025050505050505052,299.99999999999864
0.2909090909090909,0.02585858585858586,299.99999999999864
0.2909090909090909,0.026666666666666665,299.99999999999864
0.2909090909090909,0.027474747474747475,299.99999999999864
0.2909090909090909,0.028282828282828285,299.99999999999864
0.2909090909090909,0.02909090909090909,299.99999999999864
0.2909090909090909,0.029898989898989897,299.99999999999864
0.2909090909090909,0.030707070707070707,299.99999999999864
0.2909090909090909,0.03151515151515151,299.99999999999864
0.2909090909090909,0.03232323232323232,299.99999999999864
0.2909090909090909,0.03313131313131313,299.99999999999864
0.2909090909090909,0.033939393939393936,299.99999999999864
0.2909090909090909,0.03474747474747475,299.99999999999864
0.2909090909090909,0.035555555555555556,299.99999999999864
0.2909090909090909,0.03636363636363636,299.99999999999864
0.2909090909090909,0.037171717171717175,299.99999999999864
0.2909090909090909,0.03797979797979798,299.99999999999864
0.2909090909090909,0.03878787878787879,299.99999999999864
0.2909090909090909,0.039595959595959594,299.99999999999864
0.2909090909090909,0.0404040404040404,299.99999999999864
0.2909090909090909,0.041212121212121214,299.99999999999864
0.2909090909090909,0.04202020202020202,299.99999999999864
0.2909090909090909,0.042828282828282827,299.99999999999864
0.2909090909090909,0.04363636363636364,299.99999999999864
0.2909090909090909,0.044444444444444446,299.99999999999864
0.2909090909090909,0.04525252525252525,299.99999999999864
0.2909090909090909,0.04606060606060606,299.99999999999864
0.2909090909090909,0.046868686868686865,299.99999999999864
0.2909090909090909,0.04767676767676768,299.99999999999864
0.2909090909090909,0.048484848484848485,299.99999999999864
0.2909090909090909,0.04929292929292929,299.99999999999864
0.2909090909090909,0.050101010101010104,299.99999999999864
0.2909090909090909,0.05090909090909091,299.99999999999864
0.2909090909090909,0.05171717171717172,299.99999999999864
0.2909090909090909,0.052525252525252523,299.99999999999864
0.2909090909090909,0.05333333333333333,299.99999999999864
0.2909090909090909,0.05414141414141414,299.99999999999864
0.2909090909090909,0.05494949494949495,299.99999999999864
0.2909090909090909,0.055757575757575756,299.99999999999864
0.2909090909090909,0.05656565656565657,299.99999999999864
0.2909090909090909,0.057373737373737375,299.99999999999864
0.2909090909090909,0.05818181818181818,299.99999999999864
0.2909090909090909,0.05898989898989899,299.99999999999864
0.2909090909090909,0.059797979797979794,299.99999999999864
0.2909090909090909,0.06060606060606061,299.99999999999864
0.2909090909090909,0.061414141414141414,299.99999999999864
0.2909090909090909,0.06222222222222222,299.99999999999864
0.2909090909090909,0.06303030303030302,299.99999999999864
0.2909090909090909,0.06383838383838383,299.99999999999864
0.2909090909090909,0.06464646464646465,299.99999999999864
0.2909090909090909,0.06545454545454546,299.99999999999864
0.2909090909090909,0.06626262626262627,299.99999999999864
0.2909090909090909,0.06707070707070706,299.99999999999864
0.2909090909090909,0.06787878787878787,299.99999999999864
0.2909090909090909,0.06868686868686869,299.99999999999864
0.2909090909090909,0.0694949494949495,299.99999999999864
0.2909090909090909,0.07030303030303031,299.99999999999864
0.2909090909090909,0.07111111111111111,299.99999999999864
0.2909090909090909,0.07191919191919191,299.99999999999864
0.2909090909090909,0.07272727272727272,299.99999999999864
0.2909090909090909,0.07353535353535354,299.99999999999864
0.2909090909090909,0.07434343434343435,299.99999999999864
0.2909090909090909,0.07515151515151516,299.99999999999864
0.2909090909090909,0.07595959595959595,299.99999999999864
0.2909090909090909,0.07676767676767676,299.99999999999864
0.2909090909090909,0.07757575757575758,299.99999999999864
0.2909090909090909,0.07838383838383839,299.99999999999864
0.2909090909090909,0.0791919191919192,299.9999999999631
0.2909090909090909,0.07979818813131313,300.0000000000008
0.2909090909090909,0.08000088465770044,300.0000000000008
0.2909090909090909,0.0800019359326174,300.0000000000008
0.2909090909090909,0.08000324619642925,300.0000000000008
0.2909090909090909,0.08000487925285339,300.0000000000008
0.2909090909090909,0.08000691462409718,300.0000000000008
0.2909090909090909,0.08000945142321741,300.0000000000008
0.2909090909090909,0.08001261318046245,300.0000000000008
0.2909090909090909,0.08001655385861739,300.0000000000008
0.2909090909090909,0.08002146535027135,300.0000000000008
0.2909090909090909,0.08002758682208874,300.0000000000008
0.2909090909090909,0.08003521636110686,300.0000000000008
0.2909090909090909,0.08004472549017998,300.0000000000008
0.2909090909090909,0.08005657725940413,300.0000000000008
0.2909090909090909,0.08007134879449027,300.0000000000008
0.2909090909090909,0.08008975940008634,300.0000000000008
0.2909090909090909,0.08011270558654815,300.0000000000008
0.2909090909090909,0.08014130472579933,300.0000000000008
0.2909090909090909,0.08017694946211615,300.0000000000008
0.2909090909090909,0.08022137552738813,300.0000000000008
0.2909090909090909,0.08027674626314021,300.0000000000008
0.2909090909090909,0.08034575796514344,300.0000000000008
0.2909090909090909,0.08043177118040407,300.0000000000008
0.2909090909090909,0.08053897435007991,300.0000000000008
0.2909090909090909,0.08067258776696852,300.0000000000008
0.2909090909090909,0.08083911777934251,300.0000000000008
0.2909090909090909,0.08104667361966954,300.0000000000008
0.2909090909090909,0.08130536228629326,300.0000000000008
0.2909090909090909,0.08162778070696558,300.0000000000008
0.2909090909090909,0.08202962915029163,300.0000000000008
0.2909090909090909,0.08237629432068608,300.00000000000074
0.29393939393939394,0.00020202020202020202,299.99999999999864
0.29393939393939394,0.0008080808080808081,299.99999999999864
0.29393939393939394,0.0016161616161616162,299.99999999999864
0.29393939393939394,0.0024242424242424242,299.99999999999864
0.29393939393939394,0.0032323232323232323,299.99999999999864
0.29393939393939394,0.00404040404040404,299.99999999999864
0.29393939393939394,0.0048484848484848485,299.99999999999864
0.29393939393939394,0.0056565656565656566,299.99999999999864
0.29393939393939394,0.006464646464646465,299.99999999999864
0.29393939393939394,0.007272727272727273,299.99999999999864
0.29393939393939394,0.00808080808080808,299.99999999999864
0.29393939393939394,0.008888888888888889,299.99999999999864
0.29393939393939394,0.009696969696969697,299.99999999999864
0.29393939393939394,0.010505050505050505,299.99999999999864
0.29393939393939394,0.011313131313131313,299.99999999999864
0.29393939393939394,0.012121212121212121,299.99999999999864
0.29393939393939394,0.01292929292929293,299.99999999999864
0.29393939393939394,0.013737373737373737,299.99999999999864
0.29393939393939394,0.014545454545454545,299.99999999999864
0.29393939393939394,0.015353535353535354,299.99999999999864
0.29393939393939394,0.01616161616161616,299.99999999999864
0.29393939393939394,0.016969696969696968,299.99999999999864
0.29393939393939394,0.017777777777777778,299.99999999999864
0.29393939393939394,0.018585858585858588,299.99999999999864
0.29393939393939394,0.019393939393939394,299.99999999999864
0.29393939393939394,0.0202020202020202,299.99999999999864
0.29393939393939394,0.02101010101010101,299.99999999999864
0.29393939393939394,0.02181818181818182,299.99999999999864
0.29393939393939394,0.022626262626262626,299.99999999999864
0.29393939393939394,0.023434343434343433,299.99999999999864
0.29393939393939394,0.024242424242424242,299.99999999999864
0.29393939393939394,0.025050505050505052,299.99999999999864
0.29393939393939394,0.02585858585858586,299.99999999999864
0.29393939393939394,0.026666666666666665,299.99999999999864
0.29393939393939394,0.027474747474747475,299.99999999999864
0.29393939393939394,0.028282828282828285,299.99999999999864
0.29393939393939394,0.02909090909090909,299.99999999999864
0.29393939393939394,0.029898989898989897,299.99999999999864
0.29393939393939394,0.030707070707070707,299.99999999999864
0.29393939393939394,0.03151515151515151,299.99999999999864
0.29393939393939394,0.03232323232323232,299.99999999999864
0.29393939393939394,0.03313131313131313,299.99999999999864
0.29393939393939394,0.033939393939393936,299.99999999999864
0.29393939393939394,0.03474747474747475,299.99999999999864
0.29393939393939394,0.035555555555555556,299.99999999999864
0.29393939393939394,0.03636363636363636,299.99999999999864
0.29393939393939394,0.037171717171717175,299.99999999999864
0.29393939393939394,0.03797979797979798,299.99999999999864
0.29393939393939394,0.03878787878787879,299.99999999999864
0.29393939393939394,0.039595959595959594,299.99999999999864
0.29393939393939394,0.0404040404040404,299.99999999999864
0.29393939393939394,0.041212121212121214,299.99999999999864
0.29393939393939394,0.04202020202020202,299.99999999999864
0.29393939393939394,0.042828282828282827,299.99999999999864
0.29393939393939394,0.04363636363636364,299.99999999999864
0.29393939393939394,0.044444444444444446,299.99999999999864
0.29393939393939394,0.04525252525252525,299.99999999999864
0.29393939393939394,0.04606060606060606,299.99999999999864
0.29393939393939394,0.046868686868686865,299.99999999999864
0.29393939393939394,0.04767676767676768,299.99999999999864
0.29393939393939394,0.048484848484848485,299.99999999999864
0.29393939393939394,0.04929292929292929,299.99999999999864
0.29393939393939394,0.050101010101010104,299.99999999999864
0.29393939393939394,0.05090909090909091,299.99999999999864
0.29393939393939394,0.05171717171717172,299.99999999999864
0.29393939393939394,0.052525252525252523,299.99999999999864
0.29393939393939394,0.05333333333333333,299.99999999999864
0.29393939393939394,0.05414141414141414,299.99999999999864
0.29393939393939394,0.05494949494949495,299.99999999999864
0.29393939393939394,0.055757575757575756,299.99999999999864
0.29393939393939394,0.05656565656565657,299.99999999999864
0.29393939393939394,0.057373737373737375,299.99999999999864
0.29393939393939394,0.05818181818181818,299.99999999999864
0.29393939393939394,0.05898989898989899,299.99999999999864
0.29393939393939394,0.059797979797979794,299.99999999999864
0.29393939393939394,0.06060606060606061,299.99999999999864
0.29393939393939394,0.061414141414141414,299.99999999999864
0.29393939393939394,0.06222222222222222,299.99999999999864
0.29393939393939394,0.06303030303030302,299.99999999999864
0.29393939393939394,0.06383838383838383,299.99999999999864
0.29393939393939394,0.06464646464646465,299.99999999999864
0.29393939393939394,0.06545454545454546,299.99999999999864
0.29393939393939394,0.06626262626262627,299.99999999999864
0.29393939393939394,0.06707070707070706,299.99999999999864
0.29393939393939394,0.06787878787878787,299.99999999999864
0.29393939393939394,0.06868686868686869,299.99999999999864
0.29393939393939394,0.0694949494949495,299.99999999999864
0.29393939393939394,0.07030303030303031,299.99999999999864
0.29393939393939394,0.07111111111111111,299.99999999999864
0.29393939393939394,0.07191919191919191,299.99999999999864
0.29393939393939394,0.07272727272727272,299.99999999999864
0.29393939393939394,0.07353535353535354,299.99999999999864
0.29393939393939394,0.07434343434343435,299.99999999999864
0.29393939393939394,0.07515151515151516,299.99999999999864
0.29393939393939394,0.07595959595959595,299.99999999999864
0.29393939393939394,0.07676767676767676,299.99999999999864
0.29393939393939394,0.07757575757575758,299.99999999999864
0.29393939393939394,0.07838383838383839,299.99999999999864
0.29393939393939394,0.0791919191919192,299.9999999999631
0.29393939393939394,0.07979818813131313,300.0000000000008
0.29393939393939394,0.08000088465770044,300.0000000000008
0.29393939393939394,0.0800019359326174,300.0000000000008
0.29393939393939394,0.08000324619642925,300.0000000000008
0.29393939393939394,0.08000487925285339,300.0000000000008
0.29393939393939394,0.08000691462409718,300.0000000000008
0.29393939393939394,0.08000945142321741,300.0000000000008
0.29393939393939394,0.08001261318046245,300.0000000000008
0.29393939393939394,0.08001655385861739,300.0000000000008
0.29393939393939394,0.08002146535027135,300.0000000000008
0.29393939393939394,0.08002758682208874,300.0000000000008
0.29393939393939394,0.08003521636110686,300.0000000000008
0.29393939393939394,0.08004472549017998,300.0000000000008
0.29393939393939394,0.08005657725940413,300.0000000000008
0.29393939393939394,0.08007134879449027,300.0000000000008
0.29393939393939394,0.08008975940008634,300.0000000000008
0.29393939393939394,0.08011270558654815,300.0000000000008
0.29393939393939394,0.08014130472579933,300.0000000000008
0.29393939393939394,0.08017694946211615,300.0000000000008
0.29393939393939394,0.08022137552738813,300.0000000000008
0.29393939393939394,0.08027674626314021,300.0000000000008
0.29393939393939394,0.08034575796514344,300.0000000000008
0.29393939393939394,0.08043177118040407,300.0000000000008
0.29393939393939394,0.08053897435007991,300.0000000000008
0.29393939393939394,0.08067258776696852,300.0000000000008
0.29393939393939394,0.08083911777934251,300.0000000000008
0.29393939393939394,0.08104667361966954,300.0000000000008
0.29393939393939394,0.08130536228629326,300.0000000000008
0.29393939393939394,0.08162778070696558,300.0000000000008
0.29393939393939394,0.08202962915029163,300.0000000000008
0.29393939393939394,0.08237629432068608,300.00000000000074
0.296969696969697,0.00020202020202020202,299.99999999999864
0.296969696969697,0.0008080808080808081,299.99999999999864
0.296969696969697,0.0016161616161616162,299.99999999999864
0.296969696969697,0.0024242424242424242,299.99999999999864
0.296969696969697,0.0032323232323232323,299.99999999999864
0.296969696969697,0.00404040404040404,299.99999999999864
0.296969696969697,0.0048484848484848485,299.99999999999864
0.296969696969697,0.0056565656565656566,299.99999999999864
0.296969696969697,0.006464646464646465,299.99999999999864
0.296969696969697,0.007272727272727273,299.99999999999864
0.296969696969697,0.00808080808080808,299.99999999999864
0.296969696969697,0.008888888888888889,299.99999999999864
0.296969696969697,0.009696969696969697,299.99999999999864
0.296969696969697,0.010505050505050505,299.99999999999864
0.296969696969697,0.011313131313131313,299.99999999999864
0.296969696969697,0.012121212121212121,299.99999999999864
0.296969696969697,0.01292929292929293,299.99999999999864
0.296969696969697,0.013737373737373737,299.99999999999864
0.296969696969697,0.014545454545454545,299.99999999999864
0.296969696969697,0.015353535353535354,299.99999999999864
0.296969696969697,0.01616161616161616,299.99999999999864
0.296969696969697,0.016969696969696968,299.99999999999864
0.296969696969697,0.017777777777777778,299.99999999999864
0.296969696969697,0.018585858585858588,299.99999999999864
0.296969696969697,0.019393939393939394,299.99999999999864
0.296969696969697,0.0202020202020202,299.99999999999864
0.296969696969697,0.02101010101010101,299.99999999999864
0.296969696969697,0.02181818181818182,299.99999999999864
0.296969696969697,0.022626262626262626,299.99999999999864
0.296969696969697,0.023434343434343433,299.99999999999864
0.296969696969697,0.024242424242424242,299.99999999999864
0.296969696969697,0.025050505050505052,299.99999999999864
0.296969696969697,0.02585858585858586,299.99999999999864
0.296969696969697,0.026666666666666665,299.99999999999864
0.296969696969697,0.027474747474747475,299.99999999999864
0.296969696969697,0.028282828282828285,299.99999999999864
0.296969696969697,0.02909090909090909,299.99999999999864
0.296969696969697,0.029898989898989897,299.99999999999864
0.296969696969697,0.030707070707070707,299.99999999999864
0.296969696969697,0.03151515151515151,299.99999999999864
0.296969696969697,0.03232323232323232,299.99999999999864
0.296969696969697,0.03313131313131313,299.99999999999864
0.296969696969697,0.033939393939393936,299.99999999999864
0.296969696969697,0.03474747474747475,299.99999999999864
0.296969696969697,0.035555555555555556,299.99999999999864
0.296969696969697,0.03636363636363636,299.99999999999864
0.296969696969697,0.037171717171717175,299.99999999999864
0.296969696969697,0.03797979797979798,299.99999999999864
0.296969696969697,0.03878787878787879,299.99999999999864
0.296969696969697,0.039595959595959594,299.99999999999864
0.296969696969697,0.0404040404040404,299.99999999999864
0.296969696969697,0.041212121212121214,299.99999999999864
0.296969696969697,0.04202020202020202,299.99999999999864
0.296969696969697,0.042828282828282827,299.99999999999864
0.296969696969697,0.04363636363636364,299.99999999999864
0.296969696969697,0.044444444444444446,299.99999999999864
0.296969696969697,0.04525252525252525,299.99999999999864
0.296969696969697,0.04606060606060606,299.99999999999864
0.296969696969697,0.046868686868686865,299.99999999999864
0.296969696969697,0.04767676767676768,299.99999999999864
0.296969696969697,0.048484848484848485,299.99999999999864
0.296969696969697,0.04929292929292929,299.99999999999864
0.296969696969697,0.050101010101010104,299.99999999999864
0.296969696969697,0.05090909090909091,299.99999999999864
0.296969696969697,0.05171717171717172,299.99999999999864
0.296969696969697,0.052525252525252523,299.99999999999864
0.296969696969697,0.05333333333333333,299.99999999999864
0.296969696969697,0.05414141414141414,299.99999999999864
0.296969696969697,0.05494949494949495,299.99999999999864
0.296969696969697,0.055757575757575756,299.99999999999864
0.296969696969697,0.05656565656565657,299.99999999999864
0.296969696969697,0.057373737373737375,299.99999999999864
0.296969696969697,0.05818181818181818,299.99999999999864
0.296969696969697,0.05898989898989899,299.99999999999864
0.296969696969697,0.059797979797979794,299.99999999999864
0.296969696969697,0.06060606060606061,299.99999999999864
0.296969696969697,0.061414141414141414,299.99999999999864
0.296969696969697,0.06222222222222222,299.99999999999864
0.296969696969697,0.06303030303030302,299.99999999999864
0.296969696969697,0.06383838383838383,299.99999999999864
0.296969696969697,0.06464646464646465,299.99999999999864
0.296969696969697,0.06545454545454546,299.99999999999864
0.296969696969697,0.06626262626262627,299.99999999999864
0.296969696969697,0.06707070707070706,299.99999999999864
0.296969696969697,0.06787878787878787,299.99999999999864
0.296969696969697,0.06868686868686869,299.99999999999864
0.296969696969697,0.0694949494949495,299.99999999999864
0.296969696969697,0.07030303030303031,299.99999999999864
0.296969696969697,0.07111111111111111,299.99999999999864
0.296969696969697,0.07191919191919191,299.99999999999864
0.296969696969697,0.07272727272727272,299.99999999999864
0.296969696969697,0.07353535353535354,299.99999999999864
0.296969696969697,0.07434343434343435,299.99999999999864
0.296969696969697,0.07515151515151516,299.99999999999864
0.296969696969697,0.07595959595959595,299.99999999999864
0.296969696969697,0.07676767676767676,299.99999999999864
0.296969696969697,0.07757575757575758,299.99999999999864
0.296969696969697,0.07838383838383839,299.99999999999864
0.296969696969697,0.0791919191919192,299.9999999999631
0.296969696969697,0.07979818813131313,300.0000000000008
0.296969696969697,0.08000088465770044,300.0000000000008
0.296969696969697,0.0800019359326174,300.0000000000008
0.296969696969697,0.08000324619642925,300.0000000000008
0.296969696969697,0.08000487925285339,300.0000000000008
0.296969696969697,0.08000691462409718,300.0000000000008
0.296969696969697,0.08000945142321741,300.0000000000008
0.296969696969697,0.08001261318046245,300.0000000000008
0.296969696969697,0.08001655385861739,300.0000000000008
0.296969696969697,0.08002146535027135,300.0000000000008
0.296969696969697,0.08002758682208874,300.0000000000008
0.296969696969697,0.08003521636110686,300.0000000000008
0.296969696969697,0.08004472549017998,300.0000000000008
0.296969696969697,0.08005657725940413,300.0000000000008
0.296969696969697,0.08007134879449027,300.0000000000008
0.296969696969697,0.08008975940008634,300.0000000000008
0.296969696969697,0.08011270558654815,300.0000000000008
0.296969696969697,0.08014130472579933,300.0000000000008
0.296969696969697,0.08017694946211615,300.0000000000008
0.296969696969697,0.08022137552738813,300.0000000000008
0.296969696969697,0.08027674626314021,300.0000000000008
0.296969696969697,0.08034575796514344,300.0000000000008
0.296969696969697,0.08043177118040407,300.0000000000008
0.296969696969697,0.08053897435007991,300.0000000000008
0.296969696969697,0.08067258776696852,300.0000000000008
0.296969696969697,0.08083911777934251,300.0000000000008
0.296969696969697,0.08104667361966954,300.0000000000008
0.296969696969697,0.08130536228629326,300.0000000000008
0.296969696969697,0.08162778070696558,300.0000000000008
0.296969696969697,0.08202962915029163,300.0000000000008
0.296969696969697,0.08237629432068608,300.00000000000074
0.2992424242424242,0.00020202020202020202,300.0
0.2992424242424242,0.0008080808080808081,300.0
0.2992424242424242,0.0016161616161616162,300.0
0.2992424242424242,0.0024242424242424242,300.0
0.2992424242424242,0.0032323232323232323,300.0
0.2992424242424242,0.00404040404040404,300.0
0.2992424242424242,0.0048484848484848485,300.0
0.2992424242424242,0.0056565656565656566,300.0
0.2992424242424242,0.006464646464646465,300.0
0.2992424242424242,0.007272727272727273,300.0
0.2992424242424242,0.00808080808080808,300.0
0.2992424242424242,0.008888888888888889,300.0
0.2992424242424242,0.009696969696969697,300.0
0.2992424242424242,0.010505050505050505,300.0
0.2992424242424242,0.011313131313131313,300.0
0.2992424242424242,0.012121212121212121,300.0
0.2992424242424242,0.01292929292929293,300.0
0.2992424242424242,0.013737373737373737,300.0
0.2992424242424242,0.014545454545454545,300.0
0.2992424242424242,0.015353535353535354,300.0
0.2992424242424242,0.01616161616161616,300.0
0.2992424242424242,0.016969696969696968,300.0
0.2992424242424242,0.017777777777777778,300.0
0.2992424242424242,0.018585858585858588,300.0
0.2992424242424242,0.019393939393939394,300.0
0.2992424242424242,0.0202020202020202,300.0
0.2992424242424242,0.02101010101010101,300.0
0.2992424242424242,0.02181818181818182,300.0
0.2992424242424242,0.022626262626262626,300.0
0.2992424242424242,0.023434343434343433,300.0
0.2992424242424242,0.024242424242424242,300.0
0.2992424242424242,0.025050505050505052,300.0
0.2992424242424242,0.02585858585858586,300.0
0.2992424242424242,0.026666666666666665,300.0
0.2992424242424242,0.027474747474747475,300.0
0.2992424242424242,0.028282828282828285,300.0
0.2992424242424242,0.02909090909090909,300.0
0.2992424242424242,0.029898989898989897,300.0
0.2992424242424242,0.030707070707070707,300.0
0.2992424242424242,0.03151515151515151,300.0
0.2992424242424242,0.03232323232323232,300.0
0.2992424242424242,0.03313131313131313,300.0
0.2992424242424242,0.033939393939393936,300.0
0.2992424242424242,0.03474747474747475,300.0
0.2992424242424242,0.035555555555555556,300.0
0.2992424242424242,0.03636363636363636,300.0
0.2992424242424242,0.037171717171717175,300.0
0.2992424242424242,0.03797979797979798,300.0
0.2992424242424242,0.03878787878787879,300.0
0.2992424242424242,0.039595959595959594,300.0
0.2992424242424242,0.0404040404040404,300.0
0.2992424242424242,0.041212121212121214,300.0
0.2992424242424242,0.04202020202020202,300.0
0.2992424242424242,0.042828282828282827,300.0
0.2992424242424242,0.04363636363636364,300.0
0.2992424242424242,0.044444444444444446,300.0
0.2992424242424242,0.04525252525252525,300.0
0.2992424242424242,0.04606060606060606,300.0
0.2992424242424242,0.046868686868686865,300.0
0.2992424242424242,0.04767676767676768,300.0
0.2992424242424242,0.048484848484848485,300.0
0.2992424242424242,0.04929292929292929,300.0
0.2992424242424242,0.050101010101010104,300.0
0.2992424242424242,0.05090909090909091,300.0
0.2992424242424242,0.05171717171717172,300.0
0.2992424242424242,0.052525252525252523,300.0
0.2992424242424242,0.05333333333333333,300.0
0.2992424242424242,0.05414141414141414,300.0
0.2992424242424242,0.05494949494949495,300.0
0.2992424242424242,0.055757575757575756,300.0
0.2992424242424242,0.05656565656565657,300.0
0.2992424242424242,0.057373737373737375,300.0
0.2992424242424242,0.05818181818181818,300.0
0.2992424242424242,0.05898989898989899,300.0
0.2992424242424242,0.059797979797979794,300.0
0.2992424242424242,0.06060606060606061,300.0
0.2992424242424242,0.061414141414141414,300.0
0.2992424242424242,0.06222222222222222,300.0
0.2992424242424242,0.06303030303030302,300.0
0.2992424242424242,0.06383838383838383,300.0
0.2992424242424242,0.06464646464646465,300.0
0.2992424242424242,0.06545454545454546,300.0
0.2992424242424242,0.06626262626262627,300.0
0.2992424242424242,0.06707070707070706,300.0
0.2992424242424242,0.06787878787878787,300.0
0.2992424242424242,0.06868686868686869,300.0
0.2992424242424242,0.0694949494949495,300.0
0.2992424242424242,0.07030303030303031,300.0
0.2992424242424242,0.07111111111111111,300.0
0.2992424242424242,0.07191919191919191,300.0
0.2992424242424242,0.07272727272727272,300.0
0.2992424242424242,0.07353535353535354,300.0
0.2992424242424242,0.07434343434343435,300.0
0.2992424242424242,0.07515151515151516,300.0
0.2992424242424242,0.07595959595959595,300.0
0.2992424242424242,0.07676767676767676,300.0
0.2992424242424242,0.07757575757575758,300.0
0.2992424242424242,0.07838383838383839,300.0
0.2992424242424242,0.0791919191919192,300.0
0.2992424242424242,0.07979818813131313,300.00000000000074
0.2992424242424242,0.08000088465770044,300.00000000000074
0.2992424242424242,0.0800019359326174,300.00000000000074
0.2992424242424242,0.08000324619642925,300.00000000000074
0.2992424242424242,0.08000487925285339,300.00000000000074
0.2992424242424242,0.08000691462409718,300.00000000000074
0.2992424242424242,0.08000945142321741,300.00000000000074
0.2992424242424242,0.08001261318046245,300.00000000000074
0.2992424242424242,0.08001655385861739,300.00000000000074
0.2992424242424242,0.08002146535027135,300.00000000000074
0.2992424242424242,0.08002758682208874,300.00000000000074
0.2992424242424242,0.08003521636110686,300.00000000000074
0.2992424242424242,0.08004472549017998,300.00000000000074
0.2992424242424242,0.08005657725940413,300.00000000000074
0.2992424242424242,0.08007134879449027,300.00000000000074
0.2992424242424242,0.08008975940008634,300.00000000000074
0.2992424242424242,0.08011270558654815,300.00000000000074
0.2992424242424242,0.08014130472579933,300.00000000000074
0.2992424242424242,0.08017694946211615,300.00000000000074
0.2992424242424242,0.08022137552738813,300.00000000000074
0.2992424242424242,0.08027674626314021,300.00000000000074
0.2992424242424242,0.08034575796514344,300.00000000000074
0.2992424242424242,0.08043177118040407,300.00000000000074
0.2992424242424242,0.08053897435007991,300.00000000000074
0.2992424242424242,0.08067258776696852,300.00000000000074
0.2992424242424242,0.08083911777934251,300.00000000000074
0.2992424242424242,0.08104667361966954,300.00000000000074
0.2992424242424242,0.08130536228629326,300.00000000000074
0.2992424242424242,0.08162778070696558,300.00000000000074
0.2992424242424242,0.08202962915029163,300.00000000000074
0.2992424242424242,0.08237629432068608,300.00000000000074
