index,x,y
0,0.5607476635514018,0.19955456570155905
1,1.4018691588785046,0.4489977728285077
2,2.399198931909212,0.5879732739420935
3,2.8037383177570097,0.6503340757238306
