time_ns,front_position_marshak_cm,front_position_gold_loss_cm,front_position_gold_loss_lam_eff_cm,front_position_gold_loss_lam_eff_power_1_cm,front_position_gold_loss_lam_eff_power_2_cm
0.01,0.0,0.0,0.0,0.0,0.0
0.012992992992992993,9.85445133304208e-05,9.85445133304208e-05,8.172633320742144e-05,8.172633227220902e-05,8.172633320742135e-05
0.01598598598598599,0.00022897560799969312,0.00022687368237716407,0.000201637247511194,0.000199055109978998,0.00020116070817771388
0.01897897897897898,0.0003589270610589512,0.0003536041498722609,0.00032095336082651517,0.0003093961362852691,0.0003182845030868896
0.021971971971971975,0.0004658188145603647,0.000456770152627197,0.00041395205297703496,0.0003975592060079712,0.00041015303637727626
0.024964964964964968,0.0005761211218936375,0.0005649364823029118,0.0005178131896090125,0.0004935483949699652,0.0005121224998935047
0.02795795795795796,0.0006833527554853648,0.0006702179056002414,0.0006212000778954081,0.0005866796868457621,0.000612319562259736
0.030950950950950955,0.0007842853300968699,0.0007691784747448187,0.0007170447890404354,0.0006730783346720975,0.0007053840284501879
0.03394394394394395,0.0008883497521170245,0.0008715022904251024,0.0008163635086695957,0.0007621790761198796,0.0008014651856191821
0.03693693693693694,0.000995659609257793,0.0009776704641296047,0.0009207157334731371,0.0008545187203805718,0.0009015388425950171
0.039929929929929935,0.0010986271746972571,0.0010771609156664888,0.0010192641071559523,0.0009410321215955721,0.000995719835415279
0.04292292292292293,0.0011966967623091404,0.001169558367912057,0.0011104602894164812,0.0010207704394153755,0.0010828642143927026
0.04591591591591592,0.0012955997354566666,0.0012643638971036866,0.0012035154641000163,0.0011015748041064428,0.0011713929653554556
0.048908908908908914,0.0013975674177554613,0.0013632164023899187,0.0013009031526286898,0.001185568050555565,0.0012634530816861477
0.05190190190190191,0.0014976538073126894,0.001460302887197741,0.0013967512595829575,0.0012675159560313635,0.001353674647573504
0.0548948948948949,0.0015938741411310377,0.0015538194591940783,0.0014894698459904684,0.0013455409650998914,0.0014405273198166118
0.057887887887887894,0.0016894295449193543,0.001646091932577572,0.0015806527661191157,0.0014235499797823478,0.001526168943711258
0.06088088088088089,0.0017830555552837877,0.0017355440787439834,0.001667789716395127,0.0014985867093180655,0.0016081510048700598
0.06387387387387387,0.0018787530573590955,0.0018270792248975879,0.00175690208706751,0.001573186679497321,0.001691451461540128
0.06686686686686687,0.0019813269293741005,0.0019256061280234335,0.001853390488710697,0.0016539559103827604,0.0017813311041963464
0.06985985985985986,0.002081386074591441,0.0020215919099349712,0.001947314968321241,0.0017322738637482486,0.0018683997581233004
0.07285285285285285,0.0021814823028415333,0.0021187877869222635,0.0020416049143940117,0.0018101789804370076,0.001955192417537606
0.07584584584584585,0.0022829635275075097,0.0022163808540025596,0.002136656461222334,0.0018889348465925618,0.0020439266040835793
0.07883883883883884,0.0023863609431766675,0.002313430430546655,0.002231805806890324,0.0019695124712006073,0.0021333990442150507
0.08183183183183183,0.0024949716770708685,0.0024159986364346965,0.0023313488323070423,0.002054537686289209,0.0022255402598319787
0.08482482482482483,0.0026006586383098412,0.002516167601439648,0.002427712736469475,0.0021351554872713553,0.002314376366479604
0.08781781781781782,0.002706256243679847,0.0026165547406141894,0.0025235227288176254,0.002214623695947262,0.0024030985728232656
0.09081081081081081,0.0028169976916088595,0.0027226278276007453,0.0026245264334284323,0.0022985325536850976,0.0024964733720166704
0.0938038038038038,0.0029288119484731506,0.0028293599137751663,0.0027261578538029605,0.0023829653071410807,0.002591102298023884
0.0967967967967968,0.0030397491314196703,0.002934384787450144,0.0028256261894167643,0.0024661609120855323,0.002684764216829244
0.09978978978978979,0.0031435677678669136,0.003031841903601358,0.0029173610512547546,0.0025426799850425384,0.0027702572220116976
0.10278278278278279,0.003246618287448085,0.003128371974344643,0.0030077077141224345,0.0026185347879822303,0.00285408818160114
0.10577577577577578,0.0033579259781521633,0.0032342344758630633,0.00310526645801658,0.0027012715183601407,0.0029453864808979746
0.10876876876876877,0.0034723429990196355,0.003343285328539263,0.0032059865278263344,0.0027857436854891154,0.0030391444495180093
0.11176176176176177,0.003579786039973194,0.003443730178621945,0.0032995948622382533,0.002862718143339592,0.0031256914846540776
0.11475475475475476,0.003686491974925919,0.0035428069951277123,0.0033908714272629205,0.0029384143828348726,0.0032124683763767995
0.11774774774774775,0.003796687166471589,0.0036454330516703143,0.0034841964786217535,0.003016998302436666,0.003301676145410261
0.12074074074074075,0.0039113898635532995,0.0037526514708013927,0.0035809399466657965,0.0030992806783170725,0.0033924621006671406
0.12373373373373374,0.004030331099985893,0.0038655060164340146,0.003680953855425358,0.003186295348111767,0.0034863119119766905
0.12672672672672675,0.004153889155072806,0.003982474529311247,0.0037855233057515467,0.003276133365783037,0.0035839999097459995
0.12971971971971974,0.0042807373841922455,0.004100349514339954,0.0038924937321340013,0.0033655230427709717,0.0036841034285853224
0.13271271271271273,0.004412429910025071,0.00422263816137766,0.004002104818655424,0.003458181407973819,0.0037892578069410425
0.13570570570570573,0.004557487660056713,0.004358630152098052,0.004123360263986847,0.003562628294122852,0.0039060655702964756
0.13869869869869872,0.004707720746214878,0.004501533038048195,0.004248534947264948,0.0036706819174650404,0.004024815778089949
0.1416916916916917,0.004851144899604025,0.004636672925417126,0.004366860836246961,0.0037724343128520996,0.004135557585970696
0.1446846846846847,0.004993517945078698,0.004767767335504237,0.004483812655145795,0.0038720202979986647,0.004244651660842465
0.1476776776776777,0.005145899153709333,0.004908697672706369,0.004608885065228276,0.003978260768298115,0.0043637121820382
0.1506706706706707,0.005302530283691761,0.0050555506096371435,0.0047364778339097835,0.004087254097919448,0.004486160077288861
0.15366366366366369,0.005459803124820889,0.005202949045117332,0.004863616643445123,0.00419592010711739,0.004607095705349326
0.15665665665665668,0.0056069668389915495,0.005337824418815157,0.004981225798170579,0.004294188468292626,0.004716853714409098
0.15964964964964967,0.005751781551601476,0.005469555228954638,0.005096019825167757,0.004391929174171895,0.004823699853678577
0.16264264264264267,0.005908292579340732,0.005614362243235174,0.005220013710909739,0.004500072923905678,0.0049421249526203715
0.16563563563563566,0.006070527287603134,0.005765293066745903,0.005348146246869117,0.004609871628534325,0.005065569121759709
0.16862862862862865,0.006234368246504554,0.005916407831137944,0.005476838206089326,0.004719661118938491,0.005188637886361941
0.17162162162162165,0.0063979614512319274,0.006066509643697133,0.005606042084563034,0.004828439549798203,0.005309914726739996
0.17461461461461464,0.006560566086259394,0.0062164620900019025,0.005733559763933463,0.004937067195125086,0.005429284479032226
0.17760760760760763,0.006715593660749809,0.006358627420037659,0.005850981427287124,0.005038232429493602,0.0055417840180744605
0.18060060060060062,0.0068677019696005,0.006496186029183955,0.005964625234868001,0.005134711500419562,0.005651285999601692
0.18359359359359362,0.0070263108925306475,0.0066398255148051935,0.006084186738700364,0.005236668973840714,0.00576540191318032
0.1865865865865866,0.007188346094207918,0.006787831273483294,0.006208369242934004,0.005341392687323135,0.00588171286658527
0.1895795795795796,0.007351440666591512,0.006937210514238331,0.006332896424711015,0.005446425297889721,0.0059982014973225875
0.1925725725725726,0.007514374229342166,0.00708531145863612,0.006454266145916483,0.005552531087302429,0.0061146160224876175
0.1955655655655656,0.00766572181364275,0.00722061675005665,0.006563190306843351,0.005647041053690706,0.006219698362917375
0.19855855855855858,0.007812570426672202,0.007351546659070521,0.0066673862364319166,0.005734606656060412,0.006319334457578327
0.20155155155155158,0.007970746973419044,0.007494482937056905,0.006784313460570535,0.005832435277225631,0.0064290628834961705
0.20454454454454457,0.008135789651637722,0.007643802038394098,0.00690738329011574,0.005936411544198557,0.006544553140506772
0.20753753753753756,0.008303979502719263,0.0077956688699385044,0.007030394180208069,0.006042479279428445,0.006662060455965941
0.21053053053053056,0.008461785546002245,0.00793678232853977,0.007141842522504459,0.006139677716786299,0.006770580378277383
0.21352352352352355,0.00861555372116499,0.008073775371044941,0.0072487721453674825,0.006232426976915549,0.0068745456446586565
0.21651651651651654,0.00878143199740144,0.008222694964858626,0.007369088681274345,0.006333955821492199,0.006987278774760908
0.21950950950950954,0.008954814297452129,0.008378683279596037,0.007496129392256252,0.006441454275690058,0.007106006019418089
0.22250250250250253,0.009131824874198667,0.008538403655462991,0.007623473428333663,0.006551232071405056,0.0072271967326774855
0.22549549549549552,0.009310228880206082,0.008699792506830888,0.007750624840300501,0.006661430455943389,0.007350616500444617
0.22848848848848852,0.009488813377281765,0.00886074867497426,0.007877172014832238,0.006771776619308692,0.007473583502254188
0.2314814814814815,0.009653205741046793,0.009005903281334184,0.007989969769004485,0.00686793998974531,0.0075798126848174085
0.2344744744744745,0.009811274943185823,0.009144827498868403,0.008096533245985171,0.006956913522114745,0.0076788895296119155
0.2374674674674675,0.009982614041359316,0.009297541978097684,0.008215195690835564,0.0070582124316572875,0.007790683208884567
0.2404604604604605,0.010162682988273969,0.009458016811987753,0.008341304186327714,0.007167239595781961,0.00791205264864623
0.24345345345345348,0.010347377242456312,0.009622486888565925,0.008471164787095526,0.007280731465148618,0.008037289539981706
0.24644644644644648,0.010534199657190924,0.009790202088995796,0.008602629861092082,0.007395345296736183,0.008161771121075677
0.24943943943943947,0.010721714360818894,0.009958604968981074,0.00873351882982534,0.007508065085672085,0.008285249787712928
0.25243243243243246,0.010889495361717743,0.010104287848571857,0.00884340234384281,0.007600109004326934,0.008388393489928815
0.25542542542542546,0.011048240380917342,0.010239336625286036,0.008943657276066027,0.0076829562521999895,0.008484131235945495
0.25841841841841845,0.011225692886090924,0.010395377405701811,0.009063072422582587,0.007784173766457253,0.008598503571166139
0.26141141141141144,0.011415968922411953,0.010565002536502957,0.009194908895008019,0.007899391199115828,0.008722973314851739
0.26440440440440444,0.01161352046415448,0.010739822199379445,0.009331668276191831,0.00802032568711574,0.008852604978349585
0.26739739739739743,0.011814849605868039,0.010918349993876527,0.009469924177860361,0.00814065973659851,0.008984120621656162
0.2703903903903904,0.012017874510905404,0.011098776640957075,0.009608020041379598,0.008260081698461848,0.009117690502923133
0.2733833833833834,0.012221373990123578,0.011278785166662789,0.00974736778064812,0.008378344237477695,0.009250858537082992
0.2763763763763764,0.012424635615659225,0.011457552953338557,0.00988568935285454,0.00849737164039525,0.009380685670865392
0.2793693693693694,0.01260981220343967,0.011618899024128052,0.010002856547930478,0.00859864091816731,0.00949132505602832
0.2823623623623624,0.012785821517378053,0.011770212937605605,0.010109974558656138,0.008688706593697663,0.009592545621155597
0.2853553553553554,0.0129770873698133,0.011934634913728358,0.010232840265241946,0.008793273579905385,0.00971112478772932
0.2883483483483484,0.013179122473630973,0.012110695935535763,0.01036659941160784,0.008907992112494318,0.009840234653045449
0.2913413413413414,0.013387509931473845,0.01229365619773626,0.010505064097093687,0.009028369854544197,0.009971904284188118
0.29433433433433437,0.0135993599858346,0.012478986867301306,0.010644939817323588,0.00915131473071507,0.010104818484556142
0.29732732732732736,0.013812872846614739,0.01266505048865522,0.010784697443047457,0.009273926736745855,0.010238737289641845
0.30032032032032036,0.01402693974120428,0.012853585702865036,0.010925886081444331,0.00939495950207377,0.010372775093929863
0.30331331331331335,0.014240880392078914,0.01304190170597574,0.011066248371506037,0.00951430258433061,0.010505161668653824
0.30630630630630634,0.014454279021612039,0.013226496276936431,0.0112027161915755,0.0096333353552276,0.010635530383701984
0.30929929929929934,0.014666883343076887,0.01341154295220985,0.011336921077932851,0.009751631304186985,0.010764039259900162
0.31229229229229233,0.014878542527262634,0.013595685233194585,0.011471150701051114,0.009867501263812384,0.0108930846432873
0.3152852852852853,0.015076219235874204,0.01376240568635528,0.01159155611733929,0.009968706622189837,0.011008364476468902
0.3182782782782783,0.015265723905145814,0.013921197265535831,0.011701978755553564,0.010061590596725963,0.011113139990610553
0.3212712712712713,0.015464809579918973,0.014090216367309541,0.011821333048444935,0.01016409009340289,0.011226768293821009
0.3242642642642643,0.01567099217239885,0.01426498241793806,0.011947313918312115,0.010276110309822567,0.011347082243597793
0.3272572572572573,0.0158816075352687,0.01444425259839017,0.012079087333158938,0.010392257348610767,0.01147324577068439
0.3302502502502503,0.016094806356407303,0.014626702243402439,0.012213011563137597,0.010507201164859249,0.01160156561074594
0.3332432432432433,0.016309354561749482,0.014810274997160285,0.012345160161448175,0.01062151851418161,0.011728053174865966
0.3362362362362363,0.016524434234373643,0.014993560711842782,0.012476223044491164,0.010735125285191039,0.0118534297448357
0.33922922922922927,0.016739504669732615,0.015178493155558744,0.012607363624062194,0.01085007500501354,0.011977755064299074
0.34222222222222226,0.016954209327599765,0.015363157903576544,0.012738131602259162,0.010964687585966845,0.012103730586679101
0.34521521521521525,0.017168314125223082,0.015544584196393407,0.012866949026701043,0.011076098668996273,0.01222912026534675
0.34820820820820825,0.017381666614094713,0.015726185698288833,0.012993897945509439,0.011185625763339369,0.012350495481278234
0.35120120120120124,0.01758450251881785,0.015896790730658736,0.01310959833901653,0.011284338172523077,0.012460305396658744
0.35419419419419423,0.017780550161328238,0.016057998600392972,0.013220079279562398,0.011377707303518858,0.012563953320232892
0.3571871871871872,0.01798271418428226,0.01622579616907094,0.013337192723605881,0.01147814944483877,0.012674527990694073
0.3601801801801802,0.018189584487189527,0.01639901827299877,0.01345709412122602,0.011582418020084077,0.012789372725447858
0.3631731731731732,0.01839952110971965,0.01657471568554544,0.01357895806915036,0.011688769135584186,0.012906372634396743
0.3661661661661662,0.018611329562492007,0.01675167600278044,0.013701758751124272,0.011795957737407454,0.013024252575098632
0.3691591591591592,0.018824168534019005,0.01693140305656073,0.013826772865016664,0.011903217699481125,0.013142240841296336
0.3721521521521522,0.019037448191837468,0.017111870563230814,0.013952170448689188,0.01201217567494546,0.013262505682566945
0.3751451451451452,0.019250755743558924,0.017290034044060234,0.014075135292849202,0.012121254896149907,0.013382805123663731
0.3781381381381382,0.019463802839424903,0.017468699958201498,0.014196598560744355,0.0122277201843601,0.01349974170083098
0.3811311311311312,0.01967638866227603,0.017647129492734254,0.014316804780654337,0.01233257248645026,0.013614954282427729
0.38412412412412417,0.01988038635342764,0.017814723720551325,0.014430272978938286,0.012428370968997359,0.013720998866130943
0.38711711711711716,0.02007848201377928,0.01797587945371427,0.014538241692146127,0.012518163173110703,0.013823387791417906
0.39011011011011015,0.020281088557576977,0.018142129969662343,0.014648478911386018,0.012615113202707466,0.013930973762027161
0.39310310310310315,0.020487268332228536,0.0183117512831114,0.014761523709154565,0.012716477091081476,0.014039808421796453
0.39609609609609614,0.020695857132821214,0.018483311864515864,0.014876385463975215,0.012817618071217705,0.014150045783984794
0.39908908908908913,0.020905976539354575,0.018657833381706818,0.014994179260721085,0.01291901237852868,0.01426107704041819
0.4020820820820821,0.021116983526659545,0.01883363563686644,0.01511301083035013,0.01302042401107254,0.014374098374424991
0.4050750750750751,0.021316046116559323,0.0189948278959488,0.015217704723643434,0.013109580132616597,0.014475533790202317
0.4080680680680681,0.021506927469254377,0.01914707897795214,0.015313329921579988,0.01319157640117116,0.014567226801809783
0.4110610610610611,0.021705460120427268,0.019307682535950044,0.015416384521787079,0.013282198714246086,0.014666042615231354
0.4140540540540541,0.021910238082739068,0.019474431461801098,0.015526686906281987,0.013378727150018976,0.014770825491601873
0.4170470470470471,0.02211949673257502,0.019645306484721112,0.01564177831481735,0.013478782709477168,0.014879487289690416
0.4200400400400401,0.022331876435008346,0.01982063154276305,0.015758624099016696,0.01358074906389964,0.01499274355542191
0.4230330330330331,0.02253144098604205,0.01998250009510323,0.01586142414289973,0.013669069787919381,0.015093248193589039
0.4260260260260261,0.022722317504609,0.020133153201211534,0.015954736006279002,0.013750388158586285,0.015182592599916299
0.42901901901901907,0.02292329815784655,0.020293591665157384,0.01605787474914878,0.013842407256337293,0.015281223346093458
0.43201201201201206,0.023132553606158984,0.02046468153753631,0.016171171364961545,0.013940676473162468,0.015387656656570478
0.43500500500500505,0.023347852660147425,0.02064252905564216,0.01629046125069394,0.014043431002748423,0.015499775156639972
0.43799799799799805,0.023567462991944507,0.020822512209129476,0.016411070972170632,0.014148854492729951,0.015616028401967134
0.44099099099099104,0.023790078732617896,0.021006335761232883,0.016532803215607312,0.01425565212280477,0.015734245974000683
0.44398398398398403,0.024005999414547962,0.02118304801856982,0.016646393073430646,0.014356623819207145,0.01584415127013979
0.446976976976977,0.024217266078023318,0.021352785803969234,0.016756477678942394,0.014452845820317148,0.015948079844110574
0.44996996996997,0.024434593093796336,0.02152888452027621,0.016872753245865322,0.014552727999420477,0.016057187666035196
0.452962962962963,0.0246567858172151,0.021710404551769036,0.016991447701707588,0.014656242419521837,0.016172825331517305
0.455955955955956,0.024882462619409514,0.02189477083703842,0.01711216167740379,0.014762040634760264,0.016291826719952662
0.458948948948949,0.02511055410481919,0.022080793920461212,0.017234039787694288,0.014869029655785765,0.01641011330145635
0.461941941941942,0.02534025222012254,0.022270238533731147,0.017358588190434256,0.014979067651126778,0.01652822351815779
0.464934934934935,0.025570948384593284,0.02246094516629311,0.017483965878184266,0.015089940092534376,0.016646014663701657
0.467927927927928,0.02580218486456337,0.022649560357208144,0.017607172807675403,0.01519814524621868,0.01676567394667498
0.47092092092092097,0.02602470957573462,0.022829953107019713,0.017720233150363734,0.015296236560872043,0.01687671924224785
0.47391391391391396,0.026240907152460996,0.02300356216852178,0.01782615302911378,0.01538736606656139,0.01697894533933476
0.47690690690690696,0.02646195636259251,0.023179915030516734,0.017938874239228107,0.015484211820881869,0.01708516710453879
0.47989989989989995,0.026687021886935895,0.023361351046838345,0.018056231127222808,0.01558602746271399,0.01719498733062233
0.48289289289289294,0.026915002158125628,0.02354615023974595,0.018174170828424277,0.015690066872291946,0.017308865728892925
0.48588588588588594,0.027145027979580752,0.02373142915638643,0.018292860686899476,0.01579500382815486,0.01742499306213167
0.48887887887887893,0.027376431236205475,0.023918521966612157,0.018411900016252244,0.01590015840582467,0.017540575906923084
0.4918718718718719,0.027608699874884724,0.024106755784350488,0.018533122364389042,0.01600513870433886,0.017655706296046184
0.4948648648648649,0.027841441884671896,0.024294308718429348,0.01865492449157672,0.016111508336626137,0.017770267119823324
0.4978578578578579,0.028074357415023093,0.0244820057535802,0.018774446613741017,0.0162182714935838,0.017885558922100385
0.5008508508508509,0.028307217330355884,0.02466989183797255,0.01889264831155893,0.016323128222614152,0.018001051074069827
0.5038438438438438,0.02853759027867453,0.024854441344802518,0.019007500826505992,0.016424403848349475,0.018112733451217056
0.5068368368368369,0.028765951077174563,0.025035973560664726,0.01912202423362434,0.01652296114777771,0.018221455246451936
0.5098298298298298,0.02899503597376705,0.025220094496852058,0.019237775269566767,0.016621828859296278,0.018330260101835194
0.5128228228228229,0.02922462670920448,0.025405161328674073,0.01935188780172002,0.016723281236070833,0.018439524622659197
0.5158158158158159,0.029454447248949998,0.02558802564023489,0.019465257632852243,0.01682564924021919,0.018549652916882986
0.5188088088088089,0.029684278545385568,0.025772072540439558,0.01957798637862929,0.01692589167143851,0.018659871235851996
0.5218018018018018,0.029913950552683484,0.025956242010311,0.019692050488862266,0.017025004442108083,0.01876918512381363
0.5247947947947948,0.03012946077042492,0.02612299281034626,0.019792439993820417,0.017109586310743146,0.018863678500674087
0.5277877877877879,0.03033427248374816,0.02627872838080333,0.019880553914010824,0.01718359642035758,0.01894722087457637
0.5307807807807808,0.030545613265439968,0.026441700815005176,0.019975079703265307,0.017266614349048488,0.019039032514484164
0.5337737737737738,0.030762679171232925,0.026609495173644127,0.020075509762231433,0.017356959991586093,0.01913785489387356
0.5367667667667668,0.030984189202899862,0.026781394756861303,0.020180217306935387,0.017450533163941746,0.019240255790191573
0.5397597597597599,0.031192359968341965,0.02694063794572724,0.020273412483391425,0.017530093803578478,0.019328533458896954
0.5427527527527528,0.03139068081717412,0.0270894840136772,0.020357374921669908,0.017599490304335195,0.01940646894845127
0.5457457457457457,0.03159936531314081,0.027247246562129818,0.0204501760199575,0.017679434896788523,0.01949484182611713
0.5487387387387388,0.03181699746572367,0.027414898387241166,0.020551516028630173,0.017768508157970778,0.0195922317548236
0.5517317317317318,0.03204166334482797,0.027590473128373646,0.02065915284196197,0.01786574911156185,0.01969855777873125
0.5547247247247248,0.032271785737328085,0.027771107534714692,0.020771161065865407,0.01796812853901703,0.019810161993440725
0.5577177177177177,0.0325060971788872,0.02795539086179383,0.020888444948668258,0.018071912877623074,0.01992252598667801
0.5607107107107108,0.03274358420617287,0.02814462700012531,0.021008498593046935,0.018176630689078935,0.02003591089017509
0.5637037037037038,0.0329736923745717,0.0283260898449527,0.021117990156309698,0.0182722031861145,0.020140236734214036
0.5666966966966968,0.033198253439933795,0.028499007464388437,0.021220241020587647,0.018360969916586267,0.020239616361759322
0.5696896896896897,0.033428890478162256,0.028679204504547143,0.02132768481551718,0.018457009734549536,0.020345314928196977
0.5726826826826827,0.03366469249041248,0.028865153779138498,0.02144148191108058,0.018558644580974632,0.020454401122124974
0.5756756756756758,0.03390448946398989,0.029053440488578483,0.021559339220019624,0.018662059120740197,0.02056611182960867
0.5786686686686687,0.03414732402187389,0.02924545930287217,0.0216779458402855,0.01876676766141458,0.020679505659429692
0.5816616616616617,0.034392429068948696,0.029440008100698065,0.021797178249255714,0.018872161316683393,0.020794062283431388
0.5846546546546547,0.034639191674946175,0.029634723502290437,0.021916651470316,0.018977784297811027,0.020910203547040464
0.5876476476476478,0.0348871227364178,0.029831059213152288,0.022037898351349464,0.01908578168452993,0.02102718452636439
0.5906406406406407,0.03513583231425723,0.03002831738184456,0.02215982401106229,0.01919450989059087,0.021143532910444195
0.5936336336336336,0.03538008161762861,0.030219251109251992,0.022275116841580914,0.019295997635716967,0.021254091256550017
0.5966266266266267,0.035620798008025034,0.030406628249961522,0.022385574172264455,0.019392593923785957,0.021360103397075166
0.5996196196196197,0.035863863753986924,0.03059664296348275,0.022497609578944568,0.01949084394312586,0.021470398918489262
0.6026126126126127,0.03610889952678784,0.030787489135474026,0.022612747082261207,0.019590651064860246,0.021583215638478235
0.6056056056056056,0.03635538945381334,0.03098004266633064,0.02272972828515473,0.019694292811898276,0.021694926662880858
0.6085985985985987,0.03660290937809342,0.03117389130950641,0.022846097430251414,0.019799481837636985,0.021806360598733372
0.6115915915915917,0.03685111750596268,0.031367513649573506,0.022962020663617567,0.019902430126391042,0.021917516532574413
0.6145845845845846,0.037099738848729136,0.0315615732246148,0.023077418830356206,0.02000442477855419,0.022030297196526084
0.6175775775775776,0.03734855230382647,0.03175602520459907,0.023193703145273734,0.020105721218429688,0.022143616414444064
0.6205705705705706,0.03759738021137726,0.03194972085536646,0.02331032704340564,0.020207651943983454,0.0222550115743656
0.6235635635635637,0.03784109817174301,0.03213772330090675,0.023420478340273613,0.02030508116421886,0.022360214136711375
0.6265565565565566,0.03808069638289278,0.03232138490480369,0.02352561990025483,0.020397670612582804,0.022460622459429296
0.6295495495495496,0.03832216396750713,0.03250647939179307,0.0236321715095809,0.0204916927458838,0.02256351908313632
0.6325425425425426,0.03856524274550492,0.03269253948201195,0.02374042785042785,0.020587077067879673,0.022668907750286443
0.6355355355355357,0.038809520810382865,0.032881648218676035,0.023850581369481722,0.020683330040738107,0.02277520527585849
0.6385285285285286,0.0390546540224123,0.03307209738580758,0.023961728702737786,0.020780917743391948,0.022881672866975584
0.6415215215215215,0.039300361244405856,0.033260815371749214,0.02407270800972919,0.02087972949237525,0.022988002451232167
0.6445145145145146,0.039546413161734684,0.03345112138166685,0.024183237495910122,0.02097847899568072,0.023094024332238727
0.6475075075075076,0.03979262283534415,0.03364188296945497,0.024293208427494484,0.02107659449028842,0.023201591455740637
0.6505005005005006,0.04003126116229583,0.033822181532680226,0.024397114822460073,0.02116647272213407,0.02330210349740076
0.6534934934934935,0.04026379310149169,0.03399673272045396,0.02449549226611534,0.021249890169450125,0.0233949327730018
0.6564864864864866,0.04049929187999071,0.03417475967563021,0.024595307553810196,0.02133638664675891,0.023490289862454
0.6594794794794796,0.040737439865756085,0.034353856626582246,0.024697305889181915,0.021428245232490893,0.023588162384993817
0.6624724724724725,0.04097768036874334,0.0345357988981972,0.024800974597970496,0.021523192434124275,0.023687869596479276
0.6654654654654655,0.0412195413046963,0.034719818156676595,0.024905787721763162,0.021617603174483434,0.023790876808974095
0.6684584584584585,0.041462631572999405,0.034903956500200554,0.025013853461316373,0.021712145059204595,0.023895673760977874
0.6714514514514516,0.041706627724074165,0.03508913958426976,0.025123338298299547,0.0218067533202296,0.023999483606772946
0.6744444444444445,0.04193310008720174,0.03525543698226064,0.025212722536117758,0.021883309011311268,0.0240846858693371
0.6774374374374375,0.042145541424234115,0.035405605023662856,0.02528721860812806,0.021947483277731033,0.024155454086702506
0.6804304304304305,0.04236567152556267,0.03556339196075311,0.025369825059873088,0.022021192895780934,0.024234542434755424
0.6834234234234235,0.04259284419435406,0.0357302188836507,0.02546014274313759,0.02210211044988683,0.02432264302499553
0.6864164164164165,0.04282582432787992,0.03590390780547063,0.025558441714494767,0.02218872119267063,0.024417654888935533
0.6894094094094094,0.04306354709495664,0.03608123926773474,0.025662109435543833,0.022279425204966844,0.024516641782658555
0.6924024024024025,0.04330511791891799,0.03626281465066983,0.025767545682514038,0.02237296845483241,0.024618414332284556
0.6953953953953955,0.0435497878786597,0.0364479984969944,0.02587468906457482,0.022468421770550993,0.02472206840059568
0.6983883883883885,0.043780924232147335,0.03661762824711576,0.025966965180470578,0.02255082342573875,0.02481096138640666
0.7013813813813814,0.04400126887548417,0.03677446188423936,0.02604761838095421,0.022622852392831468,0.024889062753291422
0.7043743743743744,0.044229678203091836,0.036941438984984136,0.026138475742833088,0.02270232257945748,0.024976222600627932
0.7073673673673675,0.04446536136457846,0.037116834846069605,0.02623774410165937,0.02278892423643405,0.025070894386391547
0.7103603603603604,0.044707046940830206,0.03729682022509144,0.026341217374809087,0.022880832551646534,0.02517092320843576
0.7133533533533534,0.04495364150999297,0.037482605628700726,0.02644829600229819,0.02297648391677327,0.02527473217886877
0.7163463463463464,0.045204225468360774,0.03767286824554807,0.02655801101413904,0.023074695811914056,0.025381157399271232
0.7193393393393395,0.04545802796091938,0.03786516384580927,0.026669552738030858,0.02317659143118615,0.025489340865674264
0.7223323323323324,0.045714404093755746,0.03806037388998152,0.02678489972235128,0.0232806144098149,0.02560137732572817
0.7253253253253253,0.04597281514930092,0.03825784171906648,0.026902055156618934,0.023383910741690366,0.025715167242331926
0.7283183183183184,0.04622741482792481,0.03844989506701412,0.027012154597456182,0.02348146613567736,0.02582171904188737
0.7313113113113114,0.046478894249104764,0.03863851935710963,0.02711738690492828,0.023574459065193187,0.025923329197956924
0.7343043043043044,0.046733419825481334,0.03883049316276997,0.027224623369335583,0.02366957133386953,0.026026898713814813
0.7372972972972973,0.046990593346896224,0.039024283042258176,0.027335788656146106,0.023768766903094204,0.02613414977661457
0.7402902902902904,0.04724988315009619,0.03922026810313053,0.02744932018566608,0.02387040025002308,0.02624375255141343
0.7432832832832834,0.04751083683646983,0.03941815779711386,0.027562328636334354,0.02397144395768281,0.02635307969411204
0.7462762762762764,0.04777307548259005,0.03961661545956375,0.02767523402738409,0.024072295017774203,0.026462320258193808
0.7492692692692693,0.04803628211294108,0.03981605042997711,0.027787952770397313,0.024172894227080306,0.02657135324313203
0.7522622622622623,0.04830019171599184,0.04001633027719727,0.02790191835961868,0.024273155139804208,0.026680505457010374
0.7552552552552554,0.04856458282111883,0.040216255644744306,0.028016548137606543,0.02437540594452595,0.026790370423841428
0.7582482482482483,0.048829270418784196,0.04041657655963064,0.028129959173319997,0.02447833880926922,0.02690032080733576
0.7612412412412413,0.04909410002233904,0.0406171481947757,0.028242381787477268,0.024579075866332307,0.027009422381785594
0.7642342342342343,0.04935894269482829,0.04081671569557058,0.028353876092775905,0.02467859386176197,0.027117569377276496
0.7672272272272274,0.04961550729480743,0.04100740352063443,0.02845714060858305,0.02476901521521225,0.02721657276736541
0.7702202202202203,0.04986520580317188,0.04119058981670497,0.028554030790304302,0.024852200098555047,0.027310227298892292
0.7732132132132132,0.050117693035351754,0.0413756946733277,0.028653710551090013,0.02494057974363796,0.027407760980418566
0.7762062062062063,0.050372742372301174,0.041563501983472945,0.02875581244850822,0.02503298388469075,0.027506734232354023
0.7791991991991993,0.050629876897577926,0.041753836961877844,0.028859662874110327,0.025126075410977906,0.027607238715128622
0.7821921921921923,0.05088868277264259,0.04194549067605039,0.028964718817456887,0.025220082273440806,0.027708857684515715
0.7851851851851852,0.051148809171462084,0.042137861094093364,0.029072070610869583,0.025314724053232717,0.027811208982009897
0.7881781781781783,0.05140995913193316,0.042331602431757306,0.029180922327232368,0.02540972578774768,0.027916129469624237
0.7911711711711713,0.05167188141736146,0.04252637385009652,0.029289271222470922,0.025506287522921813,0.02802233207878321
0.7941641641641642,0.0519343635617287,0.042720939915978286,0.02939720154373267,0.025603914240213244,0.02812712979803867
0.7971571571571572,0.05218331645417702,0.042902244201850535,0.029490598167762477,0.025686972832487904,0.02821721969975787
0.8001501501501502,0.052421044664065816,0.0430714240810736,0.0295722395276133,0.025758333018063573,0.0282955205568341
0.8031431431431433,0.05266387050012895,0.043243829506910844,0.029661287485582697,0.025835214078971717,0.02837931964448898
0.8061361361361362,0.05291145212953854,0.043422507674816535,0.029756661654039736,0.025917536794970785,0.028470240314137068
0.8091291291291292,0.05316302573971342,0.04360591833497869,0.029854995799078472,0.026004035409435154,0.028566343050385266
0.8121221221221222,0.05341792087951999,0.04379117544660021,0.029955995062586362,0.026095192818304976,0.028664565552995867
0.8151151151151153,0.05367556296346087,0.04398002383314313,0.030058999060682247,0.026189611749106223,0.028764621192435988
0.8181081081081082,0.05393546062993458,0.04417155620586386,0.03016343850472605,0.026284762115834602,0.02886598716333042
0.8211011011011011,0.054191557194166955,0.044357429851333834,0.030265121704105405,0.026374847155420527,0.028962567539145237
0.8240940940940942,0.05444447020735841,0.04454004210992168,0.03036391181360862,0.026460728305951624,0.029056778306492524
0.8270870870870872,0.05470054424127505,0.04472628283627516,0.03046424752895423,0.02654915844862039,0.02915473807739309
0.8300800800800802,0.05495942982511229,0.04491450495452837,0.030566558415680872,0.026639948577139746,0.02925431649457106
0.8330730730730731,0.05522064041747393,0.04510520085500266,0.030670386422765487,0.02673506914548175,0.029355282025460675
0.8360660660660661,0.055483753279126434,0.04529817620803801,0.030775285426434713,0.026832531312099273,0.0294572014058939
0.8390590590590592,0.05574557418842019,0.045489081404142276,0.030880379276484734,0.026926023610484028,0.02955687369987423
0.8420520520520521,0.05600627228768062,0.04567830453128523,0.03098468719982166,0.027016983573348325,0.029656326103755185
0.8450450450450451,0.05626891472496235,0.04586982859844323,0.03108874946464141,0.027108965410200105,0.029758169057083842
0.8480380380380381,0.05653323403496915,0.046062949807000646,0.031193386973347628,0.027201910472083594,0.02986019964885701
0.8510310310310312,0.056798908725786676,0.04625673028572925,0.03129847207158369,0.02729757508972682,0.02996253666392262
0.8540240240240241,0.05706566044465414,0.046453350785702736,0.03140472968615764,0.02739475689162451,0.030065002152299795
0.857017017017017,0.057333250738288426,0.04665127099245955,0.03151211600993859,0.02749082716348558,0.03016743860889855
0.8600100100100101,0.057595775836597245,0.04684119454256271,0.03161365326792491,0.02758064400311553,0.03026614285621512
0.8630030030030031,0.057853994280532076,0.04702759393183093,0.03171000016348392,0.02766537126255877,0.030361044225630643
0.8659959959959961,0.05811443546557819,0.04721670235357786,0.031808092893491305,0.02775203677094571,0.03045658124674
0.868988988988989,0.058376898809178894,0.0474057384419239,0.03190788810100693,0.027841587231903796,0.030553522450108395
0.8719819819819821,0.05864102973396601,0.04759777665719624,0.03201043352734559,0.027933637606118247,0.030651581217255922
0.8749749749749751,0.05890651714672208,0.04779159142671653,0.03211490841275756,0.02802664130277199,0.030750427764160385
0.877967967967968,0.05916734290656491,0.04797808962763556,0.03221347767862826,0.02811421734923177,0.030846035175120957
0.880960960960961,0.05942419833404905,0.04816116587322331,0.03230722335500859,0.028197178848288543,0.03093829087916623
0.883953953953954,0.059683605294110806,0.04834731302235797,0.03240311680202537,0.028282437416675472,0.03103171824578053
0.8869469469469471,0.059945327197692126,0.048534100700716724,0.0325010586307234,0.02836989440625154,0.031126924578108808
0.88993993993994,0.06020897889890316,0.0487238576453923,0.03260213649726344,0.028460818765841396,0.031223540356073328
0.892932932932933,0.06047422178318444,0.04891565071419824,0.032705385539735475,0.028554003310952373,0.03132117680632417
0.895925925925926,0.0607407630081332,0.049107227727641735,0.0328086437213356,0.028646945084915477,0.031421184578007404
0.8989189189189191,0.061002552862803684,0.049294207507371436,0.03290610844178845,0.028734077573498953,0.031516861567684296
0.901911911911912,0.06126027940827776,0.04947687091204999,0.0329987037780445,0.028816393411193724,0.031607123978703223
0.9049049049049049,0.06152050853486048,0.0496608182841188,0.03309345688949295,0.02890091696645888,0.03169932940952387
0.907897897897898,0.06178301863814623,0.04984768778828978,0.03319193472981742,0.028987592843149133,0.0317934643875427
0.910890890890891,0.06204743873409758,0.05003695019222738,0.03329303679720302,0.029078325413805655,0.03188907101191685
0.913883883883884,0.062313441517473714,0.050226938708540746,0.0333944395726865,0.029171372429842867,0.031986866417321416
0.9168768768768769,0.06257194898292859,0.050408673077331684,0.03348730902698216,0.029254730945718593,0.03207757312730936
0.91986986986987,0.0628240685101033,0.05058346412150565,0.03357305597862395,0.029330775598737018,0.03216121959686624
0.922862862862863,0.06307981287760141,0.05076157918310018,0.033662341204573634,0.02941031144940703,0.0322482823388971
0.925855855855856,0.06333891740068644,0.05094274611414563,0.033756224466107876,0.029493309903164653,0.03233863679495332
0.9288488488488489,0.06360088338011961,0.05112867810834132,0.0338538030644109,0.029579007115308347,0.0324315607723403
0.9318418418418419,0.06386526795319881,0.051317775019555804,0.033953102136507894,0.029669213118533173,0.03252642536383635
0.934834834834835,0.06413168501435432,0.05150711056425475,0.03405361332555484,0.029762051208282563,0.032624951445105375
0.9378278278278279,0.06438789307294629,0.05168611195975736,0.03414286410342429,0.029842278292158825,0.03271361177062701
0.9408208208208209,0.06463540980721125,0.05185563437727047,0.03422270418597577,0.029912826365192737,0.032791625566233364
0.9438138138138139,0.06488780249246759,0.052028682473101925,0.034307547280711545,0.029988267576105915,0.032874217891957574
0.946806806806807,0.0651447523596427,0.05220733360108372,0.034399584224109096,0.03006856159523107,0.032961432010891675
0.9497997997997999,0.0654056212118708,0.05239063567208017,0.03449655902003877,0.03015267443707981,0.03305234551179565
0.9527927927927928,0.06566983946558146,0.052576471486539426,0.0345948828220108,0.030241893581631242,0.03314669996123015
0.9557857857857859,0.06592785282222438,0.052755341597901025,0.034685725168400676,0.03032536408652514,0.033235147366920834
0.9587787787787789,0.06618059671703506,0.05292846033043719,0.034770368019693694,0.030401571184031626,0.033318077682249474
0.9617717717717719,0.0664381976975565,0.0531063389479196,0.034859574691831416,0.030481975658439745,0.03340549827133562
0.9647647647647648,0.06670025221810062,0.05328844530704126,0.03495474337255634,0.030566469144811516,0.03349702119111703
0.9677577577577579,0.06696613507694324,0.05347625289369459,0.03505433319920584,0.030654152227220823,0.033591735647572736
0.9707507507507509,0.06723529039458798,0.053668081908091914,0.03515563137752078,0.030744229111923312,0.03368886687459992
0.9737437437437438,0.06750723132769416,0.05386096084060418,0.03525846151976391,0.03083834535501277,0.033789772882952186
0.9767367367367368,0.06776929253619936,0.05404376033628242,0.03535000979307313,0.030922672639301436,0.03388076439668218
0.9797297297297298,0.0680229383631766,0.054217283135573544,0.03543212832105295,0.030996371543235774,0.0339613439677769
0.9827227227227229,0.06828202938488527,0.05439488446187289,0.03552088548712098,0.03107497184363542,0.03404683852603678
0.9857157157157158,0.06854619084054085,0.054578693462013765,0.03561576835745675,0.03115851680598025,0.03413720722625135
0.9887087087087088,0.06881472938759992,0.054767584126565586,0.035714242855934934,0.03124595668213877,0.034231455566668276
0.9917017017017018,0.06908702540410634,0.054959228000802406,0.0358155386740692,0.03133634531845789,0.034329378132955675
0.9946946946946948,0.06936253501162314,0.05515465762471062,0.03591893629570541,0.031431292135614,0.034430638086826525
0.9976876876876878,0.0696407816456865,0.05535321703055962,0.03602386785378473,0.03152901576707345,0.0345338554993719
1.0006806806806807,0.06991517106020084,0.05554625895021112,0.036125022046420055,0.03162010146812878,0.034631762648064564
1.0036736736736738,0.07018625134186655,0.05573571526499898,0.036222826447549664,0.03170622993657149,0.034725019262009285
1.0066666666666668,0.0704608515191065,0.05592913551145792,0.03632298416876361,0.03179489512699863,0.03482092728658467
1.0096596596596596,0.07073864859873973,0.05612498960510842,0.03642542823128697,0.03188601853954534,0.03492003369366048
1.0126526526526527,0.07101917799905035,0.05632394212199409,0.03652960580859363,0.031980420905910356,0.03502213566171517
1.0156456456456457,0.07130202731630098,0.05652554722928675,0.03663504144342559,0.03207732067672125,0.03512591225642294
1.0186386386386388,0.07158373349389731,0.05672483673261629,0.03674010312804876,0.03217158178548091,0.035227264321470206
1.0216316316316318,0.07186443054471683,0.05692312556271962,0.03684426816325942,0.03226349316408935,0.03532634480593899
1.0246246246246247,0.07214742418498551,0.05712401497862674,0.036948921765593314,0.032356634855433206,0.03542672311260858
1.0276176176176177,0.07243245181171798,0.057326004071202245,0.037054446183092046,0.03245089145600107,0.03552956165788903
1.0306106106106108,0.07271919347512784,0.05753019317550815,0.03716060597289964,0.032546070811928306,0.035634339878964014
1.0336036036036036,0.07300736636869572,0.057736043447184415,0.03726716483782303,0.032642959071681285,0.03573928476503672
1.0365965965965966,0.07329672280621448,0.057941869086435734,0.03737656429159449,0.03274113781745835,0.03584416833655759
1.0395895895895897,0.07357450157304063,0.058135271305109947,0.03747449904616781,0.0328266040835975,0.035936143117334715
1.0425825825825827,0.07384229853253688,0.0583175138586561,0.037559926595103654,0.03290129111196498,0.0360172908502562
1.0455755755755758,0.07411440192636262,0.05850297548135715,0.03764927526969643,0.03298045030787426,0.0361042555840467
1.0485685685685686,0.07439059676279271,0.058693414577313655,0.03774281038521922,0.03306415662113066,0.03619676027464611
1.0515615615615617,0.07467033450429394,0.058888022107676574,0.03783975939768669,0.03315284921158681,0.03629237347440312
1.0545545545545547,0.07495312126760095,0.05908483919202265,0.037941774681429064,0.03324537124683405,0.03639042440379289
1.0575475475475475,0.07523852155488822,0.059284830697322814,0.038047028074871696,0.03333941658832267,0.03649027993039022
1.0605405405405406,0.07551661141455188,0.05947675933107736,0.038142566536181075,0.03342498622648565,0.036581798686059604
1.0635335335335336,0.07578839976823712,0.059660415307232706,0.03823059368766188,0.033503365375494414,0.03666654908022841
1.0665265265265267,0.07606457085037512,0.059849031502316026,0.03832266728197768,0.033585917355362975,0.03675663831064488
1.0695195195195197,0.07634481535697789,0.060042403905844415,0.03841868023015111,0.03367251011271293,0.036851539673554076
1.0725125125125126,0.07662858955108201,0.06023882010822282,0.03852007313794495,0.033764201697957304,0.036949504860889486
1.0755055055055056,0.07691540570356013,0.06043858743713968,0.03862507507203555,0.03385943394443941,0.03704966276703459
1.0784984984984987,0.07720483324938007,0.06064137318937248,0.03873054345528923,0.033955331932031554,0.037151406378847604
1.0814914914914915,0.07749649258094658,0.06084583041675566,0.038836856712264334,0.034051964587708906,0.03725427908549154
1.0844844844844845,0.07778685300544724,0.06104895518660353,0.03894055796402199,0.03414587906407498,0.03735729312583469
1.0874774774774776,0.07807606173050485,0.06125081351690871,0.03904219649750092,0.03423740738846454,0.03745935386620135
1.0904704704704706,0.07836753070473165,0.06145406240005058,0.039146382441889956,0.034331527851605675,0.03756112699743127
1.0934634634634637,0.07866101696351285,0.06165990363220813,0.03925270365834243,0.034428042161489564,0.03766357751325073
1.0964564564564565,0.07895621715760243,0.06186773905590857,0.03935977838445661,0.03452517667126284,0.037766600426120164
1.0994494494494496,0.07925286151439147,0.062075813996265036,0.039467193536366275,0.034622534908650346,0.03787071784014392
1.1024424424424426,0.07955071232062391,0.062285833075515606,0.039574725825791565,0.034719890679899265,0.03797618547841969
1.1054354354354354,0.07984956024102485,0.06249704977832603,0.03968400810318946,0.0348171097834679,0.0380820480567999
1.1084284284284285,0.08014922098522384,0.06270744282627531,0.03979431333419973,0.03491495813999057,0.03818758935165783
1.1114214214214215,0.08044953235173109,0.06291945956229962,0.039903521193541,0.03501370325505297,0.03829264487404274
1.1144144144144146,0.08075035161214116,0.06313217098772418,0.04001198773820302,0.03511232477157624,0.0383971673441048
1.1174074074074076,0.08105155319959215,0.06334322137346324,0.040119754958119196,0.035210272476372824,0.0385030543487875
1.1204004004004005,0.0813530266683498,0.06355576834996056,0.04022710633691901,0.03530746732010377,0.03860959044387231
1.1233933933933935,0.0816546748943121,0.06376870384675286,0.04033495721049887,0.03540393010483099,0.038714593120700413
1.1263863863863866,0.08195641248909612,0.06398005925046646,0.040443027290279425,0.03550040865192508,0.03881858050342059
1.1293793793793794,0.08225816440310671,0.06419120823376057,0.04055028700785623,0.035597415386479835,0.03892167317813658
1.1323723723723724,0.08255666521147516,0.06439795516999794,0.040653364490490757,0.035690961423694344,0.039020696330193394
1.1353653653653655,0.08285226928638105,0.06460170199602286,0.04075279424219423,0.03578094321258645,0.039118760321241106
1.1383583583583585,0.08314857434332422,0.06480634615535705,0.04085427965617111,0.035871201942936776,0.03921851654069171
1.1413513513513516,0.08344552762126366,0.0650105521866302,0.04095729647510485,0.035961838141536605,0.039317123909601334
1.1443443443443444,0.08374299729020916,0.06521593750731065,0.0410597209848093,0.036052710255316665,0.039415495139972875
1.1473373373373374,0.08404086453616087,0.06542199215892008,0.04116185478688943,0.03614609130137731,0.0395137048906125
1.1503303303303305,0.08433902425277404,0.06562698466391097,0.041263675846016076,0.036240717873576314,0.03961173055333792
1.1533233233233233,0.08463738352872185,0.06583302836679075,0.04136515328279293,0.03633372511968706,0.039712091480612215
1.1563163163163164,0.08493586025194824,0.06603946749858604,0.041468447187617,0.03642597515720131,0.03981345157551938
1.1593093093093094,0.08523438187234127,0.06624432976531318,0.04157254829268728,0.036517625744563964,0.0399128393731487
1.1623023023023025,0.08553288430654504,0.06645019828306342,0.041674948931201314,0.03660873886724778,0.0400113058967896
1.1652952952952955,0.08583131096890079,0.06665628634160639,0.04177643035743243,0.03670097623928549,0.04010905612299948
1.1682882882882883,0.08612961191416237,0.06686039576865552,0.04187714357744284,0.03679390921994697,0.0402061767494363
1.1712812812812814,0.08642774307918066,0.06706551624124582,0.041977163499174706,0.03688570991047671,0.04030534339894642
1.1742742742742744,0.08672885819760602,0.06727435716443349,0.04208236061591656,0.03697989115385471,0.04040849519712846
1.1772672672672673,0.08703253751377714,0.06748410514940598,0.04219101395077158,0.03707604996596941,0.040512174759701626
1.1802602602602603,0.08733513351098403,0.06769403756527698,0.04229636359022713,0.037170389004140464,0.040613666422018184
1.1832532532532534,0.08763662209303326,0.06790307956238859,0.042399464192814595,0.037263475070896245,0.04071317031270112
1.1862462462462464,0.08793706380664003,0.06810949156185314,0.04250072503407027,0.03735615152635638,0.04081160873785357
1.1892392392392395,0.08823651495233613,0.06831471552824893,0.04260163768362739,0.03744802312712516,0.040909699279690244
1.1922322322322323,0.08853820261821159,0.06852180999872809,0.04270555659133748,0.0375417485546318,0.041010199061644395
1.1952252252252253,0.0888418017359205,0.0687314617200621,0.04281085377464795,0.03763692276345552,0.041112203434941194
1.1982182182182184,0.08914376574054887,0.06893953832133878,0.04291380065926471,0.037729851042450635,0.04121192165466955
1.2012112112112112,0.08944413103558656,0.06914483296948876,0.0430144596770766,0.03782062335712987,0.0413094221365009
1.2042042042042043,0.08974300991215524,0.06934917046294313,0.04311311988414347,0.0379118829775954,0.04140589847694412
1.2071971971971973,0.0900468107235882,0.06955943742752153,0.0432182814506134,0.03800923048578823,0.04150826437201268
1.2101901901901904,0.09035491376653718,0.06977337894934779,0.043328715561437144,0.038109342220462326,0.041614890785387694
1.2131831831831834,0.09066030128251953,0.06998530963167923,0.04343503366967818,0.03820567879742193,0.04171803110906214
1.2161761761761762,0.09096304238048385,0.07019460711674333,0.04353771172156711,0.03829844959224342,0.04181767406007666
1.2191691691691693,0.09126335375673843,0.07039956035808931,0.04363726865759203,0.038388227364138244,0.04191428949939049
1.2221621621621623,0.09156143305048604,0.07060324714777061,0.0437341639613413,0.03847733299813307,0.0420096691703541
1.2251551551551552,0.09186370669598558,0.07081217936098624,0.04383751450454719,0.038571891209241246,0.04211036685449632
1.2281481481481482,0.09216965736664512,0.07102356618275521,0.043945755676089555,0.038669333580074204,0.042214383294877214
1.2311411411411413,0.09247241773889742,0.07123283910980038,0.04404903200848952,0.038762890466914626,0.04231456161421477
1.2341341341341343,0.09277210536977501,0.07143911682921833,0.044148329075318175,0.0388527403942729,0.042411014067547326
1.2371271271271274,0.09306897524262306,0.07164088068380647,0.04424428736316083,0.03893945594235826,0.04250425911278186
1.2401201201201202,0.0933632596113986,0.071839796301754,0.04433741960222227,0.03902402553341921,0.04259609833727969
1.2431131131131132,0.0936551671139984,0.07203564185662314,0.04443059966827499,0.039107458746229666,0.04268668024913067
1.2461061061061063,0.09394488531036206,0.07222918242634738,0.04452293217666487,0.039189591627706424,0.04277487513415224
1.249099099099099,0.09423258298978959,0.07242083561423011,0.04461191914968192,0.03927000163488424,0.042861088706140124
1.2520920920920922,0.09451841220343567,0.07261004160998125,0.04469885987310406,0.03934883418036423,0.04294558360494707
1.2550850850850852,0.09480871296106047,0.07280436221366413,0.04479058091292501,0.03943263373653434,0.04303498819726732
1.2580780780780783,0.09510297778421903,0.07300373866662808,0.04488655998144464,0.03952078822842659,0.04312872026770359
1.2610710710710713,0.09539439928041507,0.07319993812666603,0.04498127564766808,0.03960602028897863,0.04322153468772547
1.2640640640640641,0.09568305926038144,0.073393004527109,0.04507411255026825,0.039690839817109136,0.04331255831232493
1.2670570570570572,0.09596917432153991,0.07358363413539622,0.045163513909374814,0.03977440453230896,0.04339988533888374
1.2700500500500502,0.09625294316644248,0.0737716365902318,0.045250341277528916,0.039854223773443366,0.043484597817210154
1.273043043043043,0.09653454534021166,0.07395677251116506,0.045334990261639625,0.03993168811607236,0.04356713958516465
1.276036036036036,0.0968141431723166,0.07414138642936745,0.045417771980094244,0.040007285815585596,0.04364783887836762
1.2790290290290292,0.09709188356394802,0.07432466748672305,0.04549895139483416,0.040081337683499155,0.04372696869155708
1.2820220220220222,0.09736789957377305,0.07450444284494566,0.045580871530958314,0.0401540967878364,0.043806917286311135
1.2850150150150152,0.09764231182607572,0.07468365949991514,0.04566268945423354,0.04022742491924643,0.04388681890024749
1.288008008008008,0.09791522976332687,0.07486182578929347,0.0457421611110986,0.04030086523468747,0.04396437667963495
1.2910010010010011,0.09818675276217938,0.0750371243731547,0.04582028170490677,0.0403726830584719,0.04404060339455152
1.2939939939939942,0.09845697112928427,0.07521177457504025,0.04589731614865844,0.040443459352744175,0.044115770204344436
1.296986986986987,0.09872596699112325,0.07538561432812645,0.04597342505333651,0.04051337000899657,0.04419003946210523
1.29997997997998,0.09899381509018654,0.07555735089304631,0.04604873569294292,0.040582536876458096,0.04426353870055784
1.302972972972973,0.09926058349823039,0.0757278494030729,0.04612471106885545,0.0406510625742783,0.04433737689795586
1.3059659659659661,0.09952633425598859,0.07589771556502682,0.04620101713042585,0.04071903366334122,0.04441154599618524
1.3089589589589592,0.09979112394754368,0.07606668297271649,0.04627621668589794,0.04078746988137573,0.0444850142777254
1.311951951951952,0.10005500421655515,0.0762343654799305,0.046350666974217816,0.04085640855762492,0.044557822858533026
1.314944944944945,0.10031802223067579,0.07640230371416512,0.04642445805505585,0.040924856800433625,0.044630009099416036
1.3179379379379381,0.10058331071146498,0.07657356688522203,0.046500863444654504,0.04099592576061425,0.04470481860352915
1.320930930930931,0.1008506245402549,0.07674629716808765,0.046579585864586555,0.04106925925316284,0.04478194488275801
1.323923923923924,0.10111658351539016,0.07691769671723436,0.046656986493219726,0.041141217196650315,0.04485775096941939
1.326916916916917,0.10138120474653717,0.07708808572087847,0.046734777931439236,0.04121176608536718,0.044933348314973996
1.32990990990991,0.1016445705556345,0.07725700570498678,0.04681238734253474,0.041281085248286865,0.04500869487476726
1.3329029029029031,0.10190983198961522,0.07742781178977669,0.0468912071899837,0.04135249720755589,0.04508586855056064
1.335895895895896,0.10217678302547492,0.07760188581157529,0.04697160990278032,0.04142782647697989,0.04516474305186526
1.338888888888889,0.10244209490610444,0.07777480404991391,0.047050131992975655,0.041502596693391715,0.04524177452666719
1.341881881881882,0.1027058094412635,0.0779448722583185,0.04712683615090375,0.04157451354949033,0.04531699797403602
1.344874874874875,0.10296803018951896,0.07811365628718103,0.04720194836352873,0.041644565715555706,0.045390633735939455
1.347867867867868,0.10322885319438117,0.07828135949556403,0.047276241372623914,0.041713096208667075,0.045462888969747595
1.350860860860861,0.10348836633574367,0.0784472338773409,0.04735018424040154,0.041780340397559255,0.045535446043311015
1.353853853853854,0.10374665005062567,0.07861138141508203,0.04742333043774977,0.0418464904661913,0.04560791772602603
1.356846846846847,0.10400683945837641,0.0787790454788191,0.04749861553948108,0.04191485012294812,0.0456819343638793
1.35983983983984,0.10426873714197996,0.07894940827136572,0.047575754693195624,0.04198662483050767,0.04575768979680538
1.362832832832833,0.1045290364190757,0.0791169375348549,0.04765119588874078,0.04205785041909429,0.04583170391780666
1.365825825825826,0.1047877757809193,0.07928299987545843,0.04772496015975284,0.04212694935808427,0.045904013197273164
1.3688188188188188,0.10504505408339246,0.07944789053239852,0.047797242959300885,0.042194429085963915,0.0459748269875314
1.3718118118118119,0.10530096325321212,0.07961099497418944,0.04786901000624652,0.042260522642216934,0.04604434002757925
1.374804804804805,0.10555558763109846,0.07977233508103822,0.04794048724617088,0.04232542055820633,0.04611402353751606
1.377797797797798,0.10580900462130663,0.07993346545505868,0.04801097381669301,0.04238928916629132,0.046183633211460046
1.380790790790791,0.10606128530432025,0.08009398072959548,0.04808043690376888,0.042452271731753616,0.046251855191833
1.3837837837837839,0.10632158866482687,0.08026288007030953,0.048158409727114514,0.04252384079758071,0.046328502961347044
1.386776776776777,0.10658922221825616,0.08043989394200679,0.04824402540684661,0.04260493919597467,0.046412740118894326
1.38976976976977,0.10685426791843912,0.08061564304379627,0.04832657244736924,0.04268412684956567,0.04649388060772061
1.3927627627627628,0.10711671824695762,0.08078912755919432,0.04840590905736942,0.042759153179363525,0.04657177853275003
1.3957557557557558,0.1073767500805347,0.08095840480381744,0.04848369450488668,0.04283102478225255,0.04664682512084454
1.3987487487487489,0.1076345293027927,0.08112602802241302,0.048559937058820765,0.04290023788205844,0.04672095312210363
1.401741741741742,0.10789020820483387,0.08129179697206583,0.04863354116295209,0.04296718270492429,0.04679390256361276
1.404734734734735,0.10814991874851868,0.08146126292468026,0.04871127384324464,0.04303836929563636,0.0468704501581491
1.4077277277277278,0.10841331428611865,0.081635055925587,0.04879279601422396,0.043113445085064865,0.046950696172212335
1.4107207207207209,0.10867396106231643,0.08180617922999593,0.048871228590332556,0.04318735282376682,0.04702782430728692
1.413713713713714,0.10893192713076934,0.08197424407567006,0.048946619411722195,0.04325937866774049,0.04710188748349073
1.4167067067067067,0.10918739323799491,0.08213913411898285,0.04901933188702924,0.043327891568728634,0.047173261124041174
1.4196996996996998,0.10944052783250828,0.08230250389928266,0.04909141829146183,0.0433938513954898,0.04724229494599934
1.4226926926926928,0.10969148589573323,0.08246404243668808,0.049162426537847304,0.043457666711362496,0.04731093390911379
1.4256856856856859,0.10994041008486363,0.08262239593234516,0.049230698796102236,0.043519648105711094,0.04737875689134238
1.428678678678679,0.11018743180605688,0.08277822452873553,0.04929707872834212,0.04358005808123554,0.04744416472407457
1.4316716716716718,0.11043267218412046,0.08293356148215417,0.0493618550241201,0.043639120261302816,0.04750791733134581
1.4346646646646648,0.11067624293932375,0.08308777182157151,0.04942523753352229,0.043697025465593196,0.04757027099289825
1.4376576576576579,0.11091824718140177,0.08323905903866359,0.049487404529706285,0.04375558110891926,0.04763141171721361
1.4406506506506507,0.11115878012958957,0.08338889854350251,0.04954850979157408,0.04381421209348755,0.04769149766934581
1.4436436436436437,0.11139792976644572,0.08353768661693141,0.049608686546704535,0.04387119177284285,0.047750665081602625
1.4466366366366368,0.11163577743229729,0.08368498906724077,0.049669742513712214,0.04392720518543239,0.04780903166728338
1.4496296296296298,0.11187239836633822,0.08383074248248211,0.04973099013423093,0.04398243141952248,0.04786783342177767
1.4526226226226229,0.1121078621997174,0.08397564747127306,0.04979062352161646,0.04403698357742635,0.047926834055639175
1.4556156156156157,0.11234223340534878,0.08411992843092406,0.049849382240605825,0.04409095439272188,0.047984866816056904
1.4586086086086087,0.11257557170865051,0.08426305977846385,0.04990743217076151,0.044144422151999936,0.04804222916307174
1.4616016016016018,0.11281091836074579,0.08440842213333419,0.049967989782623116,0.04420053795746254,0.04810210894074055
1.4645945945945946,0.11304810571692672,0.08455622233071299,0.050030845463785445,0.04425905879471329,0.04816428086520815
1.4675875875875877,0.11328393573655565,0.08470309447667303,0.05009253740600551,0.04431745271421564,0.04822528230773784
1.4705805805805807,0.11351842951853632,0.08484866919166167,0.05015304255702413,0.04437555830359763,0.048285084127826526
1.4735735735735738,0.11375166259713511,0.08499269935299096,0.05021312745093217,0.04443249056431461,0.04834381962843522
1.4765665665665668,0.11398370605207833,0.08513549460386854,0.05027302264789404,0.04448840324772685,0.04840161604232585
1.4795595595595596,0.11422055202442755,0.08528444083502318,0.05033836429953137,0.0445495239850919,0.048465962298974014
1.4825525525525527,0.11446183907648624,0.0854389409544865,0.05040853089241417,0.044615382925640684,0.04853604137479136
1.4855455455455457,0.11470119367633828,0.08559113959818494,0.05047658721971258,0.044679111540101395,0.04860365455491374
1.4885385385385386,0.11493862198574985,0.08574138930888325,0.050542437174909506,0.044740622957859716,0.04866897792448832
1.4915315315315316,0.11517423903238526,0.0858901099115975,0.050606304643520804,0.04480018082663858,0.04873225706495562
1.4945245245245247,0.11540815347350916,0.08603701102811902,0.050668413183869776,0.04485803766166384,0.04879372800241179
1.4975175175175177,0.11564046613797532,0.08618193229487855,0.05072896589898987,0.04491560710049413,0.04885360642246
1.5005105105105108,0.1158712706076007,0.0863254281374515,0.05078814431149735,0.04497273526830388,0.04891208466497484
1.5035035035035036,0.11610065378289068,0.08646786503734033,0.05084777452546709,0.0450282790899297,0.04896933272714622
1.5064964964964966,0.11632869640057741,0.08660890805090053,0.05090722467071262,0.04508263236309182,0.04902600737844625
1.5094894894894897,0.11655547350703688,0.0867483967618113,0.05096476211057873,0.04513594857257533,0.04908245403953277
1.5124824824824825,0.11678105489180296,0.08688639094085342,0.051021153542038934,0.045188354124396056,0.049138261477347046
1.5154754754754756,0.11700550548494802,0.08702457608284701,0.05107659305148509,0.04523996245459462,0.04919325400718264
1.5184684684684686,0.11722888572169449,0.08716233643685375,0.05113120368392541,0.045290873769357205,0.049247466502137516
1.5214614614614617,0.11745125187726675,0.08729802900150492,0.05118508684907154,0.045341175911328614,0.04930096676969788
1.5244544544544547,0.11767265637468047,0.08743236858338743,0.05123832935435423,0.045390945558466046,0.04935382718374909
1.5274474474474475,0.11789314806788943,0.08756676879781908,0.05129100647580445,0.04544024946737632,0.04940611637650883
1.5304404404404406,0.11811277250246778,0.08770086977513097,0.051343183845174896,0.04549012343966823,0.04945789707235797
1.5334334334334336,0.11833452020700073,0.087836814989036,0.051398961654358435,0.04554345134646063,0.04951230113878073
1.5364264264264265,0.11855823398191634,0.08797485859446642,0.05145790900398684,0.04559894955573844,0.04956911156860674
1.5394194194194195,0.11878076635968154,0.08811219759813135,0.05151557860156159,0.045653345983879254,0.0496257870029104
1.5424124124124126,0.1190021271657005,0.08824877314169334,0.051572074732885415,0.04570658406574693,0.04968216100901752
1.5454054054054056,0.11922237771279823,0.08838386069741992,0.051627501083252605,0.0457587772111874,0.049737404845444325
1.5483983983983987,0.11944157611004219,0.08851759400777783,0.05168196422272532,0.04581004480353367,0.049791678260570855
1.5513913913913915,0.11965977659405982,0.08865004756035334,0.051735566165557564,0.045860496735351086,0.04984506839122927
1.5543843843843845,0.11987702979177509,0.08878283822893349,0.0517884003345973,0.045910231427351,0.04989766278079884
1.5573773773773776,0.12009338297817101,0.08891536811721394,0.05184055092143731,0.04595933603992898,0.04994954593524438
1.5603703703703704,0.12030888031440887,0.0890460478882675,0.051892093208537486,0.046007887298136804,0.05000079547690462
1.5633633633633635,0.12052356306771042,0.08917555187792142,0.05194309421473471,0.046055952495373385,0.05005148140030643
1.5663563563563565,0.12073746981453476,0.08930503146751166,0.051994809509232805,0.04610518915473598,0.05010166625515377
1.5693493493493496,0.12095063662844,0.08943429324889385,0.052046850312916906,0.046154912037094264,0.05015140565235917
1.5723423423423426,0.12116309725389356,0.08956233614199842,0.0520979522759587,0.04620337900860729,0.05020138677367722
1.5753353353353354,0.12137488326717392,0.08968945590440532,0.05214851477022977,0.04625125085927887,0.050251694201586566
1.5783283283283285,0.1215860242254095,0.08981571990344052,0.05219861465089797,0.04629865729545569,0.05030169568710926
1.5813213213213215,0.12179654780470102,0.08994261457915723,0.05224830066256261,0.04634566510689318,0.050351326634242376
1.5843143143143144,0.12200941603396065,0.09007298216298923,0.052300689970408,0.04639536717512898,0.050403649962628146
1.5873073073073074,0.12222446731843692,0.09020512092254153,0.052355568719068775,0.046447543978236756,0.05045843425957068
1.5903003003003005,0.12243856368674666,0.0903359374183852,0.05240953124932668,0.04649880152310351,0.05051227411081731
1.5932932932932935,0.12265170100496808,0.09046628800726957,0.05246252805663811,0.04654908332743823,0.05056511495278598
1.5962862862862865,0.12286392562474949,0.09059615062725043,0.05251465576622408,0.04659849753785278,0.05061705436549059
1.5992792792792794,0.12307528179618012,0.09072476295782315,0.05256674804923664,0.04664714836787605,0.05066818885464199
1.6022722722722724,0.12328581097202686,0.09085227746484811,0.0526188338081443,0.04669674953377078,0.050718605932110375
1.6052652652652655,0.12349555198395203,0.09097875275683917,0.052670202478919466,0.046746628837381836,0.05076838407493174
1.6082582582582583,0.12370746271513908,0.09110893191617095,0.05272397679270465,0.04679807342835597,0.05082199430042994
1.6112512512512513,0.123921397281326,0.09124216859082301,0.05277995559985431,0.04685153311455329,0.050878705714334886
1.6142442442442444,0.12413424768610802,0.0913734714420378,0.052834774487476435,0.04690375571337993,0.05093367735888052
1.6172372372372374,0.12434601831513366,0.09150328360757527,0.052888404217776464,0.0469547353867363,0.050987329829224444
1.6202302302302305,0.12455676244914021,0.09163239112877201,0.05294095816018455,0.047004612314388856,0.05103982601654992
1.6232232232232233,0.1247665308416217,0.09176090020803189,0.052992547617730715,0.04705351856987122,0.05109129469081256
1.6262162162162164,0.12497537108035989,0.09188822343612532,0.053043274158841,0.047101571151050195,0.05114185032874323
1.6292092092092094,0.12518332778701632,0.09201440023676888,0.05309322940806218,0.04714887305121164,0.05119159474448293
1.6322022022022022,0.12539044281543843,0.09213947893306913,0.053142765887370234,0.04719551475187377,0.051240618391615624
1.6351951951951953,0.12559675543582366,0.09226465581641018,0.053192315765243046,0.04724203045755127,0.05128900153905168
1.6381881881881883,0.1258023025056559,0.0923896046274287,0.05324168380554949,0.0472887048913169,0.05133681535104983
1.6411811811811814,0.12600711862845768,0.0925131800495879,0.05329052778743708,0.04733513291320282,0.05138496279889071
1.6441741741741744,0.1262170362836716,0.09264250371989417,0.05334491615643409,0.04738711743439607,0.0514394064739051
1.6471671671671673,0.12643174270908755,0.09277726495884094,0.053404413664251076,0.047444170651000137,0.051498839239254426
1.6501601601601603,0.12664504722436654,0.0929117503603889,0.05346229215801413,0.047499575572010524,0.05155664634036427
1.6531531531531534,0.12685692527287618,0.09304525483155333,0.05351843211968118,0.047553191725262976,0.051612684155182054
1.6561461461461462,0.1270674491152045,0.09317628263032939,0.05357299563227912,0.047605197429135916,0.05166710390879826
1.6591391391391392,0.127276688096579,0.09330551889715161,0.053626144507690314,0.047655773208230306,0.05172006926416928
1.6621321321321323,0.12748470731053443,0.09343413193160831,0.05367802647270874,0.04770508313927336,0.05177173351979651
1.6651251251251253,0.127691567858581,0.09356195894735629,0.05372877493288411,0.04775327406610101,0.0518222363836465
1.6681181181181184,0.1278973271152227,0.0936880485770769,0.05377999824086453,0.04780047659575318,0.051871703796904436
1.6711111111111112,0.12810203897396194,0.09381273407256713,0.053831122809658946,0.04784780626654387,0.051920248652605756
1.6741041041041043,0.12830575407546685,0.09393611282603828,0.05388059629652824,0.047895097322911154,0.051968599272497994
1.6770970970970973,0.12850852001935012,0.09405959468394799,0.053929088365496085,0.047941355241816364,0.05201687233782675
1.6800900900900901,0.12871038156087755,0.0941827130842353,0.053976755779965885,0.04798685384606227,0.052064491000533474
1.6830830830830832,0.12891138079380532,0.09430411854796693,0.05402369672754308,0.048031677299997785,0.052111448161292484
1.6860760760760762,0.12911155732043583,0.09442436776290031,0.05406999271187427,0.04807589603892925,0.0521577785276586
1.6890690690690693,0.12931094840988486,0.09454357299877446,0.05411571428116757,0.04811957581257043,0.05220353260073709
1.6920620620620623,0.1295153365344567,0.0946699250202995,0.05416695848707692,0.04816875064672735,0.05225478119950439
1.6950550550550552,0.1297244322953664,0.09480248906218429,0.05422333106012913,0.048223007970107354,0.052311125298567275
1.6980480480480482,0.1299321225032975,0.09493259012214078,0.05427817917296839,0.048275713654806277,0.05236592167449058
1.7010410410410413,0.13013838458298102,0.09506073862807629,0.054331931180149055,0.048326736859978556,0.05241905089674243
1.704034034034034,0.13034328873828144,0.09518794721727737,0.054384863908772375,0.04837625271572329,0.05247067368185029
1.7070270270270271,0.13054975417552503,0.09531748565948275,0.05443956879755791,0.04842791060072569,0.0525239369618708
1.7100200200200202,0.130757687928021,0.0954484055434167,0.05449580549363717,0.048481822767626866,0.05257978305030059
1.7130130130130132,0.1309641044495264,0.09557738170560283,0.05455034147664457,0.04853429424163034,0.05263474917715673
1.7160060060060063,0.1311690342130871,0.09570444564740227,0.054603197334510974,0.04858512023881266,0.05268776823980276
1.718998998998999,0.13137255074655266,0.09583099987129413,0.05465452639540012,0.048634414395181874,0.052739202644323246
1.7219919919919922,0.13157472395103587,0.09595663582376641,0.05470447886035024,0.04868232511464251,0.052789216591042305
1.7249849849849852,0.13177561964261614,0.09608007450389314,0.05475319320784293,0.04872899854309529,0.052837954037929374
1.727977977977978,0.1319752998028482,0.09620187915574116,0.05480079544707825,0.04877456979713979,0.05288554738357303
1.730970970970971,0.13217382282204232,0.0963224900372171,0.05484739954987264,0.04881916123990362,0.052932116622741686
1.7339639639639641,0.13237124372554432,0.09644230131437816,0.0548931082461381,0.04886288265715788,0.052977769831658444
1.7369569569569572,0.13256761438421755,0.09656112626636369,0.054939195477392976,0.04890583206262885,0.05302260403014138
1.7399499499499502,0.1327629837103747,0.09667874386464793,0.054985272508012724,0.0489480967037122,0.05306670614097158
1.742942942942943,0.13295739784029706,0.0967951828165566,0.05503012184805443,0.04898975409853319,0.053110153941569115
1.745935935935936,0.13315090030437696,0.09691087600716305,0.055074207890074924,0.049032089886737226,0.05315393861179681
1.7489289289289291,0.13334353218582717,0.09702609678243707,0.055117635977175575,0.0490746795765471,0.053197858384780916
1.751921921921922,0.13353533226881953,0.09714055019306637,0.05516047645635241,0.04911624048892956,0.05324097640998427
1.754914914914915,0.1337263371768405,0.09725407258777359,0.055202790385168184,0.04915722564925529,0.05328354663410927
1.757907907907908,0.13391658150198424,0.09736667821655352,0.0552446319508396,0.04919772770983913,0.053325626523413446
1.7609009009009011,0.1341060979258447,0.09747840686864939,0.05528604956242874,0.049237803352106736,0.053367261468478686
1.7638938938938942,0.13429491733261162,0.09759061122212588,0.05532708656074566,0.04927750074151971,0.05340849451366689
1.766886886886887,0.13448306891492845,0.09770277558156763,0.055367781774926766,0.04931686204996905,0.053449365374385834
1.76987987987988,0.13467058027302267,0.09781354182462446,0.055408169995722595,0.04935592451229209,0.05348991025933319
1.772872872872873,0.1348574775075803,0.09792345975197746,0.0554482823916739,0.04939472109253344,0.053530161964813694
1.775865865865866,0.13504378530679798,0.09803262157306597,0.0554881468801589,0.04943328099720805,0.05357015007721782
1.778858858858859,0.13522952702801394,0.09814211896996389,0.05552907341188943,0.04947163010616555,0.053609901216041984
1.781851851851852,0.13541472477428554,0.09825163558766706,0.0555705025715786,0.0495097913472971,0.053649439286266455
1.784844844844845,0.13559939946625596,0.09836011621841756,0.055611040056556094,0.04954778502715895,0.05368878572504707
1.7878378378378381,0.1357835709096258,0.09846792157502586,0.05565120726329063,0.04958562912441178,0.05372856866739676
1.790830830830831,0.13596725785852048,0.09857510966223652,0.055691085578948425,0.04962469285771575,0.053768778377365205
1.793823823823824,0.1361504780750256,0.09868227296562636,0.05573071251947513,0.04966437640518173,0.05380879448401754
1.796816816816817,0.13633324838513966,0.09878947194942336,0.05577011645271165,0.049703195282275944,0.053848616276006386
1.7998098098098099,0.13651843114257714,0.09889949628098187,0.055812313532085725,0.04974465114012445,0.05389122047961494
1.802802802802803,0.1367058970253125,0.09901216785471184,0.05585711786013933,0.049788615573160125,0.053936407509204184
1.805795795795796,0.13689263432705964,0.0991239469788042,0.055901245802638264,0.049831835275852256,0.053980894406997465
1.808788788788789,0.13707863028313752,0.0992347945120515,0.055944634909617305,0.04987424817713346,0.05402461315004701
1.811781781781782,0.13726391530334134,0.0993459627221216,0.05598735055812523,0.04991593082975831,0.05406762789989547
1.814774774774775,0.13745416371046013,0.09946357249644455,0.05603539437605924,0.049962839715724836,0.0541159250564158
1.817767767767768,0.13764912246409033,0.09958605768483621,0.05608842137416701,0.05001462541441359,0.05416915998246357
1.820760760760761,0.1378428217240859,0.09970688446905533,0.05614140104215318,0.05006482240276979,0.05422085002047999
1.8237537537537538,0.1380352344452258,0.09982602297476954,0.05619356916654344,0.0501133169274983,0.05427088739760294
1.8267467467467469,0.13822641852646686,0.09994477621655434,0.05624345928858443,0.050160276864126094,0.05431968650611968
1.82973973973974,0.13841642997152254,0.10006275551663667,0.05629178246140896,0.05020686326510447,0.05436774506700435
1.832732732732733,0.13860532178758433,0.10017875684061471,0.056338742717680135,0.05025293800303392,0.054414949116487824
1.835725725725726,0.13879314414327673,0.10029329423920313,0.056384484555868794,0.05029755485991839,0.05446103599524713
1.8387187187187188,0.13898274659570728,0.10040974664763463,0.056432084443231896,0.050343974223235555,0.054508997537713925
1.8417117117117119,0.13917403850268256,0.10052919864229433,0.056481458758815106,0.05039211837827315,0.05455872371654363
1.844704704704705,0.1393723995220294,0.10065747841119413,0.05653821741110937,0.05044753169838076,0.0546157958495801
1.8476976976976978,0.13957744849555048,0.10079292270873055,0.05660180728386774,0.05050963915398157,0.05467965228623495
1.8506906906906908,0.13978042955290312,0.10092568747097769,0.05666272652699924,0.05056897943039772,0.05474080413816694
1.8536836836836839,0.13998405906773143,0.10105931832889199,0.05672492507068601,0.05062829919914679,0.05480202326183943
1.856676676676677,0.14018830684738776,0.10119402843976218,0.05678809015970542,0.050687687108373465,0.05486338114499806
1.85966966966967,0.14039036373972885,0.10132617984704251,0.05684803506034782,0.050744245234158186,0.05492232921992269
1.8626626626626628,0.14059029367203502,0.10145563305961915,0.05690521722645414,0.05079893601941603,0.054979310610698655
1.8656556556556558,0.14079633339601116,0.10159198745452375,0.056968505941246673,0.05086048362083365,0.05504278849358595
1.8686486486486489,0.14100820691013308,0.101736090263846,0.05703761629959855,0.05092776935113587,0.055112146989326004
1.8716416416416417,0.14121739170469744,0.10187757221167959,0.057103340457109936,0.05099165160675254,0.05517813465692225
1.8746346346346348,0.14142389860081733,0.10201520091503335,0.05716565026926523,0.051052053525210674,0.055240690749353255
1.8776276276276278,0.14162785329103464,0.10214950436668557,0.05722484844646028,0.05110928154348517,0.0553001069981931
1.8806206206206209,0.1418293762113847,0.10228155301844759,0.057281620413092725,0.05116364685333654,0.055356673466841616
1.883613613613614,0.14202858126307255,0.10241132878032379,0.05733646846080914,0.05121543748492402,0.05541065869693239
1.8866066066066067,0.14222557619891682,0.10253810161275101,0.05738924075168538,0.051264915377107076,0.05546230818431363
1.8895995995995998,0.1424204630035951,0.1026621982371059,0.05743988110786664,0.05131231714690508,0.05551250421164486
1.8925925925925928,0.14261333824651543,0.10278376855370525,0.05748853600387146,0.05135785585060754,0.05556142297955669
1.8955855855855857,0.14280429340936346,0.10290413803684502,0.05753537100428431,0.05140302096145158,0.05560855987843659
1.8985785785785787,0.14299341519047068,0.10302297010477583,0.05758054718755955,0.051447435457097596,0.05565406332615413
1.9015715715715718,0.14318078578793791,0.10313912979521095,0.05762421494279278,0.05148982873701404,0.0556980623286989
1.9045645645645648,0.14336648316326417,0.10325316451621576,0.05766651275321377,0.051530808712011114,0.05574068727305635
1.9075575575575578,0.1435505812870596,0.10336522612987406,0.05770756734646743,0.05157055802615035,0.05578206311688105
1.9105505505505507,0.14373315036827428,0.10347654823576632,0.057747494315310746,0.05160920937806939,0.055822305843513935
1.9135435435435437,0.14391425706824046,0.10358680185656863,0.057786398899585284,0.0516468782017591,0.05586152189196628
1.9165365365365368,0.14409396470070676,0.10369490314081126,0.05782437680469215,0.05168366689718569,0.055899808421633106
1.9195295295295296,0.14427233341893708,0.10380134355598093,0.05786220880125645,0.05171966690525017,0.05593725386412962
1.9225225225225226,0.1444494203908505,0.10390624605373552,0.05789982741057485,0.0517549601006042,0.05597393856825223
1.9255155155155157,0.14462527996309263,0.10401041338975892,0.057936572037161564,0.05178961988316001,0.056009935458408266
1.9285085085085087,0.14479996381485272,0.1041137918160718,0.05797261573550637,0.05182371209574682,0.05604531067162248
1.9315015015015018,0.14497352110216963,0.10421573168819795,0.05800801567680099,0.05185729582083366,0.05608053399665183
1.9344944944944946,0.1451459985934089,0.10431642540257857,0.058042824840014946,0.05189042408301204,0.0561157492902154
1.9374874874874877,0.14531744079653452,0.10441593767683693,0.05807709479281427,0.05192314447325836,0.05615059304898314
1.9404804804804807,0.1454905955782527,0.10451749702580652,0.05811374250030313,0.051959063343575355,0.056187855703307164
1.9434734734734735,0.14566538898172904,0.10462192627931692,0.05815264650087665,0.051997894144717505,0.05622738232810941
1.9464664664664666,0.14583900744807937,0.10472563539893862,0.05819072245784716,0.05203579840803976,0.05626608147127807
1.9494594594594596,0.14601146262028095,0.10482769104406862,0.05822793538436667,0.052072837003483995,0.05630390839061348
1.9524524524524527,0.146182801951291,0.10492842167789561,0.058264356734837694,0.052109070580218825,0.05634092948476763
1.9554454454454457,0.1463530711165344,0.10502790930545335,0.058300056409743006,0.05214456621469327,0.05637721307140173
1.9584384384384386,0.14652231362530854,0.10512622145849763,0.058335098798445874,0.052179390724298405,0.05641282363985706
1.9614314314314316,0.14669326425506615,0.10522760818800465,0.05837239797599883,0.052216437456710736,0.05645066940029257
1.9644244244244247,0.14686585104953995,0.10533159743158999,0.058411843061819846,0.0522555942334193,0.05649064014775596
1.9674174174174175,0.14703727507674771,0.10543381159794789,0.05845100533050922,0.05229381395541333,0.05652967999283139
1.9704104104104105,0.1472075474267179,0.10553462105251597,0.05848976708563729,0.05233106619944012,0.0565677617292279
1.9734034034034036,0.14737671442783593,0.10563412056330704,0.05852754580074727,0.052367437200779667,0.0566049665815192
1.9763963963963966,0.1475448207052656,0.1057323834744888,0.058564473807145724,0.05240301069963985,0.056641373205623506
1.9793893893893897,0.14770921161656322,0.1058274561054356,0.05859775198472167,0.052435028455649804,0.05667483297673728
1.9823823823823825,0.1478700379481451,0.10591903997901632,0.05862760151236315,0.052463731986851954,0.05670546016353681
1.9853753753753756,0.14803017710510194,0.10600932295183835,0.05865719051344334,0.052492290101793876,0.05673575133239972
1.9883683683683686,0.1481896908322129,0.1060988595223068,0.058686648623478915,0.05252083859802549,0.056765915301904064
1.9913613613613614,0.14834860259698165,0.10618773403649469,0.058715995586951016,0.05255031593353236,0.05679596893868508
1.9943543543543545,0.14850693434319406,0.10627599471430808,0.05874524477931975,0.05258036032818125,0.05682592023678184
1.9973473473473475,0.14866470702497558,0.10636447329327028,0.058774407641448013,0.052609965595402285,0.05685577764408379
2.0003403403403404,0.14882194066035095,0.10645295766343868,0.05880349419144687,0.05263944618674453,0.05688554944843155
2.0033333333333334,0.14897865437605123,0.10654065375295836,0.05883251327636725,0.05266883660765829,0.05691524354518266
2.0063263263263265,0.14913486644992435,0.10662781422579108,0.058861472749917695,0.052698148764951235,0.056944867334656056
2.0093193193193195,0.1492905943511636,0.10671447725723131,0.058890379607891105,0.0527273916390812,0.05697442768418957
2.012312312312312,0.14944585477847996,0.10680067007502014,0.058919240095985335,0.052756572778523005,0.05700393092449151
2.015305305305305,0.14960066369633246,0.10688641901995688,0.05894805979842988,0.052785698796839566,0.05703338286447666
2.018298298298298,0.1497550363693276,0.10697270841964625,0.05897684371257541,0.052814775583491166,0.057062788815917725
2.0212912912912913,0.14990898739488837,0.10705918001732825,0.05900559631277572,0.052843808417656346,0.05709215362298761
2.0242842842842843,0.15006253073428777,0.10714483824776903,0.05903507856650522,0.052872802043468906,0.057121481693820184
2.0272772772772774,0.15021567974213812,0.10723005142717251,0.059065039677740065,0.05290176072735693,0.057150777032392006
2.0302702702702704,0.1503684471944187,0.10731486800144427,0.059094674276971376,0.052930688305650835,0.057180043269720114
2.0332632632632635,0.15052084531512105,0.10739931422071894,0.0591242016677065,0.05295958822599984,0.057209283693791295
2.036256256256256,0.15067288580158736,0.10748341278902042,0.05915364057693878,0.05298846358427589,0.05723850127789953
2.039249249249249,0.15082457984860898,0.1075681984339903,0.05918299796593401,0.05301731715785118,0.05726854807716445
2.042242242242242,0.15097593817135443,0.10765326337127264,0.0592122803882289,0.05304615143577248,0.05729911064894053
2.045235235235235,0.15112697102718486,0.10773754428557888,0.05924149405256099,0.053074968646187846,0.05732927743731755
2.0482282282282283,0.15127768823641782,0.10782144639348383,0.05927064481992395,0.05310377078129401,0.05735932249527352
2.0512212212212213,0.15142809920209335,0.10790502019782196,0.05929973818635455,0.05313333924419676,0.05738927277841399
2.0542142142142144,0.15157821292879328,0.10798829005901142,0.059328779275061895,0.05316343055563173,0.057419137717623026
2.057207207207207,0.15172803804056395,0.10807127580491,0.059357772839077595,0.05319321240194913,0.057448924970918504
2.0602002002002,0.15187758279798694,0.10815499871379558,0.05938672327156117,0.053222889344231465,0.05747864130460185
2.063193193193193,0.15202685511444164,0.10823905265743834,0.05941563462098611,0.05325247698625181,0.05750829287267819
2.066186186186186,0.15217586257160148,0.10832238254129173,0.05944451060915627,0.05328198082999178,0.057537885322223994
2.069179179179179,0.15232461243420106,0.10840538627269823,0.05947335465064408,0.053311406776496574,0.05756742384630442
2.072172172172172,0.15247581344624445,0.1084912699168219,0.059505024636468555,0.05334359098738543,0.05759976142055336
2.0751651651651652,0.15262936718237383,0.1085799287546454,0.0595393629431579,0.05337837377287788,0.05763474135092389
2.0781581581581583,0.15278244305597952,0.1086680389764397,0.059573268479578244,0.05341266812932816,0.057669268006459884
2.0811511511511513,0.15293502241073142,0.10875662020551424,0.05960667215424114,0.05344640077293381,0.057703271895346624
2.084144144144144,0.15308980780299736,0.10884839134140883,0.05964346783515753,0.05348243073568501,0.05773962543514775
2.087137137137137,0.15324671223584707,0.10894213427485264,0.059683122777723384,0.05352064000254699,0.05777821079079885
2.09013013013013,0.1534029318231975,0.10903496740891835,0.05972149541207147,0.053557994889284984,0.05781598371438972
2.093123123123123,0.15355845686142758,0.10912690322892168,0.05975891139915154,0.05359445669203406,0.05785343485739684
2.096116116116116,0.15371331199814336,0.1092179883876441,0.059795466107766385,0.05363010138784913,0.05789062602319911
2.099109109109109,0.15386752125227207,0.10930901225878198,0.05983123288112011,0.053665003159542236,0.05792708088340628
2.1021021021021022,0.15402110761989832,0.10939980498621323,0.059866278331864906,0.05369922990755084,0.05796283885740381
2.105095095095095,0.15417942064349324,0.10949586211071405,0.059906299049281804,0.053739357263398776,0.05800355897984707
2.108088088088088,0.1543422809774043,0.10959717239455284,0.05995104923618946,0.053784825569244056,0.05804898628908309
2.111081081081081,0.15450412087697676,0.1096971974491625,0.059994468405258426,0.053828608901526596,0.05809306694478305
2.114074074074074,0.15466491121857015,0.1097958720430563,0.06003646302577209,0.053870851223407734,0.0581357007029467
2.117067067067067,0.1548246907638047,0.10989388003923656,0.060077141627283025,0.05391167512887114,0.05817699384272916
2.12006006006006,0.15498349742654896,0.10999117849599313,0.06011661199915543,0.053951200491731105,0.058217054685269685
2.123053053053053,0.15514401025751806,0.11009027919073268,0.060157773253810914,0.05399231815480981,0.05825877810059671
2.126046046046046,0.15530616657515522,0.11019121000982128,0.06020056894242616,0.054034980921414295,0.05830210931977005
2.1290390390390392,0.1554672296409404,0.1102907542437874,0.060243120694262,0.05407626123889547,0.05834410421381977
2.132032032032032,0.15562720734359548,0.11038891060494967,0.06028500739772122,0.05411617213705135,0.058384772076506795
2.135025025025025,0.15578613995386872,0.11048638989770064,0.06032517331493175,0.054154831196182286,0.05842422047116263
2.138018018018018,0.1559440664162409,0.11058312862690085,0.060364090977316355,0.054192350539523974,0.05846351919559838
2.141011011011011,0.15610102401172943,0.1106785211768793,0.06040189023634688,0.05422883286626041,0.05850240400225214
2.144004004004004,0.15625704843139263,0.11077273330145891,0.060438667882351194,0.05426437192539367,0.05853991973924659
2.146996996996997,0.1564121738507892,0.11086581480600595,0.0604745103887719,0.05429905319285971,0.058576453780680854
2.14998998998999,0.15656643300055753,0.11095781466279256,0.06050949632373554,0.05433406595970688,0.05861210714492777
2.1529829829829827,0.15671985723329426,0.11104918742721905,0.060543697485986536,0.054369005291109086,0.05864695561535822
2.155975975975976,0.15687247658695522,0.11114004526439848,0.06057717963199707,0.05440272386601273,0.0586810676560367
2.158968968968969,0.15702431984498677,0.11123004140767413,0.06061000303942085,0.05443569507228853,0.058714505769716756
2.161961961961962,0.15717541459338158,0.11131915121929471,0.0606422229857208,0.05446802095740415,0.058747327197139536
2.164954954954955,0.15732578727483867,0.11140739321132756,0.06067389017190991,0.05449976655680927,0.05877958440415482
2.167947947947948,0.15747546324019693,0.11149479858546663,0.06070505110479922,0.05453098729213258,0.0588113254861923
2.170940940940941,0.15762446679729786,0.11158140304604401,0.06073574844484312,0.05456173225083053,0.058842594528033865
2.173933933933934,0.15777282125742456,0.11166799970512704,0.0607660213240086,0.05459204553190343,0.05887343193171561
2.176926926926927,0.15792054897945412,0.11175438805942212,0.06079641984504236,0.05462196699145597,0.05890387471781515
2.1799199199199197,0.1580676714118501,0.1118398145455324,0.06082691770601358,0.054651532753045726,0.05893395680290891
2.182912912912913,0.1582142091326163,0.11192452671031247,0.06085701416456709,0.054680775604345914,0.058963709255127214
2.185905905905906,0.1583601818873223,0.11200856588699169,0.060886772227984984,0.05470972532793728,0.05899316052941237
2.188898898898899,0.15850560862530694,0.11209196346722597,0.06091620622904374,0.054738408987866846,0.05902276032593087
2.191891891891892,0.1586505075341574,0.11217475011383699,0.06094533499803323,0.054766851183088675,0.059052552633253756
2.194884884884885,0.1587948960725564,0.11225774034954418,0.06097417978570761,0.05479507427422399,0.05908213037095634
2.197877877877878,0.15894142822962926,0.11234378382529597,0.061005557852004885,0.05482587201165944,0.05911426331787457
2.2008708708708706,0.15909002745237794,0.11243197682472379,0.061039347929262175,0.05485911174140726,0.059148809390216085
2.2038638638638637,0.15923795079873165,0.11251933809640084,0.061072549594928104,0.05489203403406875,0.05918276454613332
2.2068568568568567,0.15938518941749,0.1126058577325807,0.06110511252048521,0.05492481135846491,0.05921607082306418
2.20984984984985,0.15953176639001168,0.11269157084408479,0.06113708205269622,0.05495726885500442,0.05924876925128113
2.212842842842843,0.15967770425045466,0.11277651377375575,0.061168504007048444,0.054989205953916126,0.05928090423562116
2.215835835835836,0.15982302463577122,0.1128615965446927,0.061199421263378365,0.05502062395471494,0.059312518674379304
2.218828828828829,0.15996774831998412,0.11294652174393716,0.06122987370400892,0.05505155113910484,0.05934365316516868
2.221821821821822,0.16011189525124314,0.11303040013665884,0.06125989832571746,0.05508202219677403,0.05937434574878502
2.224814814814815,0.16025548458718086,0.11311356658772773,0.06128952938609274,0.05511207239228864,0.059404631860666066
2.2278078078078076,0.16039853472860655,0.11319607351068238,0.06131879856372497,0.0551417357395074,0.059434544384535465
2.2308008008008007,0.16054106335162574,0.11327795504966777,0.061347735122398925,0.05517104432549201,0.05946411375782446
2.2337937937937937,0.1606830874382685,0.11335924239963803,0.06137655197290179,0.05520002807748263,0.05949336810236885
2.2367867867867868,0.16082462330570332,0.11344078441971209,0.06140549155737504,0.055228714725959555,0.0595223333657752
2.23977977977978,0.16096568663411154,0.11352230961908566,0.06143440913902889,0.0552571298605811,0.05955103346517258
2.242772772772773,0.16110629249328837,0.11360298265074241,0.06146309693781532,0.05528529703077884,0.05957949042859331
2.245765765765766,0.16124645536803886,0.11368310167165611,0.06149153538619415,0.055313237866703086,0.05960801453788078
2.2487587587587585,0.1613861891824261,0.11376270850249118,0.06151972977379497,0.05534097220761415,0.05963675180184728
2.2517517517517516,0.161525507322932,0.11384182941818119,0.06154769253682416,0.05536851823065557,0.059665438534966246
2.2547447447447446,0.1616644226605837,0.11392048855366521,0.06157543820444471,0.05539589257610565,0.05969394877078563
2.2577377377377377,0.16180294757209668,0.1139992788757465,0.06160298172225249,0.055423110466985295,0.05972226534802822
2.2607307307307307,0.16194109396008308,0.11407810926288725,0.06163033775017734,0.05545018582194049,0.05975039086706205
2.2637237237237238,0.16207887327237142,0.11415641851622041,0.061657520343046564,0.05547747058465603,0.05977833439804166
2.266716716716717,0.16221629652047947,0.11423432545761489,0.061684542806071156,0.05550507031971908,0.05980610703181793
2.26970970970971,0.16235337429728264,0.11431184351208902,0.0617114176380455,0.05553266036573609,0.05983372037770191
2.272702702702703,0.16249011679391498,0.11438898605065494,0.06173815652116587,0.055560138914713994,0.05986118592300334
2.2756956956956955,0.1626265338159404,0.11446576841665311,0.06176477033642473,0.0555874857777957,0.059888514734693296
2.2786886886886886,0.16276263479882735,0.11454220636050852,0.06179126919310491,0.05561469928421264,0.05991571731900508
2.2816816816816816,0.16289842882276162,0.11461916331329806,0.06181766246581539,0.055641784387118746,0.059942803561008236
2.2846746746746747,0.1630339246268261,0.11469632286443758,0.06184395883518912,0.05566874830171489,0.05996978270715959
2.2876676676676677,0.16316913062257785,0.11477280454155311,0.06187016632989325,0.055695599009607286,0.05999666337175769
2.2906606606606608,0.16330405490705108,0.11484892643978849,0.061896292368511276,0.05572234460934651,0.06002345355683756
2.293653653653654,0.16343870527521054,0.11492472529691337,0.061922343800414836,0.055748993005034005,0.06005016067948685
2.2966466466466464,0.16357308923188243,0.11500021962597619,0.06194832694509364,0.05577555175215519,0.06007679160299976
2.2996396396396395,0.16370721400318516,0.11507542529130155,0.061974872535283186,0.05580202798373531,0.06010335266967872
2.3026326326326325,0.16384108654748353,0.11515061313789396,0.0620018071895536,0.05582842838014825,0.06012984973392941
2.3056256256256256,0.16397471356588644,0.11522593798482937,0.06202847738176662,0.0558547591635856,0.060156288194806534
2.3086186186186186,0.1641081015123109,0.11530117620525951,0.062055038957936584,0.05588102610671498,0.06018267302749453
2.3116116116116117,0.16424125660312897,0.11537619741289802,0.0620815023048554,0.055907234549471795,0.06020975415504356
2.3146046046046047,0.16437418482641805,0.11545098363918785,0.062107872191528364,0.05593338942035536,0.06023727206882134
2.3175975975975978,0.1645042472480226,0.11552243858308946,0.06213135427926203,0.05595671752858469,0.06026164133399924
2.320590590590591,0.16463153738975367,0.11559067604855086,0.062152092124118534,0.05597737075769033,0.06028322946261362
2.3235835835835834,0.16475882037510833,0.11565895720063375,0.062173107972591145,0.05599836686286049,0.060305067354577205
2.3265765765765765,0.16488612483449733,0.1157274594176412,0.06219447508922278,0.05601978307627047,0.06032723513944285
2.3295695695695695,0.1650134479280376,0.11579642496834996,0.062216172613536166,0.05604158881381993,0.06034971729043407
2.3325625625625626,0.16514605826710962,0.1158719229970161,0.06224375469004823,0.056069738121861154,0.060378059257413644
2.3355555555555556,0.16528377901366545,0.11595349806457618,0.062276923843238914,0.0561039087076451,0.060411965009215966
2.3385485485485487,0.16542371930705593,0.11603769065673616,0.062312410571029805,0.05614037385610651,0.06044816871208904
2.3415415415415417,0.1655657446505705,0.11612428805340985,0.06234992647715387,0.05617881344576693,0.06048637854459726
2.3445345345345343,0.16570714373060186,0.11621008875843493,0.06238652960946953,0.056216265990130306,0.060523655721166
2.3475275275275274,0.1658479065869524,0.1162950640209251,0.06242219481307132,0.056252688836198696,0.06055997402772902
2.3505205205205204,0.1659932313066457,0.11638603032030434,0.062462472949796455,0.056293590518545336,0.0606008748759815
2.3535135135135135,0.16614297162727748,0.11648260024726072,0.06250716633964028,0.056338772484845354,0.060646160913580445
2.3565065065065065,0.1662917481379363,0.11657769067408612,0.06255042640057464,0.056382415070066555,0.06068999113039009
2.3594994994994996,0.1664395338049454,0.11667143999677476,0.06259307838337869,0.05642443944653212,0.0607322891915263
2.3624924924924926,0.1665863614739893,0.11676389975714242,0.06263492504005634,0.05646496649236907,0.06077316616176364
2.3654854854854857,0.1667322633964595,0.11685511973074453,0.0626751110960211,0.05650411653959042,0.06081348704614432
2.3684784784784787,0.1668798389193246,0.1169485802543754,0.06271672209455088,0.05654470657862459,0.06085587733942015
2.3714714714714713,0.16702903707198924,0.1170442703863447,0.06275974461900946,0.056586706486031715,0.060899513363722485
2.3744644644644644,0.16717721030611685,0.1171386722581197,0.06280134084829576,0.05662728533592624,0.06094171944680715
2.3774574574574574,0.16732436382440438,0.1172317461834239,0.06284152768277969,0.05666667650693336,0.06098250803472485
2.3804504504504505,0.1674705315497253,0.11732352245824246,0.06288040480103926,0.05670527877989223,0.06102197327730743
2.3834434434434435,0.16761574643581775,0.11741404526768484,0.06291806883104367,0.056743002025378665,0.06106021106636612
2.3864364364364365,0.16776259622566625,0.11750635885909655,0.06295732623402378,0.05678233458700101,0.061100023919188694
2.3894294294294296,0.1679110323029336,0.11760135278010347,0.06299813657557059,0.05682319000038464,0.06114137259680137
2.392422422422422,0.16805842200854115,0.11769556578677669,0.06303765918547424,0.056862728104775856,0.06118142114484966
2.3954154154154153,0.1682047713884614,0.11778801177535338,0.06307590228047062,0.056900948767606443,0.06122017803208624
2.3984084084084083,0.16835011477706735,0.11787908394144651,0.06311295820409471,0.05693794654448879,0.06125773746297151
2.4014014014014013,0.16849702884898998,0.11797184555486445,0.06315162064904607,0.05697650133444973,0.06129689039803482
2.4043943943943944,0.16864546813103135,0.11806626147750457,0.06319291613860552,0.05701657413127466,0.06133759689864933
2.4073873873873874,0.16879281598072754,0.11815997091766346,0.06323356939185491,0.05705534952006746,0.06137703109436156
2.4103803803803805,0.16893908013792777,0.11825278424402923,0.06327243357273797,0.05709283478146466,0.06141620234180687
2.4133733733733735,0.16908429620363566,0.11834402665728991,0.06330999244209647,0.05712912868144299,0.06145480323975246
2.4163663663663666,0.16922849875221752,0.11843393730353372,0.06334637311482555,0.057164326085120246,0.06149184278008602
2.419359359359359,0.16937172106614434,0.11852257620433836,0.06338166895856666,0.05719851478930918,0.06152775474404123
2.4223523523523522,0.1695139951865864,0.11860999583480734,0.06341596322691484,0.05723177581829578,0.06156264947293318
2.4253453453453453,0.1696553519649426,0.11869635701213213,0.0634493318364903,0.0572649002874728,0.06159660803152533
2.4283383383383383,0.16979582111194677,0.11878200387547393,0.06348184458857146,0.05729776107901399,0.061629703059449356
2.4313313313313314,0.16993543124445243,0.11886690708472847,0.06351356588083183,0.057329664623608716,0.061662000916565374
2.4343243243243244,0.17007420993002295,0.11895082145572855,0.06354455521958817,0.05736083132665201,0.06169356264972307
2.4373173173173175,0.17021471849598968,0.11903672768700493,0.06357756744895633,0.057394001571048577,0.06172713974213651
2.44031031031031,0.1703569071733096,0.11912456212788915,0.06361253332324474,0.05742910320974031,0.061762663476132976
2.443303303303303,0.17049816448630672,0.11921124489024171,0.06364660498383976,0.05746330001024562,0.06179728952107085
2.446296296296296,0.1706384924402332,0.11929710408708255,0.06367976329039708,0.05749656792969491,0.061830998176215346
2.4492892892892892,0.1707779205421609,0.11938227033657735,0.06371207213544311,0.05752897287817718,0.061863854355076166
2.4522822822822823,0.17091647752602482,0.11946647014201484,0.06374400850959513,0.057560580331666646,0.06189592121747094
2.4552752752752753,0.17105419108681225,0.11954965946283601,0.06377564663453139,0.05759145175549311,0.06192725752856582
2.4582682682682684,0.17119108791905055,0.11963185612299285,0.06380662201227004,0.05762164442325808,0.06195791783301659
2.4612612612612614,0.17132719375672015,0.11971309111246234,0.06383695103201809,0.057651211514404915,0.06198876742029483
2.4642542542542545,0.1714625334113865,0.11979339995777108,0.06386666021676486,0.05768020229663809,0.06201954756650592
2.467247247247247,0.17159713080861258,0.11987300951016827,0.06389578492271816,0.05770866234491813,0.06204943053195333
2.47024024024024,0.17173100902274005,0.11995215183426104,0.06392436296283904,0.057736633773682,0.06207872529251922
2.473233233233233,0.17186671545060783,0.12003366276912071,0.06395512227324707,0.057766826946512265,0.06211017834267626
2.4762262262262262,0.17200419828016586,0.12011729397190421,0.06398798240488555,0.057799153490046135,0.06214371535179119
2.4792192192192193,0.17214085432823914,0.12019994604661598,0.06402009755418041,0.05783076976175232,0.06217649764776813
2.4822122122122123,0.17227668205152702,0.12028159631141365,0.06405143733595306,0.05786254497624841,0.06220849504138783
2.4852052052052054,0.1724117069976094,0.12036227685815484,0.064082052469641,0.05789417803009902,0.06223975894042909
2.488198198198198,0.17254595409977808,0.12044202326516054,0.064111993317378,0.057924747637136356,0.06227034082385872
2.491191191191191,0.1726819597282719,0.12052462371448214,0.0641439851131075,0.05795727517304299,0.06230296271356072
2.494184184184184,0.17281967528536776,0.12060972649584849,0.06417795677604737,0.057991720187489076,0.06233755422421357
2.497177177177177,0.17295651377002386,0.12069344241419111,0.06421108356350538,0.05802527980304653,0.062371294260178484
2.50017017017017,0.1730924754762051,0.1207760410452273,0.06424334284389221,0.05805793162496146,0.062404159913141806
2.5031631631631632,0.17322758736926355,0.12085758000276992,0.06427479289673056,0.05808973868511207,0.062436210671602994
2.5061561561561563,0.17336437500638457,0.12094104033792719,0.06430815564361855,0.0581234101939099,0.062470165395025964
2.5091491491491493,0.17350279332229035,0.12102637706982636,0.0643439538112253,0.05815888714814216,0.06250596369579431
2.5121421421421424,0.17364027199343485,0.12111131377051426,0.0643792795547203,0.058193381014192226,0.06254080650265162
2.515135135135135,0.1737768135403804,0.12119558947643143,0.06441351337985231,0.0582268765808176,0.06257532803074223
2.518128128128128,0.17391244675083634,0.12127846363686427,0.0644468022181879,0.05825944541425944,0.06260943548985827
2.521121121121121,0.17404719968072868,0.12136022010651433,0.06447920321757739,0.058291157179416554,0.0626425140600048
2.524114114114114,0.17418605768611825,0.12144674445034494,0.0645160629730978,0.05832733095345279,0.0626800384381278
2.527107107107107,0.17432890975457954,0.1215379121769324,0.06455722100396626,0.058367794855635174,0.06272185188546918
2.5301001001001002,0.17447063582004227,0.12162767741936745,0.06459708161623863,0.058406960330094286,0.0627623644599086
2.5330930930930933,0.17461121858228784,0.12171682216235193,0.06463557384021316,0.05844530940817622,0.06280150056600278
2.536086086086086,0.17475069316910558,0.12180509569303108,0.06467278206098398,0.058482890819214345,0.0628393428517832
2.539079079079079,0.1748939970215432,0.12189745702794058,0.06471402923928372,0.05852442560538815,0.06288120640419587
2.542072072072072,0.17504103062272655,0.12199407996255868,0.06475918445877821,0.05856981458699382,0.06292696062164664
2.545065065065065,0.17518674066329834,0.12208901728198102,0.06480273199304609,0.05861355707136454,0.06297109580144476
2.548058058058058,0.17533111715872166,0.12218224285537341,0.064844625158586,0.05865558989723014,0.06301356417525555
2.551051051051051,0.1754742012748998,0.12227435311249914,0.06488497067918779,0.05869601945142054,0.06305447434194336
2.554044044044044,0.17562567031419682,0.12237667717481633,0.06493418356850017,0.05874519965451488,0.06310422809172621
2.557037037037037,0.1757853095737305,0.12248844112012731,0.06499313693548514,0.05880281939428847,0.06316251893928478
2.5600300300300303,0.17594316704369767,0.12259795165002998,0.06505045552060644,0.05885800984136073,0.06321961738005179
2.563023023023023,0.1760991990883584,0.12270509819294748,0.06510472700016712,0.058910613477478974,0.06327491495664468
2.566016016016016,0.17625819868758505,0.1228155323460312,0.06516160427766042,0.058965850194925076,0.06333238974777347
2.569009009009009,0.1764201004873398,0.12293002608881494,0.06522109819786517,0.05902369307472514,0.06339242622405905
2.572002002002002,0.1765800517328189,0.12304256635545216,0.06527796500723734,0.0590799680357818,0.0634498153404784
2.574994994994995,0.176738065296276,0.12315228546037223,0.06533223627502745,0.05913433489190225,0.063504591057188
2.577987987987988,0.17690351290354966,0.12327051590977794,0.06539408575826462,0.059195785752707626,0.06356691674433117
2.580980980980981,0.17707622210263266,0.12339708713505133,0.06546331610501999,0.059264453257301834,0.06363659712488803
2.5839739739739738,0.17724660946402976,0.12352141243741738,0.06552943792433948,0.05932991742534604,0.06370315279647669
2.586966966966967,0.17741465376906207,0.1236432291762403,0.06559356075959376,0.05939209058422796,0.06376650454979833
2.58995995995996,0.17758042811151026,0.12376186438482023,0.06565542037217881,0.0594511837802523,0.06382814307543683
2.592952952952953,0.17774400379198654,0.12387761627225363,0.06571393854436641,0.059507408733614466,0.06388772628990069
2.595945945945946,0.17790544946960873,0.12399059606626323,0.06576971027423337,0.05956096535854709,0.06394405164881371
2.598938938938939,0.17806941865548828,0.12410708644160218,0.06582789519443781,0.05961696404696052,0.06400272259770544
2.601931931931932,0.17823586531287308,0.12422683733119343,0.06588849619868864,0.05967644789360988,0.06406378316446601
2.604924924924925,0.17840010612271004,0.12434352847092493,0.0659464200721432,0.0597339765142674,0.06412215377070585
2.607917917917918,0.17856216335997804,0.1244573884113759,0.06600170566775297,0.05978846817288858,0.06417787634738768
2.6109109109109108,0.17872210368038288,0.12456852265105368,0.06605451644509647,0.05984040926291839,0.06423111803065061
2.613903903903904,0.17888453464991697,0.12468305651049892,0.06610992529062902,0.05989487904686584,0.0642869495548531
2.616896896896897,0.17904941266050253,0.12480081849715506,0.06616891571582223,0.05995187058942016,0.06434535557319977
2.61988988988989,0.17921210225818163,0.12491565837960068,0.06622606472365375,0.060006339286714026,0.0644023545529088
2.622882882882883,0.17937262517226046,0.1250277317317001,0.06628033496978046,0.06005831278671246,0.0644575562817512
2.625875875875876,0.17953104649946985,0.12513713200447477,0.06633219027540095,0.06010795300366272,0.06450995583664183
2.628868868868869,0.17968742943557464,0.12524439543742416,0.06638179801525905,0.060155416201999316,0.06456007233572125
2.6318618618618617,0.17984183493320632,0.12534962003377476,0.06642929964385501,0.06020084875984233,0.06460807581012512
2.6348548548548547,0.1800032709082395,0.12546307610812524,0.06648453687062769,0.06025493260549374,0.06466380361876709
2.6378478478478478,0.18017159286065523,0.12558461012054511,0.06654732422621865,0.06031719764550929,0.06472707319609432
2.640840840840841,0.1803376140111379,0.1257032782711238,0.06660751444806995,0.06037659260826602,0.06478774511980777
2.643833833833834,0.18050131665403632,0.12581901802143763,0.06666501627566923,0.06043325064100183,0.0648457257393551
2.646826826826827,0.18066276904424292,0.12593292591511202,0.06672021845108937,0.06048732993941414,0.06490117024630149
2.64981981981982,0.18082203781988387,0.12604468037791353,0.06677352445021711,0.06053898908782153,0.06495465831484191
2.652812812812813,0.18097918726705087,0.1261533144445995,0.06682486600676511,0.06058838168736168,0.06500641652584356
2.655805805805806,0.18114087030724885,0.12626714445829543,0.06688129132522645,0.060642788983689404,0.06506332877905449
2.6587987987987987,0.18130700458415602,0.12638612730488516,0.06694267246023222,0.06070211703438943,0.0651252192266934
2.6617917917917917,0.18147084812647157,0.1265031016991898,0.06700155332313494,0.06075893496676709,0.06518462459795611
2.6647847847847848,0.18163240545542322,0.12661774661423325,0.06705789398860583,0.060813205974313986,0.06524149549429843
2.667777777777778,0.18179174252757793,0.12672925990312098,0.06711182791457793,0.060866231436509405,0.06529596270663578
2.670770770770771,0.1819554077228817,0.1268457496959369,0.06717056327687432,0.060924723720636904,0.06535522807864794
2.673763763763764,0.18212332771713108,0.12696717186579873,0.06723402255678616,0.06098738750005262,0.06541921435625891
2.676756756756757,0.18228887745158165,0.12708641389462236,0.06729487632489396,0.0610473534118052,0.06548059613102976
2.6797497497497496,0.18245206481422577,0.12720321465546705,0.06735404911206748,0.061104627706468656,0.06553934960695418
2.6827427427427426,0.18261295711429482,0.12731685918073346,0.06741135402743142,0.061159367040638006,0.06559675295430416
2.6857357357357357,0.18277588740075787,0.12743277367199649,0.06747059711715911,0.06121636960132422,0.06565714273761927
2.6887287287287287,0.18294083252833343,0.12755096561082888,0.06753208363412888,0.06127564290897207,0.06571931751373522
2.6917217217217217,0.18310345692268326,0.12766698556327694,0.06759105685117806,0.061332421168245214,0.06577892966010099
2.694714714714715,0.18326378707860325,0.12778064534736663,0.06764754781265266,0.06138673516793418,0.06583604332497713
2.697707707707708,0.18342611086640975,0.12789633748013782,0.06770631596859022,0.06144418718448115,0.06589542176368915
2.700700700700701,0.18359040725243914,0.12801426398585625,0.06776736465225189,0.061504533982200446,0.06595707300947024
2.703693693693694,0.18375238747706504,0.12812931314537543,0.06782595552842276,0.06156216482716383,0.0660162639011535
2.7066866866866865,0.18391207791083958,0.12824213067483298,0.0678821174853886,0.0616173294507229,0.06607302436498708
2.7096796796796796,0.18406954186232308,0.12835265972873078,0.06793682933223029,0.06167016896987475,0.06612748720387655
2.7126726726726726,0.1842248408421646,0.1284603606878743,0.06798993383092965,0.06172081610586268,0.06618082670063007
2.7156656656656657,0.184378034302825,0.12856546333291216,0.06804065714477693,0.06176939868313215,0.06623273414282528
2.7186586586586587,0.18453954643769632,0.1286804492963793,0.0681007548516328,0.06182737080762106,0.0662935855116711
2.721651651651652,0.18470923636300393,0.12880542370486253,0.0681700617358318,0.06189453231791166,0.06636359423415863
2.724644644644645,0.18487649259062788,0.12892782916239132,0.06823674782266123,0.06195905925728357,0.06643096983796745
2.7276376376376374,0.18504128988458043,0.12904736998343339,0.06830069686283559,0.06202128023639414,0.06649559780555313
2.7306306306306305,0.18520369477144474,0.12916397679486236,0.06836203925232469,0.06208142189003551,0.06655761105447917
2.7336236236236235,0.18536377233356188,0.12927771406544125,0.0684209082459135,0.06213918225221038,0.06661714582728664
2.7366166166166166,0.1855215854796981,0.12938895452255206,0.06847743224273184,0.06219461312106699,0.06667433335414279
2.7396096096096096,0.18567719503013477,0.12949788681201918,0.06853258726302518,0.0622478183465465,0.06672956066281965
2.7426026026026027,0.1858306598041072,0.1296043231058056,0.06858619433431336,0.06229891144303856,0.06678313921840835
2.7455955955955957,0.18598203670272817,0.12970824636431796,0.06863746497753764,0.062348006186032874,0.06683494166205162
2.748588588588589,0.18613138078762279,0.12980971421853588,0.06868677179241262,0.0623952124390038,0.0668848776780469
2.751581581581582,0.1862787453555404,0.1299087959445262,0.06873423111339544,0.062440635012299295,0.06693301170372622
2.7545745745745744,0.18642418200919306,0.1300061507741647,0.0687799399240087,0.06248437335089372,0.06697942506646645
2.7575675675675675,0.1865677407245502,0.1301016890175496,0.0688239895891209,0.06252652154428597,0.06702420204392234
2.7605605605605605,0.1867094699148028,0.1301948803936957,0.0688664663896421,0.06256716847732452,0.06706742523686986
2.7635535535535536,0.1868494164911974,0.1302859476574473,0.06890745194961478,0.06260712813671584,0.0671091742031429
2.7665465465465466,0.18698968271717478,0.13037743036902383,0.06894929432234109,0.06264849321353488,0.0671517943121642
2.7695395395395397,0.18713027588451175,0.1304693490086164,0.06899200949091717,0.06269051432344208,0.06719530039119044
2.7725325325325327,0.18726912621768133,0.13055955900446178,0.06903329210692143,0.0627311175574396,0.06723738687761925
2.7755255255255253,0.18740626026713927,0.13064811315146813,0.06907329832891805,0.06277033681165772,0.06727807866121858
2.7785185185185184,0.18754172102564115,0.13073474683348613,0.06911232633262905,0.06280824189275151,0.06731796719834608
2.7815115115115114,0.18767555033996253,0.1308195030920082,0.06915033857611097,0.06284490211799079,0.06735701822924864
2.7845045045045045,0.1878077888098344,0.13090242676653033,0.06918717150391925,0.06288038396661687,0.06739476265155982
2.7874974974974975,0.18793847583260023,0.1309835686200041,0.06922285242001655,0.0629147507730877,0.06743135100504173
2.7904904904904906,0.18806970261362668,0.13106544765749553,0.06925969388011498,0.0629503186836343,0.06746910299616468
2.7934834834834836,0.1882014703522955,0.1311484365861972,0.06929769047964277,0.06298708456890274,0.06750801473447877
2.7964764764764767,0.18833170785754735,0.13123002697661024,0.06933452528821325,0.06302273710789133,0.06754577121548798
2.7994694694694697,0.18846043543561042,0.1313098841250161,0.06937020773494429,0.0630572847275892,0.06758238188196942
2.8024624624624623,0.18858768970021386,0.13138807875997208,0.06940479090250626,0.06309078469395647,0.06761790029629965
2.8054554554554554,0.18871350635018908,0.13146465179161232,0.06943832712748416,0.06312329257321665,0.06765237928882141
2.8084484484484484,0.18883792006361752,0.13153964752263922,0.0694708667639651,0.06315486109115738,0.06768586965232565
2.8114414414414415,0.18896096453240574,0.13161311215323526,0.06950245805192813,0.06318619141263064,0.06771841999829188
2.8144344344344345,0.18908267249649224,0.13168509179669804,0.06953314709492418,0.06321710005449728,0.06775007673495799
2.8174274274274276,0.18921118689314625,0.13176593202828013,0.06957193363344662,0.06325585564145625,0.0677898340607251
2.8204204204204206,0.18934640145103426,0.1318553360677051,0.06961864310730762,0.06330249531751396,0.06783751597638919
2.8234134134134132,0.18948002657389873,0.1319427459797388,0.06966396685538817,0.06334775831707441,0.067883815005821
2.8264064064064063,0.18961203423723838,0.1320282647134916,0.06970862872599898,0.06339151308225374,0.06792933733803352
2.8293993993993993,0.1897424626716228,0.13211194434383766,0.06975236128928962,0.06343381864911773,0.06797390874245293
2.8323923923923924,0.18987134954220805,0.1321938352141027,0.06979434428377936,0.06347474143585553,0.06801684137986327
2.8353853853853854,0.18999873144419094,0.13227398838091728,0.06983494869477429,0.06351434764148875,0.06805842112096579
2.8383783783783785,0.19012464393630055,0.13235297427839524,0.06987426148505807,0.06355270172170684,0.06809872277535209
2.8413713713713715,0.19025508710882857,0.13243786368744995,0.06991894342141118,0.06359642772886911,0.06814439918126143
2.8443643643643646,0.1903899977391612,0.13252805922298794,0.06996890704693873,0.06364542412630235,0.06819536006754401
2.8473573573573576,0.1905232939244868,0.13261637634790333,0.07001733790093981,0.06369288335726524,0.06824479072030341
2.8503503503503502,0.1906549659279056,0.13270278557520435,0.07006417978764616,0.06373873964557022,0.06829263251925766
2.8533433433433433,0.19078505152622338,0.13278733387819908,0.07010950059540108,0.06378356128596666,0.06833895367193828
2.8563363363363363,0.19091358780447007,0.13287007161949238,0.07015336866323073,0.0638273664600075,0.06838382308280877
2.8593293293293294,0.19104061080858317,0.13295157935839585,0.07019584983961238,0.06386972869947485,0.0684273072182466
2.8623223223223224,0.1911681251411019,0.1330341170854856,0.07023918838471617,0.0639129333784785,0.06847164977501245
2.8653153153153155,0.19129613379009977,0.13311715260658347,0.07028399476052814,0.06395698601118269,0.06851750390165605
2.8683083083083085,0.1914226522680019,0.13319845019777832,0.07032789289408097,0.06399967789418667,0.06856246993160649
2.871301301301301,0.19154769926903595,0.1332780361825914,0.07037028419961269,0.06404102627119629,0.06860590262689878
2.874294294294294,0.19167130831508436,0.1333559564986803,0.07041137631879732,0.06408109191021728,0.06864803267599075
2.877287287287287,0.19179351213227813,0.13343225764602218,0.07045122993010206,0.06411993514537391,0.06868892404772396
2.8802802802802803,0.19191434255913656,0.13350728675104143,0.0704898983692682,0.06415761424966533,0.06872863146720772
2.8832732732732733,0.19203383057541346,0.13358109186561506,0.07052743379914796,0.06419418514034186,0.0687672080562159
2.8862662662662664,0.1921520063306572,0.13365342327827448,0.07056388648653643,0.0642297012890629,0.06880470482351692
2.8892592592592594,0.19227086518854505,0.13372669024726222,0.07060148412178346,0.0642663820010592,0.06884334897282574
2.8922522522522525,0.19239040536246077,0.13380088636125226,0.07064022567588688,0.06430422436159997,0.06888313954779764
2.8952452452452455,0.19250864186666403,0.13387361245680396,0.07067788921886262,0.0643410109957956,0.06892185497514038
2.898238238238238,0.19262558846602704,0.13394488023464565,0.07071448272200105,0.0643773927600361,0.06895950295397532
2.901231231231231,0.1927412735859546,0.1340147280505018,0.07075005232006695,0.06441320113515536,0.06899613012378818
2.904224224224224,0.19285572502334877,0.13408338101739864,0.07078464304172687,0.06444780882840616,0.06903178199000602
2.9072172172172173,0.19296896985266318,0.13415096199507737,0.07081829803170202,0.06448146102300505,0.06906650211741
2.9102102102102103,0.19308103444804467,0.13421733830222257,0.0708514283094798,0.0645142131644779,0.06910099399060625
2.9132032032032034,0.19319390489042026,0.13428482903912362,0.07088621151805628,0.06454827075888601,0.0691372200285043
2.9161961961961964,0.19330757652485608,0.13435341654072006,0.07092227347771396,0.06458362534332877,0.06917447883577471
2.919189189189189,0.1934200676656497,0.13442070179066581,0.0709574268399426,0.06461806194287743,0.06921078348120083
2.922182182182182,0.1935313889599032,0.13448669074447533,0.07099166084166246,0.06465158005891976,0.0692461492392683
2.925175175175175,0.1936415655308698,0.1345514160107328,0.07102500477550094,0.06468422049531786,0.06928061479462115
2.928168168168168,0.19375062197679843,0.13461491091777955,0.07105749233718456,0.06471602350041761,0.06931421862981038
2.931161161161161,0.19385858227683206,0.13467747851439069,0.07108915780959486,0.06474702774744202,0.06934699787450353
2.9341541541541543,0.19396546980915563,0.1347391512453011,0.0711200350218727,0.06477727028096342,0.06937898823288698
2.9371471471471473,0.19407130736927744,0.13479969827927568,0.07115015692016502,0.06480678652608009,0.06941022397264163
2.9401401401401404,0.19417611718763253,0.13485915233077178,0.07117955537635158,0.06483561032196361,0.06944073794095072
2.9431331331331334,0.19427992094652966,0.1349175342042527,0.07120826110624422,0.06486377396870688,0.0694705615963405
2.946126126126126,0.19438273979647297,0.13497486848332146,0.07123630364321179,0.06489130828137052,0.06949972504963915
2.949119119119119,0.19448459437188534,0.13503118181448528,0.07126371134167461,0.06491824264759956,0.06952825710994665
2.952112112112112,0.1945874630532441,0.1350888616336377,0.07129268193973992,0.06494715552516349,0.06955835484342426
2.955105105105105,0.1946913365317187,0.13514789834909446,0.07132319494777269,0.06497796249111801,0.06958999755732019
2.958098098098098,0.19479423137953386,0.1352058950812454,0.07135302126477003,0.06500804840134297,0.06962095620655535
2.9610910910910913,0.1948961534020614,0.13526311197004195,0.07138215186840895,0.06503745709686475,0.06965122130926261
2.9640840840840843,0.1949971226675595,0.1353195733013183,0.07141061525272484,0.06506620796087144,0.06968138101788564
2.967077077077077,0.1950971588685485,0.13537505495489807,0.0714388200860036,0.06509432447103143,0.06971126815998864
2.97007007007007,0.19519628122728808,0.13542958799936392,0.07146672240755986,0.06512183232060871,0.0697403255550069
2.973063063063063,0.1953003168547758,0.1354901900461032,0.07150039841944746,0.06515515833023441,0.0697751937440417
2.976056056056056,0.19540920027477407,0.13555677809198335,0.07153981508499427,0.06519418681170526,0.06981578179289233
2.979049049049049,0.19551701171194424,0.13562219271247872,0.0715783258596012,0.06523228003905536,0.06985544528847029
2.982042042042042,0.19562373070237205,0.13568638688874304,0.07161584949876332,0.06526935461722362,0.06989410809937191
2.985035035035035,0.1957293794993521,0.13574938813418527,0.07165241311662753,0.06530544995634369,0.0699318028906599
2.9880280280280282,0.19583398012527622,0.13581122545351837,0.0716880496793589,0.06534060724377311,0.06996856566808793
2.9910210210210213,0.19593755407322164,0.135872291154586,0.07172279334200622,0.06537486656393394,0.07000443247364306
2.994014014014014,0.19604012232027815,0.13593253236186906,0.07175667821793306,0.06540826666934291,0.0700394387251591
2.997007007007007,0.19614170534258923,0.13599161044116465,0.07178973781943367,0.06544084489378062,0.07007361890671879
3.0,0.19624232312986833,0.13604963230687422,0.07182200478018302,0.06547263711974434,0.07010700641379122
