index,x,y
0,1.0461801596351197,0.4938704028021017
1,1.8700114025085517,1.001751313485114
2,2.5285062713797033,1.2469352014010509
